Date,P,X,r,M,D,delta,V_proxy
2002-01-02,74.48297882080078,4.310570627077747,,4.310570627077747,0.0,0.0,
2002-01-03,75.32756042480469,4.321846076138689,0.011275449060941689,4.321846076138689,0.0,0.0,
2002-01-04,75.8304443359375,4.3284998523282425,0.00665377618955354,4.3284998523282425,0.0,0.0,
2002-01-07,75.29531860351562,4.321417962933186,-0.007081889395056606,4.3284998523282425,0.007081889395056606,0.0070568719082161335,
2002-01-08,75.12126159667969,4.319103629176976,-0.0023143337562094857,4.3284998523282425,0.009396223151266092,0.00935221658620422,
2002-01-09,74.5087890625,4.310917092420418,-0.00818653675655856,4.3284998523282425,0.017582759907824652,0.017429085178275017,
2002-01-10,74.83759307861328,4.315320339993651,0.00440324757323296,4.3284998523282425,0.013179512334591692,0.013093042853945636,
2002-01-11,74.1026382446289,4.305451135509386,-0.009869204484265204,4.3284998523282425,0.023048716818856896,0.02278512418645695,
2002-01-14,73.63845825195312,4.299167419860446,-0.006283715648939925,4.3284998523282425,0.02933243246779682,0.0289064122356133,
2002-01-15,74.23802185058594,4.307276442791405,0.008109022930959497,4.3284998523282425,0.021223409536837323,0.020999777850395973,
2002-01-16,72.73583984375,4.286834245783497,-0.020442197007907836,4.3284998523282425,0.04166560654474516,0.0408095260325525,
2002-01-17,73.28384399414062,4.294340175242013,0.007505929458515581,4.3284998523282425,0.03415967708622958,0.03358282236241561,
2002-01-18,72.9486083984375,4.289755198685918,-0.004584976556095022,4.3284998523282425,0.0387446536423246,0.03800367995647158,
2002-01-22,72.44576263427734,4.282838180296817,-0.006917018389100527,4.3284998523282425,0.04566167203142513,0.044634865736320806,
2002-01-23,73.00017547607422,4.290461844927341,0.007623664630523663,4.3284998523282425,0.038038007400901463,0.03732364863015725,
2002-01-24,73.22582244873047,4.2935481244531175,0.0030862795257764475,4.3284998523282425,0.034951727875125016,0.0343479707921559,
2002-01-25,73.20651245117188,4.29328438492204,-0.0002637395310776114,4.3284998523282425,0.03521546740620263,0.03460261782380292,
2002-01-28,73.40632629394531,4.296010121197194,0.002725736275154489,4.3284998523282425,0.03248973113104814,0.0319676096219752,
2002-01-29,71.09828186035156,4.264063171402609,-0.03194694979458568,4.3284998523282425,0.06443668092563382,0.06240451993953644,
2002-01-30,72.12338256835938,4.278378299181447,0.014315127778838033,4.3284998523282425,0.05012155314679578,0.0488861934021565,
2002-01-31,72.96794128417969,4.290020184198492,0.011641885017045439,4.3284998523282425,0.038479668129750344,0.0377487310911242,0.03144035655951891
2002-02-01,72.62625122070312,4.285326443535929,-0.004693740662562895,4.3284998523282425,0.04317340879231324,0.042254705788606906,0.03011603922802588
2002-02-04,70.82108306884766,4.26015673982928,-0.025169703706649393,4.3284998523282425,0.06834311249896263,0.0660600278813851,0.037540478941484004
2002-02-05,70.38265228271484,4.253946816359768,-0.006209923469511658,4.3284998523282425,0.07455303596847429,0.07184175301793405,0.03739444484186055
2002-02-06,70.07965087890625,4.24963246486496,-0.0043143514948082995,4.3284998523282425,0.07886738746328259,0.07583752815102296,0.03756148919173941
2002-02-07,69.64122009277344,4.243356634746133,-0.0062758301188265975,4.3284998523282425,0.08514321758210919,0.08161925328757247,0.037213309102874376
2002-02-08,70.97578430175781,4.262338752692595,0.018982117946461763,4.3284998523282425,0.06616109963564742,0.06401993390244365,0.041509054980906145
2002-02-11,71.84611511230469,4.274526541645063,0.012187788952467749,4.3284998523282425,0.053973310683179676,0.052542606845105255,0.04215343161111659
2002-02-12,71.6205062866211,4.271381433612895,-0.0031451080321680536,4.3284998523282425,0.05711841871534773,0.05551778162693999,0.04178055505055026
2002-02-13,72.3812255859375,4.281946950652333,0.010565517039438532,4.3284998523282425,0.0465529016759092,0.04548593615935481,0.04235856615798984
2002-02-14,72.24588012695312,4.280075302902382,-0.0018716477499509665,4.3284998523282425,0.048424549425860164,0.04727077943924907,0.03713737370754106
2002-02-15,71.49156951904297,4.269579533923596,-0.010495768978786124,4.3284998523282425,0.05892031840464629,0.05721811147080713,0.03781553329423101
2002-02-19,70.11833190917969,4.2501842706825,-0.01939526324109586,4.3284998523282425,0.07831558164574215,0.0753274291978625,0.042290476543991457
2002-02-20,71.2981185913086,4.266869939853428,0.016685669170927397,4.3284998523282425,0.06162991247481475,0.05976920990400891,0.04519561333880113
2002-02-21,69.82176208496094,4.245945738897256,-0.020924200956171646,4.3284998523282425,0.0825541134309864,0.07923838906122449,0.04997985757182114
2002-02-22,70.6856689453125,4.258242850026249,0.012297111128992455,4.3284998523282425,0.07025700230199394,0.0678457766623789,0.05176519971399646
2002-02-25,71.85259246826172,4.274616693547895,0.01637384352164606,4.3284998523282425,0.053883158780347884,0.052457187907978264,0.05514241794744827
2002-02-26,71.7043228149414,4.272551036094204,-0.0020656574536905836,4.3284998523282425,0.05594881623403847,0.054412466617192456,0.05510256795862437
2002-02-27,71.98153686523438,4.276409653704338,0.003858617610133841,4.3284998523282425,0.05209019862390463,0.050756757452877665,0.04243051270003594
2002-02-28,71.65916442871094,4.2719210515898896,-0.004488602114448348,4.3284998523282425,0.056578800738352975,0.055007984507479346,0.0401023434868148
2002-03-01,73.32898712158203,4.29495598940404,0.02303493781415078,4.3284998523282425,0.033543862924202195,0.03298750569459574,0.045080286891046054
2002-03-04,74.62483215332031,4.312473322508499,0.017517333104458466,4.3284998523282425,0.01602652981974373,0.0158987883187941,0.04866909143787907
2002-03-05,74.38629913330078,4.30927177344696,-0.003201549061539133,4.3284998523282425,0.019228078881282862,0.01904439852994877,0.04081596417746189
2002-03-06,75.26954650878906,4.321075624168308,0.011803850721348041,4.3284998523282425,0.00742422815993482,0.007396736654523339,0.04208563773113082
2002-03-07,75.10834503173828,4.318931671528107,-0.0021439526402007303,4.3284998523282425,0.00956818080013555,0.009522551404290702,0.04190902232282444
2002-03-08,75.4242935180664,4.323129418320003,0.0041977467918963285,4.3284998523282425,0.005370434008239222,0.005356039008181934,0.04163478375687561
2002-03-11,75.5854263305664,4.3252634911970995,0.002134072877096216,4.3284998523282425,0.0032363611311430063,0.0032311297595151167,0.03715212541979889
2002-03-12,75.54033660888672,4.32466677330942,-0.0005967178876797874,4.3284998523282425,0.0038330790188227937,0.003825742148701794,0.035284980215662426
2002-03-13,74.8117904663086,4.314975499113599,-0.009691274195820831,4.3284998523282425,0.013524353214643625,0.013433310045186442,0.036343746762320064
2002-03-14,74.70865631103516,4.313595966429573,-0.001379532684025797,4.3284998523282425,0.014903885898669422,0.014793372697813667,0.034961186059777
2002-03-15,75.4205093383789,4.323079245166979,0.009483278737405954,4.3284998523282425,0.005420607161263469,0.005405942179931178,0.03605019788970114
2002-03-18,75.43341064453125,4.323250288865217,0.00017104369823783827,4.3284998523282425,0.0052495634630256305,0.0052358085843113855,0.03466253581728343
2002-03-19,75.93771362304688,4.329913446673915,0.006663157808698195,4.329913446673915,0.0,0.0,0.030482125908265285
2002-03-20,74.50886535644531,4.310918116378896,-0.018995330295019208,4.329913446673915,0.018995330295019208,0.018816055928341235,0.03152050472668928
2002-03-21,74.54117584228516,4.311351668575005,0.0004335521961094102,4.329913446673915,0.018561778098909798,0.018390569245923638,0.026006313578030738
2002-03-22,74.37950897216797,4.309180486864054,-0.0021711817109508758,4.329913446673915,0.020732959809860674,0.02051950969466676,0.02416035168561078
2002-03-25,73.4549789428711,4.296672687155289,-0.012507799708765255,4.329913446673915,0.03324075951862593,0.032694356489320175,0.022753464689339573
2002-03-26,73.8817138671875,4.302465353047724,0.005792665892434989,4.329913446673915,0.02744809362619094,0.02707481773898701,0.02312249396089951
2002-03-27,74.0756607055664,4.305087012833505,0.0026216597857811053,4.329913446673915,0.024826433840409834,0.02452079248426753,0.023021494505055962
2002-03-28,74.04334259033203,4.30465063242278,-0.00043638041072568967,4.329913446673915,0.025262814251135524,0.024946379635796045,0.022770034779461
2002-04-01,74.0756607055664,4.305087012833505,0.00043638041072568967,4.329913446673915,0.024826433840409834,0.02452079248426753,0.016086768833250505
2002-04-02,73.6683349609375,4.299573059121777,-0.005513953711727915,4.329913446673915,0.03034038755213775,0.02988473781781953,0.012603457586426276
2002-04-03,73.1511001586914,4.292527167116419,-0.007045892005358212,4.329913446673915,0.03738627955749596,0.03669604115536307,0.013099830526173658
2002-04-04,72.84717559814453,4.288363761788666,-0.004163405327752834,4.329913446673915,0.041549684885248794,0.04069832863606815,0.011562668982271936
2002-04-05,72.86011505126953,4.288541370652319,0.00017760886365270068,4.329913446673915,0.041372076021596094,0.04052793302487956,0.011505150133283244
2002-04-08,73.01532745361328,4.290669384226791,0.0021280135744721207,4.329913446673915,0.03924406244712397,0.038483989443509614,0.011340182915200942
2002-04-09,72.5045166015625,4.2836488578727785,-0.007020526354012624,4.329913446673915,0.0462645888011366,0.04521069779012188,0.011903825308058055
2002-04-10,73.32563018798828,4.294910209275792,0.011261351403013542,4.329913446673915,0.035003237398123055,0.03439770978653556,0.013497246044184999
2002-04-11,71.50236511230469,4.269730527646653,-0.025179681629139417,4.329913446673915,0.06018291902726247,0.05840771731368122,0.020302450243903602
2002-04-12,72.03902435302734,4.277207977087609,0.007477449440956185,4.329913446673915,0.052705469586306286,0.05134061962113501,0.020982965404322183
2002-04-15,71.48945617675781,4.269549972766442,-0.0076580043211667,4.329913446673915,0.060363473907472986,0.05857771104842768,0.020588742331925248
2002-04-16,73.18986511230469,4.293056956631586,0.02350698386514427,4.329913446673915,0.036856490042328716,0.03618555760557207,0.02755086016649227
2002-04-17,73.03472137451172,4.290934963337076,-0.0021219932945104603,4.329913446673915,0.038978483336839176,0.03822859696494896,0.02704818547932725
2002-04-18,72.71791076660156,4.286587719624302,-0.0043472437127736185,4.329913446673915,0.043325727049612794,0.042400576773068854,0.02273994251083258
2002-04-19,72.9830093383789,4.290226665268858,0.003638945644556024,4.329913446673915,0.03968678140505677,0.038909576595037576,0.022904422380338334
2002-04-22,71.76748657226562,4.273431540238883,-0.016795125029974933,4.329913446673915,0.056481906435031703,0.05491641572831918,0.02639918603419492
2002-04-23,71.45710754394531,4.269097375200992,-0.004334165037890969,4.329913446673915,0.06081607147292267,0.05900370007639699,0.024664669190260634
2002-04-24,70.73947143554688,4.259003711817654,-0.010093663383338836,4.329913446673915,0.07090973485626151,0.06845402553603308,0.025525590175930805
2002-04-25,70.77823638916016,4.259551557810621,0.0005478459929673107,4.329913446673915,0.0703618888632942,0.06794354198624242,0.025442770819446122
2002-04-26,69.43338775634766,4.240367843415326,-0.01918371439529487,4.329913446673915,0.08954560325858907,0.08565343300940809,0.030077359143177097
2002-04-29,69.09073638916016,4.235420660848305,-0.004947182567020647,4.329913446673915,0.09449278582560972,0.09016570169435156,0.03038333990553305
2002-04-30,69.73727416992188,4.244734954878852,0.0093142940305464,4.329913446673915,0.08517849179506332,0.08165164787425483,0.03109337999121322
2002-05-01,70.59073638916016,4.256898923271939,0.012163968393087643,4.329913446673915,0.07301452340197567,0.0704126708426992,0.0323321809059657
2002-05-02,70.31917572021484,4.253044531468272,-0.003854391803667312,4.329913446673915,0.07686891520564298,0.07398876835721369,0.03230096304835372
2002-05-03,69.55625915527344,4.242135909363612,-0.010908622104659926,4.329913446673915,0.08777753731030291,0.08403537798689686,0.03379994083890795
2002-05-06,68.19203186035156,4.222327723131483,-0.019808186232129543,4.329913446673915,0.10758572354243245,0.10200046055040246,0.038686671919331166
2002-05-07,67.95280456542969,4.218813413703165,-0.0035143094283176524,4.329913446673915,0.1111000329707501,0.10515076997516815,0.038221260433260434
2002-05-08,70.48080444335938,4.255340395344844,0.036526981641679335,4.329913446673915,0.07457305132907077,0.07186033025402228,0.05343453007387117
2002-05-09,69.66619110107422,4.243715136973032,-0.011625258371812386,4.329913446673915,0.08619830970088316,0.08258771857557334,0.047148771416229994
2002-05-10,68.35366821289062,4.224695229804357,-0.01901990716867452,4.329913446673915,0.10521821686955768,0.09987192197810069,0.051002413610123046
2002-05-13,69.74376678466797,4.244828051613811,0.020132821809453638,4.329913446673915,0.08508539506010404,0.08156614866132972,0.05537065070635841
2002-05-14,71.26315307617188,4.266379406689283,0.02155135507547179,4.329913446673915,0.06353403998463225,0.061557825800226285,0.05426037165728509
2002-05-15,70.98511505126953,4.262470207897059,-0.003909198792223734,4.329913446673915,0.06744323877685598,0.06521922158944526,0.054396186800940306
2002-05-16,71.35365295410156,4.267648540287153,0.00517833239009402,4.329913446673915,0.062264906386761965,0.06036606121301635,0.054495935941335304
2002-05-17,71.70282745361328,4.272530181327543,0.004881641040389795,4.329913446673915,0.05738326534637217,0.055767891438706085,0.054629350963759434
2002-05-20,70.92694854736328,4.261650453667734,-0.010879727659808935,4.329913446673915,0.0682629930061811,0.06598519808690795,0.05256663330341636
2002-05-21,70.28041076660156,4.252493108017262,-0.009157345650471882,4.329913446673915,0.07742033865665299,0.07449925190700468,0.05338654041252676
2002-05-22,70.43557739257812,4.254698496202319,0.002205388185056556,4.329913446673915,0.07521495047159643,0.07245591114029626,0.05216410978906471
2002-05-23,71.1855697631836,4.265290126011813,0.01059162980949413,4.329913446673915,0.0646233206621023,0.06257949618358105,0.053573829122610585
2002-05-24,70.27392578125,4.252400830745491,-0.012889295266321987,4.329913446673915,0.07751261592842429,0.07458465065081887,0.051030128956834134
2002-05-28,69.8924560546875,4.246957718589818,-0.005443112155672836,4.329913446673915,0.08295572808409712,0.0796081061693259,0.05109505492464042
2002-05-29,69.37520599365234,4.239529541340062,-0.007428177249756196,4.329913446673915,0.09038390533385332,0.08641961044509061,0.0506971688986161
2002-05-30,69.18126678466797,4.236730114770511,-0.002799426569550789,4.329913446673915,0.09318333190340411,0.08897353523069984,0.04893158964044951
2002-05-31,69.3235092163086,4.238784086998116,0.002053972227605172,4.329913446673915,0.09112935967579894,0.08710038913695894,0.04879755670871802
2002-06-03,67.48081970214844,4.211843404938732,-0.026940682059383825,4.329913446673915,0.11807004173518276,0.11136619101910639,0.0564432658601099
2002-06-04,67.64891052246094,4.2143312498671746,0.002487844928442229,4.329913446673915,0.11558219680674053,0.10915265557943166,0.051577462505433644
2002-06-05,68.28253173828125,4.223653976006871,0.009322726139696869,4.329913446673915,0.10625947066704367,0.10080869596319186,0.05251695443959824
2002-06-06,66.89244079589844,4.203085968162572,-0.020568007844299352,4.329913446673915,0.12682747851134302,0.11911436881085191,0.04103611868087616
2002-06-07,66.81485748291016,4.20192547322035,-0.0011604949422219235,4.329913446673915,0.12798797345356494,0.12013603919420557,0.039350240146250215
2002-06-10,67.073486328125,4.205788829200921,0.0038633559805711926,4.329913446673915,0.12412461747299375,0.11673023682176842,0.03498016514541821
2002-06-11,65.9226303100586,4.18848178635339,-0.017307042847531484,4.329913446673915,0.14143166032052523,0.13188549977555197,0.0336471256936682
2002-06-12,66.3235092163086,4.194544422821455,0.00606263646806493,4.329913446673915,0.1353690238524603,0.12660645084026323,0.028258038351139273
2002-06-13,65.65754699707031,4.184452552208203,-0.010091870613251785,4.329913446673915,0.1454608944657121,0.13537629901536263,0.029348744968835667
2002-06-14,65.560546875,4.1829740954363235,-0.0014784567718795216,4.329913446673915,0.1469393512375916,0.13665366328460837,0.02903841589069431
2002-06-17,67.31915283203125,4.209444785048998,0.026470689612674292,4.329913446673915,0.12046866162491732,0.11349513146784984,0.03756693995616821
2002-06-18,67.86872863769531,4.217575378223954,0.008130593174955791,4.329913446673915,0.11233806844996153,0.10625793957144691,0.036908439656123525
2002-06-19,66.28465270996094,4.1939583878912465,-0.023616990332707033,4.329913446673915,0.13595505878266856,0.12711814001937882,0.04287964584408685
2002-06-20,65.43768310546875,4.181098286800193,-0.012860101091053622,4.329913446673915,0.14881515987372218,0.13827161783800967,0.04490217847820602
2002-06-21,64.41454315185547,4.165339432954974,-0.015758853845218468,4.329913446673915,0.16457401371894065,0.15174502788419741,0.046617780019625285
2002-06-24,64.75189208984375,4.170562921617477,0.00522348866250244,4.329913446673915,0.1593505250564382,0.14730258523096051,0.04486828137657053
2002-06-25,63.29855728149414,4.147862537128848,-0.022700384488628877,4.329913446673915,0.18205090954506709,0.1664410967690345,0.05098784920007413
2002-06-26,63.40235900878906,4.149501069091489,0.0016385319626408545,4.329913446673915,0.18041237758242623,0.165074164287893,0.050326437018783005
2002-06-27,64.51182556152344,4.166848549035752,0.017347479944263,4.329913446673915,0.16306489763816323,0.15046394625786774,0.05401947523714158
2002-06-28,64.20689392089844,4.162110586876346,-0.004737962159405917,4.329913446673915,0.16780285979756915,0.15447949566114094,0.05424916672939518
2002-07-01,62.954681396484375,4.14241512462733,-0.019695462249015527,4.329913446673915,0.18749832204658468,0.17096949074619228,0.04999176385995282
2002-07-02,61.61812973022461,4.12095614104001,-0.021458983587320013,4.329913446673915,0.2089573056339047,0.1885701216118303,0.05571592627303528
2002-07-03,61.96851348876953,4.126626409091821,0.005670268051810368,4.329913446673915,0.20328703758209432,0.18395602748352602,0.055025934108540564
2002-07-05,64.43399047851562,4.165641296333003,0.03901488724118263,4.329913446673915,0.1642721503409117,0.15148893212186332,0.06887482695350441
2002-07-08,63.62945938110352,4.153076560919176,-0.012564735413826966,4.329913446673915,0.17683688575473866,0.16208355051406031,0.0708470523801122
2002-07-09,62.02687072753906,4.12756768998622,-0.025508870932956285,4.329913446673915,0.20234575668769494,0.1831875392583051,0.07885784228831645
2002-07-10,59.76900863647461,4.090487276392345,-0.03708041359387515,4.329913446673915,0.2394261702815701,0.21292061895402004,0.092408176374415
2002-07-11,60.255592346191406,4.098595387087269,0.008108110694924342,4.329913446673915,0.23131805958664575,0.20651295026738847,0.09277339869044016
2002-07-12,59.59383010864258,4.087552047045496,-0.01104334004177332,4.329913446673915,0.24236139962841907,0.21522749019722875,0.09302677847616575
2002-07-15,59.911739349365234,4.092872468379538,0.005320421334041647,4.329913446673915,0.23704097829437742,0.2110410428372157,0.0933559036903579
2002-07-16,58.7568473815918,4.073407697408738,-0.01946477097079935,4.329913446673915,0.2565057492651768,0.22624945395038532,0.08930097043508455
2002-07-17,58.873634338378906,4.07539335611645,0.001985658707711835,4.329913446673915,0.25452009055746494,0.22471152304339448,0.08851770775368316
2002-07-18,56.96612930297852,4.042456868459475,-0.032936487656975544,4.329913446673915,0.2874565782144405,0.2498308602526922,0.09515853758740002
2002-07-19,54.96128463745117,4.006629021684796,-0.03582784677467821,4.329913446673915,0.3232844249891187,0.2762320326066473,0.10924851788331504
2002-07-22,53.332740783691406,3.976550416198211,-0.030078605486585364,4.329913446673915,0.35336303047570405,0.29767781726437115,0.1175189189054489
2002-07-23,51.87289047241211,3.948796312131939,-0.02775410406627188,4.329913446673915,0.38111713454197593,0.3169021294227006,0.1268807876852473
2002-07-24,54.967769622802734,4.006747006605211,0.05795069447327217,4.329913446673915,0.32316644006870376,0.27614663386283256,0.1627022794136845
2002-07-25,54.50060272216797,3.9982117607303946,-0.008535245874816688,4.329913446673915,0.33170168594352045,0.28229860866357226,0.1635863664165869
2002-07-26,55.53873062133789,4.017080626402091,0.018868865671696433,4.329913446673915,0.312832820271824,0.26862782705006216,0.1642806142112178
2002-07-29,58.24427795410156,4.064645855073064,0.04756522867097335,4.329913446673915,0.26526759160085067,0.23299932042693783,0.19250464814425292
2002-07-30,59.00339889526367,4.077595050640719,0.012949195567654392,4.329913446673915,0.2523183960331963,0.22300269417966412,0.18972975559560462
2002-07-31,59.14614486694336,4.08001141276265,0.0024163621219308595,4.329913446673915,0.24990203391126542,0.2211229171246385,0.1840011760448279
2002-08-01,57.601959228515625,4.053556581507321,-0.02645483125532877,4.329913446673915,0.2763568651665942,0.24145781482900008,0.19241427362263147
2002-08-02,56.31080627441406,4.030886457658319,-0.02267012384900191,4.329913446673915,0.2990269890155961,0.25846060425338013,0.1797106145426063
2002-08-05,54.35137939453125,3.995469993089337,-0.035416464568982065,4.329913446673915,0.33444345358457817,0.2842636839933017,0.19352592721309203
2002-08-06,56.1810302734375,4.028579160301776,0.03310916721243906,4.329913446673915,0.3013342863721391,0.2601695838207764,0.19913940937415253
2002-08-07,57.16075897216797,4.045867631003045,0.01728847070126882,4.329913446673915,0.2840458156708703,0.24726784301259475,0.1855809796250395
2002-08-08,59.00991439819336,4.077705470435816,0.03183783943277163,4.329913446673915,0.25220797623809865,0.2229168935594078,0.19752460228993263
2002-08-09,59.2304801940918,4.081436277534277,0.0037308070984609643,4.329913446673915,0.2484771691396377,0.22001233157860722,0.19616334317526152
2002-08-12,58.79574966430664,4.074069567671287,-0.007366709862990817,4.329913446673915,0.2558438790026285,0.2257371619566081,0.1964904584662869
2002-08-13,57.7252197265625,4.0556941616700835,-0.01837540600120313,4.329913446673915,0.27421928500383164,0.23983463588186005,0.1959710642495055
2002-08-14,59.83388519287109,4.091572142496872,0.035877980826788836,4.329913446673915,0.2383413041770428,0.21206627987398785,0.21214047626257485
2002-08-15,60.66438674926758,4.105356816646471,0.013784674149598608,4.329913446673915,0.2245566300274442,0.2011296646300912,0.20086605954270442
2002-08-16,60.48271560668945,4.102357631767519,-0.0029991848789521214,4.329913446673915,0.22755581490639631,0.2035220350862249,0.18480560191110124
2002-08-19,61.897117614746094,4.125473613416473,0.0231159816489539,4.329913446673915,0.20443983325744242,0.18489621741837026,0.18013889076577305
2002-08-20,61.24178695678711,4.114829749932467,-0.010643863484006033,4.329913446673915,0.21508369674144845,0.19352606188816823,0.17186071013631637
2002-08-21,62.12418746948242,4.129135405369209,0.014305655436742448,4.329913446673915,0.200778041304706,0.18190600552097858,0.13212495685932368
2002-08-22,62.727569580078125,4.138801057217765,0.009665651848555612,4.329913446673915,0.1911123894561504,0.17396025522369063,0.13238419434359897
2002-08-23,61.37807083129883,4.1170526187742125,-0.02174843844355223,4.329913446673915,0.21286082789970262,0.19173138216962693,0.1338578964293543
2002-08-26,61.80625534057617,4.124004578444511,0.006951959670298713,4.329913446673915,0.2059088682294039,0.18609275428832361,0.10595996886502129
2002-08-27,61.09259414672852,4.112390650103331,-0.011613928341180468,4.329913446673915,0.21752279657058438,0.19549073534145645,0.10554670985239671
2002-08-28,59.75602340698242,4.090269995889319,-0.022120654214011992,4.329913446673915,0.23964345078459637,0.2130916173798706,0.11163861501798666
2002-08-29,59.78197479248047,4.090704190644069,0.00043419475475037217,4.329913446673915,0.239209256029846,0.21274987170094617,0.10282277841503454
2002-08-30,59.54838562011719,4.086789185780052,-0.003915004864016858,4.329913446673915,0.24312426089386285,0.2158259344531488,0.09654032703676253
2002-09-03,57.27754974365234,4.047908744915724,-0.03888044086432796,4.329913446673915,0.2820047017581908,0.24572986187104828,0.09978309729916816
2002-09-04,58.09505081176758,4.0620804762668135,0.014171731351089178,4.329913446673915,0.26783297040710163,0.23496444599122246,0.0885013221005942
2002-09-05,57.601959228515625,4.053556581507321,-0.008523894759492556,4.329913446673915,0.2763568651665942,0.24145781482900008,0.08565076819039086
2002-09-06,58.393516540527344,4.067204865529556,0.013648284022234947,4.329913446673915,0.26270858114435924,0.23103404415898765,0.07522587641664939
2002-09-09,58.82172775268555,4.074511306252522,0.007306440722966379,4.329913446673915,0.25540214042139286,0.22539506463579773,0.0757231373624963
2002-09-10,59.49648284912109,4.085917199024936,0.011405892772414106,4.329913446673915,0.24399624764897876,0.21650942581099708,0.07667854465669836
2002-09-11,59.12667846679688,4.07968223485392,-0.006234964171015989,4.329913446673915,0.25023121181999475,0.22137926405974784,0.07291390698625885
2002-09-12,58.03667068481445,4.061075063945036,-0.01860717090888464,4.329913446673915,0.2688383827288794,0.23573323562377502,0.06105727297917405
2002-09-13,58.17941284179688,4.063531560919136,0.0024564969741005527,4.329913446673915,0.26638188575477884,0.23385350880330424,0.05873908889243579
2002-09-16,58.32213973999024,4.065981776670534,0.0024502157513976996,4.329913446673915,0.26393167000338114,0.2319739829210551,0.05870139532829308
2002-09-17,56.98556137084961,4.0427979264629945,-0.023183850207539436,4.329913446673915,0.28711552021092057,0.24957496542857927,0.05874098834421383
2002-09-18,56.41461181640625,4.032728199708919,-0.010069726754075248,4.329913446673915,0.2971852469649958,0.2570936215376839,0.058591143688862174
2002-09-19,54.95477294921875,4.0065105369359255,-0.026217662772993755,4.329913446673915,0.3234029097379896,0.2763177829923479,0.06467334089278784
2002-09-20,54.9730110168457,4.006842356010891,0.0003318190749652672,4.329913446673915,0.3230710906630243,0.276077611584008,0.06349757539862473
2002-09-23,54.52333831787109,3.9986288360225886,-0.00821351998830222,4.329913446673915,0.3312846106513265,0.28199921071466916,0.058387863830527006
2002-09-24,53.643516540527344,3.982360614440014,-0.016268221582574682,4.329913446673915,0.3475528322339012,0.2935853085225536,0.061113562487075834
2002-09-25,54.9730110168457,4.006842356010891,0.024481741570876903,4.329913446673915,0.3230710906630243,0.276077611584008,0.06696591395632286
2002-09-26,55.87239074707031,4.023070353804336,0.01622799779344497,4.329913446673915,0.30684309286957934,0.2642339612116896,0.06411862353237777
2002-09-27,53.93025970458984,3.987691724924224,-0.03537862888011167,4.329913446673915,0.342221721749691,0.28980927747840246,0.07988700512240816
2002-09-30,53.30458450317383,3.976022340665631,-0.011669384258592874,4.329913446673915,0.3538911060082839,0.2980485985161919,0.08140968067261485
2002-10-01,55.86589050292969,4.022954006137712,0.04693166547208083,4.329913446673915,0.30695944053620305,0.26431956089372544,0.09011492670406775
2002-10-02,54.19096374511719,3.992514173976388,-0.030439832161324176,4.329913446673915,0.33739927269752723,0.28637614750794427,0.09925931890184672
2002-10-03,53.643516540527344,3.982360614440014,-0.01015355953637398,4.329913446673915,0.3475528322339012,0.2935853085225536,0.09964283756813283
2002-10-04,52.65939331054688,3.9638446331234625,-0.01851598131655141,4.329913446673915,0.3660688135504526,0.3065449195383084,0.10161556800091023
2002-10-07,51.571022033691406,3.942959926243283,-0.020884706880179404,4.329913446673915,0.386953520430632,0.32087734047816063,0.10643868300936342
2002-10-08,52.379173278808594,3.9585090558089355,0.015549129565652464,4.329913446673915,0.37140439086497956,0.31023504949309344,0.10784586411731528
2002-10-09,50.89972305297852,3.9298574825392882,-0.02865157326964729,4.329913446673915,0.40005596413462685,0.3297174667959637,0.11769954131222791
2002-10-10,52.548606872558594,3.961738586458869,0.03188110391958077,4.329913446673915,0.3681748602150461,0.3080038314899932,0.12614378383375108
2002-10-11,54.849220275878906,4.004587971048253,0.042849384589384254,4.329913446673915,0.32532547562566183,0.27770777313431927,0.14920222965079655
2002-10-14,55.15551376342773,4.010156718280105,0.005568747231851745,4.329913446673915,0.3197567283938101,0.27367428999484433,0.14951732274594517
2002-10-15,57.80802917480469,4.057127679089711,0.046970960809606055,4.329913446673915,0.27278576758420403,0.23874414415790213,0.1705439538824874
2002-10-16,56.40682601928711,4.032590179891394,-0.024537499198316937,4.329913446673915,0.29732326678252097,0.25719615026481657,0.1768526412045588
2002-10-17,57.52777862548828,4.052267937675147,0.019677757783752803,4.329913446673915,0.27764550899876816,0.2424346759891285,0.1730707299120408
2002-10-18,57.76890182495117,4.056450600177685,0.004182662502538292,4.329913446673915,0.27346284649622987,0.23925939999043544,0.17328977538960735
2002-10-21,58.766075134277344,4.073564734904181,0.017114134726496033,4.329913446673915,0.25634871176973384,0.22612793656139263,0.1761302147697714
2002-10-22,58.34244918823242,4.066329944844509,-0.007234790059672314,4.329913446673915,0.26358350182940615,0.2317065341492499,0.1734550729069935
2002-10-23,58.78561401367188,4.0738971653391,0.0075672204945913535,4.329913446673915,0.2560162813348148,0.22587063516973482,0.16662470306844257
2002-10-24,57.58645248413086,4.053287340109721,-0.020609825229379375,4.329913446673915,0.2766261065641942,0.24166201829582712,0.16865855706182153
2002-10-25,58.78561401367188,4.0738971653391,0.020609825229379375,4.329913446673915,0.2560162813348148,0.22587063516973482,0.15823983774513756
2002-10-28,58.40109252929688,4.067334597352635,-0.006562567986465595,4.329913446673915,0.2625788493212804,0.23093427833238944,0.1570666866421264
2002-10-29,57.72329711914063,4.055660854920468,-0.011673742432166456,4.329913446673915,0.27425259175344685,0.2398599540976728,0.1310312441258311
2002-10-30,58.28380584716797,4.065324281994594,0.00966342707412604,4.329913446673915,0.2645891646793208,0.2324787899661097,0.1205329044800039
2002-10-31,57.69074249267578,4.055096718573838,-0.010227563420756702,4.329913446673915,0.2748167281000775,0.2402886557916225,0.12055190883656694
2002-11-01,58.831241607666016,4.074673033662428,0.01957631508859059,4.329913446673915,0.2552404130114869,0.22526977965516626,0.1210608297455615
2002-11-04,59.3917350769043,4.084155076568258,0.009482042905830212,4.329913446673915,0.2457583701056567,0.2178888164618239,0.11669793051364358
2002-11-05,59.86098861694336,4.092025017773362,0.007869941205103537,4.329913446673915,0.23788842890055317,0.21170936335939783,0.11443195337210504
2002-11-06,60.63650894165039,4.1048971694534435,0.0128721516800816,4.329913446673915,0.22501627722047157,0.20149677875938377,0.1061761768115232
2002-11-07,59.15060424804688,4.080086805892875,-0.02481036356056876,4.329913446673915,0.24982664078104033,0.2210641929296273,0.10112545865776698
2002-11-08,58.42716979980469,4.0677810179433544,-0.012305787949520308,4.329913446673915,0.26213242873056064,0.23059087491314478,0.07989902814062393
2002-11-11,57.521270751953125,4.05215480551843,-0.015626212424924013,4.329913446673915,0.27775864115548465,0.24252037614027455,0.08258493951023299
2002-11-12,57.97750473022461,4.06005508583447,0.007900280316039954,4.329913446673915,0.2698583608394447,0.23651237357469546,0.0555723447083832
2002-11-13,58.0361328125,4.061065796101093,0.001010710266622361,4.329913446673915,0.26884765057282234,0.2357403186960556,0.04799889632941241
2002-11-14,59.131046295166016,4.079756104503956,0.018690308402863565,4.329913446673915,0.2501573421699588,0.22132174549406125,0.04752152613706857
2002-11-15,59.56770706176758,4.087113599406873,0.007357494902916706,4.329913446673915,0.24279984726704207,0.2155714964311367,0.04798316576408602
2002-11-18,58.96811676025391,4.076996903946314,-0.010116695460559377,4.329913446673915,0.25291654272760145,0.22346731358057026,0.0455822851511096
2002-11-19,58.889915466308594,4.075669861504754,-0.0013270424415594562,4.329913446673915,0.2542435851691609,0.22449712196186478,0.04494496271698009
2002-11-20,60.19987869262695,4.097670337240103,0.022000475735349134,4.329913446673915,0.23224310943381177,0.2072466259458665,0.05032211485973592
2002-11-21,61.32082748413086,4.116119548435245,0.018449211195141757,4.329913446673915,0.21379389823867,0.19248520190473384,0.04925878193122692
2002-11-22,60.88420104980469,4.108973716589957,-0.007145831845288164,4.329913446673915,0.22093973008395817,0.19823499885666207,0.04455013694259913
2002-11-25,60.92328643798828,4.109615473354359,0.000641756764402146,4.329913446673915,0.22029797331955603,0.19772029560423554,0.044012678312511815
2002-11-26,59.76319885253906,4.090390067714246,-0.019225405640113102,4.329913446673915,0.23952337895966913,0.21299712618156708,0.046952761804156355
2002-11-27,61.44467544555664,4.11813718369082,0.027747115976573866,4.329913446673915,0.21177626298309526,0.19085428683609562,0.055476921643882515
2002-11-29,61.249168395996094,4.114950272124438,-0.003186911566381845,4.329913446673915,0.2149631745494771,0.19342885802388554,0.054286893876642366
2002-12-02,61.34690475463867,4.1165447176370344,0.0015944455125964652,4.329913446673915,0.21336872903688064,0.19214179848548874,0.0494902016916076
2002-12-03,60.52573013305664,4.103068566081499,-0.013476151555535054,4.329913446673915,0.2268448805924157,0.20295559024195797,0.05064559048241238
2002-12-04,60.251991271972656,4.098535621981842,-0.004532944099657321,4.329913446673915,0.23137782469207302,0.20656037168748376,0.050124096738661666
2002-12-05,59.58726119995117,4.087441812970175,-0.011093809011667233,4.329913446673915,0.24247163370374025,0.21531399410125784,0.049587088638516914
2002-12-06,59.97826766967773,4.093982291104472,0.006540478134296812,4.329913446673915,0.23593115556944344,0.21016495219478815,0.04237010743765887
2002-12-09,58.32939529418945,4.066106173734086,-0.027876117370385423,4.329913446673915,0.26380727293982886,0.2318784367970933,0.05025324077027959
2002-12-10,59.11146926879883,4.079424971045696,0.013318797311609565,4.329913446673915,0.2504884756282193,0.22157954923127088,0.04941171004347358
2002-12-11,59.1635971069336,4.080306439018741,0.0008814679730448916,4.329913446673915,0.2496070076551744,0.22089309403466684,0.048635078258088826
2002-12-12,59.15711212158203,4.080196821938174,-0.00010961708056633768,4.329913446673915,0.24971662473574074,0.2209784927784818,0.04862235831442115
2002-12-13,58.22515106201172,4.064317410219795,-0.015879411718379366,4.329913446673915,0.2655960364541201,0.23325119648663573,0.04739799222734956
2002-12-16,59.73062896728516,4.089844936862641,0.025527526642846077,4.329913446673915,0.24006850981127403,0.2134260288137373,0.05492676798155967
2002-12-17,59.209232330322266,4.081077481256499,-0.008767455606141894,4.329913446673915,0.24883596541741593,0.22029213805098768,0.05460572944118564
2002-12-18,58.5249252319336,4.069452735835511,-0.011624745420988347,4.329913446673915,0.2604607108384043,0.22930356420197195,0.05628623761339537
2002-12-19,58.10783386230469,4.062300488887404,-0.0071522469481068995,4.329913446673915,0.2676129577865112,0.23479610999679745,0.0508321222815906
2002-12-20,58.9370002746582,4.076469081454794,0.014168592567390448,4.329913446673915,0.2534443652191207,0.22387707684721492,0.04907285511397449
2002-12-23,58.95659255981445,4.076801453806261,0.0003323723514663257,4.329913446673915,0.2531119928676544,0.22361907217178456,0.04843085435257244
2002-12-24,58.517822265625,4.0693313619534175,-0.007470091852843197,4.329913446673915,0.2605820847204976,0.22939710094372667,0.04912877365144269
2002-12-26,58.54401397705078,4.069778847021199,0.0004474850677818054,4.329913446673915,0.2601345996527158,0.22905219048782577,0.04447413231426602
2002-12-27,57.22760009765625,4.047036301200596,-0.022742545820602977,4.329913446673915,0.28287714547331877,0.24638763313664191,0.04129037622611432
2002-12-30,57.7056884765625,4.055355755770131,0.00831945456953509,4.329913446673915,0.2745576909037837,0.24009183680440738,0.04203449340554733
2002-12-31,57.78429412841797,4.05671701087158,0.0013612551014485774,4.329913446673915,0.2731964358023351,0.23905670356026354,0.04202580896842544
2003-01-02,59.64430618286133,4.088398690221979,0.031681679350398895,4.329913446673915,0.2415147564519362,0.21456278656302008,0.0523845480044186
2003-01-03,59.82768249511719,4.0914684718216625,0.0030697815996836297,4.329913446673915,0.23844497485225258,0.21214796126071844,0.05224438531284373
2003-01-06,60.882110595703125,4.108939381081663,0.017470909260000056,4.329913446673915,0.22097406559225252,0.19826252739290307,0.05453960221983971
2003-01-07,60.73144912719727,4.106461671426167,-0.0024777096554959854,4.329913446673915,0.2234517752477485,0.20024654114993767,0.054077953225327414
2003-01-08,59.8538818359375,4.091906289314862,-0.014555382111304915,4.329913446673915,0.23800715735905342,0.21180295033570773,0.046956196707685666
2003-01-09,60.78382873535156,4.107323778847058,0.015417489532196349,4.329913446673915,0.22258966782685707,0.19955677047269116,0.047716085340446
2003-01-10,60.94757461547852,4.110014062116297,0.0026902832692385914,4.329913446673915,0.21989938455761848,0.19740045219137237,0.04779748938278964
2003-01-13,60.92795181274414,4.109692048280065,-0.0003220138362314273,4.329913446673915,0.2202213983938499,0.1976588587432444,0.04779864451306993
2003-01-14,61.12443542480469,4.112911711348367,0.0032196630683021255,4.329913446673915,0.21700173532554778,0.1950714275093265,0.044752096986339904
2003-01-15,60.515323638916016,4.102896616253867,-0.010015095094500381,4.329913446673915,0.22701683042004817,0.20309263010850298,0.037805055653298336
2003-01-16,60.266448974609375,4.098775547136475,-0.004121069117392295,4.329913446673915,0.23113789953744046,0.20636998272333174,0.037050503807393
2003-01-17,59.37577819824219,4.083886368765627,-0.014889178370848022,4.329913446673915,0.24602707790828848,0.21809894760616277,0.038141070680740345
2003-01-21,58.45230865478516,4.068211185081342,-0.015675183684284555,4.329913446673915,0.26170226159257304,0.23025982919447474,0.04059248569457023
2003-01-22,57.74495315551758,4.0560359543366165,-0.012175230744725596,4.329913446673915,0.27387749233729863,0.2395747725278875,0.03993082477173739
2003-01-23,58.0986442565918,4.062142328931422,0.006106374594805786,4.329913446673915,0.26777111774249285,0.2349171250402381,0.04039925924706948
2003-01-24,56.57266998291016,4.035526006100749,-0.026616322830673056,4.329913446673915,0.2943874405731659,0.25501220297814586,0.04862235149315181
2003-01-27,55.79988479614258,4.021771804799876,-0.013754201300873348,4.329913446673915,0.30814164187403925,0.26518876940209224,0.051003471905943946
2003-01-28,56.21246719360352,4.029138568482753,0.007366763682877142,4.329913446673915,0.3007748781911621,0.25975560085149607,0.04517024919708381
2003-01-29,56.638179779052734,4.036683312199804,0.007544743717050828,4.329913446673915,0.2932301344741113,0.25414952496195253,0.0450153930981937
2003-01-30,55.2955436706543,4.012692320663711,-0.023990991536092743,4.329913446673915,0.317221126010204,0.2718302799431108,0.05224419780705774
2003-01-31,56.36307144165039,4.031814182381109,0.019121861717398048,4.329913446673915,0.298099264292806,0.25777234061278964,0.04420434934943803
2003-02-03,56.47443008422852,4.033787970833091,0.001973788451981484,4.329913446673915,0.2961254758408245,0.25630589347782673,0.04413470009990911
2003-02-04,55.91775131225586,4.0238818845321696,-0.009906086300921046,4.329913446673915,0.30603156214174554,0.2636366221159838,0.041525213330328874
2003-02-05,55.57062530517578,4.017654739796017,-0.006227144736152823,4.329913446673915,0.31225870687789836,0.26820781593416,0.041936455739322406
2003-02-06,55.30867385864258,4.01292974719849,-0.004724992597526345,4.329913446673915,0.3169836994754247,0.27165737260416356,0.03954833246299376
2003-02-07,54.63406753540039,4.000657635711334,-0.012272111487156678,4.329913446673915,0.3292558109625814,0.2805410522813122,0.03845094474765428
2003-02-10,55.0204963684082,4.0077057770553015,0.0070481413439678064,4.329913446673915,0.3222076696186136,0.27545229184106457,0.03898567201908539
2003-02-11,54.64062881469727,4.000777723518007,-0.006928053537294865,4.329913446673915,0.32913572315590844,0.2804546488463938,0.03958913935368713
2003-02-12,53.76956558227539,3.9847076116049327,-0.016070111913073948,4.329913446673915,0.3452058350689824,0.29192540811557344,0.04271245591316632
2003-02-13,53.93333053588867,3.9877486640877144,0.0030410524827817476,4.329913446673915,0.34216478258620064,0.2897688386614782,0.04156517388085078
2003-02-14,55.11219787597656,4.009371068718049,0.02162240463033438,4.329913446673915,0.32054237795586626,0.2742447033689708,0.047242043039578296
2003-02-18,56.081485748291016,4.0268057357472,0.017434667029150752,4.329913446673915,0.3031077109267155,0.2614804545383308,0.048278770810994485
2003-02-19,55.78675079345703,4.021536400216221,-0.005269335530978303,4.329913446673915,0.3083770464576938,0.26536172697559435,0.045532657679859305
2003-02-20,55.23006820678711,4.011507518871362,-0.010028881344859464,4.329913446673915,0.3184059278025533,0.27269250584830684,0.04493216961836798
2003-02-21,55.78675079345703,4.021536400216221,0.010028881344859464,4.329913446673915,0.3083770464576938,0.26536172697559435,0.04572963181261646
2003-02-24,54.88297271728516,4.005203149539634,-0.01633325067658742,4.329913446673915,0.32471029713428123,0.27726329779004166,0.04016479691425067
2003-02-25,55.32178115844727,4.013166703647128,0.007963554107494275,4.329913446673915,0.31674674302678696,0.27148476667254773,0.03858022268578601
2003-02-26,54.51618957519531,3.9984977139822764,-0.01466898966485175,4.329913446673915,0.3314157326916387,0.28209335027108584,0.04060768932370094
2003-02-27,55.236610412597656,4.011625965554107,0.013128251571830951,4.329913446673915,0.31828748111980776,0.2726063535861646,0.04206208000157498
2003-02-28,55.60333633422852,4.018243205467552,0.006617239913444983,4.329913446673915,0.3116702412063628,0.2677770546234479,0.0353616543853339
2003-03-03,55.072872161865234,4.008657256660434,-0.009585948807118605,4.329913446673915,0.3212561900134814,0.27476257139837323,0.031912339104650814
2003-03-04,54.19528198242188,3.9925938563618786,-0.01606340029855513,4.329913446673915,0.3373195903120365,0.2863192819914747,0.03511446515721123
2003-03-05,54.65373229980469,4.001017506889016,0.00842365052713756,4.329913446673915,0.32889593978489895,0.2802820931493334,0.03477208967147704
2003-03-06,54.19528198242188,3.9925938563618786,-0.00842365052713756,4.329913446673915,0.3373195903120365,0.2863192819914747,0.03517756468512025
2003-03-07,54.5685920715332,3.9994584804535984,0.00686462409171984,4.329913446673915,0.33045496622031667,0.28140327818650845,0.03549001329693191
2003-03-10,53.25871276855469,3.975161411271986,-0.02429706918161223,4.329913446673915,0.3547520354019289,0.2986526690422924,0.04103077321276379
2003-03-11,52.73479461669922,3.965275477091226,-0.009885934180760003,4.329913446673915,0.3646379695826889,0.30555198332052025,0.041636271230358096
2003-03-12,53.08845138549805,3.9719594165618894,0.006683939470663258,4.329913446673915,0.35795403011202565,0.3008947879438678,0.04159440295535962
2003-03-13,54.92228698730469,4.005919222190529,0.033959805628639206,4.329913446673915,0.32399422448338644,0.2767455804643043,0.05287165371345616
2003-03-14,55.09909057617188,4.009133211053003,0.0032139888624742596,4.329913446673915,0.3207802356209122,0.2744173093005865,0.05288528343844012
2003-03-17,56.8346061706543,4.040145403769268,0.031012192716264764,4.329913446673915,0.2897680429046474,0.2515628472463629,0.059112552648357894
2003-03-18,57.16865158081055,4.04600569886532,0.005860295096052681,4.329913446673915,0.28390774780859473,0.24716390771791652,0.05571528324522074
2003-03-19,57.60745620727539,4.0536520073671465,0.007646308501826127,4.329913446673915,0.2762614393067686,0.24138542683497777,0.05610210496848578
2003-03-20,57.73191833496094,4.055810197950186,0.0021581905830396764,4.329913446673915,0.27410324872372893,0.23974642400295465,0.054893504470585275
2003-03-21,58.964168548583984,4.076929946680776,0.021119748730590082,4.329913446673915,0.25298349999313885,0.22351930634518724,0.05924636757080155
2003-03-24,57.00465393066406,4.043132912407929,-0.033797034272847526,4.329913446673915,0.2867805342659864,0.24932354147987779,0.07027721961529647
2003-03-25,57.55039596557617,4.052661015519134,0.009528103111205333,4.329913446673915,0.27725243115478104,0.24213683531143615,0.0706220382067186
2003-03-26,57.26108169555664,4.04762119043734,-0.005039825081794014,4.329913446673915,0.28229225623657506,0.24594672444578214,0.06823081750296975
2003-03-27,57.3071174621582,4.048424830006044,0.0008036395687041065,4.329913446673915,0.28148861666787095,0.24534049383380918,0.06606733257798088
2003-03-28,57.01775741577149,4.043362752928057,-0.005062077077987226,4.329913446673915,0.2865506937458582,0.24915098578281758,0.06583847575740046
2003-03-31,55.722354888916016,4.0203814109208516,-0.022981342007205363,4.329913446673915,0.30953203575306354,0.26620973650167346,0.07133524674798543
2003-04-01,56.57717514038086,4.035605637804499,0.015224226883647773,4.329913446673915,0.29430780886941577,0.2549528759684718,0.07100442436165529
2003-04-02,57.9449577331543,4.059493555355668,0.02388791755116859,4.329913446673915,0.2704198913182472,0.23694097479953424,0.07730032579242914
2003-04-03,57.66879653930664,4.054716239355248,-0.004777316000420306,4.329913446673915,0.2751972073186675,0.24057765518760232,0.07669382302798217
2003-04-04,58.01070785522461,4.060627611700106,0.005911372344858279,4.329913446673915,0.2692858349738092,0.2360751320063641,0.07654037089237677
2003-04-07,57.89894485473633,4.058699160833215,-0.0019284508668908629,4.329913446673915,0.27121428584070006,0.23754690400417622,0.06914884992669428
2003-04-08,57.990943908691406,4.060286858850057,0.0015876980168423316,4.329913446673915,0.26962658782385773,0.236335397236778,0.06794919246531049
2003-04-09,57.22822189331055,4.047047166452245,-0.01323969239781242,4.329913446673915,0.28286628022167015,0.24637944490414687,0.06959493400536963
2003-04-10,57.54384613037109,4.052547198614085,0.005500032161839918,4.329913446673915,0.27736624805983023,0.24222308804268922,0.055444906643993236
2003-04-11,57.3071174621582,4.048424830006044,-0.004122368608040716,4.329913446673915,0.28148861666787095,0.24534049383380918,0.055528875545502114
2003-04-14,58.4907341003418,4.068868350245412,0.02044352023936824,4.329913446673915,0.2610450964285027,0.22975381652009552,0.04867676147160671
2003-04-15,59.03650665283203,4.078156009382305,0.009287659136892223,4.329913446673915,0.2517574372916105,0.22256670847521243,0.04933092264734822
2003-04-16,58.03044891357422,4.060967854060484,-0.017188155321820275,4.329913446673915,0.26894559261343076,0.23581516818328163,0.05231670243308841
2003-04-17,58.89183044433594,4.075702378903995,0.014734524843510677,4.329913446673915,0.2542110677699201,0.22447190421516172,0.05499355272380695
2003-04-21,58.95102691650391,4.076707046958944,0.0010046680549491427,4.329913446673915,0.25320639971497094,0.2236923643877996,0.049386118924169845
2003-04-22,60.06230545043945,4.095382447606672,0.018675400647727436,4.329913446673915,0.2345309990672435,0.20905828494406087,0.03938841032695502
2003-04-23,60.61464309692383,4.10453649914894,0.009154051542268782,4.329913446673915,0.22537694752497472,0.2017847232297041,0.0393003604022885
2003-04-24,60.0754508972168,4.095601287166015,-0.008935211982925573,4.329913446673915,0.2343121595079003,0.2088851766668932,0.03998628142398019
2003-04-25,59.33242034912109,4.083155874131225,-0.012445413034789965,4.329913446673915,0.24675757254269026,0.21866991356039656,0.041929736534011865
2003-04-28,60.35821533203125,4.10029706639877,0.017141192267545513,4.329913446673915,0.22961638027514475,0.20516154026380018,0.04530900421893129
2003-04-29,60.56865310668945,4.103777483774989,0.0034804173762186252,4.329913446673915,0.22613596289892612,0.20239035102701575,0.03880704164965413
2003-04-30,60.4371452331543,4.101603903217452,-0.002173580557537136,4.329913446673915,0.22830954345646326,0.20412213708246574,0.03594617848941916
2003-05-01,60.4305419921875,4.101494639259069,-0.00010926395838239955,4.329913446673915,0.22841880741484566,0.20420909309749136,0.028756358093801938
2003-05-02,61.29196548461914,4.115648765585496,0.014154126326426208,4.329913446673915,0.21426468108841945,0.192865276549264,0.030993066546898585
2003-05-05,61.173614501953125,4.11371596096361,-0.0019328046218856088,4.329913446673915,0.21619748571030506,0.19442380362388045,0.030599838321804605
2003-05-06,61.75228118896485,4.12313091715715,0.009414956193539936,4.329913446673915,0.20678252951676512,0.18680352300963676,0.031669861536795935
2003-05-07,61.41033935546875,4.117578214388061,-0.005552702769088924,4.329913446673915,0.21233523228585405,0.191306448067316,0.03202658924721538
2003-05-08,60.79220581054688,4.107461586849102,-0.010116627538959477,4.329913446673915,0.22245185982481352,0.19944645538950467,0.03110750364167949
2003-05-09,61.6338996887207,4.121212038791253,0.013750451942151187,4.329913446673915,0.20870140788266234,0.1883624519606948,0.033108693284564394
2003-05-12,62.39010238647461,4.133406647193229,0.012194608401975948,4.329913446673915,0.1965067994806864,0.17840425514813785,0.03476829662889038
2003-05-13,62.27833938598633,4.131613682929942,-0.0017929642632870113,4.329913446673915,0.1982997637439734,0.17987602714595008,0.02954278936239714
2003-05-14,62.14682769775391,4.129499773979082,-0.002113908950859944,4.329913446673915,0.20041367269483334,0.18160786343595514,0.02851221014739594
2003-05-15,62.54134368896485,4.135827837071753,0.006328063092671421,4.329913446673915,0.19408560960216192,0.1764126057387152,0.02529431755653237
2003-05-16,62.3835334777832,4.133301353977206,-0.0025264830945470607,4.329913446673915,0.19661209269670898,0.17849075905216683,0.02263920642676615
2003-05-19,60.923736572265625,4.1096228618693385,-0.023678492107867655,4.329913446673915,0.22029058480457664,0.1977143679267237,0.029690942972347763
2003-05-20,60.79881286621094,4.107570263554708,-0.0020525983146306714,4.329913446673915,0.2223431831192073,0.19935944913992432,0.025349519360497653
2003-05-21,60.923736572265625,4.1096228618693385,0.0020525983146306714,4.329913446673915,0.22029058480457664,0.1977143679267237,0.024346767263051815
2003-05-22,61.52869415283203,4.1195036375925564,0.009880775723217994,4.329913446673915,0.21040980908135865,0.18974787075814403,0.02457094288103205
2003-05-23,61.65364074707031,4.121532282969189,0.0020286453766322765,4.329913446673915,0.20838116370472637,0.18810248813761232,0.022671204296397962
2003-05-27,62.73203659057617,4.138872267556076,0.017339984586887347,4.329913446673915,0.19104117911783902,0.1739014305595692,0.02275757216971662
2003-05-28,62.90956497192383,4.141698218471776,0.0028259509156995932,4.329913446673915,0.18821522820213943,0.17156361483036642,0.022705568107378882
2003-05-29,62.74518966674805,4.139081916376223,-0.002616302095552747,4.329913446673915,0.19083153029769218,0.17372822181329084,0.022732287468489022
2003-05-30,63.75125503540039,4.154988870674562,0.015906954298339215,4.329913446673915,0.17492457599935296,0.16047966163611183,0.025920330099593342
2003-06-02,64.01431274414062,4.159106694983926,0.0041178243093638045,4.329913446673915,0.17080675168998916,0.15701553694510462,0.023609706630320627
2003-06-03,64.27734375,4.163207216897878,0.004100521913952271,4.329913446673915,0.16670622977603688,0.15355176389598302,0.023774496313201925
2003-06-04,65.20450592041016,4.177528575753421,0.014321358855542421,4.329913446673915,0.15238487092049446,0.14134225525825206,0.02524189129692306
2003-06-05,65.52671813964844,4.182457969997308,0.004929394243887053,4.329913446673915,0.1474554766766074,0.13709914331998974,0.02515956818350278
2003-06-06,65.270263671875,4.178536552349017,-0.003921417648290237,4.329913446673915,0.15137689432489765,0.14047631199597144,0.024063763364992424
2003-06-09,64.60612487792969,4.168309218646002,-0.010227333703015873,4.329913446673915,0.16160422802791352,0.14922214805369283,0.0229993585333413
2003-06-10,65.26367950439453,4.178435671806748,0.010126453160746784,4.329913446673915,0.15147777486716674,0.14056301683822114,0.02241769943553593
2003-06-11,65.95409393310547,4.188958953553659,0.010523281746910307,4.329913446673915,0.14095449312025643,0.13147116516438562,0.023772511132766364
2003-06-12,66.1579818725586,4.192045546510142,0.0030865929564836136,4.329913446673915,0.13786790016377282,0.1287862286588538,0.02383624754010012
2003-06-13,65.46753692626953,4.181554400335026,-0.010491146175116484,4.329913446673915,0.1483590463388893,0.1378784822091309,0.02471849658619179
2003-06-16,66.84842681884766,4.202427770269516,0.02087336993449007,4.329913446673915,0.12748567640439923,0.11969397510857716,0.030127858726689313
2003-06-17,66.84842681884766,4.202427770269516,0.0,4.329913446673915,0.12748567640439923,0.11969397510857716,0.023063404271559697
2003-06-18,66.78923797607422,4.2015419594206875,-0.0008858108488283278,4.329913446673915,0.12837148725322756,0.1204734144668288,0.023020205184395032
2003-06-19,65.77003479003906,4.186164336278287,-0.015377623142400765,4.329913446673915,0.14374911039562832,0.13389498245206577,0.025946657668617812
2003-06-20,65.62483978271484,4.183954279502558,-0.0022100567757288303,4.329913446673915,0.14595916717135715,0.1358070100915192,0.02477806590656639
2003-06-23,64.95167541503906,4.173643538242557,-0.010310741260000533,4.329913446673915,0.15626990843135768,0.14467170110680816,0.02606573529572487
2003-06-24,65.0176773071289,4.174659191492823,0.0010156532502652027,4.329913446673915,0.15525425518109248,0.14380254283299576,0.02229022701997104
2003-06-25,64.36430358886719,4.164559187335317,-0.010100004157505893,4.329913446673915,0.16535425933859837,0.15240661697598445,0.02347493049605757
2003-06-26,65.20248413085938,4.1774975683733695,0.012938381038052782,4.329913446673915,0.1524158783005456,0.14136887957249988,0.025497944503163762
2003-06-27,64.45012664794922,4.1658916944406625,-0.011605873932706956,4.329913446673915,0.16402175223325255,0.15127643995343065,0.02400692494828844
2003-06-30,64.43032836914062,4.165584459663105,-0.0003072347775576745,4.329913446673915,0.16432898701081022,0.15153715729484152,0.02379446269197693
2003-07-01,65.02426147460938,4.174760453709424,0.00917599404631897,4.329913446673915,0.15515299296449125,0.1437158379907465,0.024643508485295038
2003-07-02,65.84260559082031,4.1872671301729465,0.012506676463522659,4.329913446673915,0.1426463165009686,0.13293932027422495,0.024030085507639545
2003-07-03,65.16282653808594,4.176889161216692,-0.010377968956254868,4.329913446673915,0.15302428545722346,0.1418911180082041,0.025080967239410615
2003-07-07,66.45633697509766,4.196545145173633,0.019655983956941014,4.329913446673915,0.13336830150028245,0.1248572836287195,0.029755317620094937
2003-07-08,66.75333404541016,4.201004244278832,0.004459099105199371,4.329913446673915,0.12890920239508308,0.12094622210023043,0.02868791126807497
2003-07-09,66.37718200683594,4.195353352947732,-0.00565089133109975,4.329913446673915,0.13456009372618283,0.1258996506488098,0.027798194010235627
2003-07-10,65.53241729736328,4.182544940778847,-0.012808412168885397,4.329913446673915,0.14736850589506822,0.13702409289454365,0.028469975151131893
2003-07-11,66.15280151367188,4.1919672405889346,0.009422299810087686,4.329913446673915,0.13794620608498054,0.12885444718479544,0.029468558889297166
2003-07-14,66.47614288330078,4.1968431296597535,0.004875889070818928,4.329913446673915,0.1330703170141616,0.1245964658181985,0.02838130673095437
2003-07-15,66.33096313476562,4.194656803781293,-0.002186325878460238,4.329913446673915,0.13525664289262185,0.12650829251943219,0.02295174558110623
2003-07-16,65.94160461425781,4.188769571806982,-0.005887231974311291,4.329913446673915,0.14114387486693314,0.13163563309806203,0.02338845528513008
2003-07-17,65.00450134277344,4.174456518925151,-0.014313052881830934,4.329913446673915,0.15545692774876407,0.14397605298660554,0.025959848441551234
2003-07-18,65.67102813720703,4.184657856197381,0.010201337272230049,4.329913446673915,0.14525559047653402,0.1351987700973386,0.024291557898315577
2003-07-21,64.85928344726562,4.1722200531349145,-0.012437803062466557,4.329913446673915,0.15769339353900058,0.1458883820333906,0.026179221783581917
2003-07-22,65.4466552734375,4.181235387512072,0.009015334377157735,4.329913446673915,0.14867805916184285,0.13815346616421442,0.02586377912795811
2003-07-23,65.49282836914062,4.181940646099207,0.0007052585871347716,4.329913446673915,0.14797280057470807,0.13754542710825435,0.025857048688647515
2003-07-24,64.99786376953125,4.174354404271434,-0.007586241827772788,4.329913446673915,0.15555904240248086,0.1440634611126269,0.02529686505035396
2003-07-25,66.14617156982422,4.191867013902383,0.01751260963094836,4.329913446673915,0.1380464327715325,0.1289417548417069,0.027051916432075745
2003-07-28,65.90200805664062,4.188168912313427,-0.0036981015889558932,4.329913446673915,0.1417445343604884,0.1321570677808831,0.025527059966892172
2003-07-29,65.59842681884766,4.183551714242479,-0.004617198070947737,4.329913446673915,0.14636173243143613,0.13615483415162122,0.025794483939596734
2003-07-30,65.44007110595703,4.181134778876374,-0.0024169353661047666,4.329913446673915,0.1487786677975409,0.13824017100646369,0.024807182083402407
2003-07-31,65.59181213378906,4.183450873126295,0.0023160942499211856,4.329913446673915,0.1464625735476197,0.13624194087031194,0.022903918522184614
2003-08-01,65.01106262207031,4.174557449599947,-0.008893423526348698,4.329913446673915,0.1553559970739684,0.14388964955168715,0.022543441875946098
2003-08-04,65.01106262207031,4.174557449599947,0.0,4.329913446673915,0.1553559970739684,0.14388964955168715,0.01767533478897051
2003-08-05,63.63178253173828,4.153113070866747,-0.021444378733199265,4.329913446673915,0.17680037580716768,0.16205295766995254,0.02321905525069904
2003-08-06,64.0013656616211,4.15890442159484,0.005791350728092226,4.329913446673915,0.17100902507907545,0.15718603302540246,0.02323930559798948
2003-08-07,64.67451477050781,4.169367225461928,0.010462803867087977,4.329913446673915,0.16054622121198747,0.14832154294833455,0.022551532613150536
2003-08-08,64.85928344726562,4.1722200531349145,0.0028528276729868907,4.329913446673915,0.15769339353900058,0.1458883820333906,0.02153545465260986
2003-08-11,65.10350036621094,4.17597831683524,0.0037582637003250596,4.329913446673915,0.15393512983867552,0.14267236581044218,0.021413867825419007
2003-08-12,65.69742584228516,4.1850597442402675,0.009081427405027931,4.329913446673915,0.1448537024336476,0.13485114697545808,0.022392790841530195
2003-08-13,65.36085510253906,4.17992353343035,-0.00513621080991733,4.329913446673915,0.14998991324356492,0.1392833417794368,0.02228847747220363
2003-08-14,65.53905487060547,4.182646222516789,0.002722689086438912,4.329913446673915,0.147267224157126,0.13693668476852106,0.019800601840801527
2003-08-15,65.74361419677734,4.185762543858706,0.003116321341916972,4.329913446673915,0.14415090281520904,0.1342429069812775,0.018611718465511667
2003-08-18,66.3111801147461,4.194358512157205,0.008595968298498846,4.329913446673915,0.1355549345167102,0.126768808922622,0.01759353421270966
2003-08-19,66.56194305419922,4.198132988607882,0.003774476450677078,4.329913446673915,0.1317804580660331,0.12346659020297579,0.01674896148637356
2003-08-20,66.29136657714844,4.194059671173537,-0.004073317434344581,4.329913446673915,0.1358537755003777,0.12702972720225325,0.01695175250447578
2003-08-21,66.50251007080078,4.197239692375043,0.003180021201505845,4.329913446673915,0.13267375429887185,0.12424924457275954,0.016354027023610253
2003-08-22,65.84260559082031,4.1872671301729465,-0.009972562202096746,4.329913446673915,0.1426463165009686,0.13293932027422495,0.013742809333547917
2003-08-25,65.94818878173828,4.188869415279573,0.001602285106626411,4.329913446673915,0.14104403139434218,0.131548928255812,0.013602840497276468
2003-08-26,66.06696319580078,4.190668821549705,0.0017994062701323088,4.329913446673915,0.13924462512420988,0.12998482514556986,0.01337502424299918
2003-08-27,66.08677673339844,4.190968677426,0.0002998558762952186,4.329913446673915,0.13894476924791466,0.12972390686593904,0.013302553288980203
2003-08-28,66.49595642089844,4.197141140112292,0.006172462686291347,4.329913446673915,0.1327723065616233,0.12433554753856713,0.013715014327273376
2003-08-29,66.94468688964844,4.203866709610142,0.006725569497850081,4.329913446673915,0.12604673706377323,0.11842635634303744,0.013288382145721006
2003-09-02,67.84223175048828,4.2171848882079965,0.013318178597854669,4.329913446673915,0.11272855846591856,0.10660686879176295,0.015523293048391867
2003-09-03,68.2118148803711,4.2226177885604415,0.005432900352444925,4.329913446673915,0.10729565811347364,0.10173994414721266,0.010100946388424379
2003-09-04,68.24481201171875,4.223101416695511,0.0004836281350693028,4.329913446673915,0.10681202997840433,0.10130541524486147,0.009681292715181807
2003-09-05,67.86202239990234,4.217476561445189,-0.005624855250322192,4.329913446673915,0.11243688522872652,0.10634625191946245,0.008700618736188475
2003-09-08,68.42298889160156,4.2257088630677195,0.008232301622530969,4.329913446673915,0.10420458360619556,0.09895905964127694,0.00945198400602281
2003-09-09,67.97425079345703,4.2191289686623845,-0.006579894405335018,4.329913446673915,0.11078447801153057,0.10486835130591765,0.009819531856759454
2003-09-10,67.28791046142578,4.2089805839825445,-0.010148384679840028,4.329913446673915,0.1209328626913706,0.11390655247481563,0.010078050944264418
2003-09-11,67.48584747314453,4.211917908830747,0.002937324848202749,4.329913446673915,0.11799553784316785,0.11129998187537238,0.009854365863091885
2003-09-12,67.61128997802734,4.213774980613329,0.001857071782581876,4.329913446673915,0.11613846606058598,0.10964806876266686,0.009804415427869414
2003-09-15,67.3736801147461,4.210254438903633,-0.0035205417096957348,4.329913446673915,0.11965900777028171,0.11277707873603449,0.009838218143687027
2003-09-16,68.35698699951172,4.224743781786156,0.014489342882522571,4.329913446673915,0.10516966488775914,0.09982821791508933,0.011552453009536258
2003-09-17,68.22498321533203,4.222810820575054,-0.001932961211101869,4.329913446673915,0.10710262609886101,0.10156653446271335,0.011420022808279306
2003-09-18,69.03014373779297,4.2345432749643095,0.011732454389255409,4.329913446673915,0.0953701717096056,0.09096362736891128,0.012945360803824597
2003-09-19,68.67903137207031,4.229443932436376,-0.005099342527933537,4.329913446673915,0.10046951423753914,0.0955873162972557,0.013145584371951676
2003-09-22,67.93702697753906,4.218581202245068,-0.01086273019130779,4.329913446673915,0.11133224442884693,0.10535854009541412,0.013379275442165883
2003-09-23,68.1954345703125,4.222377620824441,0.003796418579372407,4.329913446673915,0.10753582584947452,0.10195565132717743,0.013528528445648662
2003-09-24,66.98310852050781,4.204440475971274,-0.017937144853166664,4.329913446673915,0.12547297070264118,0.11792039390321307,0.01754167005788566
2003-09-25,66.4332275390625,4.196197346061601,-0.008243129909672575,4.329913446673915,0.13371610061231376,0.12516160456403091,0.018396696950116656
2003-09-26,66.214599609375,4.19290097653402,-0.0032963695275816107,4.329913446673915,0.13701247013989537,0.12804064739079768,0.018053558081370394
2003-09-29,66.86384582519531,4.20265839990599,0.009757423371969942,4.329913446673915,0.12725504676792543,0.1194909270365192,0.018683230806317515
2003-09-30,66.214599609375,4.19290097653402,-0.009757423371969942,4.329913446673915,0.13701247013989537,0.12804064739079768,0.017647932020480955
2003-10-01,67.62568664550781,4.213987890837948,0.02108691430392806,4.329913446673915,0.11592555583596731,0.10945848355139876,0.02287871553311323
2003-10-02,67.87083435058594,4.217606404003681,0.0036185131657333613,4.329913446673915,0.11230704267023395,0.10623021009698475,0.023040748274218426
2003-10-03,68.4935302734375,4.226739292244677,0.009132888240995563,4.329913446673915,0.10317415442923838,0.09803012224679519,0.023693058477264946
2003-10-06,68.80489349365234,4.231274868771164,0.004535576526487617,4.329913446673915,0.09863857790275077,0.09392987738347902,0.02309834684899852
2003-10-07,69.06986999511719,4.235118600879871,0.00384373210870681,4.329913446673915,0.09479484579404396,0.09044048471121424,0.02273898560233914
2003-10-08,68.89759826660156,4.232621319162435,-0.0024972817174360173,4.329913446673915,0.09729212751147998,0.09270907722337196,0.02151989407735362
2003-10-09,69.08313751220703,4.2353106707793255,0.002689351616890434,4.329913446673915,0.09460277589458954,0.09026576892828053,0.02150231373653168
2003-10-10,69.27526092529297,4.238087857256463,0.002777186477137761,4.329913446673915,0.09182558941745178,0.08773575579093895,0.02155604075548318
2003-10-13,69.49390411376953,4.241239038130703,0.003151180874239934,4.329913446673915,0.08867440854321185,0.08485651202595179,0.021524990915336283
2003-10-14,69.73896789550781,4.2447592418192075,0.003520203688504253,4.329913446673915,0.0851542048547076,0.08162934373175246,0.019035870703536052
2003-10-15,69.55347442626953,4.242095872927159,-0.0026633688920485454,4.329913446673915,0.08781757374675614,0.08407204921218192,0.019078171358161047
2003-10-16,69.83175659179688,4.246088871801428,0.003992998874268849,4.329913446673915,0.08382457487248729,0.08040743841143094,0.017544670138736864
2003-10-17,69.06986999511719,4.235118600879871,-0.010970270921556668,4.329913446673915,0.09479484579404396,0.09044048471121424,0.018733398867163884
2003-10-20,69.58660888671875,4.242572147776025,0.007453546896154073,4.329913446673915,0.08734129889788989,0.0836357118658444,0.01794661018912651
2003-10-21,69.46737670898438,4.240857242497412,-0.001714905278613621,4.329913446673915,0.0890562041765035,0.08520584312270851,0.017802064325795154
2003-10-22,68.5928955078125,4.2281889653426585,-0.01266827715475305,4.329913446673915,0.10172448133125656,0.09672161255333434,0.015770239741180702
2003-10-23,68.46704864501953,4.2263525878519665,-0.0018363774906919872,4.329913446673915,0.10356085882194854,0.09837885052888962,0.014956570695096032
2003-10-24,68.61941528320312,4.228575516309813,0.0022229284578463293,4.329913446673915,0.10133793036410221,0.09637238192568731,0.014881920216811846
2003-10-27,68.65253448486328,4.2290580504671365,0.0004825341573235775,4.329913446673915,0.10085539620677864,0.09593624551757096,0.01368524187406114
2003-10-28,69.58660888671875,4.242572147776025,0.01351409730888875,4.329913446673915,0.08734129889788989,0.0836357118658444,0.014786778165760675
2003-10-29,69.6793441772461,4.24390392057754,0.0013317728015147523,4.329913446673915,0.08600952609637513,0.08241450982929477,0.00920643553132465
2003-10-30,69.8250961303711,4.2459934885631405,0.00208956798560056,4.329913446673915,0.08391995811077457,0.08049514794478396,0.009096471007456497
2003-10-31,69.75889587402344,4.245044951981538,-0.0009485365816024327,4.329913446673915,0.084868494692377,0.08136691841546562,0.00805684594016045
2003-11-03,70.21598052978516,4.2515759279994905,0.0065309760179523835,4.329913446673915,0.07833751867442462,0.0753477135440801,0.008335081575985438
2003-11-04,70.06356048583984,4.249402837001,-0.002173090998490501,4.329913446673915,0.08051060967291512,0.07735488543105473,0.00820842698033457
2003-11-05,70.11660766601562,4.250159679904063,0.000756842903062882,4.329913446673915,0.07975376676985224,0.07665632370665121,0.008137065559900894
2003-11-06,70.48757934570312,4.25543651480322,0.005276834899157201,4.329913446673915,0.07447693187069504,0.07177111368401379,0.008396781477765415
2003-11-07,69.96424102783203,4.247984269065354,-0.007452245737866292,4.329913446673915,0.08192917760856133,0.07866279230985351,0.008999353820555658
2003-11-10,69.6793441772461,4.24390392057754,-0.004080348487813801,4.329913446673915,0.08600952609637513,0.08241450982929477,0.009084017036841502
2003-11-11,69.65949249267578,4.243618979420012,-0.0002849411575276406,4.329913446673915,0.08629446725390277,0.08267593045447807,0.00892890294077065
2003-11-12,70.44120025634766,4.254778322897198,0.011159343477185502,4.329913446673915,0.07513512377671727,0.07238186540595404,0.010408614344402699
2003-11-13,70.46112823486328,4.255061185201347,0.0002828623041493117,4.329913446673915,0.07485226147256796,0.07211944008966698,0.010208727579924973
2003-11-14,69.8648452758789,4.246562593914327,-0.008498591287019686,4.329913446673915,0.08335085275958765,0.0799717038797556,0.009602405623045308
2003-11-17,69.51375579833984,4.241524658142116,-0.005037935772211455,4.329913446673915,0.0883887885317991,0.0845950914007686,0.009222206110493483
2003-11-18,68.7916259765625,4.23108202207443,-0.010442636067685918,4.329913446673915,0.09883142459948502,0.09410459316641295,0.010559163734380208
2003-11-19,69.3746566772461,4.2395216232579,0.008439601183470202,4.329913446673915,0.09039182341601482,0.0864268442210373,0.009434508172416768
2003-11-20,68.75191497802734,4.230504590384611,-0.009017032873289033,4.329913446673915,0.09940885628930385,0.09462753488588938,0.010416484126742419
2003-11-21,69.0367431640625,4.234638872488418,0.004134282103806619,4.329913446673915,0.09527457418549723,0.09087672158844073,0.01056958518431534
2003-11-24,69.95099639892578,4.247794945455011,0.013156072966593158,4.329913446673915,0.08211850121890407,0.07883720668545591,0.012747487834601019
2003-11-25,70.21598052978516,4.2515759279994905,0.00378098254447945,4.329913446673915,0.07833751867442462,0.0753477135440801,0.010626466871488074
2003-11-26,70.46772003173828,4.255154733072644,0.003578805073153113,4.329913446673915,0.07475871360127151,0.07203263477830735,0.010765498131143402
2003-11-28,70.52071380615234,4.255906479516904,0.0007517464442603483,4.329913446673915,0.07400696715701116,0.07133477633767626,0.010717603368353543
2003-12-01,71.28257751464844,4.266651942927531,0.01074546341062721,4.329913446673915,0.06326150374638395,0.06130203144522395,0.012161125672860918
2003-12-02,71.10368347167969,4.264139142382589,-0.00251280054494174,4.329913446673915,0.06577430429132569,0.06365783114518331,0.011703248210138958
2003-12-03,70.99107360839844,4.262554145312039,-0.0015849970705508198,4.329913446673915,0.06735930136187651,0.06514075521424667,0.011675400839585728
2003-12-04,71.28257751464844,4.266651942927531,0.00409779761549256,4.329913446673915,0.06326150374638395,0.06130203144522395,0.01187976192946774
2003-12-05,70.78570556640625,4.259657081535799,-0.006994861391731888,4.329913446673915,0.07025636513811584,0.06784518272718976,0.012145408981108621
2003-12-08,71.26268768310547,4.26637287604103,0.006715794505231187,4.329913446673915,0.06354057063288465,0.0615639544159593,0.012013939690275354
2003-12-09,70.71282196044922,4.258626913749936,-0.007745962291094699,4.329913446673915,0.07128653292397935,0.06880496413855564,0.012560158359491869
2003-12-10,70.7061996459961,4.258533258534636,-9.365521529947074e-05,4.329913446673915,0.07138018813927882,0.06889217132635739,0.012559245865426722
2003-12-11,71.50115966796875,4.269713668700863,0.011180410166226729,4.329913446673915,0.06019977797305209,0.05842359143312004,0.012565175735931841
2003-12-12,71.64026641845703,4.271657296036197,0.0019436273353337086,4.329913446673915,0.058256150637718385,0.05659173814374108,0.012611766455239742
2003-12-15,71.28257751464844,4.266651942927531,-0.005005353108665567,4.329913446673915,0.06326150374638395,0.06130203144522395,0.012017393029310368
2003-12-16,71.65355682373047,4.271842794685208,0.00519085175767664,4.329913446673915,0.05807065198870731,0.056416720953476496,0.01203710125788848
2003-12-17,71.87879943847656,4.274981359473099,0.003138564787890985,4.329913446673915,0.054932087200816326,0.053450571408018455,0.010787205713047726
2003-12-18,72.68700408935547,4.286162607753192,0.011181248280093037,4.329913446673915,0.04375083892072329,0.042807577139178155,0.011465003119607377
2003-12-19,72.48464965820312,4.283374810590541,-0.0027877971626510956,4.329913446673915,0.046538636083374385,0.04547231935352558,0.010538461252501968
2003-12-22,72.99056243896484,4.290330151132782,0.006955340542241117,4.329913446673915,0.03958329554113327,0.03881011217577102,0.01093264561916503
2003-12-23,73.03712463378906,4.290967868504543,0.000637717371761326,4.329913446673915,0.03894557816937194,0.03819694919518213,0.008756933406218458
2003-12-24,72.96389770507812,4.289964766831993,-0.001003101672550244,4.329913446673915,0.039948679841922186,0.03916125171651463,0.008589484244162525
2003-12-26,73.01715087890625,4.290694357100139,0.0007295902681461186,4.329913446673915,0.03921908957377607,0.03845997732613149,0.008434812392380137
2003-12-29,73.9889907836914,4.3039163089429815,0.013221951842842472,4.329913446673915,0.025997137730933595,0.02566212157807224,0.010630423978886779
2003-12-30,74.00223541259766,4.304095301026256,0.0001789920832742098,4.329913446673915,0.025818145647659385,0.025487707202469956,0.009175968862521788
2003-12-31,74.06881713867188,4.3049946223914315,0.000899321365175787,4.329913446673915,0.024918824282483598,0.02461091327626974,0.009106600977995732
2004-01-02,74.03553771972656,4.304545217381873,-0.00044940500955892304,4.329913446673915,0.02536822929204252,0.025049159535704413,0.009077491817272656
2004-01-05,74.84091186523438,4.315364685527739,0.01081946814586665,4.329913446673915,0.01454876114617587,0.014443439306811134,0.010340880532612425
2004-01-06,74.91415405273438,4.316342845336769,0.0009781598090299326,4.329913446673915,0.013570601337145938,0.013478935847258233,0.009736442287715422
2004-01-07,75.16707611083984,4.31971331741065,0.003370472073880748,4.329913446673915,0.01020012926326519,0.010148284369378202,0.009311295433385812
2004-01-08,75.4665756225586,4.323689851245331,0.003976533834681106,4.329913446673915,0.006223595428584083,0.006204268972687332,0.008754537841379426
2004-01-09,74.8076400756836,4.314920019813738,-0.008769831431592934,4.329913446673915,0.014993426860177017,0.014881585097135552,0.009723492609073377
2004-01-12,75.360107421875,4.322278055716601,0.0073580359028628806,4.329913446673915,0.0076353909573141365,0.007606315407902575,0.008830645531944067
2004-01-13,74.92081451416016,4.316431749302163,-0.005846306414437841,4.329913446673915,0.013481697371751977,0.013391226313905547,0.00921370583650186
2004-01-14,75.54645538330078,4.324747770123724,0.008316020821561132,4.329913446673915,0.005165676550190845,0.005152357387112172,0.009769399132785711
2004-01-15,75.73283386230469,4.32721180302912,0.002464032905395541,4.329913446673915,0.002701643644795304,0.0026979974898797554,0.009506393236763295
2004-01-16,76.03230285644531,4.33115828756825,0.003946484539130601,4.33115828756825,0.0,0.0,0.009578517543014873
2004-01-20,76.01238250732422,4.330896254743,-0.00026203282525028015,4.33115828756825,0.00026203282525028015,0.0002619984976479639,0.008004126729080229
2004-01-21,76.61139678955078,4.3387458488328345,0.007849594089834433,4.3387458488328345,0.0,0.0,0.008682565089954214
2004-01-22,76.4117660522461,4.336136690234232,-0.0026091585986023347,4.3387458488328345,0.0026091585986023347,0.0026057577027744916,0.008158795016284094
2004-01-23,76.16548156738281,4.332908362254724,-0.0032283279795084496,4.3387458488328345,0.005837486578110784,0.005820481558284296,0.008284989284306684
2004-01-26,77.12396240234375,4.34541402868084,0.012505666426116058,4.34541402868084,0.0,0.0,0.010242846329733931
2004-01-27,76.33187866210938,4.335090657876285,-0.010323370804554699,4.34541402868084,0.010323370804554699,0.010270267703599067,0.011578946333126812
2004-01-28,75.45993041992188,4.323601792456782,-0.011488865419503114,4.34541402868084,0.021812236224057813,0.0215760696233539,0.011039338961098728
2004-01-29,75.53314208984375,4.324571528014079,0.000969735557297291,4.34541402868084,0.02084250066676052,0.0206267969506152,0.011050784157052395
2004-01-30,75.53314208984375,4.324571528014079,0.0,4.34541402868084,0.02084250066676052,0.0206267969506152,0.011040593542687339
2004-02-02,75.85930633544922,4.328880392209577,0.004308864195497364,4.34541402868084,0.016533636471263158,0.016397706076057617,0.011271984299674383
2004-02-03,75.73283386230469,4.32721180302912,-0.0016685891804568698,4.34541402868084,0.018202225651720028,0.018037565715072756,0.009832097865735186
2004-02-04,75.11380767822266,4.3190043991037435,-0.008207403925376333,4.34541402868084,0.02640962957709636,0.026063945128162236,0.01066879686627193
2004-02-05,75.33345031738281,4.321924263488583,0.002919864384839599,4.34541402868084,0.023489765192256762,0.023216028186157533,0.010633082494187493
2004-02-06,76.17877197265625,4.333082840845131,0.01115857735654835,4.34541402868084,0.012331187835708413,0.01225547028764673,0.01200271543796224
2004-02-09,76.19876861572266,4.333345302663375,0.0002624618182434091,4.34541402868084,0.012068726017465004,0.011996191038455284,0.011034518118092489
2004-02-10,76.44503021240234,4.336571923230006,0.0032266205666315884,4.34541402868084,0.008842105450833415,0.00880312899899438,0.010483525006050693
2004-02-11,77.25708770751953,4.34713866182821,0.010566738598203784,4.34713866182821,0.0,0.0,0.011459730996532731
2004-02-12,76.97752380371094,4.343513480589875,-0.0036251812383349957,4.34713866182821,0.0036251812383349957,0.003618618201956969,0.010753951279030066
2004-02-13,76.63143157958984,4.339007326519803,-0.004506154070072377,4.34713866182821,0.008131335308407373,0.008098365425037946,0.010933299254968975
2004-02-17,77.32366180419922,4.348000012300452,0.008992685780649268,4.348000012300452,0.0,0.0,0.011755999337350848
2004-02-18,76.98414611816406,4.343599506085189,-0.004400506215263,4.348000012300452,0.004400506215263,0.004390838174411216,0.011999126338589001
2004-02-19,76.69793701171875,4.339874811162967,-0.0037246949222220493,4.348000012300452,0.00812520113748505,0.008092280912211702,0.011397567372183634
2004-02-20,76.46495819091797,4.336832573025831,-0.0030422381371364438,4.348000012300452,0.011167439274621493,0.011105314896437402,0.011428405926242509
2004-02-23,76.27201080322266,4.334306040103201,-0.0025265329226291655,4.348000012300452,0.013693972197250659,0.013600636292155577,0.011377517891272245
2004-02-24,76.13885498046875,4.332558712497024,-0.0017473276061776843,4.348000012300452,0.015441299803428343,0.015322694193281028,0.00944545229989775
2004-02-25,76.45832824707031,4.3367458636173914,0.004187151120367716,4.348000012300452,0.011254148683060627,0.011191057652185754,0.0083235514465772
2004-02-26,76.50495910644531,4.3373555636523,0.0006097000349081227,4.348000012300452,0.010644448648152505,0.01058799698114421,0.006665110535941617
2004-02-27,76.55819702148438,4.338051196991278,0.0006956333389780411,4.348000012300452,0.009948815309174464,0.00989948955926534,0.0066593588714508765
2004-03-01,77.3169937133789,4.34791377248464,0.009862575493362336,4.348000012300452,8.623981581212803e-05,8.623609726610137e-05,0.007884965853015494
2004-03-02,76.86434936523438,4.342042171685979,-0.005871600798660559,4.348000012300452,0.005957840614472687,0.005940127876094103,0.008085424107588755
2004-03-03,77.00414276123047,4.343859222500305,0.0018170508143260378,4.348000012300452,0.004140789800146649,0.004132228550916439,0.008091944403578442
2004-03-04,77.20379638671875,4.346448631815397,0.002589409315091551,4.348000012300452,0.0015513804850550983,0.0015501777164147468,0.007327673277304123
2004-03-05,77.46342468261719,4.349805885381635,0.003357253566237617,4.349805885381635,0.0,0.0,0.007362267125179345
2004-03-08,76.51826477050781,4.337529467505047,-0.012276417876587509,4.349805885381635,0.012276417876587509,0.012201370078612883,0.007692344124636744
2004-03-09,76.21209716796875,4.333520205577436,-0.004009261927611085,4.349805885381635,0.016285679804198594,0.01615378508987153,0.007894010841613511
2004-03-10,74.93412017822266,4.3166093298953525,-0.016910875682083493,4.349805885381635,0.03319655548628209,0.03265159673429818,0.01136615045589231
2004-03-11,73.9623031616211,4.303555546672532,-0.013053783222820137,4.349805885381635,0.04625033870910222,0.04519709185774923,0.012106341132895005
2004-03-12,74.93412017822266,4.3166093298953525,0.013053783222820137,4.349805885381635,0.03319655548628209,0.03265159673429818,0.014087808532356819
2004-03-15,74.0156021118164,4.304275910329548,-0.012333419565804249,4.349805885381635,0.045529975052086336,0.04450903874863743,0.01574858698476178
2004-03-16,74.40828704833984,4.309567320694522,0.005291410364973714,4.349805885381635,0.04023856468711262,0.039439743941025784,0.015082432873635131
2004-03-17,75.24024200439453,4.320686220860333,0.011118900165810963,4.349805885381635,0.029119664521301658,0.028699772664731116,0.016396177996563586
2004-03-18,75.26023864746094,4.320951956133702,0.0002657352733690388,4.349805885381635,0.02885392924793262,0.02844162963596164,0.016222263510009348
2004-03-19,74.18155670166016,4.3065155573044525,-0.01443639882924952,4.349805885381635,0.04329032807718214,0.04236667813750161,0.018731608928263126
2004-03-22,73.23968505859375,4.293737419668634,-0.012778137635818254,4.349805885381635,0.05606846571300039,0.054525598904630046,0.02070851658193103
2004-03-23,73.1128158569336,4.292003670909357,-0.0017337487592774536,4.349805885381635,0.057802214472277846,0.05616339380177038,0.020707920992493044
2004-03-24,73.1729736328125,4.292826140124992,0.0008224692156355573,4.349805885381635,0.05697974525664229,0.055386797929261045,0.020495538178427027
2004-03-25,74.14147186279297,4.305975050004527,0.013148909879534543,4.349805885381635,0.043830835377107746,0.04288414607842239,0.02266931659921021
2004-03-26,74.1614761352539,4.306244825795937,0.00026977579141007624,4.349805885381635,0.04356105958569767,0.04262590455937065,0.02266413640197541
2004-03-29,75.20346069335938,4.320197249755415,0.013952423959477933,4.349805885381635,0.029608635626219737,0.029174594313604696,0.023891373113157963
2004-03-30,75.45730590820312,4.323567011648667,0.003369761893251777,4.349805885381635,0.02623887373296796,0.025897625655378675,0.023600056064065556
2004-03-31,75.54413604736328,4.324717068861445,0.0011500572127784991,4.349805885381635,0.02508881652018946,0.024776707757469096,0.0235751201339939
2004-04-01,75.99833679199219,4.330711455730974,0.0059943868695286895,4.349805885381635,0.01909442965066077,0.018913285807175773,0.02394338831408414
2004-04-02,76.57276153564453,4.33824141997873,0.0075299642477562045,4.349805885381635,0.011564465402904567,0.011497853995248164,0.02451579636089648
2004-04-05,76.9935531616211,4.343721693174784,0.005480273196053709,4.349805885381635,0.006084192206850858,0.006065720989244183,0.0229952656370236
2004-04-06,76.74639892578125,4.340506465832756,-0.0032152273420278377,4.349805885381635,0.009299419548878696,0.009256313670273797,0.022922985808298418
2004-04-07,76.56607818603516,4.338154135138049,-0.0023523306947073053,4.349805885381635,0.011651750243586001,0.011584131482162308,0.0193893881746644
2004-04-08,76.39239501953125,4.335883149588706,-0.0022709855493427966,4.349805885381635,0.013922735792928798,0.013826262748828255,0.017307315273269886
2004-04-12,76.69300842285156,4.339810549366354,0.003927399777648333,4.349805885381635,0.009995336015280465,0.009945548662767534,0.01535460775184204
2004-04-13,75.61759185791016,4.325688952649052,-0.01412159671730251,4.349805885381635,0.024116932732582974,0.023828443323668402,0.01595066657315761
2004-04-14,75.73780059814453,4.32727738321051,0.0015884305614584093,4.349805885381635,0.022528502171124565,0.022276630442597423,0.015629670081932712
2004-04-15,75.45059204101562,4.323478031982484,-0.0037993512280261044,4.349805885381635,0.02632785339915067,0.025984297103420206,0.014253814705526282
2004-04-16,76.03173828125,4.331150862075792,0.007672830093308214,4.349805885381635,0.018655023305842455,0.018482095353169692,0.014994716206232602
2004-04-19,76.03173828125,4.331150862075792,0.0,4.349805885381635,0.018655023305842455,0.018482095353169692,0.012368755105652425
2004-04-20,74.75596618652344,4.314229024290059,-0.016921837785733196,4.349805885381635,0.03557686109157565,0.0349514433061372,0.013919409292497513
2004-04-21,75.25692749023438,4.320907959062643,0.0066789347725837445,4.349805885381635,0.028897926318991907,0.028484374418291325,0.014443598082692775
2004-04-22,76.31227111816406,4.3348337525958485,0.013925793533205777,4.349805885381635,0.01497213278578613,0.014860607688978344,0.01687856408366975
2004-04-23,76.38574981689453,4.335796158054046,0.0009624054581971464,4.349805885381635,0.014009727327588983,0.013912047784333303,0.014711772238567417
2004-04-26,76.27884674072266,4.334395661854461,-0.001400496199584822,4.349805885381635,0.015410223527173805,0.01529209361383066,0.014735568732472918
2004-04-27,76.34566497802734,4.335271251768835,0.0008755899143739754,4.349805885381635,0.01453463361279983,0.014429515725253306,0.012292384926722476
2004-04-28,75.35710144042969,4.322238166689085,-0.01303308507974954,4.349805885381635,0.02756771869254937,0.027191197017398583,0.014289560671355082
2004-04-29,74.69586181640625,4.313424693233547,-0.008813473455537846,4.349805885381635,0.036381192148087216,0.03572734974667324,0.015251629674116042
2004-04-30,74.11473083496094,4.305614309237727,-0.007810383995820125,4.349805885381635,0.04419157614390734,0.04322935451636023,0.015567504419295417
2004-05-03,74.90959167480469,4.3162819420679455,0.01066763283021821,4.349805885381635,0.03352394331368913,0.03296824299049583,0.016286939580006484
2004-05-04,74.84947967529297,4.315479159275583,-0.0008027827923626774,4.349805885381635,0.03432672610605181,0.03374424792131325,0.015916639010451428
2004-05-05,75.33037567138672,4.321883448834152,0.006404289558568976,4.349805885381635,0.027922436547482832,0.027536208474773338,0.01630317220785374
2004-05-06,74.6824722290039,4.313245422423979,-0.008638026410173083,4.349805885381635,0.036560462957655915,0.035900200191346654,0.017173605918980116
2004-05-07,73.44679260253906,4.296561233899765,-0.016684188524213717,4.349805885381635,0.05324465148186963,0.051851981713112116,0.020615986037941996
2004-05-10,72.6920166015625,4.286231565601239,-0.010329668298526329,4.349805885381635,0.06357431978039596,0.061595625298055956,0.021766083522557753
2004-05-11,73.3065185546875,4.294649534743326,0.008417969142087145,4.349805885381635,0.055156350638308815,0.05366282403548961,0.020146261676508383
2004-05-12,73.7740707397461,4.301007324880425,0.006357790137099251,4.349805885381635,0.048798560501209565,0.04762704409193186,0.020623781312121534
2004-05-13,73.46682739257812,4.296833976347523,-0.004173348532901855,4.349805885381635,0.05297190903411142,0.05159334623293377,0.020661351591733483
2004-05-14,73.50021362304688,4.297288312650579,0.00045433630305602435,4.349805885381635,0.052517572731055395,0.05116235275949077,0.019922161249660765
2004-05-17,72.87236785888672,4.288709525443911,-0.008578787206667826,4.349805885381635,0.06109635993772322,0.05926741352504028,0.020849465682870588
2004-05-18,73.23968505859375,4.293737419668634,0.005027894224722829,4.349805885381635,0.05606846571300039,0.054525598904630046,0.01755999787410359
2004-05-19,72.98593139648438,4.290266701979286,-0.003470717689348035,4.349805885381635,0.05953918340234843,0.05780138567947357,0.017149713040045925
2004-05-20,73.21968078613281,4.293464248028569,0.0031975460492832397,4.349805885381635,0.05634163735306519,0.05478384042368101,0.014835049887664344
2004-05-21,73.34661865234375,4.295196404717188,0.0017321566886190354,4.349805885381635,0.05460948066444615,0.05314515911400497,0.01486118408351664
2004-05-24,73.65384674072266,4.2993763715613005,0.0041799668441120374,4.349805885381635,0.050429513820334115,0.04917905395356703,0.015056619321998229
2004-05-25,74.70918273925781,4.313603012820098,0.014226641258797912,4.349805885381635,0.036202872561536203,0.03555538571453576,0.017597165685983785
2004-05-26,74.9697265625,4.317084386216069,0.003481373395970877,4.349805885381635,0.032721499165565326,0.03219194258883251,0.015609624726713702
2004-05-27,75.3905258178711,4.3226816148361245,0.0055972286200551835,4.349805885381635,0.027124270545510143,0.02675971109254638,0.015025635565522255
2004-05-28,75.38381958007812,4.32259265755656,-8.895727956481636e-05,4.349805885381635,0.02721322782507496,0.02684628405030598,0.014257108837488602
2004-06-01,75.28362274169922,4.321262617680583,-0.0013300398759765741,4.349805885381635,0.028543267701051533,0.028139756922044734,0.012845538597467463
2004-06-02,75.56413269042969,4.324981735293669,0.003719117613085743,4.349805885381635,0.02482415008796579,0.02451856472869951,0.013011699530131426
2004-06-03,74.86952209472656,4.31574689308781,-0.009234842205859017,4.349805885381635,0.03405899229382481,0.03348551395085242,0.013569468591427132
2004-06-04,75.46398162841797,4.323655477899229,0.007908584811419317,4.349805885381635,0.02615040748240549,0.02581144665874624,0.013417389280979847
2004-06-07,76.61283874511719,4.33876467034056,0.015109192441331132,4.349805885381635,0.01104121504107436,0.010980484544609315,0.012786451204902528
2004-06-08,76.7197036743164,4.34015856813702,0.0013938977964595978,4.349805885381635,0.009647317244614761,0.00960093116652061,0.011466486594160906
2004-06-09,76.0050048828125,4.330799191839287,-0.009359376297732425,4.349805885381635,0.019006693542347186,0.018827205300825267,0.011677356668749249
2004-06-10,76.3790512084961,4.335708459731425,0.0049092678921374144,4.349805885381635,0.014097425650209772,0.013998522251810863,0.011471717307947374
2004-06-14,75.6242904663086,4.325777534043304,-0.009930925688120595,4.349805885381635,0.024028351338330367,0.0237419688561904,0.012494918540725704
2004-06-15,76.15863800048828,4.33281850692625,0.007040972882945695,4.349805885381635,0.016987378455384672,0.016843906494902083,0.013116966399268187
2004-06-16,76.14527893066406,4.332643080448354,-0.00017542647789614563,4.349805885381635,0.017162804933280817,0.017016362978448774,0.01219004972411762
2004-06-17,76.03173828125,4.331150862075792,-0.0014922183725616378,4.349805885381635,0.018655023305842455,0.018482095353169692,0.011899581865356376
2004-06-18,76.17518615722656,4.333035768678784,0.0018849066029922312,4.349805885381635,0.016770116702850224,0.016630281073535813,0.011792569959804291
2004-06-21,75.88692474365234,4.32924440004439,-0.003791368634394665,4.349805885381635,0.02056148533724489,0.0203515393932564,0.01184486216965006
2004-06-22,76.26903533935547,4.334267028126519,0.005022628082129721,4.349805885381635,0.015538857255115168,0.015418752116310164,0.012124915137974186
2004-06-23,76.92601776123047,4.3428441516858145,0.008577123559295075,4.349805885381635,0.006961733695820094,0.006937556964316416,0.012831711202216774
2004-06-24,76.6846694946289,4.339701812184463,-0.0031423395013518984,4.349805885381635,0.010104073197171992,0.010053198540846853,0.010405921100260616
2004-06-25,76.31595611572266,4.334882039831127,-0.004819772353335416,4.349805885381635,0.014923845550507409,0.014813036882837305,0.010545910184939729
2004-06-28,76.05453491210938,4.3314506475929395,-0.0034313922381876694,4.349805885381635,0.018355237788695078,0.018187806390955297,0.010299523289225563
2004-06-29,76.36957550048828,4.335584390425872,0.004133742832932441,4.349805885381635,0.014221494955762637,0.014120847181887664,0.010514730236007094
2004-06-30,76.77852630615234,4.340924995668111,0.005340605242238894,4.349805885381635,0.008880889713523743,0.008841571093338052,0.010851818770357043
2004-07-01,75.71265411376953,4.326945307817882,-0.013979687850229183,4.349805885381635,0.022860577563752926,0.02260125441162597,0.01313997671113754
2004-07-02,75.67240142822266,4.326413515741691,-0.0005317920761909178,4.349805885381635,0.023392369639943844,0.023120889138747436,0.012068982913426864
2004-07-06,75.00872802734375,4.317604480463333,-0.008809035278357413,4.349805885381635,0.03220140491830126,0.031688460267937035,0.012258655612507623
2004-07-07,75.22994995117188,4.320549422294385,0.0029449418310516506,4.349805885381635,0.029256463087249607,0.028832636054967664,0.009491506438112283
2004-07-08,74.70706939697266,4.313574724835958,-0.006974697458426604,4.349805885381635,0.03623116054567621,0.035582667522613076,0.010079969953089338
2004-07-09,74.90148162841797,4.316173671748325,0.0025989469123661735,4.349805885381635,0.03363221363331004,0.0330729381601188,0.009061343117760691
2004-07-12,74.93500518798828,4.316621140330136,0.00044746858181188287,4.349805885381635,0.033184745051498155,0.03264017186160184,0.008760194510636901
2004-07-13,74.9886245727539,4.317336429669613,0.0007152893394763993,4.349805885381635,0.032469455712021755,0.03194798216065231,0.007523987768720959
2004-07-14,74.76068115234375,4.314292093732904,-0.0030443359367087197,4.349805885381635,0.035513791648730475,0.03489057631194448,0.007016115563901169
2004-07-15,74.27801513671875,4.307815014758591,-0.006477078974312711,4.349805885381635,0.041990870623043186,0.041121465503877186,0.007544329961539412
2004-07-16,74.2176513671875,4.307002010927876,-0.0008130038307152532,4.349805885381635,0.04280387445375844,0.04190072061399608,0.007524601631961988
2004-07-19,73.90259552001953,4.302747949394489,-0.00425406153338681,4.349805885381635,0.04705793598714525,0.04596787680362735,0.007707858131472742
2004-07-20,74.84111785888672,4.315367437944348,0.012619488549858282,4.349805885381635,0.03443844743728697,0.03385219327023781,0.009533308522213213
2004-07-21,73.46015930175781,4.296743208940188,-0.01862422900415961,4.349805885381635,0.05306267644144658,0.051679426739284384,0.013585910947877785
2004-07-22,73.66127014160156,4.299477154169932,0.00273394522974435,4.349805885381635,0.05032873121170223,0.04908322290931244,0.01275314428827241
2004-07-23,73.04451751708984,4.291069084279479,-0.008408069890453618,4.349805885381635,0.058736801102155844,0.05704507880502896,0.01351949319420896
2004-07-26,72.90374755859375,4.289140044532747,-0.0019290397467317533,4.349805885381635,0.0606658408488876,0.058862322995727134,0.01327367965317079
2004-07-27,73.58753204345703,4.298475609801297,0.009335565268550283,4.349805885381635,0.051330275580337315,0.05003513148354133,0.014223446563178244
2004-07-28,73.80875396728516,4.301477342014823,0.003001732213525621,4.349805885381635,0.048328543366811694,0.047179307270571735,0.014121670900736748
2004-07-29,74.12383270263672,4.305737109506024,0.004259767491201494,4.349805885381635,0.0440687758756102,0.04311185561009501,0.013990927690280156
2004-07-30,74.30484008789062,4.308176092103926,0.002438982597901429,4.349805885381635,0.04162979327770877,0.040775173672838005,0.011603441433190217
2004-08-02,74.45901489257812,4.310248838335271,0.002072746231345235,4.349805885381635,0.039557047046363536,0.03878488205690278,0.011654011207193648
2004-08-03,73.88249969482422,4.302475989285251,-0.007772849050019737,4.349805885381635,0.04732989609638327,0.04622730020606103,0.011437519012913643
2004-08-04,73.87578582763672,4.302385112930421,-9.087635483062684e-05,4.349805885381635,0.0474207724512139,0.046313971654103,0.011328347272070872
2004-08-05,72.66908264160156,4.285916020929787,-0.016469092000633623,4.349805885381635,0.06388986445184752,0.06189168708534376,0.014132913064349146
2004-08-06,71.63003540039062,4.271514474838029,-0.014401546091757922,4.349805885381635,0.07829141054360544,0.07530507857259205,0.016661103124573744
2004-08-09,71.73056030273438,4.272916881382537,0.0014024065445079614,4.349805885381635,0.07688900399909748,0.07400737061873364,0.016683361225976807
2004-08-10,72.65569305419922,4.285731749701759,0.012814868319221517,4.349805885381635,0.06407413567987597,0.06206453753001728,0.01874609728709452
2004-08-11,72.50819396972656,4.28369957574641,-0.002032173955348604,4.349805885381635,0.06610630963522457,0.06396865014932074,0.01868135533317921
2004-08-12,71.71721649169922,4.272730837215499,-0.010968738530911182,4.349805885381635,0.07707504816613575,0.07417963012171569,0.01966869981197136
2004-08-13,71.85796356201172,4.274691442319326,0.0019606051038270067,4.349805885381635,0.07511444306230874,0.07236268140186353,0.019708805575990734
2004-08-16,72.6020736694336,4.284993484362694,0.010302042043368154,4.349805885381635,0.06481240101894059,0.06275672723096726,0.02081804696323263
2004-08-17,73.01099395751953,4.2906100319668266,0.005616547604132549,4.349805885381635,0.05919585341480804,0.05747784510354548,0.019208952821424114
2004-08-18,73.7618408203125,4.300841535828359,0.010231503861532154,4.349805885381635,0.04896434955327589,0.04778492401376255,0.01615750706381562
2004-08-19,73.54730224609375,4.297928767191795,-0.002912768636563534,4.349805885381635,0.05187711818983942,0.050554470739817337,0.016170230097913043
2004-08-20,74.0634994506836,4.304922825931172,0.006994058739376641,4.349805885381635,0.04488305945046278,0.043890716759086734,0.015895817449338476
2004-08-23,73.87578582763672,4.302385112930421,-0.0025377130007511184,4.349805885381635,0.0474207724512139,0.046313971654103,0.01593007424025283
2004-08-24,73.97634887695312,4.303745432347178,0.001360319416757072,4.349805885381635,0.04606045303445683,0.045015771248835046,0.014855265134659103
2004-08-25,74.47913360595703,4.310519000328073,0.006773567980895123,4.349805885381635,0.039286885053561704,0.038525163183623534,0.015319837553726241
2004-08-26,74.47913360595703,4.310519000328073,0.0,4.349805885381635,0.039286885053561704,0.038525163183623534,0.015091202753329617
2004-08-27,74.71375274658203,4.313664181573219,0.003145181245145956,4.349805885381635,0.03614170380841575,0.03549639003569849,0.01514089121812421
2004-08-30,74.09700775146484,4.305375150264901,-0.008289031308318151,4.349805885381635,0.0444307351167339,0.04345814744113374,0.015952479433067317
2004-08-31,74.48584747314453,4.310609140536106,0.00523399027120508,4.349805885381635,0.03919674484552882,0.038438491735582,0.01553639557780624
2004-09-01,74.6266098022461,4.312497143369491,0.001888002833385194,4.349805885381635,0.037308742012143625,0.036621346035165425,0.015581204909762482
2004-09-02,75.47130584716797,4.323752529011374,0.011255385641883109,4.349805885381635,0.026053356370260516,0.025716895988155963,0.013759909114001875
2004-09-03,75.16292572021484,4.3196581003471834,-0.00409442866419063,4.349805885381635,0.030147785034451147,0.02969787318115502,0.011357842798791162
2004-09-07,75.65897369384766,4.326236054400321,0.00657795405313788,4.349805885381635,0.023569830981313267,0.023294232034830276,0.011878257264946
2004-09-08,75.47130584716797,4.323752529011374,-0.0024835253889472497,4.349805885381635,0.026053356370260516,0.025716895988155963,0.009886790073759836
2004-09-09,75.40425109863281,4.322863654043055,-0.000888874968318909,4.349805885381635,0.026942231338579425,0.02658252707547093,0.009844710707088622
2004-09-10,75.79308319091797,4.328007037705274,0.005143383662218781,4.349805885381635,0.021798847676360644,0.021562969860200787,0.008662089455858392
2004-09-13,76.04110717773438,4.331274077978907,0.003267040273633448,4.349805885381635,0.018531807402727196,0.01836114928703847,0.008748142161040912
2004-09-14,76.19530487060547,4.333299844922945,0.002025766944037777,4.349805885381635,0.01650604045868942,0.016370562200257233,0.007462585095288623
2004-09-15,75.61878967285156,4.325704792950562,-0.007595051972383082,4.349805885381635,0.0241010924310725,0.023812980349415924,0.00779193910945741
2004-09-16,75.84668731689453,4.328714030706251,0.0030092377556885097,4.349805885381635,0.021091854675383992,0.02087097713981434,0.006587024301039002
2004-09-17,76.16912841796875,4.332956241729874,0.004242211023623099,4.349805885381635,0.016849643651760893,0.01670848235733724,0.006706877179847898
2004-09-20,75.71141815185547,4.326928983307576,-0.0060272584222973435,4.349805885381635,0.022876902074058236,0.0226172098372881,0.006548255608983121
2004-09-21,76.04122161865234,4.331275582965303,0.0043465996577269905,4.349805885381635,0.018530302416331246,0.01835967193281063,0.006705162669493799
2004-09-22,75.09204864501953,4.318714676267525,-0.012560906697778762,4.349805885381635,0.031091209114110008,0.03061284789968488,0.008669829112242983
2004-09-23,74.68817138671875,4.313321731363669,-0.0053929449038552235,4.349805885381635,0.03648415401796523,0.035826627950793055,0.008458182269700033
2004-09-24,75.03153228759766,4.317908455681473,0.004586724317803714,4.349805885381635,0.03189742970016152,0.03139407281544149,0.008723261573290933
2004-09-27,74.55354309082031,4.311517566450558,-0.006390889230915242,4.349805885381635,0.03828831893107676,0.037564587464590016,0.009113247954513268
2004-09-28,74.91032409667969,4.3162917194312715,0.004774152980713708,4.349805885381635,0.03351416595036305,0.03295878792343698,0.008534712612340803
2004-09-29,75.28728485107422,4.321311260667921,0.005019541236649161,4.349805885381635,0.02849462471371389,0.028092481586749374,0.008507006977189438
2004-09-30,75.23345184326172,4.3205959703857975,-0.0007152902821232487,4.349805885381635,0.02920991499583714,0.028787429015591393,0.008468540254348688
2004-10-01,76.50570678710938,4.337365336574464,0.01676936618866698,4.349805885381635,0.01244054880717016,0.01236348508256302,0.010415592253267133
2004-10-04,76.63363647460938,4.339036098829732,0.0016707622552676327,4.349805885381635,0.010769786551902527,0.010712000036243952,0.010239533718653394
2004-10-05,76.6740493774414,4.3395633118463985,0.0005272130166664724,4.349805885381635,0.010242573535236055,0.010190297013202843,0.00969784049155424
2004-10-06,77.19908905029297,4.34638765709444,0.006824345248041652,4.349805885381635,0.0034182282871944025,0.003412392795790198,0.01020692824186147
2004-10-07,76.37110900878906,4.335604470318872,-0.010783186775568332,4.349805885381635,0.014201415062762734,0.014101050635232704,0.011662064672787818
2004-10-08,75.73829650878906,4.32728393091875,-0.008320539400122229,4.349805885381635,0.022521954462884963,0.02227022857427574,0.01220105462598163
2004-10-11,76.04798126220703,4.3313644734773336,0.004080542558583922,4.349805885381635,0.01844141190430104,0.018272409543077517,0.012276368296309811
2004-10-12,75.75176239013672,4.327461709995225,-0.0039027634821087176,4.349805885381635,0.02234417538640976,0.022096393226783473,0.01241657896798995
2004-10-13,75.08533477783203,4.318625263773593,-0.00883644622163171,4.349805885381635,0.03118062160804147,0.03069951934772641,0.012673593356783775
2004-10-14,74.47949981689453,4.3105239172762095,-0.008101346497383588,4.349805885381635,0.03928196810542506,0.038520435650093776,0.013386454777108916
2004-10-15,74.89685821533203,4.316111943252639,0.005588025976429378,4.349805885381635,0.03369394212899568,0.03313262327092892,0.0135531487444071
2004-10-18,75.17957305908203,4.3198795592037325,0.003767615951093539,4.349805885381635,0.02992632617790214,0.029482967386125103,0.01327427402631593
2004-10-19,74.54679107666016,4.311426996376353,-0.008452562827379495,4.349805885381635,0.038378889005281636,0.03765175136404075,0.013936440437370622
2004-10-20,74.39871978759766,4.309438734535056,-0.0019882618412969677,4.349805885381635,0.0403671508465786,0.039563250754484525,0.011998268219169222
2004-10-21,74.88337707519531,4.3159319309813675,0.006493196446311522,4.349805885381635,0.03387395440026708,0.033306655598984825,0.01216304781063434
2004-10-22,74.04191589355469,4.30463136383667,-0.011300567144697737,4.349805885381635,0.04517452154496482,0.04416934576648346,0.013507024011220396
2004-10-25,73.95442199707031,4.303448984489658,-0.0011823793470115973,4.349805885381635,0.046356900891976416,0.045298832318916404,0.013010011413776376
2004-10-26,75.08533477783203,4.318625263773593,0.015176279283934946,4.349805885381635,0.03118062160804147,0.03069951934772641,0.015624850558157643
2004-10-27,75.98741149902344,4.33056768839607,0.011942424622477077,4.349805885381635,0.019238196985564393,0.019054323890806968,0.017104414524785422
2004-10-28,76.21627807617188,4.333575062925322,0.003007374529251372,4.349805885381635,0.01623082245631302,0.01609981241540892,0.017211926058066197
2004-10-29,76.20280456542969,4.333398267335901,-0.0001767955894207418,4.349805885381635,0.016407618045733763,0.016273746253183452,0.013669053198382672
2004-11-01,76.41151428222656,4.336133395317136,0.002735127981234875,4.349805885381635,0.013672490064498888,0.013579446102473747,0.013728140628240019
2004-11-02,76.43843841552734,4.336485690271816,0.0003522949546805876,4.349805885381635,0.0133201951098183,0.013231873897770141,0.013726202221183918
2004-11-03,77.40106964111328,4.349000600152817,0.012514909881001124,4.349805885381635,0.0008052852288171763,0.0008049610736855506,0.015112848365124316
2004-11-04,78.45793151855469,4.362562576918139,0.013561976765321226,4.362562576918139,0.0,0.0,0.01596523958412796
2004-11-05,78.94933319091797,4.3688062946991435,0.006243717781004854,4.3688062946991435,0.0,0.0,0.015584122795458068
2004-11-08,78.83491516113281,4.367355984531485,-0.0014503101676588415,4.3688062946991435,0.0014503101676588415,0.0014492589761135877,0.01540082520278407
2004-11-09,78.6800537109375,4.365389676171077,-0.001966308360407787,4.3688062946991435,0.0034166185280666284,0.0034107885285016293,0.015257623755497765
2004-11-10,78.74063110351562,4.36615930051415,0.0007696243430732608,4.3688062946991435,0.0026469941849933676,0.002643493984903267,0.0142812439569987
2004-11-11,79.33980560302734,4.373739964907071,0.007580664392921044,4.373739964907071,0.0,0.0,0.01417836064234834
2004-11-12,79.9658432006836,4.381599583509057,0.007859618601985474,4.381599583509057,0.0,0.0,0.014563260027566714
2004-11-15,80.16230773925781,4.384053426084552,0.002453842575495635,4.384053426084552,0.0,0.0,0.014460272836789512
2004-11-16,79.58842468261719,4.376868663715948,-0.007184762368604325,4.384053426084552,0.007184762368604325,0.007159013666463432,0.014210477735265199
2004-11-17,80.06105041503906,4.382789473826084,0.00592081011013601,4.384053426084552,0.001263952258468315,0.0012631538072492843,0.014602373106120413
2004-11-18,80.1690673828125,4.384137746992466,0.0013482731663820857,4.384137746992466,0.0,0.0,0.014094041735674408
2004-11-19,79.2778549194336,4.3729588326354225,-0.011178914357043546,4.384137746992466,0.011178914357043546,0.011116662479348283,0.014059584621644094
2004-11-22,79.65591430664062,4.377716287292303,0.004757454656880711,4.384137746992466,0.006421459700162835,0.006400886188702604,0.014327150080683753
2004-11-23,79.7774887084961,4.379241368274332,0.0015250809820290812,4.384137746992466,0.004896378718133754,0.0048844109966577065,0.01145443096131545
2004-11-24,79.96648406982422,4.38160759776298,0.002366229488647953,4.384137746992466,0.002530149229485801,0.002526951099741215,0.009727947916545895
2004-11-26,79.90574645996094,4.380847770836388,-0.0007598269265924884,4.384137746992466,0.003289976156078289,0.003284570114731933,0.009621264162575626
2004-11-29,79.5411376953125,4.3762743431134155,-0.004573427722972312,4.384137746992466,0.007863403879050601,0.00783256819617939,0.009884414966731472
2004-11-30,79.59513854980469,4.37695301749036,0.0006786743769442438,4.384137746992466,0.007184729502106357,0.007158981035256584,0.009795958857067423
2004-12-01,80.49988555908203,4.388255762797197,0.01130274530683728,4.388255762797197,0.0,0.0,0.011404070897742771
2004-12-02,80.56737518310547,4.389093793166153,0.000838030368956133,4.389093793166153,0.0,0.0,0.009439470399921159
2004-12-03,80.51339721679688,4.388423595630782,-0.0006701975353706757,4.389093793166153,0.0006701975353706757,0.0006699730031656248,0.007127646981932793
2004-12-06,80.48639678955078,4.388088186164381,-0.0003354094664018703,4.389093793166153,0.001005607001772546,0.0010051015484948689,0.00663786592797737
2004-12-07,79.73693084716797,4.37873285171119,-0.0093553344531907,4.389093793166153,0.010360941454963246,0.010307451794850597,0.007714143855650264
2004-12-08,80.2027816772461,4.384558198525923,0.005825346814733123,4.389093793166153,0.004535594640230123,0.004525324363996885,0.008093004397141033
2004-12-09,80.48639678955078,4.388088186164381,0.003529987638457577,4.389093793166153,0.001005607001772546,0.0010051015484948689,0.008242547384978509
2004-12-10,80.56737518310547,4.389093793166153,0.001005607001772546,4.389093793166153,0.0,0.0,0.007531211522307811
2004-12-13,81.26959991455078,4.397772021836185,0.008678228670031984,4.397772021836185,0.0,0.0,0.007701790930644495
2004-12-14,81.55314636230469,4.4012549103252665,0.003482888489081404,4.4012549103252665,0.0,0.0,0.007778766458054457
2004-12-15,81.61390686035156,4.4019996746591845,0.0007447643339180132,4.4019996746591845,0.0,0.0,0.0071353331396634785
2004-12-16,81.56661987304688,4.40142010809478,-0.0005795665644043879,4.4019996746591845,0.0005795665644043879,0.0005793986481442692,0.00669785994319629
2004-12-17,81.02262115478516,4.394728389198716,-0.006691718896064458,4.4019996746591845,0.007271285460468846,0.007244913622112326,0.007239171834981069
2004-12-20,81.04296112060547,4.394979398273456,0.0002510090747405158,4.4019996746591845,0.00702027638572833,0.006995691809276838,0.005665367314835015
2004-12-21,81.66702270507812,4.402650281521132,0.0076708832476759525,4.402650281521132,0.0,0.0,0.0061216016596737305
2004-12-22,81.86377716064453,4.405056611712985,0.002406330191853101,4.405056611712985,0.0,0.0,0.00616525502735374
2004-12-23,81.92481994628906,4.405801996795329,0.0007453850823440078,4.405801996795329,0.0,0.0,0.0061017076446469665
2004-12-27,81.75524139404297,4.40372992263393,-0.0020720741613988736,4.405801996795329,0.0020720741613988736,0.0020699288977046315,0.006148531189733686
2004-12-28,82.20292663574219,4.409190905269479,0.005460982635548284,4.409190905269479,0.0,0.0,0.006260747926360888
2004-12-29,82.32504272460938,4.410675347237202,0.001484441967723349,4.410675347237202,0.0,0.0,0.006282709336335672
2004-12-30,82.16901397705078,4.408778272078605,-0.0018970751585971612,4.410675347237202,0.0018970751585971612,0.001895276848874472,0.004718379554180963
2004-12-31,81.99263763427734,4.406629458285506,-0.002148813793098725,4.410675347237202,0.004045888951695886,0.0040377153698415436,0.004767709887489258
2005-01-03,81.60601806640625,4.401903010064406,-0.004726448221100021,4.410675347237202,0.008772337172795908,0.00873397248767116,0.005043525752923323
2005-01-04,80.60881042480469,4.389607954020075,-0.012295056044330899,4.410675347237202,0.021067393217126806,0.020847025923153573,0.0069468301385742035
2005-01-05,80.05255889892578,4.382683405189475,-0.00692454883060023,4.410675347237202,0.027991942047727036,0.027603797708133704,0.006448211520155712
2005-01-06,80.4595718383789,4.3877548450853965,0.0050714398959215146,4.410675347237202,0.022920502151805522,0.022659822873955515,0.006344700467691602
2005-01-07,80.34423065185547,4.386320286890655,-0.0014345581947416974,4.410675347237202,0.02435506034654722,0.024060869052689116,0.006213624488220711
2005-01-10,80.72413635253906,4.391037617950243,0.004717331059588048,4.410675347237202,0.01963772928695917,0.019446165092505296,0.006481273270955838
2005-01-11,80.16787719726562,4.384122900937491,-0.006914717012751481,4.410675347237202,0.026552446299710653,0.026203029551527757,0.006134794168270914
2005-01-12,80.43242645263672,4.387417408963177,0.0032945080256858716,4.410675347237202,0.02325793827402478,0.022989557118162862,0.006118707381660469
2005-01-13,79.78801727294922,4.379373333693847,-0.008044075269330264,4.410675347237202,0.031302013543355045,0.03081717746745527,0.006927028541782707
2005-01-14,80.20858001708984,4.384630491906953,0.005257158213106017,4.410675347237202,0.026044855330249028,0.02570861353330156,0.007271031411728369
2005-01-18,81.04296112060547,4.394979398273456,0.010348906366503208,4.410675347237202,0.01569594896374582,0.015573409518810033,0.008056273002832045
2005-01-19,80.19501495361328,4.38446135525498,-0.010518043018476142,4.410675347237202,0.026213991982221962,0.025873387981362517,0.009449407417456743
2005-01-20,79.70661163330078,4.378352538858615,-0.006108816396364958,4.410675347237202,0.03232280837858692,0.03180600950390866,0.00917819478581602
2005-01-21,79.21818542480469,4.372205886412686,-0.00614665244592949,4.410675347237202,0.03846946082451641,0.03773890904858246,0.009581280268181242
2005-01-24,79.06218719482422,4.370234722484912,-0.0019711639277737447,4.410675347237202,0.040440624752290155,0.03963381520128606,0.009623236860876851
2005-01-25,79.28597259521484,4.373061222643479,0.0028265001585667804,4.410675347237202,0.037614124593723375,0.0369155001784901,0.009669801569758971
2005-01-26,79.52342987060547,4.376051693593775,0.0029904709502961424,4.410675347237202,0.03462365364342723,0.03403111327103425,0.009406720942759916
2005-01-27,79.6590805053711,4.377756034947376,0.001704341353601535,4.410675347237202,0.0329193122898257,0.032383368790421585,0.009415556207585047
2005-01-28,79.6590805053711,4.377756034947376,0.0,4.410675347237202,0.0329193122898257,0.032383368790421585,0.00937021014120223
2005-01-31,80.15433502197266,4.383953963955675,0.0061979290082989635,4.410675347237202,0.026721383281526734,0.02636752597746095,0.009796051374460959
2005-02-01,80.66309356689453,4.390281141882267,0.006327177926591432,4.410675347237202,0.020394205354935302,0.02018765010878032,0.01001899410783384
2005-02-02,80.90729522705078,4.3933039958585605,0.00302285397629376,4.410675347237202,0.017371351378641542,0.017221339347507914,0.00822940656999618
2005-02-03,80.697021484375,4.390701666098795,-0.002602329759765709,4.410675347237202,0.01997368113840725,0.019775528640542328,0.007710573140253241
2005-02-04,81.55850219726562,4.40132058110979,0.01061891501099499,4.410675347237202,0.009354766127412262,0.009311146426099093,0.008807300493002398
2005-02-07,81.44996643066406,4.399988922901426,-0.001331658208363784,4.410675347237202,0.010686424335776046,0.010629527358674729,0.008803713983261905
2005-02-08,81.54493713378906,4.401154244169704,0.0011653212682780634,4.410675347237202,0.009521103067497982,0.009475920874160937,0.008540433976052
2005-02-09,80.93440246582031,4.393638980468948,-0.0075152637007560585,4.410675347237202,0.01703636676825404,0.016892068473513433,0.008649624027832882
2005-02-10,81.22612762451172,4.397236964185937,0.0035979837169888285,4.410675347237202,0.013438383051265212,0.013348491099770321,0.008675979494407623
2005-02-11,81.92481994628906,4.405801996795329,0.008565032609392453,4.410675347237202,0.004873350441872759,0.004861494936104882,0.008785002716340069
2005-02-14,81.86377716064453,4.405056611712985,-0.0007453850823440078,4.410675347237202,0.005618735524216767,0.005602979952379905,0.00844376808552632
2005-02-15,82.16901397705078,4.408778272078605,0.0037216603656196057,4.410675347237202,0.0018970751585971612,0.001895276848874472,0.007268829335995421
2005-02-16,82.2232894897461,4.409438589058449,0.0006603169798440334,4.410675347237202,0.0012367581787531279,0.001235993708544214,0.005880394884644901
2005-02-17,81.55850219726562,4.40132058110979,-0.008118007948659134,4.410675347237202,0.009354766127412262,0.009311146426099093,0.0062405585172988455
2005-02-18,81.66702270507812,4.402650281521132,0.0013297004113423938,4.410675347237202,0.008025065716069868,0.007992950841609558,0.005786791780149047
2005-02-22,80.45278930664062,4.387670544144263,-0.014979737376869195,4.410675347237202,0.023004803092939063,0.022742210097985827,0.008565180542736722
2005-02-23,81.02938079833984,4.394811814808731,0.007141270664468458,4.410675347237202,0.015863532428470606,0.015738369314956868,0.009107089451552652
2005-02-24,81.56527709960938,4.401403645668211,0.006591830859479231,4.410675347237202,0.009271701568991375,0.009228851876111555,0.009541906853002914
2005-02-25,82.37250518798828,4.411251706330514,0.009848060662303482,4.411251706330514,0.0,0.0,0.010727308796923957
2005-02-28,81.82984924316406,4.404642082220155,-0.006609624110359036,4.411251706330514,0.006609624110359036,0.006587828591419265,0.011277766646014976
2005-03-01,82.23685455322266,4.4096035538112925,0.004961471591137467,4.411251706330514,0.0016481525192215685,0.0016467950617263805,0.01110391028812263
2005-03-02,82.1961669921875,4.409108670709551,-0.0004948831017417277,4.411251706330514,0.002143035620963296,0.0021407409595999294,0.01060257807062014
2005-03-03,82.2301025390625,4.409521445960776,0.0004127752512248506,4.411251706330514,0.0017302603697384455,0.0017287643322341228,0.010489590559920102
2005-03-04,83.25436401367188,4.42190054807129,0.012379102110513962,4.42190054807129,0.0,0.0,0.012335113175858111
2005-03-07,83.29508972167969,4.422389600516748,0.0004890524454586043,4.422389600516748,0.0,0.0,0.010917333661032407
2005-03-08,82.9830551147461,4.418636431710056,-0.0037531688066918534,4.422389600516748,0.0037531688066918534,0.003746134471746654,0.011072476988628446
2005-03-09,82.06049346923828,4.4074567005133645,-0.011179731196691911,4.422389600516748,0.014932900003383764,0.014821957171385014,0.012630195029875457
2005-03-10,82.2436294555664,4.409685933218046,0.0022292327046811167,4.422389600516748,0.012703667298702648,0.012623316327848744,0.01198117268336791
2005-03-11,81.66702270507812,4.402650281521132,-0.0070356516969134475,4.422389600516748,0.019739318995616095,0.01954577421119963,0.012441764523822217
2005-03-14,82.17581176757812,4.40886099802389,0.00621071650275784,4.422389600516748,0.013528602492858255,0.013437502232622522,0.012003451043880894
2005-03-15,81.49744415283203,4.400571659667128,-0.00828933835676171,4.422389600516748,0.021817940849619966,0.021581651149597425,0.012862235940426832
2005-03-16,80.80553436279297,4.392045457770425,-0.008526201896703611,4.422389600516748,0.030344142746323577,0.02988838078217171,0.01360368751304657
2005-03-17,80.96833038330078,4.394058095296475,0.0020126375260502982,4.422389600516748,0.02833150522027328,0.027933931593728922,0.013649232623393754
2005-03-18,80.72794342041016,4.391084778294998,-0.0029733170014765165,4.422389600516748,0.031304822221749795,0.030819899586486676,0.012930258491197135
2005-03-21,80.42825317382812,4.387365522090397,-0.003719256204601784,4.422389600516748,0.03502407842635158,0.03441783372142104,0.013082274511694598
2005-03-22,79.6110610961914,4.377153041691367,-0.01021248039903,4.422389600516748,0.04523655882538158,0.04422864106153257,0.011569042534354158
2005-03-23,79.67915344238281,4.378007988751816,0.000854947060449085,4.422389600516748,0.044381611764932494,0.043411157745061435,0.010935680700293614
2005-03-24,79.7745132446289,4.379204070542795,0.0011960817909795196,4.422389600516748,0.043185529973952974,0.04226631472292541,0.010406208257684815
2005-03-28,79.89029693603516,4.380654405298098,0.0014503347553027623,4.422389600516748,0.04173519521865021,0.040876272503232114,0.009210709826069592
2005-03-29,79.35904693603516,4.373982453529948,-0.006671951768150386,4.422389600516748,0.0484071469868006,0.04725419948278253,0.009221140225974788
2005-03-30,80.48275756835938,4.388042969784801,0.014060516254853717,4.422389600516748,0.03434663073194688,0.033763480689166236,0.011401972380216889
2005-03-31,80.33294677734375,4.386179832910683,-0.0018631368741184318,4.422389600516748,0.03620976760606531,0.03556203558017157,0.011442624638780999
2005-04-01,79.97203063964844,4.381676956539214,-0.004502876371469178,4.422389600516748,0.04071264397753449,0.039895017739159155,0.011695954092610766
2005-04-04,80.10821533203125,4.383378412261126,0.0017014557219123816,4.422389600516748,0.03901118825562211,0.03826005110621766,0.009801579152250592
2005-04-05,80.48958587646484,4.388127808061531,0.004749395800405232,4.422389600516748,0.03426179245521688,0.03368150337059628,0.010082780763249264
2005-04-06,80.76876831054688,4.391590359994697,0.0034625519331656918,4.422389600516748,0.030799240522051186,0.03032977597568154,0.010056358434708406
2005-04-07,81.20462799072266,4.3969722405031195,0.005381880508422476,4.422389600516748,0.02541736001362871,0.025097058397344996,0.008846484361734215
2005-04-08,80.36017608642578,4.386518731164166,-0.010453509338953282,4.422389600516748,0.03587086935258199,0.03523513384835242,0.010160744737738555
2005-04-11,80.42147064208984,4.387281188321194,0.0007624571570277183,4.422389600516748,0.03510841219555427,0.034499261471375386,0.00954436465880043
2005-04-12,80.8368911743164,4.392433435268443,0.0051522469472491395,4.422389600516748,0.029956165248305133,0.029511926280133216,0.009392820037810829
2005-04-13,79.88349151611328,4.380569217108071,-0.01186421816037253,4.422389600516748,0.041820383408677664,0.04095797503749499,0.010300606469077638
2005-04-14,78.84151458740234,4.3674396930005805,-0.01312952410749002,4.422389600516748,0.054949907516167684,0.05346743906703766,0.011556678853850836
2005-04-15,77.73826599121094,4.353347619942625,-0.0140920730579559,4.422389600516748,0.06904198057412358,0.06671250068925128,0.014007830100920545
2005-04-18,77.97661590576172,4.356408985661785,0.0030613657191604915,4.422389600516748,0.0659806148549631,0.06385098849991078,0.014014525061467836
2005-04-19,78.59636688232422,4.364325475495658,0.00791648983387283,4.422389600516748,0.05806412502109026,0.05641056219587126,0.01462988316310456
2005-04-20,77.49991607666016,4.3502768534769105,-0.014048622018747459,4.422389600516748,0.07211274703983772,0.06957401287859133,0.015802552874640365
2005-04-21,79.00496673583984,4.369510720564703,0.01923386708779251,4.422389600516748,0.05287887995204521,0.05150511272843106,0.02045460780394155
2005-04-22,78.70531463623047,4.365710683463878,-0.0038000371008246603,4.422389600516748,0.05667891705286987,0.055102588889518356,0.02061852964993488
2005-04-25,79.22286987304688,4.37226501816026,0.0065543346963812255,4.422389600516748,0.050124582356488645,0.0488890745209547,0.021133313138297707
2005-04-26,78.45333099365234,4.362503938362435,-0.009761079797824479,4.422389600516748,0.059885662154313124,0.05812778093169113,0.02177293624242715
2005-04-27,78.75979614257812,4.366402665430578,0.003898727068142982,4.422389600516748,0.05598693508617014,0.05444851064157219,0.019473460880452854
2005-04-28,77.77230834960938,4.353785434015224,-0.012617231415354091,4.422389600516748,0.06860416650152423,0.06630380482840059,0.021435573825121772
2005-04-29,78.827880859375,4.3672667522973745,0.01348131828215049,4.422389600516748,0.05512284821937374,0.05363111891987049,0.023470096417421434
2005-05-02,79.27056884765625,4.372866922900726,0.005600170603351273,4.422389600516748,0.04952267761602247,0.048316424022963766,0.02382878010350538
2005-05-03,79.40676879882812,4.374583613975088,0.001716691074362231,4.422389600516748,0.04780598654166024,0.046681274200483514,0.02358169747748157
2005-05-04,80.0196533203125,4.3822722710067135,0.007688657031625468,4.422389600516748,0.04011732951003477,0.03932328318886125,0.024175487358838756
2005-05-05,79.99246215820312,4.381932407212153,-0.0003398637945606353,4.422389600516748,0.04045719330459541,0.03964972694683344,0.023811988315696888
2005-05-06,79.74044799804688,4.378776960172276,-0.003155447039876691,4.422389600516748,0.0436126403444721,0.04267528536808374,0.022560568771072615
2005-05-09,80.23757934570312,4.384991975522943,0.006215015350666597,4.422389600516748,0.0373976249938055,0.03670697019707747,0.023039936714720873
2005-05-10,79.40676879882812,4.374583613975088,-0.010408361547854739,4.422389600516748,0.04780598654166024,0.046681274200483514,0.024070469817689205
2005-05-11,79.84262084960938,4.3800574577371005,0.005473843762012542,4.422389600516748,0.0423321427796477,0.04144864821691596,0.02267443130916173
2005-05-12,78.96409606933594,4.368993269024635,-0.011064188712465395,4.422389600516748,0.05339633149211309,0.0519957859078517,0.02204483285321788
2005-05-13,78.80746459960938,4.367007720798819,-0.0019855482258162027,4.422389600516748,0.055381879717929294,0.053876226522657666,0.01959231692466495
2005-05-16,79.54297637939453,4.3762974589863335,0.009289738187514551,4.422389600516748,0.04609214153041474,0.045046032783233825,0.020561600596294003
2005-05-17,80.07416534423828,4.382953272015837,0.006655813029503577,4.422389600516748,0.039436328500911166,0.03866883856183789,0.02033012644729711
2005-05-18,80.898193359375,4.393191492039748,0.010238220023911282,4.422389600516748,0.029198108476999884,0.028775962308386305,0.019164089292065128
2005-05-19,81.23869323730469,4.397391651369924,0.004200159330175701,4.422389600516748,0.024997949146824183,0.024688087752185783,0.01472510545218985
2005-05-20,81.1229476928711,4.395965876619458,-0.0014257747504657914,4.422389600516748,0.026423723897289975,0.026077671998032015,0.014568771603249766
2005-05-23,81.5724105834961,4.401491099205067,0.0055252225856090575,4.422389600516748,0.020898501311680917,0.020681640945939828,0.01441213824773482
2005-05-24,81.38168334960938,4.399150227412565,-0.002340871792502419,4.422389600516748,0.023239373104183336,0.022971418584981973,0.013280670872045718
2005-05-25,81.32041931152344,4.3983971450617005,-0.0007530823508643536,4.422389600516748,0.02399245545504769,0.023706924582881927,0.013096295831514657
2005-05-26,81.75626373291016,4.403742427428212,0.005345282366511661,4.422389600516748,0.01864717308853603,0.018474390194084478,0.011450452520377852
2005-05-27,81.8924789428711,4.405407154442813,0.001664727014600409,4.422389600516748,0.01698244607393562,0.016839057182065575,0.009195372225324893
2005-05-31,81.36810302734375,4.398983341512443,-0.0064238129303699765,4.422389600516748,0.023406259004305596,0.023134457274428977,0.009320155843724526
2005-06-01,82.06272888183594,4.407483941175176,0.008500599662733421,4.422389600516748,0.014905659341572175,0.014795119903965315,0.01019350174012851
2005-06-02,82.23977661132812,4.4096390854012215,0.002155144226045458,4.422389600516748,0.012750515115526717,0.012669571686372061,0.009507169656160686
2005-06-03,81.82437896728516,4.404575230591075,-0.005063854810146928,4.422389600516748,0.017814369925673645,0.017656632093305036,0.009828811344717062
2005-06-06,81.74945831298828,4.403659183614594,-0.0009160469764806223,4.422389600516748,0.018730416902154268,0.01855609272834624,0.009713928274841887
2005-06-07,81.81076049804688,4.40440878138812,0.0007495977735256787,4.422389600516748,0.01798081912862859,0.017820128756599107,0.009234315335606359
2005-06-08,81.66093444824219,4.402575728983466,-0.001833052404653479,4.422389600516748,0.019813871533282068,0.01961886683714331,0.007911644082298903
2005-06-09,82.04913330078125,4.407318254418534,0.004742525435068146,4.422389600516748,0.015071346098213922,0.014958341782950857,0.007817504215137846
2005-06-10,81.85845184326172,4.404991558635989,-0.002326695782545407,4.422389600516748,0.01739804188075933,0.017247569853377165,0.006343269456771142
2005-06-13,82.1171875,4.408147342903737,0.0031557842677480963,4.422389600516748,0.014242257613011233,0.014141316440327345,0.00641907827137395
2005-06-14,82.30790710449219,4.410467179671756,0.002319836768019279,4.422389600516748,0.011922420844991954,0.01185163039605408,0.005399516600048819
2005-06-15,82.4645004272461,4.4123679028843865,0.0019007232126302398,4.422389600516748,0.010021697632361715,0.009971647755094626,0.004886859160805075
2005-06-16,82.6756362915039,4.414924955137048,0.0025570522526612294,4.422389600516748,0.007464645379700485,0.0074368541080347406,0.0036484979845618315
2005-06-17,82.98199462890625,4.418623652081556,0.0036986969445083062,4.422389600516748,0.003765948435192179,0.003758866144686901,0.0035985896452363406
2005-06-20,83.00930786132812,4.41895274441662,0.00032909233506384084,4.422389600516748,0.003436856100128338,0.0034309568704048443,0.0035743405436230824
2005-06-21,83.0571517944336,4.419528946673576,0.0005762022569557601,4.422389600516748,0.002860653843172578,0.002856566071795963,0.0031938699913200788
2005-06-22,83.12554168701172,4.420352015490265,0.0008230688166896982,4.422389600516748,0.00203758502648288,0.00203551055931972,0.0031333617865738042
2005-06-23,81.95630645751953,4.406186257171235,-0.014165758319029997,4.422389600516748,0.016203343345512877,0.016072775341662404,0.0056546416407212054
2005-06-24,81.35460662841797,4.398817459331826,-0.007368797839409247,4.422389600516748,0.023572141184922124,0.023296488421413963,0.005978803579777514
2005-06-27,81.47087860107422,4.400245638615378,0.0014281792835522111,4.422389600516748,0.022143961901369913,0.021900584136482215,0.005969585168191137
2005-06-28,82.15460968017578,4.408602955875233,0.008357317259855002,4.422389600516748,0.013786644641514911,0.013692044096653255,0.006329685346331408
2005-06-29,81.93582916259766,4.4059363697077405,-0.0026665861674928237,4.422389600516748,0.016453230809007735,0.0163186157026044,0.005508801484580175
2005-06-30,81.4913330078125,4.400496671129527,-0.005439698578213914,4.422389600516748,0.02189292938722165,0.021655018559848638,0.005823116976813419
2005-07-01,81.73068237304688,4.403429480606691,0.0029328094771647883,4.422389600516748,0.01896011991005686,0.0187815074557226,0.005608397175041271
2005-07-05,82.3871078491211,4.4114289665328394,0.007999485926148076,4.422389600516748,0.010960633983908785,0.010900785095406706,0.006404120351087246
2005-07-06,81.69651794433594,4.403011380937331,-0.008417585595508648,4.422389600516748,0.019378219579417433,0.019191668832882813,0.00728982286657631
2005-07-07,82.01787567138672,4.406937219499101,0.003925838561769979,4.422389600516748,0.015452381017647454,0.015333605552987684,0.007441679670491727
2005-07-08,82.95463562011719,4.418293899585126,0.011356680086024973,4.422389600516748,0.004095700931622481,0.00408732498758424,0.008783360872424732
2005-07-11,83.3785629272461,4.4233912370828,0.005097337497674381,4.4233912370828,0.0,0.0,0.009042534509813332
2005-07-12,83.59737396240234,4.426012107664304,0.0026208705815040645,4.426012107664304,0.0,0.0,0.009003600361894714
2005-07-13,83.7136001586914,4.427401451257519,0.0013893435932148535,4.427401451257519,0.0,0.0,0.008960113137565602
2005-07-14,84.04183197021484,4.431314674528058,0.003913223270538779,4.431314674528058,0.0,0.0,0.009107540289754692
2005-07-15,83.99396514892578,4.430744952797279,-0.0005697217307787383,4.431314674528058,0.0005697217307787383,0.0005695594701694562,0.009029244729263482
2005-07-18,83.65890502929688,4.426747877586263,-0.00399707521101611,4.431314674528058,0.004566796941794848,0.004556384980442196,0.009058177493819056
2005-07-19,84.11703491210938,4.432209101902628,0.0054612243163649765,4.432209101902628,0.0,0.0,0.009432607526604152
2005-07-20,84.4041976928711,4.435617136062658,0.0034080341600297714,4.435617136062658,0.0,0.0,0.009574769392821264
2005-07-21,83.91191101074219,4.429767570151807,-0.005849565910851062,4.435617136062658,0.005849565910851062,0.005832490510961019,0.009997373129082901
2005-07-22,84.47258758544922,4.436427074458916,0.006659504307108932,4.436427074458916,0.0,0.0,0.00802774476875966
2005-07-25,84.23329162597656,4.433590230585155,-0.002836843873760486,4.436427074458916,0.002836843873760486,0.00283282383448491,0.007444975888491385
2005-07-26,84.3358383178711,4.434806902992239,0.0012166724070841184,4.436427074458916,0.0016201714666763678,0.001618859697411712,0.007437927394061806
2005-07-27,84.64353942871094,4.4384487846826275,0.00364188169038826,4.4384487846826275,0.0,0.0,0.006725001129919736
2005-07-28,85.17686462402344,4.444729854989518,0.006281070306890513,4.444729854989518,0.0,0.0,0.007132499776303849
2005-07-29,84.60933685302734,4.438044625215437,-0.006685229774080703,4.444729854989518,0.006685229774080703,0.006662933338779875,0.007322784680335302
2005-08-01,84.54779052734375,4.437316942860546,-0.0007276823548911793,4.444729854989518,0.0074129121289718825,0.007385504261708475,0.007221079372606732
2005-08-02,85.05376434326172,4.443283578218221,0.005966635357674832,4.444729854989518,0.0014462767712970503,0.001445231417065318,0.006863352298957793
2005-08-03,85.27943420410156,4.4459333258282365,0.0026497476100155737,4.4459333258282365,0.0,0.0,0.006059036529710057
2005-08-04,84.5956802368164,4.43788320427798,-0.008050121550256861,4.4459333258282365,0.008050121550256861,0.008017806094359758,0.0066813788615765115
2005-08-05,84.02130126953125,4.43107035323772,-0.006812851040259638,4.4459333258282365,0.014862972590516499,0.014753063810897249,0.00564113239625419
2005-08-08,83.86402130126953,4.429196693148016,-0.0018736600897044653,4.4459333258282365,0.016736632680220964,0.016597353348341115,0.005357982078592771
2005-08-09,84.37002563476562,4.435212192014939,0.00601549886692343,4.4459333258282365,0.010721133813297534,0.010663867294891327,0.005727379605156111
2005-08-10,84.32896423339844,4.434725391208246,-0.0004868008066933882,4.4459333258282365,0.011207934619990922,0.011145359717424697,0.005706044017664029
2005-08-11,84.66405487060547,4.438691129889643,0.0039657386813978235,4.4459333258282365,0.007242195938593099,0.007216034431270946,0.005711257480907042
2005-08-12,84.14434051513672,4.4325336636530315,-0.006157466236611953,4.4459333258282365,0.013399662175205052,0.013310286349323741,0.006184889056723675
2005-08-15,84.66405487060547,4.438691129889643,0.006157466236611953,4.4459333258282365,0.007242195938593099,0.007216034431270946,0.006461305087401134
2005-08-16,83.56319427490234,4.425603163278236,-0.013087966611407431,4.4459333258282365,0.02033016255000053,0.020124898168199845,0.008243825814645644
2005-08-17,83.55634307861328,4.425521171712182,-8.199156605392943e-05,4.4459333258282365,0.02041215411605446,0.020205236368763813,0.008097565339485916
2005-08-18,83.54949951171875,4.425439264738826,-8.190697335574981e-05,4.4459333258282365,0.02049406108941021,0.020285485105852263,0.007666510360812777
2005-08-19,83.740966796875,4.427728305746169,0.002289041007342618,4.4459333258282365,0.01820502008206759,0.018040309736865323,0.007173733320885637
2005-08-22,83.740966796875,4.427728305746169,0.0,4.4459333258282365,0.01820502008206759,0.018040309736865323,0.007072332513018073
2005-08-23,83.58367156982422,4.425848184863544,-0.0018801208826246807,4.4459333258282365,0.020085140964692272,0.01988477820125878,0.007098220004135803
2005-08-24,82.83839416503906,4.416891651562083,-0.008956533301461178,4.4459333258282365,0.02904167426615345,0.02862401775814183,0.007941867954456616
2005-08-25,83.13926696777344,4.420517116943831,0.0036254653817477944,4.4459333258282365,0.025416208884405656,0.02509593615743333,0.0076103891078869055
2005-08-26,82.57171630859375,4.413667204317146,-0.006849912626685217,4.4459333258282365,0.03226612151109087,0.03175112406383174,0.007638474581735083
2005-08-29,83.20762634277344,4.421339006400107,0.007671802082961143,4.4459333258282365,0.02459431942812973,0.024294343421294662,0.00837339510417547
2005-08-30,82.7699966430664,4.416065636339932,-0.005273370060174365,4.4459333258282365,0.029867689488304094,0.02942605781165597,0.00827521205235658
2005-08-31,83.8161849975586,4.428626127234906,0.012560490894973242,4.4459333258282365,0.017307198593330853,0.017158289336687838,0.010174596143343201
2005-09-01,83.75460815429688,4.427891191929354,-0.0007349353055516872,4.4459333258282365,0.01804213389888254,0.01788034904353697,0.0093648656222541
2005-09-02,83.60419464111328,4.42609369396486,-0.0017974979644943545,4.4459333258282365,0.019839631863376894,0.019644121453467278,0.008820747973662592
2005-09-06,84.58197784423828,4.43772121607264,0.011627522107779953,4.4459333258282365,0.008212109755596941,0.008178482495487582,0.010480025193425611
2005-09-07,84.72554779052734,4.439417182984487,0.0016959669118472576,4.4459333258282365,0.006516142843749684,0.006494958822646724,0.010060320165491967
2005-09-08,84.44524383544922,4.436103322371776,-0.003313860612711217,4.4459333258282365,0.0098300034564609,0.009781846894714064,0.010195703349393995
2005-09-09,85.19740295410156,4.44497095161132,0.008867629239544428,4.4459333258282365,0.0009623742169164728,0.0009619112833667565,0.010988341188909186
2005-09-12,85.02645111083984,4.442962397620187,-0.0020085539911329775,4.4459333258282365,0.0029709282080494503,0.002966519368037268,0.010561451912280716
2005-09-13,84.55463409423828,4.437397882763253,-0.0055645148569336556,4.4459333258282365,0.008535443064983106,0.008499119589942872,0.010473874795019758
2005-09-14,84.24693298339844,4.433752164811956,-0.0036457179512972004,4.4459333258282365,0.012181161016280306,0.012107271000790565,0.008483029300944354
2005-09-15,84.2059326171875,4.433265377402619,-0.0004867874093372748,4.4459333258282365,0.012667948425617581,0.012588047715523687,0.00848593031694317
2005-09-16,84.80469512939453,4.440350908357074,0.007085530954454633,4.4459333258282365,0.005582417471162948,0.005566864732836074,0.009118425622886724
2005-09-19,84.5231704711914,4.437025703534987,-0.003325204822086647,4.4459333258282365,0.008907622293249595,0.008868066960906806,0.009191723330418431
2005-09-20,83.80901336669922,4.428540559779252,-0.008485143755734725,4.4459333258282365,0.01739276604898432,0.017242385003201965,0.010098893903817527
2005-09-21,83.02622985839844,4.419156580262383,-0.00938397951686909,4.4459333258282365,0.02677674556585341,0.026421427003261666,0.011163899038518218
2005-09-22,83.32147216796875,4.422706285079319,0.00354970481693595,4.4459333258282365,0.02322704074891746,0.022959369447114075,0.010311898573908879
2005-09-23,83.39015197753906,4.423530220588408,0.0008239355090893241,4.4459333258282365,0.022403105239828136,0.022154019245024803,0.01015483794206885
2005-09-26,83.48628997802734,4.424682426495935,0.0011522059075268487,4.4459333258282365,0.021250899332301287,0.021026689996355707,0.00958035701286634
2005-09-27,83.46569061279297,4.424435656553273,-0.0002467699426622616,4.4459333258282365,0.02149766927496355,0.021268241378897046,0.008839531800242719
2005-09-28,83.54808044433594,4.425422279844332,0.000986623291058919,4.4459333258282365,0.02051104598390463,0.020302125312205876,0.008501410721201866
2005-09-29,84.22789764404297,4.433526192310715,0.008103912466383534,4.4459333258282365,0.012407133517521096,0.012330482370954465,0.007341044789527138
2005-09-30,84.48878479003906,4.436618801176232,0.003092608865516766,4.4459333258282365,0.00931452465200433,0.009271278842801323,0.007454748445642891
2005-10-03,84.18668365478516,4.433036757372688,-0.0035820438035445434,4.4459333258282365,0.012896568455548874,0.012813764062987287,0.007575708935507588
2005-10-04,83.23910522460938,4.421717252123706,-0.01131950524898162,4.4459333258282365,0.024216073704530494,0.02392521712338136,0.007486651237314206
2005-10-05,82.14725494384766,4.408513428755747,-0.013203823367959444,4.4459333258282365,0.03741989707248994,0.036728424496316525,0.009647105799168214
2005-10-06,81.85199737548828,4.40491270639647,-0.0036007223592768867,4.4459333258282365,0.041020619431766825,0.04019066097941426,0.009672098268954498
2005-10-07,82.13353729248047,4.408346426257008,0.003433719860538531,4.4459333258282365,0.037586899571228294,0.036889279824394605,0.00882985862421248
2005-10-10,81.4399642944336,4.399866114374238,-0.008480311882769875,4.4459333258282365,0.04606721145399817,0.04502222541109824,0.00968516427043375
2005-10-11,81.3232192993164,4.3984315760153745,-0.0014345383588638683,4.4459333258282365,0.04750174981286204,0.04639119550578508,0.009320949611779959
2005-10-12,80.68464660644531,4.390548304467324,-0.007883271548050352,4.4459333258282365,0.05538502136091239,0.05387919890110271,0.009936518969370567
2005-10-13,80.63655090332031,4.389952031872124,-0.0005962725952004533,4.4459333258282365,0.05598129395611284,0.05444317664760001,0.00993801306509688
2005-10-14,81.48804473876953,4.400456319164893,0.010504287292769199,4.4459333258282365,0.045477006663343644,0.044458426591551414,0.01069571787814035
2005-10-17,81.79017639160156,4.404157143384753,0.003700824219859733,4.4459333258282365,0.04177618244348391,0.04091558351746416,0.0107289706993885
2005-10-18,80.90436553955078,4.393267784778513,-0.010889358606239519,4.4459333258282365,0.05266554104972343,0.05130274028413273,0.011315884574765962
2005-10-19,82.25025177001953,4.409766450674469,0.01649866589595561,4.4459333258282365,0.03616687515376782,0.035520667583607723,0.013636135574910172
2005-10-20,80.80139923095703,4.391994282591924,-0.017772168082545114,4.4459333258282365,0.053939043236312934,0.0525101393429408,0.017457079956152567
2005-10-21,81.11723327636719,4.395895432707572,0.0039011501156487327,4.4459333258282365,0.0500378931206642,0.04880661986772683,0.01764028524767384
2005-10-24,82.37387084960938,4.4112682852884735,0.015372852580901153,4.4459333258282365,0.03466504053976305,0.034071090897932366,0.02060124767473566
2005-10-25,82.20907592773438,4.409265708713256,-0.0020025765752178515,4.4459333258282365,0.0366676171149809,0.036003501958266626,0.020651010335676782
2005-10-26,81.96871948242188,4.406337704759605,-0.0029280039536505598,4.4459333258282365,0.03959562106863146,0.038821959275153306,0.020746767584266863
2005-10-27,81.09658813476562,4.395640890381482,-0.01069681437812342,4.4459333258282365,0.05029243544675488,0.04904870803111849,0.021360997935539854
2005-10-28,82.26399230957031,4.409933494442132,0.014292604060650582,4.4459333258282365,0.0359998313861043,0.035359543865105425,0.023814398131156957
2005-10-31,82.49059295654297,4.412684262070141,0.0027507676280089655,4.4459333258282365,0.03324906375809533,0.03270238919367119,0.023748067758790112
2005-11-01,82.73778533935547,4.415676394169784,0.0029921320996431078,4.4459333258282365,0.030256931658452224,0.02980377260317102,0.022246420617082013
2005-11-02,83.6030044555664,4.426079457908598,0.0104030637388135,4.4459333258282365,0.019853867919638724,0.01965807775556927,0.021413343690713474
2005-11-03,83.9600830078125,4.430341483610977,0.004262025702379546,4.4459333258282365,0.015591842217259178,0.015470918734421635,0.021478859426610732
2005-11-04,83.85023498535156,4.429032290714326,-0.0013091928966515454,4.4459333258282365,0.016901035113910723,0.016759013847693738,0.021351896206506554
2005-11-07,83.93262481689453,4.430014391487459,0.000982100773133432,4.4459333258282365,0.01591893434077729,0.015792897781002346,0.02045791149348078
2005-11-08,83.93262481689453,4.430014391487459,0.0,4.4459333258282365,0.01591893434077729,0.015792897781002346,0.020431981949662323
2005-11-09,84.04251098632812,4.431322753996988,0.0013083625095289264,4.4459333258282365,0.014610571831248365,0.01450435535035477,0.019670511560828437
2005-11-10,84.69481658935547,4.439054402493235,0.007731648496246635,4.4459333258282365,0.00687892333500173,0.006855317700008912,0.020419239438846177
2005-11-11,84.98324584960938,4.442454129410396,0.003399726917161061,4.4459333258282365,0.0034791964178406687,0.0034731510270499255,0.019174587392782366
2005-11-14,84.93518829345703,4.441888474981244,-0.0005656544291516852,4.4459333258282365,0.004044850846992354,0.004036681456172642,0.01900604809212154
2005-11-15,84.62615966796875,4.4382434347482205,-0.0036450402330236997,4.4459333258282365,0.007689891080016054,0.007660399511672966,0.01767937125392953
2005-11-16,84.79784393310547,4.440270117157476,0.002026682409255187,4.4459333258282365,0.005663208670760866,0.005647202933400708,0.01430132971597389
2005-11-17,85.5875015258789,4.449539262275473,0.009269145117997368,4.449539262275473,0.0,0.0,0.011404175086063556
2005-11-18,85.92400360107422,4.453463226521722,0.003923964246249412,4.453463226521722,0.0,0.0,0.011406424478144378
2005-11-21,86.35659790039062,4.458485210479597,0.005021983957874454,4.458485210479597,0.0,0.0,0.008746510630772144
2005-11-22,86.72740173339844,4.462769886140825,0.004284675661228476,4.462769886140825,0.0,0.0,0.00892729710130928
2005-11-23,87.22868347167969,4.468533215721806,0.005763329580980248,4.468533215721806,0.0,0.0,0.009237795886210029
2005-11-25,87.29735565185547,4.4693201720300415,0.0007869563082358866,4.4693201720300415,0.0,0.0,0.007803883912337188
2005-11-28,86.67935180664062,4.462215698636514,-0.0071044733935279325,4.4693201720300415,0.0071044733935279325,0.007079296281086056,0.005865941055533929
2005-11-29,86.58317565917969,4.461105520241384,-0.001110178395129502,4.4693201720300415,0.008214651788657434,0.008181003735370673,0.005786129801957879
2005-11-30,86.11628723144531,4.455698559995133,-0.005406960246251202,4.4693201720300415,0.013621612034908637,0.013529257691611174,0.006041687595953489
2005-12-01,86.99519348144531,4.465852869788685,0.010154309793551697,4.4693201720300415,0.00346730224135694,0.0034612980903472312,0.005977254626046495
2005-12-02,87.10511016845703,4.467115552268971,0.0012626824802861591,4.4693201720300415,0.0022046197610707807,0.002202191371811435,0.005768466375920793
2005-12-05,86.9196548461914,4.464984184443752,-0.002131367825218611,4.4693201720300415,0.0043359875862893915,0.0043266007640642146,0.005804108534769044
2005-12-06,87.08447265625,4.466878597659299,0.001894413215547175,4.4693201720300415,0.0024415743707422166,0.002438596152378625,0.0058371744565024405
2005-12-07,86.57633972167969,4.4610265648632925,-0.0058520327960067675,4.4693201720300415,0.008293607166748984,0.008259310087824656,0.00626867768335623
2005-12-08,86.52139282226562,4.460391699224649,-0.0006348656386432339,4.4693201720300415,0.008928472805392218,0.008888732353868778,0.006252187331583371
2005-12-09,86.74800872802734,4.463007464419741,0.002615765195091768,4.4693201720300415,0.00631270761030045,0.0062928243327203814,0.005585191704071264
2005-12-12,86.83037567138672,4.463956510579223,0.0009490461594818811,4.4693201720300415,0.005363661450818569,0.005349302702032044,0.005450907777390893
2005-12-13,87.4209213256836,4.47073462845174,0.006778117872516809,4.47073462845174,0.0,0.0,0.006025756531093355
2005-12-14,87.76432037353516,4.474655044171099,0.003920415719359305,4.474655044171099,0.0,0.0,0.006052006629107555
2005-12-15,87.51020050048828,4.471755363717419,-0.0028996804536802756,4.474655044171099,0.0028996804536802756,0.0028954804408592993,0.006106195513940489
2005-12-16,87.22858428955078,4.468532078685439,-0.0032232850319795503,4.474655044171099,0.006122965485659826,0.0061042583330476186,0.00515454920519449
2005-12-19,86.77984619140625,4.46337440797184,-0.005157670713598961,4.474655044171099,0.011280636199258787,0.011217248398197599,0.005295720509673805
2005-12-20,86.8626937866211,4.4643286395963235,0.0009542316244832705,4.474655044171099,0.010326404574775516,0.010273270311633054,0.0049894174721860024
2005-12-21,87.00077056884766,4.465916975728551,0.0015883361322277523,4.474655044171099,0.008738068442547764,0.008700002477518898,0.004789888485638411
2005-12-22,87.45637512207031,4.471140099002722,0.005223123274170405,4.474655044171099,0.003514945168377359,0.0035087749800173373,0.004715108101503462
2005-12-23,87.50469970703125,4.471692502858688,0.0005524038559663325,4.474655044171099,0.0029625413124110267,0.002958157317221377,0.004711149808845041
2005-12-27,86.61416625976562,4.46146338486648,-0.010229117992207826,4.474655044171099,0.013191659304618852,0.013105030710365506,0.005393582348854502
2005-12-28,86.80743408203125,4.463692264105237,0.002228879238757031,4.474655044171099,0.010962780065861821,0.010902907781103921,0.00544064847191307
2005-12-29,86.4208984375,4.459229526625401,-0.004462737479836498,4.474655044171099,0.01542551754569832,0.015307153639627757,0.005323226636451466
2005-12-30,85.95149230957031,4.4537830942094905,-0.005446432415910252,4.474655044171099,0.02087194996160857,0.02065563837615625,0.004397802231789958
2006-01-03,87.46328735351562,4.4712191322154675,0.01743603800597704,4.474655044171099,0.003435911955631532,0.003430015964782984,0.00820830751596812
2006-01-04,87.87744903564453,4.475943219280398,0.004724087064930771,4.475943219280398,0.0,0.0,0.00843226331533055
2006-01-05,87.9327163696289,4.476571935323951,0.000628716043552302,4.476571935323951,0.0,0.0,0.008392024993976023
2006-01-06,88.66441345214844,4.4848586075968795,0.008286672272928897,4.4848586075968795,0.0,0.0,0.008825750377844733
2006-01-09,88.8922348022461,4.487424791148552,0.002566183551672374,4.487424791148552,0.0,0.0,0.008903646647730707
2006-01-10,88.98197174072266,4.488433784502156,0.0010089933536043816,4.488433784502156,0.0,0.0,0.008830262232130938
2006-01-11,89.26499938964844,4.491609466927401,0.003175682425244908,4.491609466927401,0.0,0.0,0.008945984037321034
2006-01-12,88.91293334960938,4.487657613936235,-0.003951852991166405,4.491609466927401,0.003951852991166405,0.003944054696088495,0.008563879715463778
2006-01-13,88.83008575439453,4.486725396157644,-0.0009322177785904273,4.491609466927401,0.004884070769756832,0.004872163089986059,0.008381171784697695
2006-01-17,88.58851623535156,4.484002235613984,-0.0027231605436606188,4.491609466927401,0.007607231313417451,0.007578369561668463,0.008368665738022687
2006-01-18,88.23641204833984,4.480019712835008,-0.0039825227789753725,4.491609466927401,0.011589754092392823,0.011522851602997153,0.008437599346247384
2006-01-19,88.57469177246094,4.483846170897453,0.0038264580624449707,4.491609466927401,0.007763296029947853,0.007733239476922393,0.008286906044080429
2006-01-20,86.95932006835938,4.465440423881275,-0.018405747016178253,4.491609466927401,0.026169043046126106,0.025829601042448802,0.012543954205983351
2006-01-23,87.26998901367188,4.469006635286268,0.003566211404993247,4.491609466927401,0.02260283164113286,0.02234930140164093,0.012672411862647013
2006-01-24,87.3597412109375,4.470034549663195,0.0010279143769267307,4.491609466927401,0.021574917264206128,0.021343843519164074,0.012341984312133828
2006-01-25,87.43565368652344,4.4709031363945915,0.0008685867313964479,4.491609466927401,0.02070633053280968,0.020493426490037492,0.012347645402546207
2006-01-26,87.91888427734375,4.476414619811748,0.005511483417156349,4.491609466927401,0.015194847115653332,0.015079987918095505,0.01141198949399061
2006-01-27,88.73346710205078,4.485637124828025,0.009222505016277083,4.491609466927401,0.005972342099376249,0.005954543115801458,0.012421081865030712
2006-01-30,88.66441345214844,4.4848586075968795,-0.0007785172311454147,4.491609466927401,0.0067508593305216635,0.006728123470638114,0.012177776662172898
2006-01-31,88.01555633544922,4.477513575394271,-0.007345032202608515,4.491609466927401,0.014095891533130178,0.013997009608943012,0.012483778649326002
2006-02-01,88.62992858886719,4.484469595028073,0.00695601963380188,4.491609466927401,0.007139871899328298,0.007114443568291606,0.009262850575605518
2006-02-02,87.60132598876953,4.472796134685884,-0.011673460342188413,4.491609466927401,0.01881333224151671,0.018637466109385437,0.010698654315426869
2006-02-03,87.16644287109375,4.4678194273891405,-0.004976707296743932,4.491609466927401,0.023790039538260643,0.023509287323179695,0.011005745694267826
2006-02-06,87.39421844482422,4.470429129956562,0.0026097025674216567,4.491609466927401,0.021180336970838987,0.020957608890558976,0.010226329981924456
2006-02-07,86.62107849121094,4.461543186542622,-0.008885943413940112,4.491609466927401,0.030066280384779098,0.0296187858232827,0.011138251105343841
2006-02-08,87.40804290771484,4.470587302543261,0.009044116000638702,4.491609466927401,0.021022164384140396,0.020802738975304935,0.012156053485075771
2006-02-09,87.26309204101562,4.468927601871878,-0.0016597006713823248,4.491609466927401,0.02268186505552272,0.02242656542117194,0.012063691042978246
2006-02-10,87.42184448242188,4.470745188302289,0.0018175864304108558,4.491609466927401,0.020864278625111865,0.020648125467195078,0.011908540670417854
2006-02-13,87.26309204101562,4.468927601871878,-0.0018175864304108558,4.491609466927401,0.02268186505552272,0.02242656542117194,0.011939216510028553
2006-02-14,88.1881103515625,4.479472150655702,0.01054454878382316,4.491609466927401,0.01213731627169956,0.012063956146857069,0.013246742521947798
2006-02-15,88.49873352050781,4.482988241408751,0.0035160907530498164,4.491609466927401,0.008621225518649744,0.008584169320337676,0.013202672843830471
2006-02-16,89.16144561767578,4.490448722133151,0.007460480724399865,4.491609466927401,0.0011607447942498794,0.0011600713905862703,0.013719486934657667
2006-02-17,88.91984558105469,4.487735352489165,-0.0027133696439864963,4.491609466927401,0.0038741144382363757,0.0038666197384614742,0.009543731664834711
2006-02-21,88.69894409179688,4.485247984980831,-0.002487367508333449,4.491609466927401,0.006361481946569825,0.006341290558696033,0.009461442744873465
2006-02-22,89.23738861083984,4.49130010659516,0.006052121614328776,4.491609466927401,0.00030936033224104875,0.0003093124852675544,0.009909644502534459
2006-02-23,89.10623168945312,4.489829272428951,-0.0014708341662093005,4.491609466927401,0.0017801944984503493,0.0017786108920726518,0.009927396771489544
2006-02-24,89.33399200439453,4.492382064999086,0.0025527925701354093,4.492382064999086,0.0,0.0,0.009626764557141263
2006-02-27,89.36854553222656,4.492768780585098,0.00038671558601155454,4.492768780585098,0.0,0.0,0.008556960929273287
2006-02-28,88.51942443847656,4.483222013111062,-0.009546767474035711,4.492768780585098,0.009546767474035711,0.009501341760605686,0.009697697898837149
2006-03-01,89.30642700195312,4.4920734561992015,0.008851443088139455,4.492768780585098,0.0006953243858962566,0.0006950827039144958,0.010005119587070866
2006-03-02,89.29952239990234,4.49199613960278,-7.731659642118416e-05,4.492768780585098,0.0007726409823174407,0.0007723425721332111,0.009395528672819953
2006-03-03,88.88531494140625,4.4873469426142085,-0.004649196988571802,4.492768780585098,0.005421837970889243,0.005407166335117952,0.007950880161921485
2006-03-06,88.47804260253906,4.482754415044453,-0.004592527569755589,4.492768780585098,0.010014365540644832,0.009964388749801878,0.007904558705836395
2006-03-07,88.33997344970703,4.481192705621663,-0.0015617094227895478,4.492768780585098,0.01157607496343438,0.011509330004130125,0.00784947640510476
2006-03-08,88.52635955810547,4.483300355780126,0.002107650158462704,4.492768780585098,0.009468424804971676,0.009423740412306203,0.006910552110422259
2006-03-09,87.9327163696289,4.476571935323951,-0.006728420456175499,4.492768780585098,0.016196845261147175,0.01606638167877361,0.006450344766208365
2006-03-10,88.76797485351562,4.486025941409112,0.00945400608516156,4.492768780585098,0.0067428391759856154,0.006720157244746949,0.007541802437928395
2006-03-13,88.93363189697266,4.487890382530085,0.0018644411209729483,4.492768780585098,0.004878398055012667,0.004866517997621833,0.007543976193224067
2006-03-14,89.86555480957031,4.498314717996439,0.010424335466353796,4.498314717996439,0.0,0.0,0.008871551876710721
2006-03-15,90.26595306396484,4.502760346843542,0.004445628847102867,4.502760346843542,0.0,0.0,0.007719610822286981
2006-03-16,90.45233917236328,4.504823073003455,0.0020627261599130975,4.504823073003455,0.0,0.0,0.007617449329628536
2006-03-17,90.5278778076172,4.50565784534378,0.0008347723403252516,4.50565784534378,0.0,0.0,0.006924929039613515
2006-03-20,90.38233947753906,4.504048888551191,-0.0016089567925892112,4.50565784534378,0.0016089567925892112,0.001607663115525515,0.0068647812655209615
2006-03-21,89.81404876708984,4.497741408139716,-0.006307480411474664,4.50565784534378,0.007916437204063875,0.007885184738830375,0.007288107396968219
2006-03-22,90.36155700683594,4.503818922602697,0.006077514462980993,4.50565784534378,0.0018389227410828823,0.0018372329586109348,0.0072919882727335
2006-03-23,90.17440795898438,4.501745661300729,-0.0020732613019678325,4.50565784534378,0.003912184043050715,0.0039045414207540263,0.007318890019683534
2006-03-24,90.24373626708984,4.502514190561633,0.0007685292609034278,4.50565784534378,0.003143654782147287,0.0031387186732814154,0.007244220999899485
2006-03-27,90.11206817626952,4.501054097667829,-0.0014600928938035551,4.50565784534378,0.004603747675950842,0.004593166673268589,0.007269198261056784
2006-03-28,89.55763244628906,4.494882355989095,-0.006171741678734577,4.50565784534378,0.010775489354685419,0.010717641734516392,0.006600763550492899
2006-03-29,90.1189956665039,4.501130971100079,0.006248615110984623,4.50565784534378,0.004526874243700796,0.004516643392239672,0.006105547590882335
2006-03-30,89.95954895019531,4.499360113185652,-0.0017708579144271042,4.50565784534378,0.0062977321581279,0.006277943007010567,0.006144985085584622
2006-03-31,89.98036193847656,4.499591445837439,0.00023133265178643114,4.50565784534378,0.006066399506341469,0.006048036056960804,0.0058733099607658126
2006-04-03,89.91105651855469,4.498820920773539,-0.0007705250639000738,4.50565784534378,0.006836924570241543,0.006813605974209769,0.005615040193144489
2006-04-04,90.4863052368164,4.505198515905252,0.006377595131713321,4.50565784534378,0.00045932943852822206,0.0004592239629116479,0.00609679846326407
2006-04-05,90.79816436767578,4.508639069187873,0.0034405532826209395,4.508639069187873,0.0,0.0,0.006189978206285151
2006-04-06,90.701171875,4.50757027737941,-0.0010687918084624215,4.508639069187873,0.0010687918084624215,0.001068220853926105,0.005633948699879069
2006-04-07,89.77936553955078,4.497355166493783,-0.010215110885627432,4.508639069187873,0.011283902694089853,0.011220478246669607,0.005822573967656212
2006-04-10,89.91800689697266,4.498898220608053,0.001543054114270248,4.508639069187873,0.009740848579819605,0.00969356018188905,0.005808775396511705
2006-04-11,89.1556167602539,4.490383345804647,-0.008514874803406514,4.508639069187873,0.01825572338322612,0.01809009707256437,0.005353113066344535
2006-04-12,89.32195281982422,4.492247289919529,0.0018639441148824432,4.508639069187873,0.016391779268343676,0.01625816510864475,0.005147867531241403
2006-04-13,89.2041244506836,4.490927276753372,-0.0013200131661568193,4.508639069187873,0.017711792434500495,0.01755586060679981,0.005116211235146675
2006-04-17,89.16949462890625,4.490538992629396,-0.00038828412397595713,4.508639069187873,0.018100076558476452,0.017937254019524174,0.005109330623376247
2006-04-18,90.58332824707033,4.50627018118311,0.015731188553713693,4.508639069187873,0.002368888004762759,0.0023660844038156936,0.008194838170412378
2006-04-19,90.75660705566406,4.508181275515895,0.0019110943327849128,4.508639069187873,0.00045779367197784637,0.00045768890044328714,0.007739574622748968
2006-04-20,90.88134002685548,4.509554699877949,0.0013734243620540099,4.509554699877949,0.0,0.0,0.007297946039373775
2006-04-21,90.89521026611328,4.509707307453155,0.00015260757520607626,4.509707307453155,0.0,0.0,0.007244079485110514
2006-04-24,90.72888946533205,4.507875823112492,-0.0018314843406628256,4.509707307453155,0.0018314843406628256,0.0018298081966511281,0.007278902075692393
2006-04-25,90.35462188720705,4.5037421710946175,-0.004133652017874745,4.509707307453155,0.0059651363585375705,0.005947380256050461,0.007467337693296331
2006-04-26,90.37543487548828,4.5039724923676365,0.0002303212730190296,4.509707307453155,0.005734815085518541,0.005718402423002367,0.006988067115297503
2006-04-27,90.8120574951172,4.508792068587643,0.004819576220006283,4.509707307453155,0.0009152388655122579,0.0009148201621693719,0.006788774479401334
2006-04-28,91.11698150634766,4.512144192013711,0.0033521234260680544,4.512144192013711,0.0,0.0,0.006890844480153698
2006-05-01,90.37543487548828,4.5039724923676365,-0.008171699646074337,4.512144192013711,0.008171699646074337,0.00813840206951666,0.007731556300058047
2006-05-02,91.05462646484376,4.511459617236846,0.007487124869209438,4.512144192013711,0.0006845747768648991,0.000684340509013337,0.008430394257214303
2006-05-03,90.71501922607422,4.507722935761411,-0.003736681475435155,4.512144192013711,0.004421256252300054,0.00441149688705833,0.00809383652390287
2006-05-04,91.0407257080078,4.511306941655651,0.0035840058942397945,4.512144192013711,0.0008372503580602597,0.0008368999617758277,0.008106533435031206
2006-05-05,91.8447036743164,4.520099147225753,0.008792205570101963,4.520099147225753,0.0,0.0,0.009066156527030612
2006-05-08,91.73384857177734,4.51889143407346,-0.0012077131522927331,4.520099147225753,0.0012077131522927331,0.0012069841602642128,0.007769743543252827
2006-05-09,91.91400909423828,4.5208534562015155,0.0019620221280556294,4.5208534562015155,0.0,0.0,0.007788246830128638
2006-05-10,91.8655014038086,4.520325566107297,-0.0005278900942187192,4.5208534562015155,0.0005278900942187192,0.0005277507847574192,0.006878219075555616
2006-05-11,90.75660705566406,4.508181275515895,-0.012144290591401763,4.5208534562015155,0.012672180685620482,0.012592226690792518,0.008692738854998673
2006-05-12,89.57145690917969,4.4950367079479845,-0.013144567567910492,4.5208534562015155,0.025816748253530974,0.02548634542376249,0.01084780784953424
2006-05-15,89.7516860961914,4.497046813779013,0.0020101058310286746,4.5208534562015155,0.0238066424225023,0.023525499750858492,0.010896818836760885
2006-05-16,89.6199722290039,4.495578199482964,-0.0014686142960487203,4.5208534562015155,0.02527525671855102,0.024958511633219604,0.007805869173200518
2006-05-17,87.91503143310547,4.47637079613617,-0.019207403346794827,4.5208534562015155,0.04448266006534585,0.04350781453818109,0.012408297151599064
2006-05-18,87.47148895263672,4.47131289972471,-0.005057896411459595,4.5208534562015155,0.04954055647680544,0.048333438889024416,0.012706867024146798
2006-05-19,88.08828735351562,4.47833957692471,0.007026677199999831,4.5208534562015155,0.04251387927680561,0.04162283615330287,0.013328688406999235
2006-05-22,87.41604614257812,4.470678860118792,-0.007660716805918177,4.5208534562015155,0.05017459608272379,0.048936641932879166,0.014025874720338075
2006-05-23,86.75067901611328,4.463038246071417,-0.007640614047375038,4.5208534562015155,0.057815210130098826,0.05617565949964287,0.014546152710940492
2006-05-24,87.4437484741211,4.470995712049625,0.007957465978208234,4.5208534562015155,0.04985774415189059,0.04863524792541585,0.015343332243950248
2006-05-25,88.52493286132812,4.4832842395828605,0.012288527533235616,4.5208534562015155,0.03756921661865498,0.03687224903262998,0.01695335512828271
2006-05-26,88.9754409790039,4.488360387596438,0.005076148013577253,4.5208534562015155,0.032493068605077724,0.03197084039954656,0.0171364400229038
2006-05-30,87.39525604248047,4.470441002498194,-0.01791938509824398,4.5208534562015155,0.0504124537033217,0.04916283269860178,0.020340968881542115
2006-05-31,88.37249755859375,4.481560807647156,0.011119805148962492,4.5208534562015155,0.03929264855435921,0.038530704628643275,0.021192641031113468
2006-06-01,89.21798706054688,4.491082667918445,0.009521860271288318,4.5208534562015155,0.029770788283070893,0.029332003469974,0.02215909926678466
2006-06-02,89.4051284790039,4.493178046071085,0.0020953781526404924,4.5208534562015155,0.0276754101304304,0.02729595455532885,0.022052572709827637
2006-06-05,88.1021728515625,4.478497196106355,-0.014680849964729958,4.5208534562015155,0.04235626009516036,0.04147176562353594,0.023794201118767382
2006-06-06,87.8873291015625,4.476055643009807,-0.0024415530965482546,4.5208534562015155,0.04479781319170861,0.04380920854564452,0.023850934010626934
2006-06-07,87.22891998291016,4.468535927111001,-0.0075197158988062895,4.5208534562015155,0.0523175290905149,0.05097252483595338,0.024514911124860962
2006-06-08,87.1526870727539,4.467661604224548,-0.0008743228864522834,4.5208534562015155,0.053191851976967186,0.05180191864553141,0.024521031859094284
2006-06-09,86.87545776367188,4.464475573093196,-0.003186031131352074,4.5208534562015155,0.05637788310831926,0.054818099876379534,0.022790636064153626
2006-06-12,85.93287658691406,4.453566486697725,-0.010909086395471057,4.5208534562015155,0.06728696950379032,0.06507313266241932,0.022113115283053365
2006-06-13,84.93486022949219,4.441884612452592,-0.01168187424513345,4.5208534562015155,0.07896884374892377,0.07593128548652972,0.02378167860443579
2006-06-14,85.59329986572266,4.449607007487539,0.007722395034947205,4.5208534562015155,0.07124644871397656,0.06876763717307866,0.02450590842421355
2006-06-15,87.40911102294922,4.470599522342181,0.020992514854642152,4.5208534562015155,0.05025393385933441,0.04901209419197727,0.025410101265321967
2006-06-16,86.77214050292969,4.46328560819918,-0.007313914143001199,4.5208534562015155,0.05756784800233561,0.05594216422478859,0.025761780167496896
2006-06-19,86.08995056152344,4.455392686404667,-0.00789292179451273,4.5208534562015155,0.06546076979684834,0.06336420954876953,0.02592462284446123
2006-06-20,86.38230895996094,4.458782897436491,0.0033902110318235756,4.5208534562015155,0.062070558765024764,0.060183427845104,0.025329990400094975
2006-06-21,87.02275848388672,4.4661696762142356,0.007386778777744851,4.5208534562015155,0.05468377998727991,0.053215507174065646,0.02528192792299398
2006-06-22,86.6398696899414,4.461760098651223,-0.004409577563012412,4.5208534562015155,0.059093357550292325,0.05738123552949781,0.024729079102566484
2006-06-23,86.62596130371094,4.461599554749629,-0.00016054390159414567,4.5208534562015155,0.05925390145188647,0.05753255507662158,0.02282670420672302
2006-06-26,87.00884246826172,4.466009751056063,0.004410196306434244,4.5208534562015155,0.054843705145452226,0.053366909726974665,0.02274710437207285
2006-06-27,86.25701904296875,4.457331432808613,-0.008678318247450356,4.5208534562015155,0.06352202339290258,0.06154654885600197,0.0196501358229141
2006-06-28,86.84175872802734,4.46408759731569,0.0067561645070775,4.5208534562015155,0.05676585888582508,0.05518473643131416,0.018667281545841196
2006-06-29,88.59599304199219,4.484086631328661,0.01999903401297054,4.5208534562015155,0.03676682487285454,0.03609913314567903,0.02256440533000897
2006-06-30,88.60296630859375,4.484165336831568,7.870550290700606e-05,4.5208534562015155,0.036688119369947536,0.036023265857653475,0.02250916170042464
2006-07-03,88.96495819091797,4.488242564008911,0.004077227177343268,4.5208534562015155,0.03261089219260427,0.03208489034894191,0.02000297666511095
2006-07-05,88.45677185058594,4.482513979015836,-0.005728584993074826,4.5208534562015155,0.038339477185679094,0.03761382272105718,0.020341356021806135
2006-07-06,88.71434783935547,4.48542163316051,0.0029076541446739768,4.5208534562015155,0.03543182304100512,0.0348114643938795,0.01973540092217726
2006-07-07,88.13655853271484,4.478887413186547,-0.006534219973963751,4.5208534562015155,0.04196604301496887,0.041097658547898264,0.020263738958172756
2006-07-10,88.30364227294922,4.480781355603476,0.0018939424169293062,4.5208534562015155,0.04007210059803956,0.039279831843559654,0.020181035374382365
2006-07-11,88.69344329833984,4.485185966609698,0.0044046110062216925,4.5208534562015155,0.03566748959181787,0.035038900246385785,0.018925980019249063
2006-07-12,87.74668884277344,4.474454127648543,-0.010731838961154594,4.5208534562015155,0.04639932855297246,0.04533933719714167,0.01865767790752301
2006-07-13,86.31966400146484,4.458057428466224,-0.016396699182318564,4.5208534562015155,0.06279602773529103,0.060864988350552984,0.02129380403091884
2006-07-14,85.98554229736328,4.454179169299606,-0.0038782591666182142,4.5208534562015155,0.06667428690190924,0.06450014372451784,0.015930679730356535
2006-07-17,85.8602523803711,4.452721002232708,-0.001458167066898497,4.5208534562015155,0.06813245396880774,0.0658632647354157,0.015283454410264343
2006-07-18,86.29878234863281,4.457815488472262,0.005094486239554108,4.5208534562015155,0.06303796772925363,0.061092175185702535,0.014825514662707318
2006-07-19,87.49612426757812,4.471594498297735,0.01377900982547331,4.5208534562015155,0.04925895790378032,0.04806541320736624,0.01707294618242773
2006-07-20,86.8974380493164,4.4647285502408565,-0.006865948056878679,4.5208534562015155,0.056124905960659,0.05457896020810593,0.016979413131733755
2006-07-21,86.28487396240234,4.457654309985748,-0.007074240255108499,4.5208534562015155,0.0631991462157675,0.06124349473282675,0.01736497944310872
2006-07-24,87.85809326171875,4.475722936305753,0.018068626320005166,4.5208534562015155,0.04513051989576233,0.04412728671601185,0.021478242925729037
2006-07-25,88.17135620117188,4.479282150643018,0.0035592143372644713,4.5208534562015155,0.04157130555849786,0.04071906915983914,0.021392791933719055
2006-07-26,88.28968811035156,4.48062331834809,0.0013411677050720883,4.5208534562015155,0.040230137853425774,0.03943164942539634,0.020466509526153694
2006-07-27,88.20616912841797,4.479676905333368,-0.0009464130147218697,4.5208534562015155,0.04117655086814764,0.040340313760209745,0.019902658754375236
2006-07-28,89.09024810791016,4.489649879641798,0.009972974308429805,4.5208534562015155,0.03120357655971784,0.030721769338044935,0.016116344328693803
2006-07-31,88.99974060058594,4.488633455127735,-0.0010164245140629191,4.5208534562015155,0.03222000107378076,0.03170646697245416,0.016129283574074962
2006-08-01,88.56119537353516,4.483693786203766,-0.0049396689239689096,4.5208534562015155,0.03715966999774967,0.03647772253373838,0.01622726807412171
2006-08-02,89.15985870361328,4.490430923765552,0.006737137561786177,4.5208534562015155,0.03042253243596349,0.02996442455035564,0.01638567951406642
2006-08-03,89.39652252197266,4.493081783458411,0.0026508596928591643,4.5208534562015155,0.027771672743104325,0.027389585081470047,0.016367694330592354
2006-08-04,89.243408203125,4.491367560264069,-0.0017142231943418906,4.5208534562015155,0.029485895937446216,0.02905542819240059,0.015866750214789952
2006-08-07,89.03455352783203,4.489024536271513,-0.002343023992556148,4.5208534562015155,0.031828919930002364,0.031327711572824546,0.01589072478353318
2006-08-08,88.69344329833984,4.485185966609698,-0.003838569661815505,4.5208534562015155,0.03566748959181787,0.035038900246385785,0.015831933422082445
2006-08-09,88.39411163330078,4.481805356941998,-0.0033806096676993747,4.5208534562015155,0.039048099259517244,0.03829554923807743,0.014524760965470996
2006-08-10,88.66558074951172,4.4848717728526335,0.0030664159106352784,4.5208534562015155,0.035981683348881965,0.03534203737534758,0.011255705612486538
2006-08-11,88.41500091552734,4.482041648861828,-0.002830123990805511,4.5208534562015155,0.038811807339687476,0.03806827939714208,0.011167111328748959
2006-08-14,88.48458099365234,4.482828310774335,0.0007866619125067587,4.5208534562015155,0.03802514542718072,0.037311266632596096,0.011148117909445936
2006-08-15,89.542724609375,4.49471588131318,0.01188757053884526,4.5208534562015155,0.026137574888335458,0.025798945212280766,0.012601660754660734
2006-08-16,90.28760528564452,4.503000189491689,0.008284308178509114,4.5208534562015155,0.017853266709826343,0.017694841348136925,0.011074145747508623
2006-08-17,90.51729583740234,4.505540946671323,0.002540757179634312,4.5208534562015155,0.015312509530192031,0.015195869167276999,0.010561504722017574
2006-08-18,90.97675323486328,4.510604014924106,0.005063068252782799,4.5208534562015155,0.010249441277409232,0.010197094747700919,0.010253936012328851
2006-08-21,90.58692169189452,4.506309850442559,-0.004294164481547291,4.5208534562015155,0.014543605758956524,0.014438358368017101,0.006372689865261599
2006-08-22,90.57994079589844,4.506232784516665,-7.706592589418193e-05,4.5208534562015155,0.014620671684850706,0.014514308661827902,0.006213147814236746
2006-08-23,90.32936096191406,4.503462556653323,-0.002770227863341468,4.5208534562015155,0.017390899548192174,0.01724055068362329,0.00628717825241823
2006-08-24,90.25276947021484,4.502614283392744,-0.0008482732605790133,4.5208534562015155,0.018239172808771187,0.018073845765124164,0.006284959013538477
2006-08-25,90.36416625976562,4.503847797882682,0.0012335144899378037,4.5208534562015155,0.017005658318833383,0.016861878289778587,0.005050931915686075
2006-08-28,90.79574584960938,4.508612432633115,0.004764634750433316,4.5208534562015155,0.012241023568400067,0.012166407010735125,0.0053239565971404095
2006-08-29,90.9001922607422,4.509762116260869,0.0011496836277533617,4.5208534562015155,0.011091339940646705,0.011030057806058813,0.005033166783545709
2006-08-30,90.95587158203124,4.510374461231416,0.0006123449705475181,4.5208534562015155,0.010478994970099187,0.010424281582850803,0.0044659896758859185
2006-08-31,90.94197845458984,4.510221703763798,-0.0001527574676183363,4.5208534562015155,0.010631752437717523,0.010575435118403198,0.004377742775317785
2006-09-01,91.4849090576172,4.51617403034725,0.005952326583452461,4.5208534562015155,0.004679425854265062,0.0046684943987278515,0.00478713732082808
2006-09-05,91.65892791748048,4.518074382716269,0.001900352369018421,4.5208534562015155,0.0027790734852466414,0.002775215435290801,0.004763469199807006
2006-09-06,90.85144805908205,4.5092257337254145,-0.008848648990854358,4.5208534562015155,0.011627722476100999,0.011560381770169936,0.005564375245932698
2006-09-07,90.4337387084961,4.504617413572385,-0.004608320153029588,4.5208534562015155,0.016236042629130587,0.016104948531017627,0.005687957216566898
2006-09-08,90.69131469726562,4.507461593961145,0.002844180388760442,4.5208534562015155,0.013391862240370145,0.013302590203840281,0.005671406556456733
2006-09-11,90.7818374633789,4.5084592376626365,0.0009976437014911355,4.5208534562015155,0.01239421853887901,0.012317726557858566,0.005583026264969312
2006-09-12,91.6728973388672,4.5182267776580005,0.00976753999536406,4.5208534562015155,0.0026266785435149487,0.0026232318418822897,0.006777329872484554
2006-09-13,92.04182434082033,4.522243086144352,0.00401630848635115,4.522243086144352,0.0,0.0,0.005200016519307636
2006-09-14,92.04877471923828,4.522318596555603,7.551041125175573e-05,4.522318596555603,0.0,0.0,0.004335353361111385
2006-09-15,92.26482391357422,4.524662962841,0.002344366285396582,4.524662962841,0.0,0.0,0.004323264999662821
2006-09-18,92.39067840576172,4.526026090504074,0.0013631276630743372,4.526026090504074,0.0,0.0,0.004023680556520939
2006-09-19,92.1599349975586,4.523525491625702,-0.0025005988783721733,4.526026090504074,0.0025005988783721733,0.0024974749854072,0.0038701261980857056
2006-09-20,92.6493682861328,4.528822134425694,0.0052966427999914245,4.528822134425694,0.0,0.0,0.00422353711908717
2006-09-21,92.201904296875,4.523980784328379,-0.004841350097314567,4.528822134425694,0.004841350097314567,0.0048296496515323195,0.0044221699242963436
2006-09-22,91.92222595214844,4.5209428494368975,-0.0030379348914815196,4.528822134425694,0.007879284988796087,0.007848324790933336,0.004529389383387713
2006-09-25,92.62840270996094,4.52859581935132,0.007652969914422769,4.528822134425694,0.00022631507437331777,0.00022628946704872366,0.0052481739038663
2006-09-26,93.3974838256836,4.536864405104073,0.008268585752753133,4.536864405104073,0.0,0.0,0.005823587756040801
2006-09-27,93.50940704345705,4.538062041324236,0.0011976362201622237,4.538062041324236,0.0,0.0,0.005825006012946997
2006-09-28,93.47443389892578,4.537687964668597,-0.000374076655639044,4.538062041324236,0.000374076655639044,0.00037400669769038775,0.0058220445969118725
2006-09-29,93.3974838256836,4.536864405104073,-0.0008235595645231797,4.538062041324236,0.0011976362201622237,0.0011969193401200062,0.005830296532368168
2006-10-02,93.04793548583984,4.533114795693705,-0.003749609410368393,4.538062041324236,0.004947245630530617,0.00493502816676783,0.0055610267074436975
2006-10-03,93.2436752319336,4.535216230292636,0.0021014345989307515,4.538062041324236,0.0028458110315998653,0.0028417655498548244,0.005571165779357778
2006-10-04,94.33443450927734,4.546846282150219,0.011630051857583368,4.546846282150219,0.0,0.0,0.006288855696666583
2006-10-05,94.51620483398438,4.548771299523432,0.0019250173732130449,4.548771299523432,0.0,0.0,0.006067966070071436
2006-10-06,94.39737701416016,4.547513286898473,-0.0012580126249588375,4.548771299523432,0.0012580126249588375,0.0012572216587931617,0.00598598081444884
2006-10-09,94.45329284667967,4.548105456724449,0.0005921698259756525,4.548771299523432,0.000665842798983185,0.0006656211748583551,0.005977858503509495
2006-10-10,94.57916259765624,4.54943718327144,0.0013317265469909856,4.54943718327144,0.0,0.0,0.0047981035947495376
2006-10-11,94.46726989746094,4.548253424215163,-0.0011837590562766565,4.54943718327144,0.0011837590562766565,0.0011830586899073126,0.004612512545486375
2006-10-12,95.28532409667967,4.556875801914531,0.00862237769936769,4.556875801914531,0.0,0.0,0.005549192707127532
2006-10-13,95.53005981445312,4.559440960414382,0.0025651584998511723,4.559440960414382,0.0,0.0,0.00556285091622814
2006-10-16,95.67687225341795,4.560976600008909,0.0015356395945271828,4.560976600008909,0.0,0.0,0.005569151822652497
2006-10-17,95.37620544433594,4.5578291285217185,-0.003147471487190856,4.560976600008909,0.003147471487190856,0.0031425233915008954,0.005615186956005754
2006-10-18,95.50206756591795,4.559147897157229,0.0013187686355102812,4.560976600008909,0.0018287028516805748,0.0018270317933989366,0.005283614500623393
2006-10-19,95.65591430664062,4.560757526767591,0.001609629610362262,4.560976600008909,0.00021907324131831274,0.00021904924652804691,0.005020932683267512
2006-10-20,95.67687225341795,4.560976600008909,0.00021907324131831274,4.560976600008909,0.0,0.0,0.004905251386237791
2006-10-23,96.11737060546876,4.565570055161903,0.004593455152993364,4.565570055161903,0.0,0.0,0.004433153096054707
2006-10-24,96.40402221679688,4.568547924986699,0.0029778698247966418,4.568547924986699,0.0,0.0,0.0036834303951740156
2006-10-25,96.73268127441406,4.571951310970982,0.003403385984282359,4.571951310970982,0.0,0.0,0.003811304061065296
2006-10-26,97.03328704833984,4.575054085082391,0.0031027741114089125,4.575054085082391,0.0,0.0,0.003930843711476201
2006-10-27,96.42501831054688,4.5687656939884596,-0.006288391093931089,4.575054085082391,0.006288391093931089,0.00626866054212849,0.00442055042511952
2006-10-30,96.35506439208984,4.568039955929354,-0.0007257380591054741,4.575054085082391,0.0070141291530365635,0.0069895875619684356,0.0042500362001209185
2006-10-31,96.341064453125,4.567894650062823,-0.0001453058665310536,4.575054085082391,0.007159435019567617,0.00713386731782073,0.0041946602890288575
2006-11-01,95.6908721923828,4.561122914520066,-0.006771735542757007,4.575054085082391,0.013931170562324624,0.013834580861805446,0.0030681988192709573
2006-11-02,95.6349105834961,4.560537926865285,-0.0005849876547809885,4.575054085082391,0.014516158217105612,0.014411306752363351,0.003025818954501291
2006-11-03,95.46712493896484,4.558781946745178,-0.0017559801201070258,4.575054085082391,0.016272138337212638,0.016140462278628087,0.0030447299217637473
2006-11-06,96.5438461303711,4.569997269198151,0.011215322452972742,4.575054085082391,0.005056815884239896,0.005044051715210829,0.004625183108792864
2006-11-07,96.91442108154295,4.573828332194401,0.003831062996249912,4.575054085082391,0.0012257528879899837,0.001225001959767602,0.004787767814667327
2006-11-08,97.12419128417967,4.575990482106733,0.002162149912332545,4.575990482106733,0.0,0.0,0.0048290152595923674
2006-11-09,96.61376190185548,4.570721193823745,-0.005269288282987894,4.575990482106733,0.005269288282987894,0.005255429935377531,0.004242107282507739
2006-11-10,96.65574645996094,4.571155660275507,0.0004344664517619279,4.575990482106733,0.004834821831225966,0.0048231528934755685,0.004161577191908922
2006-11-13,96.89344787597656,4.5736118992315795,0.0024562389560722764,4.575990482106733,0.0023785828751536897,0.002375756288441111,0.0042078811945565195
2006-11-14,97.62059783935548,4.581088514588533,0.007476615356953431,4.581088514588533,0.0,0.0,0.004787395520014241
2006-11-15,97.90028381347656,4.583949448546323,0.0028609339577903015,4.583949448546323,0.0,0.0,0.004868612504214324
2006-11-16,98.15200805664062,4.586517379572184,0.0025679310258608368,4.586517379572184,0.0,0.0,0.004919054868829224
2006-11-17,98.17994689941406,4.586801987780444,0.00028460820825948474,4.586801987780444,0.0,0.0,0.004919470779043276
2006-11-20,98.23590850830078,4.587371815611142,0.0005698278306986992,4.587371815611142,0.0,0.0,0.0046577041853206515
2006-11-21,98.3337631225586,4.588367438400042,0.0009956227889000857,4.588367438400042,0.0,0.0,0.00455846099147937
2006-11-22,98.52957153320312,4.590356721732653,0.001989283332610725,4.590356721732653,0.0,0.0,0.004462376062923726
2006-11-24,98.13102722167967,4.5863035981314075,-0.004053123601245545,4.590356721732653,0.004053123601245545,0.004044920781871131,0.004548063670054584
2006-11-27,96.78158569335938,4.5724567457459235,-0.013846852385483999,4.590356721732653,0.017899975986729544,0.017740723040237216,0.006465676046337499
2006-11-28,97.2010498046875,4.576781511867817,0.004324766121893475,4.590356721732653,0.013575209864836069,0.01348348224642315,0.006694705065448407
2006-11-29,98.2149429321289,4.587158372135609,0.010376860267792054,4.590356721732653,0.0031983495970440146,0.003193240325501945,0.008051197317251062
2006-11-30,98.25690460205078,4.587585524127984,0.00042715199237530754,4.590356721732653,0.002771197604668707,0.0027673613810493825,0.007475705629951813
2006-12-01,98.04011535644533,4.585376735285549,-0.0022087888424353608,4.590356721732653,0.004979986447104068,0.004967606873159669,0.007532866003638995
2006-12-04,98.7882843017578,4.592979017780943,0.007602282495393631,4.592979017780943,0.0,0.0,0.008222227538904218
2006-12-05,99.21475219726562,4.597286714900328,0.004307697119385168,4.597286714900328,0.0,0.0,0.006871164777931596
2006-12-06,99.13086700439452,4.596440866141881,-0.0008458487584466212,4.597286714900328,0.0008458487584466212,0.0008454911292260503,0.006695248825087319
2006-12-07,98.69732666015624,4.592057860562548,-0.004383005579333243,4.597286714900328,0.005228854337779865,0.005215207674768685,0.006878400480467161
2006-12-08,98.87914276123048,4.593898324185862,0.00184046362331447,4.597286714900328,0.0033883907144653946,0.0033826565969535816,0.00657123651294499
2006-12-11,99.16584014892578,4.596793601650161,0.002895277464298296,4.597286714900328,0.0004931132501670987,0.0004929916898102071,0.006674479281214334
2006-12-12,99.08889770507812,4.596017403829684,-0.0007761978204765541,4.597286714900328,0.0012693110706436528,0.0012685058360804025,0.006606053384128871
2006-12-13,99.19377899169922,4.597075300547136,0.0010578967174517118,4.597286714900328,0.00021141435319194102,0.00021139200675235337,0.005915817424317808
2006-12-14,100.06775665283205,4.605847523071849,0.00877222252471288,4.605847523071849,0.0,0.0,0.006782280930212062
2006-12-15,100.0768814086914,4.605938704688843,9.11816169946178e-05,4.605938704688843,0.0,0.0,0.00669929788881667
2006-12-18,99.80271911621094,4.603195428599679,-0.0027432760891645813,4.605938704688843,0.0027432760891645813,0.0027395167457385794,0.0067930993683682555
2006-12-19,99.9924774169922,4.605094957328409,0.0018995287287300044,4.605938704688843,0.0008437473604345769,0.0008433915057213248,0.006834471539364616
2006-12-20,99.936279296875,4.604532775854158,-0.0005621814742511333,4.605938704688843,0.0014059288346857102,0.0014049409797470824,0.006825963808594511
2006-12-21,99.57071685791016,4.600868113911187,-0.0036646619429703264,4.605938704688843,0.005070590777656037,0.0050577570329573,0.006945317295728051
2006-12-22,98.95902252197266,4.5947058505291105,-0.006162263382076816,4.605938704688843,0.011232854159732852,0.011170001212903569,0.007216792851923252
2006-12-26,99.54257202148438,4.600585412171172,0.005879561642061049,4.605938704688843,0.005353292517671804,0.005338989181977283,0.005236500295802638
2006-12-27,100.19644165039062,4.60713267554903,0.006547263377858492,4.60713267554903,0.0,0.0,0.005540954798000254
2006-12-28,99.98551177978516,4.605025293289503,-0.00210738225952678,4.60713267554903,0.00210738225952678,0.0021051632885465965,0.004240153868228388
2006-12-29,99.57071685791016,4.600868113911187,-0.004157179378315945,4.60713267554903,0.006264561637842725,0.006244980182667281,0.0044556098558705915
2007-01-03,99.39491271972656,4.599100932470767,-0.0017671814404200958,4.60713267554903,0.00803174307826282,0.007999574809859467,0.004433486550241112
2007-01-04,99.60580444335938,4.601220440436252,0.002119507965484324,4.60713267554903,0.005912235112778497,0.005894792243142488,0.0037618764976784977
2007-01-05,98.81137084960938,4.59321268770247,-0.008007752733781182,4.60713267554903,0.013919987846559678,0.013823552792564198,0.004336031399778558
2007-01-08,99.26838684082033,4.597827160251203,0.0046144725487327065,4.60713267554903,0.009305515297826972,0.009262352976650678,0.0045953128992171684
2007-01-09,99.18402099609376,4.596976922647856,-0.000850237603347459,4.60713267554903,0.01015575290117443,0.010104357376576334,0.004362366191745533
2007-01-10,99.51444244384766,4.600302783820701,0.003325861172845279,4.60713267554903,0.006829891728329152,0.006806621026749116,0.004459059173768462
2007-01-11,99.95037078857422,4.60467377068014,0.004370986859439263,4.60713267554903,0.0024589048688898885,0.0024558842386341873,0.004594167644847938
2007-01-12,100.7096939086914,4.612242060321619,0.00756828964147882,4.612242060321619,0.0,0.0,0.005308291860362056
2007-01-16,100.51284790039062,4.6102855591332,-0.0019565011884186134,4.612242060321619,0.0019565011884186134,0.0019545884875723507,0.005342422128449208
2007-01-17,100.55500030517578,4.61070484452148,0.00041928538828006623,4.612242060321619,0.0015372158001385472,0.0015360348891130249,0.004375043422342398
2007-01-18,100.2175064086914,4.607342888047535,-0.0033619564739453267,4.612242060321619,0.004899172274083874,0.004887190903849481,0.004517353331634754
2007-01-19,100.41436767578124,4.60930530135963,0.0019624133120945686,4.612242060321619,0.0029367589619893053,0.002932450903663786,0.004471054660691662
2007-01-22,100.1050262451172,4.606219897299516,-0.0030854040601138166,4.612242060321619,0.006022163022103122,0.00600406614404414,0.0045455396718601555
2007-01-23,100.40035247802734,4.60916571798879,0.002945820689274292,4.612242060321619,0.0030763423328288297,0.0030716152403817976,0.004650898497054559
2007-01-24,101.20890045166016,4.617186702113144,0.008020984124353703,4.617186702113144,0.0,0.0,0.005292319630557235
2007-01-25,100.02066802978516,4.605376844930513,-0.011809857182631056,4.617186702113144,0.011809857182631056,0.011740394536175036,0.00657121001277636
2007-01-26,99.92926788330078,4.604462614551462,-0.0009142303790508066,4.617186702113144,0.012724087561681863,0.012643478613528547,0.0061461688210244746
2007-01-29,99.87303161621094,4.6038996954187414,-0.0005629191327205518,4.617186702113144,0.013287006694402415,0.013199124083827729,0.005610041595682267
2007-01-30,100.39324188232422,4.6090948930630375,0.005195197644296101,4.617186702113144,0.008091809050106313,0.008059158489973961,0.005894159229733965
2007-01-31,101.06827545166016,4.61579628303074,0.006701389967702198,4.617186702113144,0.0013904190824041152,0.00138945289764425,0.006242252967392091
2007-02-01,101.67291259765624,4.621760921439009,0.005964638408268996,4.621760921439009,0.0,0.0,0.0066511731292273005
2007-02-02,101.81352996826172,4.623143002635334,0.0013820811963256574,4.623143002635334,0.0,0.0,0.006618637842887618
2007-02-05,101.84161376953124,4.623418800250186,0.00027579761485174714,4.623418800250186,0.0,0.0,0.005811632544922739
2007-02-06,101.86978149414062,4.623695345651609,0.0002765454014230784,4.623695345651609,0.0,0.0,0.00554429986266885
2007-02-07,102.09474182128906,4.625901223563231,0.0022058779116216343,4.625901223563231,0.0,0.0,0.005596501579242161
2007-02-08,101.96115112304688,4.624591869391682,-0.001309354171548982,4.625901223563231,0.001309354171548982,0.0013084973413812762,0.005478730082391623
2007-02-09,101.20181274414062,4.617116669184447,-0.007475200207235133,4.625901223563231,0.008784554378784115,0.00874608291494039,0.005942071041753628
2007-02-12,100.85731506347656,4.613706795864709,-0.003409873319737855,4.625901223563231,0.01219442769852197,0.012120376972778568,0.005366858714041368
2007-02-13,101.70809173583984,4.622106864646927,0.008400068782218106,4.625901223563231,0.003794358916303864,0.003787169432546089,0.006207697772977335
2007-02-14,102.37598419189452,4.628652155723063,0.006545291076135662,4.628652155723063,0.0,0.0,0.006745277214412235
2007-02-15,102.50959014892578,4.629956356630316,0.0013042009072536942,4.629956356630316,0.0,0.0,0.006624294391701845
2007-02-16,102.46037292480467,4.629476118215585,-0.0004802384147311045,4.629956356630316,0.0004802384147311045,0.00048012311872092095,0.0065786768845883135
2007-02-20,102.67830657958984,4.6316008636541435,0.0021247454385582287,4.6316008636541435,0.0,0.0,0.006515611679141104
2007-02-21,102.63612365722656,4.631189953199304,-0.0004109104548390974,4.6316008636541435,0.0004109104548390974,0.00041082604270048506,0.006408398126284702
2007-02-22,102.55879974365234,4.630436290136371,-0.0007536630629330077,4.6316008636541435,0.001164573517772105,0.001163895665194925,0.0056049190795698246
2007-02-23,102.15803527832033,4.626520979729643,-0.00391531040672799,4.6316008636541435,0.005079883924500095,0.005067003134359815,0.004040716383796641
2007-02-26,102.066650390625,4.62562603509065,-0.0008949446389934224,4.6316008636541435,0.005974828563493517,0.0059570147710881205,0.0040402767536797755
2007-02-27,98.08013916015624,4.58578489103025,-0.03984114406040007,4.6316008636541435,0.045815972623893586,0.04478226777015837,0.024036475268033545
2007-02-28,99.08554077148438,4.5959835252566466,0.010198634226396663,4.6316008636541435,0.03561733839749692,0.03499050508123236,0.02500695324319222
2007-03-01,98.7902603149414,4.5929990200862285,-0.002984505170418039,4.6316008636541435,0.03860184356791496,0.037866287380135866,0.02455333615271643
2007-03-02,97.49658203125,4.579817321299579,-0.01318169878664932,4.6316008636541435,0.05178354235456428,0.05046562142435895,0.026294407574379414
2007-03-05,96.56855010986328,4.570253119988757,-0.009564201310822362,4.6316008636541435,0.061347743665386645,0.05950386866763002,0.027422911432716218
2007-03-06,98.22077178955078,4.587217718343928,0.01696459835517139,4.6316008636541435,0.044383145310215255,0.04341262471624319,0.031048202748868083
2007-03-07,98.12234497070312,4.586215118113101,-0.0010026002308274329,4.6316008636541435,0.04538574554104269,0.04437121881587769,0.03105990474515205
2007-03-08,98.95195770263672,4.594634456619273,0.00841933850617238,4.6316008636541435,0.03696640703487031,0.03629149136838117,0.031891748725510816
2007-03-09,98.98009490966795,4.5949187684005075,0.00028431178123433654,4.6316008636541435,0.03668209525363597,0.036017458732193974,0.03187116567852501
2007-03-12,99.12777709960938,4.596409695699863,0.0014909272993550715,4.6316008636541435,0.0351911679542809,0.0345791589115112,0.031195103179053798
2007-03-13,97.20130920410156,4.576784180553685,-0.01962551514617772,4.6316008636541435,0.05481668310045862,0.053341329419402284,0.03590162664862581
2007-03-14,97.92546844482422,4.584206663250683,0.007422482696997967,4.6316008636541435,0.04739420040346065,0.04628862992672689,0.035706731031025424
2007-03-15,98.0590591430664,4.585569941470413,0.0013632782197303683,4.6316008636541435,0.04603092218373028,0.04498756933571835,0.035190353953161856
2007-03-16,97.7844696044922,4.5827657669310335,-0.0028041745393796447,4.6316008636541435,0.04883509672310993,0.0476618395659294,0.03526800088415623
2007-03-19,98.9632797241211,4.594748869452201,0.01198310252116741,4.6316008636541435,0.03685199420194252,0.03618122443993654,0.03707438875958883
2007-03-20,99.50682830810548,4.600226268021991,0.005477398569790459,4.6316008636541435,0.03137459563215206,0.03088752022829766,0.037395529393701055
2007-03-21,101.14443969726562,4.616549591240376,0.016323323218384367,4.6316008636541435,0.015051272413767691,0.014938568169073352,0.04075068301567442
2007-03-22,101.0667495727539,4.61578118541066,-0.0007684058297154905,4.6316008636541435,0.015819678243483182,0.01569520437685412,0.04075096575345898
2007-03-23,101.21502685546876,4.617247232544423,0.001466047133762416,4.6316008636541435,0.014353631109720766,0.01425110885508074,0.04058489320003799
2007-03-26,101.0809097290039,4.61592128256857,-0.0013259499758531135,4.6316008636541435,0.01567958108557388,0.015557296412439525,0.040596954139676164
2007-03-27,100.84091186523438,4.6135441449725505,-0.0023771375960190966,4.6316008636541435,0.018056718681592976,0.01789467294078617,0.020667962830847746
2007-03-28,100.10676574707033,4.6062372739179045,-0.0073068710546460025,4.6316008636541435,0.02536358973623898,0.025044636186381197,0.020030128459867715
2007-03-29,100.21268463134766,4.607294773765752,0.0010574998478478648,4.6316008636541435,0.024306089888391114,0.024013075696092345,0.019931987498548635
2007-03-30,100.2338409423828,4.607505865587406,0.0002110918216535751,4.6316008636541435,0.02409499806673754,0.02380703109193072,0.017743208446924365
2007-04-02,100.3468017578125,4.608632203860643,0.0011263382732371596,4.6316008636541435,0.02296865979350038,0.022706888138734338,0.016606621555941333
2007-04-03,101.42681121826172,4.6193374666433105,0.010705262782667369,4.6316008636541435,0.01226339701083301,0.012188508001522713,0.014424365235001691
2007-04-04,101.5397491455078,4.620450339016963,0.0011128723736524293,4.6316008636541435,0.011150524637180581,0.01108858795990697,0.014427304533986203
2007-04-05,101.81502532958984,4.623157689782979,0.0027073507660162477,4.6316008636541435,0.008443173871164333,0.008407630382284093,0.013626505073824225
2007-04-09,101.9561538696289,4.624542856843,0.0013851670600208976,4.6316008636541435,0.007058006811143436,0.007033157577459814,0.013649662041723975
2007-04-10,102.076171875,4.625719317668762,0.001176460825761616,4.6316008636541435,0.00588154598538182,0.005864283553635885,0.013639093109592604
2007-04-11,101.6597137451172,4.621631096208351,-0.004088221460410324,4.6316008636541435,0.009969767445792144,0.009920234063103717,0.00899665725504461
2007-04-12,102.11148834228516,4.626065239333173,0.004434143124822043,4.6316008636541435,0.005535624320970101,0.0055203309850588855,0.008550218790933182
2007-04-13,102.57737731933594,4.630617414460714,0.004552175127540359,4.6316008636541435,0.0009834491934297418,0.0009829657657601798,0.008787902304114496
2007-04-16,103.55145263671876,4.640068616103591,0.009451201642876939,4.640068616103591,0.0,0.0,0.009814321206466881
2007-04-17,103.8267593383789,4.642723734602036,0.0026551184984455745,4.642723734602036,0.0,0.0,0.008093853049887419
2007-04-18,103.95384216308594,4.643946975266806,0.0012232406647694205,4.643946975266806,0.0,0.0,0.007734682775045617
2007-04-19,103.925537109375,4.643674653365664,-0.00027232190114201416,4.643946975266806,0.00027232190114201416,0.0002722848248987164,0.004378336081953159
2007-04-20,104.90670776367188,4.6530714577208325,0.009396804355168875,4.6530714577208325,0.0,0.0,0.005483475587537426
2007-04-23,104.5114288330078,4.649296432247792,-0.0037750254730406496,4.6530714577208325,0.0037750254730406496,0.003767909022123761,0.005635954778895956
2007-04-24,104.55372619628906,4.649701065567509,0.00040463331971718475,4.6530714577208325,0.003370392153323465,0.003364718757336127,0.005615865147186458
2007-04-25,105.51378631591795,4.658841620359024,0.00914055479151532,4.658841620359024,0.0,0.0,0.006597392027389663
2007-04-26,105.63379669189452,4.659978364499686,0.0011367441406617829,4.659978364499686,0.0,0.0,0.00594095499255419
2007-04-27,105.54904174804688,4.659175695598896,-0.00080266890079006,4.659978364499686,0.00080266890079006,0.0008023468482808438,0.0059349822326490165
2007-04-30,104.67377471923828,4.650848606264575,-0.008327089334320803,4.659978364499686,0.009129758235110863,0.009088208534777986,0.006808110031158853
2007-05-01,104.94200897216795,4.65340790208302,0.002559295818445051,4.659978364499686,0.006570462416665812,0.0065489241264741205,0.006874655131633801
2007-05-02,105.5561065673828,4.65924262735679,0.005834725273770047,4.659978364499686,0.0007357371428957649,0.0007354665546887018,0.005859616365591341
2007-05-03,106.12782287597656,4.664644243815809,0.005401616459018932,4.664644243815809,0.0,0.0,0.0062116474562651895
2007-05-04,106.53019714355467,4.66842848621329,0.0037842423974803197,4.66842848621329,0.0,0.0,0.006299730809908438
2007-05-07,106.55139923095705,4.668627490611915,0.00019900439862574615,4.668627490611915,0.0,0.0,0.006276054338486407
2007-05-08,106.41018676757812,4.667301312621521,-0.0013261779903945836,4.668627490611915,0.0013261779903945836,0.0013252990049701374,0.0062807754071308635
2007-05-09,106.69967651367188,4.6700181265662035,0.0027168139446827055,4.6700181265662035,0.0,0.0,0.006163186200719217
2007-05-10,105.58435821533205,4.659510237340001,-0.010507889226202494,4.6700181265662035,0.010507889226202494,0.010452874224008757,0.0073066879960272885
2007-05-11,106.4878921508789,4.668031289962285,0.008521052622284309,4.6700181265662035,0.001986836603918185,0.0019848641506032827,0.007960452092466546
2007-05-14,106.25495147705078,4.665841408855629,-0.0021898811066565216,4.6700181265662035,0.004176717710574707,0.004168007356274539,0.006895378713730387
2007-05-15,106.28321075439452,4.666107330770203,0.00026592191457375236,4.6700181265662035,0.003910795796000954,0.0039031585932125523,0.006807444072551058
2007-05-16,107.01023864746094,4.6729245181781005,0.00681718740789794,4.6729245181781005,0.0,0.0,0.007374163425574812
2007-05-17,106.7984619140625,4.670943524868669,-0.001980993309431689,4.6729245181781005,0.001980993309431689,0.001979032437224304,0.0074226756340293725
2007-05-18,107.73023223876952,4.679630252652125,0.008686727783456583,4.679630252652125,0.0,0.0,0.007260882908460775
2007-05-21,107.6737060546875,4.679105413730169,-0.0005248389219563165,4.679630252652125,0.0005248389219563165,0.000524701218101109,0.007084793354466646
2007-05-22,107.58905792236328,4.678318950385339,-0.0007864633448297909,4.679630252652125,0.0013113022667861074,0.0013104428856458572,0.007090523789980274
2007-05-23,107.60317993164062,4.6784502005590305,0.00013125017369119973,4.679630252652125,0.0011800520930949077,0.0011793561054178614,0.006038014097343917
2007-05-24,106.6290512084961,4.669356000011471,-0.009094200547559161,4.679630252652125,0.010274252640654069,0.010221652802463232,0.0070638090314534135
2007-05-25,107.07372283935548,4.67351759571006,0.004161595698588982,4.679630252652125,0.006112656942065087,0.006094012662657189,0.007273909009020569
2007-05-29,107.4620132446289,4.677137419953293,0.0036198242432323724,4.679630252652125,0.0024928326988327143,0.002489728171625294,0.0065653191647242525
2007-05-30,108.33724975585938,4.685249044600723,0.008111624647430205,4.685249044600723,0.0,0.0,0.007311849752338786
2007-05-31,108.22429656982422,4.684205893605597,-0.0010431509951258633,4.685249044600723,0.0010431509951258633,0.0010426071022637817,0.006896605979064878
2007-06-01,108.76077270507812,4.68915072441978,0.004944830814182843,4.68915072441978,0.0,0.0,0.00683705701083778
2007-06-04,108.77490234375,4.689280630824221,0.00012990640444154877,4.689280630824221,0.0,0.0,0.006656831463740725
2007-06-05,108.3443374633789,4.685314465088112,-0.003966165736109417,4.689280630824221,0.003966165736109417,0.003958310888759753,0.006854536399225487
2007-06-06,107.17965698242188,4.674506463673655,-0.010808001414456925,4.689280630824221,0.014774167150566342,0.014665564638125628,0.008304218645285454
2007-06-07,105.24555206298828,4.656296210985286,-0.018210252688368733,4.689280630824221,0.032984419838935075,0.03244636588694161,0.012389544679834604
2007-06-08,106.61492919921876,4.669223550698989,0.012927339713702857,4.689280630824221,0.02005708012523222,0.019857274959487303,0.013103969418484646
2007-06-11,106.7984619140625,4.670943524868669,0.0017199741696796167,4.689280630824221,0.0183371059555526,0.018170004174690613,0.012226379082727744
2007-06-12,105.63379669189452,4.659978364499686,-0.010965160368982652,4.689280630824221,0.029302266324535253,0.028877117645474293,0.013680912532196072
2007-06-13,107.21489715576172,4.674835204987061,0.01485684048737479,4.689280630824221,0.014445425837160464,0.014341591252900354,0.016461165466709442
2007-06-14,107.89962768554688,4.681201421707134,0.00636621672007287,4.689280630824221,0.008079209117087593,0.008046660023072638,0.016386254323483354
2007-06-15,108.5135269165039,4.6868748372511115,0.005673415543977711,4.689280630824221,0.0024057935731098823,0.002402901971082394,0.016742372022460556
2007-06-18,108.38593292236328,4.68569831049578,-0.0011765267553318637,4.689280630824221,0.003582320328441746,0.0035759114741144016,0.01580902671529946
2007-06-19,108.65532684326172,4.688180733050206,0.0024824225544266554,4.689280630824221,0.0010998977740150906,0.0010992931081689195,0.015883202484943005
2007-06-20,107.14532470703124,4.674186087808801,-0.013994645241405479,4.689280630824221,0.01509454301542057,0.0149811914477197,0.01834312027752741
2007-06-21,107.74081420898438,4.679728474389085,0.005542386580284386,4.689280630824221,0.009552156435136183,0.009506679504962534,0.018729950639732415
2007-06-22,106.72708892822266,4.6702750054505815,-0.00945346893850374,4.689280630824221,0.019005625373639923,0.018826157242189834,0.018813911891019986
2007-06-25,106.2166748046875,4.665481109709365,-0.004793895741216581,4.689280630824221,0.023799521114856503,0.02351854595077385,0.018885260117021158
2007-06-26,105.12491607666016,4.655149319973271,-0.010331789736094166,4.689280630824221,0.03413131085095067,0.03355540835656301,0.02006515878716815
2007-06-27,106.62073516845705,4.669278006591787,0.014128686618516184,4.689280630824221,0.020002624232434485,0.01980389895902035,0.02175130755957551
2007-06-28,106.6065444946289,4.669144902855046,-0.0001331037367409138,4.689280630824221,0.0201357279691754,0.01993435804031951,0.0217378199224124
2007-06-29,106.64201354980467,4.669477557442051,0.0003326545870052655,4.689280630824221,0.019803073382170133,0.01960828047636365,0.021431127194308775
2007-07-02,107.60613250732422,4.678477639666105,0.009000082224053685,4.689280630824221,0.010802991158116448,0.010744848409353192,0.02245153320931801
2007-07-03,107.99605560302734,4.6820947042630765,0.003617064596971531,4.689280630824221,0.0071859265611449175,0.007160169523860893,0.022418177048537952
2007-07-05,107.88259887695312,4.68104358842401,-0.0010511158390666964,4.689280630824221,0.008237042400211614,0.008203210920630921,0.020960255617684102
2007-07-06,108.44973754882812,4.686286817249929,0.005243228825919211,4.689280630824221,0.0029938135742924032,0.002989336583306801,0.017128320251572644
2007-07-09,108.53482055664062,4.687071048283842,0.0007842310339132297,4.689280630824221,0.0022095825403791736,0.0022071432098426103,0.015030406470210169
2007-07-10,106.98934173583984,4.672729219555084,-0.014341828728758443,4.689280630824221,0.016551411269137617,0.016415189252640516,0.01758480119598269
2007-07-11,107.7479248046875,4.679794469445145,0.007065249890061409,4.689280630824221,0.009486161379076208,0.009441309685730759,0.01669880717353565
2007-07-12,109.44929504394533,4.695461383052244,0.01566691360709882,4.695461383052244,0.0,0.0,0.01701036072961864
2007-07-13,109.7753448486328,4.698435957856035,0.0029745748037912634,4.698435957856035,0.0,0.0,0.016611184916817463
2007-07-16,109.76124572753906,4.698307513471652,-0.00012844438438364136,4.698435957856035,0.00012844438438364136,0.00012843613575685975,0.016205828477535385
2007-07-17,109.7044906616211,4.6977903022830905,-0.0005172111885611841,4.698435957856035,0.0006456555729448255,0.0006454471822373575,0.016191757959350656
2007-07-18,109.50599670410156,4.695979312178058,-0.001810990105032495,4.698435957856035,0.0024566456779773205,0.0024536305934872438,0.016155435478465326
2007-07-19,109.9313735961914,4.699856294702296,0.0038769825242379596,4.699856294702296,0.0,0.0,0.013877114794027041
2007-07-20,108.81841278076172,4.68968055522049,-0.010175739481805834,4.699856294702296,0.010175739481805834,0.010124141807942078,0.014794742868979988
2007-07-23,109.15154266357422,4.692737216323234,0.0030566611027440516,4.699856294702296,0.007119078379061783,0.007093797767702914,0.013786429155764736
2007-07-24,107.2587661743164,4.675244290358992,-0.017492925964242012,4.699856294702296,0.024612004343303795,0.024311598540488033,0.017352494038165987
2007-07-25,107.47848510742188,4.677290689001718,0.002046398642725933,4.699856294702296,0.022565605700577862,0.02231290675744313,0.01606026157816752
2007-07-26,104.93354034423828,4.6533272006581825,-0.023963488343535566,4.699856294702296,0.04652909404411343,0.045463211169465945,0.020780586827301755
2007-07-27,102.87062072753906,4.633472089221546,-0.01985511143663654,4.699856294702296,0.06638420548074997,0.06422873323304779,0.025747604270113918
2007-07-30,104.47979736328124,4.648993726047691,0.015521636826145269,4.699856294702296,0.0508625686546047,0.0495907224168356,0.028781817208788935
2007-07-31,103.30301666259766,4.637666578628505,-0.011327147419185835,4.699856294702296,0.062189716073790535,0.060295407186864436,0.02937783234535357
2007-08-01,103.8063507080078,4.6425271510183075,0.004860572389802087,4.699856294702296,0.05732914368398845,0.05571678664438884,0.02951066164184237
2007-08-02,104.6357421875,4.650485196776857,0.007958045758549304,4.699856294702296,0.049371097925439145,0.04817215718729895,0.03029470480397152
2007-08-03,101.94190979003906,4.62440313918843,-0.026082057588427077,4.699856294702296,0.07545315551386622,0.07267683050609208,0.03851976152598748
2007-08-06,103.6503677368164,4.641023386746372,0.01662024755794267,4.699856294702296,0.05883290795592355,0.05713569888107484,0.041992543419204095
2007-08-07,104.75631713867188,4.651636863796961,0.010613477050588571,4.699856294702296,0.04821943090533498,0.04707533698731847,0.04082021225131504
2007-08-08,106.2166748046875,4.665481109709365,0.013844245912403963,4.699856294702296,0.03437518499293102,0.03379107046500629,0.042606204151128715
2007-08-09,103.06908416748048,4.635399483470081,-0.030081626239283565,4.699856294702296,0.06445681123221458,0.062423393834029506,0.050915300046997174
2007-08-10,102.58702087402344,4.63071142253209,-0.004688060937991345,4.699856294702296,0.06914487217020593,0.06680852318962016,0.0510807357801938
2007-08-13,102.95563507080078,4.634298167971961,0.0035867454398710308,4.699856294702296,0.0655581267303349,0.06345539309837422,0.0512426236658148
2007-08-14,101.38182830810548,4.61889386709056,-0.015404300881400879,4.699856294702296,0.08096242761173578,0.07777165888503079,0.05422913839152736
2007-08-15,99.98536682128906,4.605023843493441,-0.013870023597118752,4.699856294702296,0.09483245120885453,0.09047468843095496,0.056611771546271096
2007-08-16,100.7367706298828,4.612510883320488,0.007487039827046793,4.699856294702296,0.08734541138180774,0.08363948039149327,0.05712868367194066
2007-08-17,102.58702087402344,4.63071142253209,0.018200539211601807,4.699856294702296,0.06914487217020593,0.06680852318962016,0.05999787948719323
2007-08-20,102.5373992919922,4.630227603170563,-0.0004838193615270825,4.699856294702296,0.06962869153173301,0.06725991009044696,0.05988310487857049
2007-08-21,102.74295806884766,4.632230316417985,0.002002713247422072,4.699856294702296,0.06762597828431094,0.06539002736151367,0.05607801073823843
2007-08-22,103.96233367919922,4.6440286573782,0.01179834096021537,4.699856294702296,0.05582763732409557,0.054297874407702285,0.057779175823546094
2007-08-23,103.8701400756836,4.643141465806093,-0.0008871915721071488,4.699856294702296,0.05671482889620272,0.0551365212880206,0.05055355884826123
2007-08-24,105.15330505371094,4.655419333454178,0.012277867648085028,4.699856294702296,0.04443696124811769,0.04346410297784187,0.04748571820442648
2007-08-27,104.17499542236328,4.646072133366719,-0.009347200087459484,4.699856294702296,0.053784161335577174,0.05236337894742327,0.04555097484480087
2007-08-28,101.88521575927734,4.623846843925264,-0.02222528944145452,4.699856294702296,0.0760094507770317,0.07319255253254509,0.05015828104326669
2007-08-29,103.88433837890624,4.643278149292778,0.019431305367513474,4.699856294702296,0.05657814540951822,0.055007365226760085,0.05461805689381273
2007-08-30,103.6078643798828,4.640613237947018,-0.0026649113457599682,4.699856294702296,0.05924305675527819,0.05752233424769737,0.05390957477215124
2007-08-31,104.62871551513672,4.650418040868558,0.009804802921539846,4.699856294702296,0.049438253833738344,0.048236075904343756,0.046549416218932285
2007-09-04,105.68492889404295,4.660462298926269,0.010044258057711808,4.699856294702296,0.039393995776026536,0.038628141932864124,0.04434006280606916
2007-09-05,104.77047729492188,4.651772026999451,-0.008690271926818482,4.699856294702296,0.04808426770284502,0.04694652793320797,0.043872286937408515
2007-09-06,105.0114974975586,4.654069844139587,0.002297817140136438,4.699856294702296,0.04578645056270858,0.04475406735755738,0.041523858853361045
2007-09-07,103.5511474609375,4.640065669006054,-0.014004175133533359,4.699856294702296,0.05979062569624194,0.058038264478439294,0.03259313867139213
2007-09-10,103.35262298583984,4.638146665446163,-0.0019190035598910526,4.699856294702296,0.06170962925613299,0.05984415908889806,0.0323626173786295
2007-09-11,104.5578384399414,4.649740396186646,0.011593730740482755,4.699856294702296,0.05011589851565024,0.04888081518919685,0.03389414548399749
2007-09-12,104.82720184326172,4.6523132977802915,0.00257290159364576,4.699856294702296,0.04754299692200448,0.046430528301035556,0.030987669929767283
2007-09-13,105.56446075439452,4.65932176874147,0.0070084709611784035,4.699856294702296,0.04053452596082607,0.03972399051282405,0.029182607923693312
2007-09-14,105.55734252929688,4.659254336339987,-6.743240148310292e-05,4.699856294702296,0.040601958362309176,0.03978874204703009,0.02847636257383132
2007-09-17,104.99024963378906,4.653867485215128,-0.005386851124859149,4.699856294702296,0.045988809487168325,0.044947350340153625,0.024668120145680424
2007-09-18,108.08110809326172,4.682881946127715,0.029014460912587303,4.699856294702296,0.016974348574581022,0.01683109600473287,0.035272341392686125
2007-09-19,108.71910858154295,4.688767570596093,0.005885624468378481,4.699856294702296,0.011088724106202541,0.011027470821036278,0.03565827580208145
2007-09-20,107.95349884033205,4.681700568110716,-0.007067002485377394,4.699856294702296,0.018155726591579935,0.01799190432318798,0.03453362090348837
2007-09-21,108.24485778808594,4.684395862641921,0.0026952945312048726,4.699856294702296,0.015460432060375062,0.015341533112289252,0.03461523745041486
2007-09-24,108.04534149169922,4.682550967647685,-0.0018448949942362347,4.699856294702296,0.017305327054611297,0.01715644990864984,0.03275872325521876
2007-09-25,107.83170318603516,4.68057170787297,-0.0019792597747150253,4.699856294702296,0.019284586829326322,0.019099828751970804,0.03170721948445687
2007-09-26,108.40153503417967,4.685842249737198,0.005270541864228484,4.699856294702296,0.014014044965097838,0.013916305345471502,0.025833290006362426
2007-09-27,109.04261779785156,4.691738794783989,0.005896545046790713,4.699856294702296,0.008117499918307125,0.008084641984048235,0.02151392955792368
2007-09-28,108.67932891845705,4.688401609699711,-0.0033371850842778272,4.699856294702296,0.011454685002584952,0.011389329877141363,0.021564771210678856
2007-10-01,109.9044189453125,4.699611069384777,0.011209459685066037,4.699856294702296,0.00024522531751891563,0.0002451952522484202,0.021936695819549996
2007-10-02,109.75480651855467,4.698248846153974,-0.001362223230803039,4.699856294702296,0.0016074485483219547,0.0016061572948713465,0.02068889932527795
2007-10-03,109.53407287597656,4.6962356686710285,-0.002013177482945494,4.699856294702296,0.0036206260312674488,0.003614079468107212,0.019788403248716894
2007-10-04,109.7049789428711,4.697794753150694,0.0015590844796653514,4.699856294702296,0.0020615415516020974,0.0020594180343079804,0.019752503086862775
2007-10-05,111.00847625732422,4.70960656107545,0.011811807924756224,4.70960656107545,0.0,0.0,0.019039366841399088
2007-10-08,110.4172821044922,4.704266662393322,-0.00533989868212803,4.70960656107545,0.00533989868212803,0.0053256667667577196,0.01935224932663282
2007-10-09,111.45719909667967,4.713640652601526,0.009373990208204397,4.713640652601526,0.0,0.0,0.0187658087858856
2007-10-10,111.27198791503906,4.711977545697438,-0.0016631069040879964,4.713640652601526,0.0016631069040879964,0.0016617247081535114,0.018717249670629984
2007-10-11,110.73777770996094,4.7071650435572066,-0.004812502140231878,4.713640652601526,0.006475609044319874,0.006454687472405185,0.018390172717244285
2007-10-12,111.35030364990234,4.712681120685759,0.00551607712855251,4.713640652601526,0.0009595319157673643,0.000959071712223758,0.018773496970212356
2007-10-15,110.41014099121094,4.704201986428864,-0.008479134256894838,4.713640652601526,0.009438666172662202,0.009394261779002933,0.019313754134295997
2007-10-16,109.53407287597656,4.6962356686710285,-0.00796631775783574,4.713640652601526,0.01740498393049794,0.017254392145947595,0.009506207419087481
2007-10-17,109.86883544921876,4.699287249304826,0.0030515806337971796,4.713640652601526,0.014353403296700762,0.014250884288623311,0.009187069188258044
2007-10-18,109.469970703125,4.695650271491738,-0.003636977813087583,4.713640652601526,0.017990381109788345,0.01782952029712248,0.008724461240163512
2007-10-19,106.6065444946289,4.669144902855046,-0.02650536863669206,4.713640652601526,0.044495749746480406,0.04352033463395433,0.017484862660021666
2007-10-22,107.22628021240234,4.6749413698271445,0.005796466972098457,4.713640652601526,0.03869928277438195,0.037960032358316353,0.01786532459693943
2007-10-23,108.09525299072266,4.683012810551653,0.008071440724508605,4.713640652601526,0.030627842049873344,0.030163561736741062,0.018636831241968917
2007-10-24,107.89585876464844,4.681166491218449,-0.001846319333203894,4.713640652601526,0.03247416138307724,0.03195253748429494,0.018329772814542393
2007-10-25,108.15223693847656,4.6835398358511515,0.0023733446327023344,4.713640652601526,0.030100816750374904,0.029652298684953227,0.01796265318237738
2007-10-26,109.42005157470705,4.695194159981822,0.011654324130670801,4.713640652601526,0.018446492619704102,0.018277397408897,0.019533702662243094
2007-10-29,109.78337860107422,4.698509138755604,0.0033149787737816183,4.713640652601526,0.015131513845922484,0.015017607737957461,0.018088950095020817
2007-10-30,109.02117919921876,4.6915421679344425,-0.006966970821161489,4.713640652601526,0.022098484667083973,0.021856101868734545,0.018677156276704757
2007-10-31,110.15367889404295,4.701876471637901,0.010334303703458225,4.713640652601526,0.011764180963625748,0.011695253543074768,0.019971742639868895
2007-11-01,107.57528686523438,4.67819094537446,-0.023685526263440337,4.713640652601526,0.035449707227066085,0.03482872585088026,0.027009767605382394
2007-11-02,107.69638061523438,4.67931597742526,0.0011250320507993905,4.713640652601526,0.034324675176266695,0.03374226619657916,0.025267778427748692
2007-11-05,106.87723541259766,4.671680843179449,-0.0076351342458105265,4.713640652601526,0.04195980942207722,0.04109168112244832,0.025643015966152257
2007-11-06,108.31602478027344,4.685053109637826,0.013372266458376636,4.713640652601526,0.028587542963700585,0.028182785337011018,0.0267889332705622
2007-11-07,105.35297393798828,4.657316368973627,-0.0277367406641984,4.713640652601526,0.056324283627898986,0.05476743725989741,0.03644760008260421
2007-11-08,104.81879425048828,4.652233090259665,-0.0050832787139620805,4.713640652601526,0.061407562341861066,0.0595601262187927,0.03648136235759366
2007-11-09,103.3799819946289,4.638411345601007,-0.013821744658658375,4.713640652601526,0.07522930700051944,0.07246922735824779,0.0385050926909584
2007-11-12,102.35431671142578,4.628440487196674,-0.009970858404333427,4.713640652601526,0.08520016540485287,0.08167155158239636,0.03885187366557592
2007-11-13,105.47404479980467,4.658464901793094,0.030024414596420357,4.713640652601526,0.05517575080843251,0.05368118295961399,0.04941071465638645
2007-11-14,105.1820297241211,4.655692465599275,-0.002772436193819061,4.713640652601526,0.05794818700225157,0.056301157963922654,0.04939023030824778
2007-11-15,103.66487884521484,4.641163377496318,-0.0145290881029565,4.713640652601526,0.07247727510520807,0.06991311745332462,0.05188335190622909
2007-11-16,103.84293365478516,4.642879504239924,0.0017161267436058836,4.713640652601526,0.07076114836160219,0.06831560010125304,0.04306852451408715
2007-11-19,102.39704132080078,4.6288578188364315,-0.01402168540349269,4.713640652601526,0.08478283376509488,0.08128822408339853,0.045122433279755396
2007-11-20,103.0238037109375,4.634960065518907,0.006102246682475609,4.713640652601526,0.07868058708261927,0.07566487812444345,0.04477075794573245
2007-11-21,100.91547393798828,4.614283274748806,-0.020676790770100872,4.713640652601526,0.09935737785272014,0.09458092652720695,0.050114679792259066
2007-11-23,102.66056060791016,4.631428017938503,0.0171447431896965,4.713640652601526,0.08221263466302364,0.0789239148306532,0.05374737891637692
2007-11-26,100.3955535888672,4.609117919313459,-0.022310098625044184,4.713640652601526,0.10452273328806783,0.09924567993331102,0.05830753601080436
2007-11-27,101.5494155883789,4.620545533094806,0.011427613781347823,4.713640652601526,0.09309511950672,0.08889316785815271,0.059814512043863705
2007-11-28,104.79741668701172,4.652029121650033,0.03148358855522648,4.713640652601526,0.06161153095149352,0.05975192687096964,0.07169225063410128
2007-11-29,104.83302307128906,4.652368827893657,0.000339706243623894,4.713640652601526,0.06127182470786963,0.05943246447135875,0.07034805198203904
2007-11-30,105.8871612548828,4.662374010648624,0.010005182754967201,4.713640652601526,0.051266641952902425,0.04997467984966397,0.0645407060295996
2007-12-03,105.18912506103516,4.655759921015623,-0.006614089633001363,4.713640652601526,0.05788073158590379,0.05623749821855306,0.06507596013503103
2007-12-04,104.24897003173828,4.646781980838626,-0.00897794017699649,4.713640652601526,0.06685867176290028,0.06467261983399397,0.06535704263439528
2007-12-05,105.99405670166016,4.663383023687888,0.01660104284926156,4.713640652601526,0.05025762891363872,0.04901560813743977,0.06657643426385512
2007-12-06,107.51122283935548,4.677595240624205,0.014212216936317468,4.713640652601526,0.03604541197732125,0.03540351174535927,0.059427954391261716
2007-12-07,107.48982238769533,4.677396167622414,-0.00019907300179156096,4.713640652601526,0.03624448497911281,0.03559551775155356,0.05910287322672212
2007-12-10,108.32316589355467,4.685119035966868,0.007722868344454348,4.713640652601526,0.028521616634658464,0.02811871488360662,0.057447259309435575
2007-12-11,105.35297393798828,4.657316368973627,-0.02780266699324052,4.713640652601526,0.056324283627898986,0.05476743725989741,0.06593424476961936
2007-12-12,106.39290618896484,4.667138903528579,0.00982253455495119,4.713640652601526,0.046501749072947796,0.04543710903161935,0.055791455356260275
2007-12-13,106.1720733642578,4.66506111155532,-0.002077791973258414,4.713640652601526,0.04857954104620621,0.04741843304206361,0.05574900365090554
2007-12-14,104.8258819580078,4.652300706644211,-0.012760404911109191,4.713640652601526,0.0613399459573154,0.05949653492476259,0.05514084615904459
2007-12-17,103.33011627197266,4.637928875474567,-0.014371831169643912,4.713640652601526,0.07571177712695931,0.07291662531064902,0.05770626210516931
2007-12-18,103.90707397460938,4.643496980239989,0.005568104765421467,4.713640652601526,0.07014367236153785,0.06774012969338294,0.0556196533321341
2007-12-19,103.90707397460938,4.643496980239989,0.0,4.713640652601526,0.07014367236153785,0.06774012969338294,0.055150461908504415
2007-12-20,104.56236267089844,4.649783665377606,0.0062866851376170985,4.713640652601526,0.06385698722392075,0.061860844177508145,0.0502615703502139
2007-12-21,106.06967163085938,4.664096157734887,0.014312492357281492,4.713640652601526,0.049544494866639255,0.04833718691555333,0.04913897610251502
2007-12-24,106.85733795166016,4.671494654668328,0.007398496933440413,4.713640652601526,0.04214599793319884,0.04127020221483835,0.04355714153082313
2007-12-26,107.08646392822266,4.673636582241353,0.0021419275730254483,4.713640652601526,0.040004070360173394,0.03921447159878588,0.04196950999292782
2007-12-27,105.74024963378906,4.66098561163097,-0.012650970610383006,4.713640652601526,0.0526550409705564,0.051292778835502206,0.031496776927209647
2007-12-28,105.47533416748048,4.658477126220415,-0.002508485410555039,4.713640652601526,0.05516352638111144,0.05366961468330489,0.031574608371119584
2007-12-31,104.6948013305664,4.651049463640554,-0.00742766257986105,4.713640652601526,0.06259118896097249,0.06067259738195474,0.03100844613806327
2008-01-02,103.77825164794922,4.642256427082994,-0.008793036557560363,4.713640652601526,0.07138422551853285,0.0688959305541994,0.031431444646951405
2008-01-03,103.7281723022461,4.641773749528033,-0.0004826775549604534,4.713640652601526,0.0718669030734933,0.06934524514409601,0.030418777201235613
2008-01-04,101.18617248535156,4.6169621119976405,-0.024811637530392616,4.713640652601526,0.09667854060388592,0.09215220456436224,0.03470306364026839
2008-01-07,101.10020446777344,4.616112148455374,-0.0008499635422660745,4.713640652601526,0.097528504146152,0.09292351425341616,0.03216712877027411
2008-01-08,99.46762084960938,4.599832172607535,-0.0162799758478398,4.713640652601526,0.1138084799939918,0.10757114250350353,0.0355061033629563
2008-01-09,100.51305389404295,4.610287608557186,0.010455435949650926,4.713640652601526,0.10335304404434087,0.09819146085972907,0.03613198877539292
2008-01-10,101.17180633544922,4.616820124515751,0.006532515958565632,4.713640652601526,0.09682052808577524,0.09228109843590027,0.02693002573282272
2008-01-11,100.35548400878906,4.608718722566186,-0.008101401949565101,4.713640652601526,0.10492193003534034,0.09960518636629978,0.026541322391484327
2008-01-14,101.16468811035156,4.616749764246635,0.008031041680449214,4.713640652601526,0.09689088835489112,0.09234496353528676,0.027299595569945417
2008-01-15,98.93772888183594,4.594490651036771,-0.022259113209864623,4.713640652601526,0.11915000156475575,0.11232536180981978,0.031490861931111204
2008-01-16,98.0855941772461,4.585840507441928,-0.008650143594842952,4.713640652601526,0.1278001451595987,0.11997076032598697,0.029831132639448647
2008-01-17,95.54358673095705,4.559582548925107,-0.02625795851682078,4.713640652601526,0.15405810367641948,0.1427777881975918,0.03812793773383254
2008-01-18,94.56258392333984,4.549261879038887,-0.01032066988622038,4.713640652601526,0.16437877356263986,0.15157939828261002,0.03947004219277677
2008-01-22,93.60308837890624,4.539063378440342,-0.010198500598544769,4.713640652601526,0.17457727416118463,0.1601880440426865,0.040282578448707945
2008-01-23,95.85150909423828,4.56280021369988,0.023736835259538402,4.713640652601526,0.15084043890164622,0.14001509215124608,0.04480081132303937
2008-01-24,96.66065979003906,4.5712064922785896,0.008406278578709347,4.713640652601526,0.14243416032293688,0.13275534847960635,0.0450015011326655
2008-01-25,95.26435089111328,4.556655668181399,-0.014550824097190329,4.713640652601526,0.1569849844201272,0.1452831072088976,0.04761144784772453
2008-01-28,96.83969116210938,4.573056942908529,0.016401274727130044,4.713640652601526,0.14058370969299716,0.13114906935612802,0.04898427776437879
2008-01-29,97.31941986083984,4.577998556747121,0.0049416138385920405,4.713640652601526,0.13564209585440512,0.12684491760443783,0.04921267857264123
2008-01-30,96.6033706665039,4.5706136336377154,-0.007384923109405861,4.713640652601526,0.14302701896381098,0.13326934958495862,0.049204701738578986
2008-01-31,98.36487579345705,4.588683787016682,0.018070153378966225,4.713640652601526,0.12495686558484476,0.11746503060664648,0.05234478492416231
2008-02-01,99.94738006591795,4.6046438481558125,0.015960061139130843,4.713640652601526,0.10899680444571391,0.10326671694645695,0.05555136615584073
2008-02-04,98.68707275390624,4.591953962723715,-0.01268988543209737,4.713640652601526,0.12168668987781128,0.11457426210483201,0.04982360568112687
2008-02-05,96.04483795166016,4.564815144424792,-0.02713881829892273,4.713640652601526,0.148825508176734,0.1382805352182822,0.05909459774117525
2008-02-06,95.27149200439452,4.556730626395834,-0.008084518028958598,4.713640652601526,0.1569100262056926,0.14521903675549352,0.05657865264991957
2008-02-07,95.901611328125,4.563322783918467,0.006592157522633535,4.713640652601526,0.15031786868305907,0.1395655722073318,0.05574882168873467
2008-02-08,95.28582763671876,4.556881086450354,-0.006441697468113183,4.713640652601526,0.15675956615117226,0.14509041668931233,0.055733975127909105
2008-02-11,95.77273559570312,4.561978047349272,0.005096960898917757,4.713640652601526,0.1516626052522545,0.14072185222752231,0.05523433846830327
2008-02-12,96.66065979003906,4.5712064922785896,0.009228444929317625,4.713640652601526,0.14243416032293688,0.13275534847960635,0.05549473719159151
2008-02-13,97.64883422851562,4.581377718987377,0.01017122670878745,4.713640652601526,0.13226293361414942,0.12388939413582845,0.05055535741317847
2008-02-14,96.78955078125,4.5725390419812015,-0.008838677006175466,4.713640652601526,0.1411016106203249,0.1315989315567374,0.050596902473480435
2008-02-15,96.76802825927734,4.572316653148193,-0.0002223888330084023,4.713640652601526,0.1413239994533333,0.13179203278435758,0.0419100727721372
2008-02-19,97.04019165039062,4.57512523959665,0.002808586448456829,4.713640652601526,0.13851541300487646,0.12935016816440414,0.0406673591019575
2008-02-20,97.32658386230467,4.578072167315343,0.002946927718692649,4.713640652601526,0.13556848528618382,0.1267806417970171,0.03946626370531809
2008-02-21,96.51742553710938,4.569723567557231,-0.008348599758111419,4.713640652601526,0.14391708504429523,0.13404045391999564,0.03324516200457976
2008-02-22,97.11177825927734,4.57586266824251,0.006139100685278898,4.713640652601526,0.13777798435901634,0.128707889249566,0.03282965227936192
2008-02-25,98.33623504638672,4.588392576182636,0.01252990794012554,4.713640652601526,0.1252480764188908,0.11772199693365304,0.03214008087897807
2008-02-26,99.07376861572266,4.595864710190002,0.007472134007366016,4.713640652601526,0.11777594241152478,0.11110480598220818,0.029454151150738506
2008-02-27,98.9735336303711,4.594852477326707,-0.0010122328632942157,4.713640652601526,0.118788175274819,0.11200411967539237,0.029159375008039588
2008-02-28,98.00684356689452,4.585037308547659,-0.0098151687790482,4.713640652601526,0.1286033440538672,0.12067731504824641,0.029686060663289597
2008-02-29,95.8228530883789,4.56250120651137,-0.022536102036289307,4.713640652601526,0.1511394460901565,0.14027219538093072,0.03197101335660815
2008-03-03,95.59375762939452,4.560107521161774,-0.002393685349596275,4.713640652601526,0.15353313143975278,0.14232765219162657,0.028833691199257924
2008-03-04,95.22854614257812,4.556279751288808,-0.003827769872965625,4.713640652601526,0.1573609013127184,0.14560434934332533,0.026989285936257816
2008-03-05,95.83002471923828,4.562576046304487,0.0062962950156792985,4.713640652601526,0.1510646062970391,0.14020785112217027,0.018208697126765625
2008-03-06,93.84654998779295,4.541661001438257,-0.020915044866230303,4.713640652601526,0.1719796511632694,0.15800369336045217,0.022896900968713586
2008-03-07,92.87989807128906,4.531307239965359,-0.010353761472898348,4.713640652601526,0.18233341263616776,0.1666765464766108,0.023700073300227786
2008-03-10,91.65541076660156,4.518036009821877,-0.013271230143481638,4.713640652601526,0.1956046427796494,0.17766271259788025,0.02539641234918484
2008-03-11,94.94927978515624,4.553342852028434,0.03530684220655722,4.713640652601526,0.16029780057309218,0.14810994215998718,0.040775897961224626
2008-03-12,94.0614013671875,4.54394777505771,-0.009395076970724503,4.713640652601526,0.16969287754381668,0.15607603519986835,0.04081499923217674
2008-03-13,94.26904296875,4.5461528533330835,0.002205078275373751,4.713640652601526,0.16748779926844293,0.15421306355474063,0.03957274655190781
2008-03-14,92.80821990966795,4.530535212482279,-0.015617640850804193,4.713640652601526,0.18310544011924712,0.16731964680751843,0.04166168158292549
2008-03-17,91.8702163696289,4.520376889452354,-0.010158323029925143,4.713640652601526,0.19326376314917226,0.17573546514533067,0.042961271664764974
2008-03-18,95.68682861328124,4.561080656941622,0.040703767489267406,4.713640652601526,0.15255999565990486,0.1414926143058639,0.06373751914253677
2008-03-19,93.31666564941406,4.535998716225711,-0.025081940715910633,4.713640652601526,0.1776419363758155,0.16275784421543005,0.07155480316796219
2008-03-20,95.04513549804688,4.554351889277037,0.018353173051326443,4.713640652601526,0.15928876332448905,0.1472499195354503,0.07492076519141024
2008-03-24,96.94489288330078,4.574142702459987,0.01979081318294984,4.713640652601526,0.1394979501415392,0.13020519384118634,0.07938101057956244
2008-03-25,97.0384521484375,4.575107313853568,0.0009646113935808387,4.713640652601526,0.13853333874795837,0.1293657750697208,0.07741455229468526
2008-03-26,95.85110473632812,4.562795995104191,-0.012311318749376632,4.713640652601526,0.150844657497335,0.14001872007221838,0.0786208231570167
2008-03-27,95.54888153076172,4.55963796502658,-0.0031580300776115067,4.713640652601526,0.1540026875749465,0.14273028296825252,0.07873357474339643
2008-03-28,94.63494873046876,4.550026844729958,-0.009611120296622033,4.713640652601526,0.16361380787156854,0.15093013733118277,0.07868362954285263
2008-03-31,94.96600341796876,4.553518968795592,0.003492124065633817,4.713640652601526,0.16012168380593472,0.14795989682466493,0.0724380493901493
2008-04-01,98.30493927001952,4.58807427278824,0.034555303992648057,4.713640652601526,0.12556637981328667,0.118002784326669,0.08741112462648955
2008-04-02,98.36970520019533,4.588732882673529,0.0006586098852894295,4.713640652601526,0.12490776992799724,0.11742170090899184,0.08723197713072534
2008-04-03,98.6143798828125,4.59121709157136,0.00248420889783052,4.713640652601526,0.12242356103016672,0.11522646646384005,0.0868102294635626
2008-04-04,98.50642395019533,4.590121763819938,-0.0010953277514218485,4.713640652601526,0.12351888878158856,0.11619505291219967,0.08131361354175785
2008-04-07,98.55682373046876,4.590633272505251,0.0005115086853129114,4.713640652601526,0.12300738009627565,0.11574286336606088,0.07996618547442606
2008-04-08,98.4560775756836,4.589610535792082,-0.0010227367131685483,4.713640652601526,0.1240301168094442,0.11664676329896528,0.07776018302930247
2008-04-09,97.74365997314452,4.582348337152225,-0.007262198639857331,4.713640652601526,0.13129231544930153,0.12303861244207104,0.06271787995262627
2008-04-10,97.8803939819336,4.583746263718941,0.0013979265667156682,4.713640652601526,0.12989438888258587,0.12181182754260045,0.06163033271786742
2008-04-11,95.98062896728516,4.564146389516412,-0.01959987420252851,4.713640652601526,0.14949426308511438,0.13885662168820434,0.06640942071965308
2008-04-14,95.65680694580078,4.560766858495814,-0.003379531020597959,4.713640652601526,0.15287379410571234,0.1417619703252485,0.06348005332425148
2008-04-15,95.8798599243164,4.563095948617227,0.0023290901214130244,4.713640652601526,0.1505447039842993,0.13976072697512554,0.06224819081281975
2008-04-16,98.47763061523438,4.589829422033903,0.026733473416675757,4.713640652601526,0.12381123056762355,0.11645338826598861,0.05037750291787683
2008-04-17,98.62157440185548,4.591290044994809,0.0014606229609057664,4.713640652601526,0.12235060760671779,0.11516191685106258,0.04247767675178094
2008-04-18,99.6505889892578,4.601669957220943,0.010379912226134103,4.713640652601526,0.11197069538058368,0.10592954248904651,0.039591062323086894
2008-04-21,99.70098114013672,4.602175517843511,0.0005055606225683462,4.713640652601526,0.11146513475801534,0.1054774213942461,0.03465916156735533
2008-04-22,99.26203155517578,4.597763136957463,-0.004412380886048339,4.713640652601526,0.11587751564406368,0.10941570073841134,0.03489274830463636
2008-04-23,99.10369110107422,4.596166686869102,-0.0015964500883605126,4.713640652601526,0.11747396573242419,0.11083633983023178,0.03301509735718837
2008-04-24,99.53547668457033,4.600514130209517,0.004347443340415147,4.713640652601526,0.11312652239200904,0.10696233629348806,0.03312757893848883
2008-04-25,100.45659637451172,4.609725757342925,0.009211627133407951,4.713640652601526,0.10391489525860109,0.0986980007691185,0.033032832496207684
2008-04-28,100.47815704345705,4.6099403610255765,0.00021460368265113772,4.713640652601526,0.10370029157594995,0.09850455728480312,0.03287975666176813
2008-04-29,100.08235931396484,4.605993440161011,-0.003946920864565051,4.713640652601526,0.107647212440515,0.10205567585498032,0.01803077195538206
2008-04-30,99.49227905273438,4.600080043693753,-0.005913396467258636,4.713640652601526,0.11356060890777364,0.10734990777551001,0.01846590653943668
2008-05-01,101.55036926269533,4.62055492428463,0.020474880590877653,4.713640652601526,0.09308572831689599,0.08888461144076465,0.02367032950060592
2008-05-02,101.83099365234376,4.623314514088865,0.002759589804234963,4.713640652601526,0.09032613851266103,0.08636683428574154,0.023751165972463916
2008-05-05,101.3416976928711,4.618497952353378,-0.00481656173548739,4.713640652601526,0.09514270024814842,0.09075682401667251,0.02404018005775321
2008-05-06,102.2196044921875,4.62712348415037,0.008625531796991659,4.713640652601526,0.08651716845115676,0.0828801968770031,0.024964438043548493
2008-05-07,100.39898681640624,4.609152115736652,-0.017971368413717492,4.713640652601526,0.10448853686487425,0.09921487683071362,0.028369343018616395
2008-05-08,100.13996124267578,4.606568819870326,-0.0025832958663265515,4.713640652601526,0.1070718327312008,0.10153886824472502,0.02842880517608923
2008-05-09,99.95282745361328,4.604698349226765,-0.0018704706435608287,4.713640652601526,0.10894230337476163,0.1032178426903344,0.02363253443117508
2008-05-12,101.07537841796876,4.615866559452241,0.011168210225475761,4.713640652601526,0.09777409314928587,0.09314625491086925,0.02506021132166267
2008-05-13,101.08981323242188,4.616009361626638,0.00014280217439743836,4.713640652601526,0.09763129097488843,0.09301674497728019,0.02499211754067127
2008-05-14,101.2984619140625,4.618071227665157,0.002061866038519433,4.713640652601526,0.095569424936369,0.09114473775538967,0.016040733442743968
2008-05-15,102.56499481201172,4.630496693351656,0.012425465686498605,4.713640652601526,0.08314395924987039,0.07978133630430329,0.017959194046708572
2008-05-16,102.65852355957033,4.631408175181575,0.0009114818299194027,4.713640652601526,0.08223247741995099,0.07894219133819402,0.01661210563513929
2008-05-19,102.9391860961914,4.63413838760885,0.0027302124272745587,4.713640652601526,0.07950226499267643,0.07642407192647593,0.016702806336411694
2008-05-20,102.10443115234376,4.6259961243497605,-0.00814226325908951,4.713640652601526,0.08764452825176594,0.08391353829215775,0.017292830894710797
2008-05-21,100.3773956298828,4.608937038780453,-0.017059085569307797,4.713640652601526,0.10470361382107374,0.09940859412038539,0.020927474114172673
2008-05-22,100.3917999267578,4.609080529885846,0.00014349110539324528,4.713640652601526,0.10456012271568049,0.09927935799215237,0.020689590223022677
2008-05-23,99.04613494873048,4.595585751168982,-0.013494778716863998,4.713640652601526,0.11805490143254449,0.11135273673245305,0.021915002947992247
2008-05-27,99.78012084960938,4.602968973592805,0.007383222423823277,4.713640652601526,0.11067167900872121,0.10476737565369254,0.022601273522592145
2008-05-28,100.24066162109376,4.60757391093608,0.004604937343274607,4.713640652601526,0.1060667416654466,0.10063537901985575,0.0226721770442589
2008-05-29,100.744384765625,4.6125864649373485,0.005012554001268654,4.713640652601526,0.10105418766417795,0.09611594780667465,0.022548160786200665
2008-05-30,100.99626159667967,4.615083502261967,0.0024970373246189226,4.713640652601526,0.09855715033955903,0.09385609529740657,0.01734454298459267
2008-06-02,99.95282745361328,4.604698349226765,-0.010385153035202599,4.713640652601526,0.10894230337476163,0.1032178426903344,0.018607517437322113
2008-06-03,99.36993408203124,4.598849593884204,-0.00584875534256124,4.713640652601526,0.11479105871732287,0.10844759344942556,0.018746226705849866
2008-06-04,99.319580078125,4.598342732662089,-0.0005068612221146296,4.713640652601526,0.1152979199394375,0.10889937228752988,0.01781202628577124
2008-06-05,101.30569458007812,4.61814262468034,0.019799892018251164,4.713640652601526,0.09549802792118633,0.091079845885917,0.018682253365809066
2008-06-06,98.07466888427734,4.58572911594184,-0.03241350873850024,4.713640652601526,0.12791153665968658,0.12006878264358767,0.031836176219028
2008-06-09,98.3121337890625,4.5881474558433455,0.0024183399015056395,4.713640652601526,0.12549319675818094,0.1179382347138912,0.03186578253290797
2008-06-10,97.82281494140624,4.583157831444319,-0.004989624399026837,4.713640652601526,0.13048282115720777,0.12232842979883907,0.030607892176145044
2008-06-11,96.3835906982422,4.568335966154675,-0.01482186528964391,4.713640652601526,0.14530468644685168,0.13524122731060506,0.033375700133507116
2008-06-12,96.75064849853516,4.572137034714664,0.0038010685599889626,4.713640652601526,0.14150361788686272,0.13194796493484306,0.03350418019953251
2008-06-13,97.97394561767578,4.584701582279135,0.01256454756447134,4.713640652601526,0.12893907032239138,0.12097247722247384,0.033547973489998724
2008-06-16,98.03150177001952,4.585288873650524,0.0005872913713886874,4.713640652601526,0.1283517789510027,0.12045608032025357,0.03354185130155952
2008-06-17,97.55657196044922,4.580432434973601,-0.0048564386769225365,4.713640652601526,0.13320821762792523,0.12471717617964528,0.033745101104290284
2008-06-18,96.60669708251952,4.570648066791792,-0.009784368181809278,4.713640652601526,0.1429925858097345,0.13323950480110802,0.03411601246697501
2008-06-19,96.72904205322266,4.571913688839542,0.00126562204775027,4.713640652601526,0.14172696376198424,0.1321418191271928,0.030469438890680513
2008-06-20,95.15894317626952,4.555548579617198,-0.016365109222344465,4.713640652601526,0.1580920729843287,0.14622883090999583,0.03384367113872092
2008-06-23,95.06494903564452,4.554560332061311,-0.0009882475558864456,4.713640652601526,0.15908032054021515,0.1470721514077904,0.031561402654464756
2008-06-24,94.87687683105467,4.552580017665634,-0.0019803143956771407,4.713640652601526,0.1610606349358923,0.14875954536810942,0.030923964518465352
2008-06-25,95.3252944946289,4.557295195113404,0.00471517744777028,4.713640652601526,0.156345457488122,0.1447363179121134,0.030936910393864158
2008-06-26,92.7362060546875,4.529758968645019,-0.027536226468385827,4.713640652601526,0.18388168395650784,0.16796575899734623,0.04017419808219689
2008-06-27,92.22999572753906,4.5242854109236434,-0.005473557721375144,4.713640652601526,0.18935524167788298,0.17250750534707604,0.04047312853017832
2008-06-30,92.55540466308594,4.527807434538506,0.003522023614862313,4.713640652601526,0.18583321806302067,0.16958791883149726,0.03927049943959461
2008-07-01,92.8447036743164,4.530928244430431,0.0031208098919250915,4.713640652601526,0.18271240817109557,0.1669923125039099,0.038962196532682035
2008-07-02,91.25364685058594,4.513642957149876,-0.017285287280555117,4.713640652601526,0.1999976954516507,0.18126736011523847,0.04272360205839978
2008-07-03,91.34765625,4.514672625680424,0.0010296685305482,4.713640652601526,0.1989680269211025,0.18042390271476616,0.03779731067458956
2008-07-07,90.41474151611328,4.5044073239721945,-0.01026530170822948,4.713640652601526,0.20923332862933197,0.1887940640093947,0.025887045641883415
2008-07-08,92.02024841308594,4.522008644279057,0.01760132030686279,4.713640652601526,0.19163200832246918,0.1743893695617974,0.029716917811069554
2008-07-09,90.2484130859375,4.502566013523079,-0.019442630755977852,4.713640652601526,0.21107463907844703,0.19028637165325968,0.03416622400335069
2008-07-10,90.61724090576172,4.506644491917849,0.004078478394769824,4.713640652601526,0.2069961606836772,0.18697722856682397,0.03160774732478908
2008-07-11,89.5613784790039,4.494924183293701,-0.011720308624147968,4.713640652601526,0.21871646930782518,0.1964504831911572,0.0331565079765881
2008-07-14,88.75139617919922,4.485839159828396,-0.009085023465305042,4.713640652601526,0.22780149277313022,0.203717688058759,0.03220734740449063
2008-07-15,87.50025939941406,4.471641757923907,-0.014197401904489482,4.713640652601526,0.2419988946776197,0.2149429547075281,0.03474273590649257
2008-07-16,89.64815521240234,4.495892622175195,0.02425086425128864,4.713640652601526,0.21774803042633106,0.19567191766015735,0.041855680602420245
2008-07-17,90.54490661621094,4.505845933340528,0.009953311165332934,4.713640652601526,0.20779471926099813,0.18762621571289506,0.04189769583712317
2008-07-18,91.10901641845705,4.5120567721286635,0.00621083878813522,4.713640652601526,0.2015838804728629,0.1825649921506841,0.04236355210010728
2008-07-21,91.15963745117188,4.512612227309153,0.0005554551804891616,4.713640652601526,0.20102842529237375,0.18211081751571123,0.03899294790564546
2008-07-22,92.19384002685548,4.523893317342043,0.011281090032889907,4.713640652601526,0.18974733525948384,0.17283189624310225,0.040584156030285964
2008-07-23,92.69284057617188,4.529291237401245,0.005397920059202477,4.713640652601526,0.18434941520028136,0.16835483640882853,0.04090187631811962
2008-07-24,90.76910400390624,4.508318963430064,-0.020972273971181288,4.713640652601526,0.20532168917146265,0.18561470466190555,0.04616367887031454
2008-07-25,90.74745178222656,4.508080393216029,-0.00023857021403461687,4.713640652601526,0.20556025938549727,0.1858089695622902,0.036610524530437324
2008-07-28,89.4167251586914,4.4933077469937395,-0.014772646222289687,4.713640652601526,0.22033290560778696,0.1977483205806202,0.0389827421831616
2008-07-29,91.32596588134766,4.514435148933631,0.021127401939891932,4.713640652601526,0.19920550366789502,0.18061850987184647,0.044450669209226475
2008-07-30,92.95318603515624,4.53209599045098,0.01766084151734848,4.713640652601526,0.18154466215054654,0.16601900291315175,0.048257959155090444
2008-07-31,91.72373962402344,4.518781229334985,-0.0133147611159945,4.713640652601526,0.19485942326654104,0.17704966240483988,0.04672708066586939
2008-08-01,91.2392120361328,4.513484761212004,-0.005296468122981679,4.713640652601526,0.20015589138952272,0.18139687004882865,0.04706718436778589
2008-08-04,90.39306640625,4.504167565410701,-0.009317195801302525,4.713640652601526,0.20947308719082525,0.1889885342637968,0.04683324922011515
2008-08-05,92.83025360107422,4.5307725952951525,0.026605029884451348,4.713640652601526,0.1828680573063739,0.16712195934017815,0.051848315566573044
2008-08-06,93.24246978759766,4.535203302315216,0.004430707020063096,4.713640652601526,0.1784373502863108,0.1634235334882429,0.047332668018775725
2008-08-07,91.85392761230467,4.520199571904275,-0.015003730410940719,4.713640652601526,0.19344108069725152,0.17588160875432368,0.04995949006564327
2008-08-08,93.56068420410156,4.538610254687331,0.01841068278305613,4.713640652601526,0.1750303979141954,0.1605684965854416,0.05249949390493561
2008-08-11,94.5297622680664,4.5489147295506696,0.01030447486333852,4.713640652601526,0.16472592305085687,0.15187387594344703,0.05279741524557041
2008-08-12,93.54620361328124,4.538455470531407,-0.010459259019262923,4.713640652601526,0.1751851820701198,0.16069841722706613,0.05163607171334024
2008-08-13,92.98208618164062,4.532406852896524,-0.006048617634882625,4.713640652601526,0.18123379970500242,0.16575970924061556,0.044686936828658395
2008-08-14,93.68360900878906,4.539923243406377,0.007516390509852755,4.713640652601526,0.17371740919514966,0.15946560860975412,0.044150526140255955
2008-08-15,94.13921356201172,4.544774682018533,0.004851438612155867,4.713640652601526,0.1688659705829938,0.1553778999923191,0.043961046561012886
2008-08-18,92.85192108154295,4.53100597774669,-0.013768704271842402,4.713640652601526,0.1826346748548362,0.16692755753711475,0.04634583201554866
2008-08-19,91.83946990966795,4.520042160665095,-0.01096381708159555,4.713640652601526,0.19359849193643175,0.17601132404193098,0.046256904903172
2008-08-20,92.26615142822266,4.524677350828122,0.0046351901630270476,4.713640652601526,0.1889633017734047,0.1721831144510495,0.04616048273388371
2008-08-21,92.42520904541016,4.526399766604397,0.001722415776275632,4.713640652601526,0.18724088599712907,0.1707560409333524,0.04065592628524305
2008-08-22,93.7631607055664,4.540772035857424,0.014372269253026815,4.713640652601526,0.17286861674410225,0.15875186649688888,0.04325789190269745
2008-08-25,91.86116027832033,4.52027830975975,-0.020493726097674525,4.713640652601526,0.19336234284177678,0.1758167168848499,0.045800089737962915
2008-08-26,92.12872314453124,4.523186763744774,0.002908453985024373,4.713640652601526,0.1904538888567524,0.17341612842237863,0.04028244883531392
2008-08-27,93.02547454833984,4.532873375518679,0.00968661177390473,4.713640652601526,0.18076727708284768,0.16537042647511546,0.037534705404737786
2008-08-28,94.1537094116211,4.544928653282127,0.012055277763447947,4.713640652601526,0.16871199931939973,0.15524784244801626,0.03713209582029912
2008-08-29,93.14122009277344,4.5341168370258025,-0.010811816256324214,4.713640652601526,0.17952381557572394,0.16433195120952804,0.03825151505220184
2008-09-02,92.56266021728516,4.527885822935745,-0.006231014090057663,4.713640652601526,0.1857548296657816,0.16952282160800625,0.0376469090794845
2008-09-03,92.4831314086914,4.527026264738916,-0.0008595581968284804,4.713640652601526,0.1866143878626101,0.1702363583668547,0.028737590516263442
2008-09-04,89.69877624511719,4.49645712621937,-0.030569138519545902,4.713640652601526,0.217183526382156,0.19521774302518458,0.04026458793689575
2008-09-05,89.98081970214844,4.499596533197587,0.0031394069782164635,4.713640652601526,0.21404411940393953,0.19268723392108822,0.037552361706022414
2008-09-08,91.83946990966795,4.520042160665095,0.020445627467507776,4.713640652601526,0.19359849193643175,0.17601132404193098,0.03854864927524495
2008-09-09,89.11297607421875,4.489904958824973,-0.030137201840121364,4.713640652601526,0.2237356937765531,0.2004735737444756,0.04865471530528724
2008-09-10,89.4745864868164,4.493954635091439,0.004049676266466129,4.713640652601526,0.21968601751008698,0.19722918562483527,0.04748296291603969
2008-09-11,90.76910400390624,4.508318963430064,0.014364328338624333,4.713640652601526,0.20532168917146265,0.18561470466190555,0.049621789647957285
2008-09-12,91.18856811523438,4.512929539609708,0.004610576179643999,4.713640652601526,0.20071111299181865,0.1818512500378192,0.04917778185674465
2008-09-15,86.84934997558594,4.464175008209893,-0.04875453139981456,4.713640652601526,0.2494656443916332,0.22078294915475571,0.07883147708688529
2008-09-16,88.302978515625,4.480773838814794,0.016598830604900527,4.713640652601526,0.23286681378673268,0.20774091551475538,0.0799143709844569
2008-09-17,84.33261108398438,4.434768635801208,-0.04600520301358557,4.713640652601526,0.27887201680031826,0.24336326619123982,0.10506741606792086
2008-09-18,86.83491516113281,4.464008789186253,0.02924015338504482,4.713640652601526,0.24963186341527344,0.22091245908834545,0.1155695360028033
2008-09-19,90.28343963623048,4.502954050871662,0.03894526168540935,4.713640652601526,0.2106866017298641,0.18997211155542026,0.13464299631745028
2008-09-22,88.23945617675781,4.4800542119248705,-0.022899838946791817,4.713640652601526,0.2335864406766559,0.20831084136415845,0.13864778662132482
2008-09-23,86.23188781738281,4.457040037538955,-0.023014174385915354,4.713640652601526,0.25660061506257126,0.22632285293133925,0.14002949522888988
2008-09-24,86.50827026367188,4.4602400193521365,0.003199981813181374,4.713640652601526,0.2534006332493899,0.2238431347208596,0.14005193304456318
2008-09-25,87.86122131347656,4.475758539127967,0.01551851977583052,4.713640652601526,0.23788211347355936,0.21170438495171184,0.14190405755008179
2008-09-26,87.90486145019531,4.476255109762407,0.0004965706344401966,4.713640652601526,0.23738554283911917,0.21131284329202138,0.1400760099916397
2008-09-29,81.01651000976562,4.394652961183538,-0.08160214857886938,4.713640652601526,0.31898769141798855,0.27311550383128946,0.22250540254392442
2008-09-30,84.36976623535156,4.435209117465526,0.04055615628198783,4.713640652601526,0.2784315351360007,0.24302990816978987,0.24274070361873384
2008-10-01,84.4206771850586,4.4358123619409735,0.000603244475447795,4.713640652601526,0.2778282906605529,0.2425731323839313,0.24273597942013697
2008-10-02,81.35839080810547,4.398863972883267,-0.0369483890577067,4.713640652601526,0.3147766797182596,0.27004813087457924,0.24816294084420615
2008-10-03,80.26000213623047,4.385271391455148,-0.013592581428119033,4.713640652601526,0.32836926114637865,0.2799029332630929,0.25036671100489133
2008-10-06,76.172119140625,4.332995505195345,-0.05227588625980317,4.713640652601526,0.3806451474061818,0.31657963991583715,0.2795324929864092
2008-10-07,72.76065826416016,4.287175400670022,-0.04582010452532259,4.713640652601526,0.4264652519315044,0.34718745084338165,0.2945420041402961
2008-10-08,70.92761993408203,4.2616599195132965,-0.025515481156725528,4.713640652601526,0.45198073308822995,0.36363356957715787,0.30253846689032615
2008-10-09,65.9740982055664,4.189262213566397,-0.07239770594689965,4.713640652601526,0.5243784390351296,0.4080768336162879,0.3659806500020258
2008-10-10,64.37385559082031,4.164707581595907,-0.02455463197048946,4.713640652601526,0.548933071005619,0.4224342966399016,0.3733097239870991
2008-10-13,73.72080993652344,4.300285119400567,0.13557753780465998,4.713640652601526,0.4133555332009591,0.3385729182681425,0.5749634557440962
2008-10-14,72.62972259521484,4.285374240186507,-0.014910879214060202,4.713640652601526,0.4282664124150193,0.3483622127251308,0.5742933013268212
2008-10-15,65.47949981689453,4.181737113758037,-0.10363712642847034,4.713640652601526,0.5319035388434896,0.4125143970278975,0.6829579097291932
2008-10-16,68.20721435546875,4.222550341593111,0.04081322783507435,4.713640652601526,0.49109031100841527,0.38804119511109536,0.6931731454830361
2008-10-17,67.7998275756836,4.216559651811606,-0.005990689781505409,4.713640652601526,0.4970810007899207,0.3916962912653761,0.6745144979325826
2008-10-20,71.87324523925781,4.274904084756987,0.05834443294538083,4.713640652601526,0.43873656784453985,0.35514936835157773,0.7107983428548886
2008-10-21,69.72740936279297,4.24459348813766,-0.030310596619326446,4.713640652601526,0.4690471644638663,0.37440192353738966,0.7157007514187915
2008-10-22,65.93048095703125,4.18860086806343,-0.055992620074230004,4.713640652601526,0.5250397845380963,0.4084681699219611,0.7550749150203634
2008-10-23,66.69424438476562,4.200118658115314,0.011517790051883914,4.713640652601526,0.5135219944862124,0.40161564326666743,0.7537120364191084
2008-10-24,63.31187057495117,4.1480728403989895,-0.05204581771632455,4.713640652601526,0.5655678122025369,0.43196248346386756,0.7878393954671188
2008-10-27,61.06422805786133,4.111926229224249,-0.036146611174740606,4.713640652601526,0.6017144233772775,0.4521284533187192,0.7203999977359169
2008-10-28,68.19993591308594,4.222443625158153,0.11051739593390408,4.713640652601526,0.49119702744337346,0.3881064976886033,0.8535730894306098
2008-10-29,67.70531463623047,4.215164679587869,-0.007278945570283746,4.713640652601526,0.4984759730136572,0.3925442664542297,0.8542360906540567
2008-10-30,70.04749298095703,4.249173483148385,0.03400880356051594,4.713640652601526,0.46446716945314126,0.3715301160565071,0.8516079230013486
2008-10-31,70.43299102783203,4.254661775949172,0.005488292800786887,4.713640652601526,0.4589788766523544,0.36807140679412353,0.8496594979099863
2008-11-03,70.63665771484375,4.257549240833817,0.0028874648846448636,4.713640652601526,0.4560914117677095,0.36624409829667015,0.8153316694420598
2008-11-04,73.03704833984375,4.290966823912693,0.03341758307887588,4.713640652601526,0.42267382868883363,0.3447076641815632,0.8029490557315979
2008-11-05,69.96749877929688,4.248030831074372,-0.042935992838320836,4.713640652601526,0.46560982152715447,0.37224782834704095,0.8179740479812473
2008-11-06,66.09051513671875,4.191025243924957,-0.057005587149414616,4.713640652601526,0.5226154086765691,0.4070323346328587,0.792877483143682
2008-11-07,68.27266693115234,4.22350949513405,0.03248425120909282,4.713640652601526,0.49013115746747626,0.3874539510728988,0.7985764206238387
2008-11-10,67.37796020507812,4.210317964517471,-0.013191530616579072,4.713640652601526,0.5033226880840553,0.3954813080612811,0.5691650419315488
2008-11-11,65.29763793945312,4.178955863184856,-0.031362101332614856,4.713640652601526,0.5346847894166702,0.41414607159818373,0.5787567551529164
2008-11-12,62.4244270324707,4.133956657629052,-0.04499920555580417,4.713640652601526,0.5796839949724744,0.4399246747774198,0.4689386141843312
2008-11-13,66.31599426269531,4.194431108862577,0.06047445123352535,4.713640652601526,0.519209543738949,0.4050093237568996,0.4940307542238784
2008-11-14,63.00636672973633,4.14323578048756,-0.051195328375017723,4.713640652601526,0.5704048721139667,0.43470348043571694,0.526602677594311
2008-11-17,62.16984176635742,4.1298700231011924,-0.01336575738636725,4.713640652601526,0.583770629500334,0.44220882751207136,0.485962267340705
2008-11-18,63.340965270996094,4.148532280511205,0.018662257410012373,4.713640652601526,0.5651083720903216,0.43170144428218404,0.4787745669018524
2008-11-19,59.282169342041016,4.082308575157005,-0.06622370535419986,4.713640652601526,0.6313320774445215,0.4681171802045845,0.4945296780674438
2008-11-20,54.88144302368164,4.00517527723524,-0.07713329792176538,4.713640652601526,0.7084653753662868,0.5076007340173991,0.5678224436911113
2008-11-21,57.841915130615234,4.057713688135954,0.05253841090071454,4.713640652601526,0.6559269644655723,0.4810392186471303,0.5684715639165756
2008-11-24,61.84980010986328,4.124708866979811,0.06699517884385653,4.713640652601526,0.5889317856217158,0.4450802585105891,0.6085619476767462
2008-11-25,62.308101654052734,4.132091459939769,0.007382592959958245,4.713640652601526,0.5815491926617575,0.4409683523447797,0.4553510868992402
2008-11-26,64.71572875976562,4.170004274895133,0.03791281495536403,4.713640652601526,0.5436363777063935,0.4193669921345302,0.47279450786346916
2008-11-28,65.53038024902344,4.18251385570546,0.012509580810327492,4.713640652601526,0.531126796896066,0.41205789504739465,0.4601931331081168
2008-12-01,59.7258415222168,4.089764783061825,-0.09274907264363552,4.713640652601526,0.6238758695397015,0.4641365294815122,0.5682037239997957
2008-12-02,62.02439880371094,4.127527836724939,0.037763053663113944,4.713640652601526,0.5861128158765876,0.4435137496151321,0.5860668796829356
2008-12-03,63.51555633544922,4.151284857556156,0.023757020831217446,4.713640652601526,0.5623557950453701,0.43013500383806647,0.5791074105501963
2008-12-04,62.04622650146485,4.127879695965197,-0.023405161590959622,4.713640652601526,0.5857609566363298,0.44331791033394785,0.5627816171120874
2008-12-05,63.9592399597168,4.158246004838814,0.030366308873617243,4.713640652601526,0.5553946477627125,0.4261542504379857,0.5334548115414034
2008-12-08,66.19232177734375,4.192564470979655,0.03431846614084133,4.713640652601526,0.5210761816218712,0.4061189199638192,0.5349986963661256
2008-12-09,65.10124206542969,4.175943628378593,-0.016620842601062336,4.713640652601526,0.5376970242229335,0.4159081459694687,0.5362868690685162
2008-12-10,65.54498291015625,4.182736668915224,0.00679304053663099,4.713640652601526,0.5309039836863025,0.41192687918434456,0.5244751754651784
2008-12-11,63.96651840209961,4.158359796501789,-0.024376872413435002,4.713640652601526,0.5552808560997375,0.4260889478604779,0.5064483984060714
2008-12-12,64.73028564453125,4.170229185409281,0.011869388907491896,4.713640652601526,0.5434114671922456,0.41923638697951426,0.46214330998319125
2008-12-15,63.82833099365234,4.156197151247155,-0.01403203416212584,4.713640652601526,0.5574435013543715,0.427328772740048,0.431600107807986
2008-12-16,66.83240509033203,4.20218806905935,0.04599091781219489,4.713640652601526,0.5114525835421766,0.4003760579667839,0.45600027304676616
2008-12-17,66.18506622314453,4.192454851741566,-0.009733217317783982,4.713640652601526,0.5211858008599606,0.40618401718730934,0.4528056144600085
2008-12-18,64.948486328125,4.173594437658356,-0.018860414083209598,4.713640652601526,0.5400462149431702,0.41727867868106294,0.4020293289237417
2008-12-19,64.66909790039062,4.169283466086285,-0.004310971572071054,4.713640652601526,0.5443571865152412,0.41978536671915,0.3272992181515948
2008-12-22,63.84046936035156,4.156387305250359,-0.012896160835926374,4.713640652601526,0.5572533473511676,0.4272198666595294,0.2946151500902001
2008-12-23,63.18053436279297,4.14599625312217,-0.010391052128189138,4.713640652601526,0.5676443994793567,0.4331408390409198,0.23942236178793144
2008-12-24,63.54717254638672,4.151782504850028,0.005786251727858627,4.713640652601526,0.5618581477514981,0.429851341488808,0.23915748496902756
2008-12-26,63.91383743286133,4.157535886185394,0.005753381335365404,4.713640652601526,0.5561047664161327,0.4265616043570094,0.22146355519180336
2008-12-29,63.730499267578125,4.15466324340156,-0.002872642783834145,4.713640652601526,0.5589774091999669,0.42820652426141304,0.21959576224467217
2008-12-30,65.2410888671875,4.178089467791147,0.023426224389587524,4.713640652601526,0.5355511848103793,0.41465343292364265,0.11812037090717345
2008-12-31,66.1723861694336,4.192263248571203,0.014173780780056155,4.713640652601526,0.5213774040303232,0.406297783312905,0.10268345368661057
2009-01-02,68.16690826416016,4.221959231025974,0.02969598245477112,4.713640652601526,0.49168142157555206,0.3884028235355963,0.10668339090986818
2009-01-05,68.08625793457031,4.220775400348731,-0.0011838306772435914,4.713640652601526,0.49286525225279565,0.38912642264129305,0.09979874922113366
2009-01-06,68.54090881347656,4.2274307759657415,0.006655375617010684,4.713640652601526,0.48620987663578497,0.38504727044124654,0.08873823372707791
2009-01-07,66.48770141601562,4.197016989445545,-0.030413786520196773,4.713640652601526,0.5166236631559817,0.4034687579189642,0.08555347400925188
2009-01-08,66.75898742675781,4.201088931314286,0.004071941868740936,4.713640652601526,0.5125517212872408,0.40103476520300807,0.08228161061209716
2009-01-09,65.3290786743164,4.1794372461099645,-0.021651685204321147,4.713640652601526,0.534203406491562,0.4138639836297251,0.08760700152502647
2009-01-12,63.75983047485352,4.1551233756775074,-0.02431387043245703,4.713640652601526,0.558517276924019,0.42794336308821757,0.08756834959801876
2009-01-13,63.87712097167969,4.156961253008674,0.001837877331166915,4.713640652601526,0.5566793995928521,0.4268910264264608,0.08583579163861255
2009-01-14,61.86791610717773,4.125001727177976,-0.03195952583069861,4.713640652601526,0.5886389254235507,0.4449177208058802,0.09622465932692247
2009-01-15,61.88993453979492,4.125357558064411,0.0003558308864350934,4.713640652601526,0.5882830945371156,0.44472017024121835,0.06957518171650956
2009-01-16,62.373931884765625,4.13314742983313,0.007789871768719259,4.713640652601526,0.5804932227683963,0.4403777199652975,0.06914610866001486
2009-01-20,59.081424713134766,4.078916572354387,-0.05423085747874268,4.713640652601526,0.634724080247139,0.4699182718391597,0.10172051927198345
2009-01-21,61.633277893066406,4.121201950206983,0.04228537785259601,4.713640652601526,0.592438702394543,0.4470229075144372,0.12401582494542776
2009-01-22,60.68000793457031,4.105614285241205,-0.015587664965778458,4.713640652601526,0.6080263673603215,0.4555756969818021,0.12498179556364662
2009-01-23,60.94401168823242,4.109955601522664,0.004341316281458951,4.713640652601526,0.6036850510788625,0.4532070410690233,0.12385879615398056
2009-01-26,61.361961364746094,4.1167901214233975,0.006834519900733582,4.713640652601526,0.5968505311781289,0.4494571740357495,0.1240254935644943
2009-01-27,61.98526763916016,4.126896738086066,0.010106616662668877,4.713640652601526,0.58674391451546,0.44386483653341036,0.12489542658955197
2009-01-28,64.08246612548828,4.1601707871239455,0.033274049037879116,4.713640652601526,0.5534698654775809,0.42504865863440344,0.138741695900979
2009-01-29,61.99994659423828,4.127133523661467,-0.033037263462478705,4.713640652601526,0.5865071289400596,0.4437331361569692,0.14557937302899687
2009-01-30,60.73866653442383,4.106580505712209,-0.02055301794925768,4.713640652601526,0.6070601468893173,0.45504940886108025,0.14837065714278677
2009-02-02,60.55533981323242,4.103557654603415,-0.003022851108793745,4.713640652601526,0.610082997998111,0.4566942260884753,0.1373744639541722
2009-02-03,61.40594100952149,4.117506589584964,0.013948934981548256,4.713640652601526,0.5961340630165628,0.449062586291469,0.13980842273796537
2009-02-04,61.10531234741211,4.112598807527536,-0.004907782057427923,4.713640652601526,0.6010418450739907,0.4517598428576294,0.13955380571947373
2009-02-05,62.014591217041016,4.127369699566796,0.01477089203926063,4.713640652601526,0.5862709530347301,0.44360174381155393,0.13064788431783003
2009-02-06,63.78180694580078,4.155467992096258,0.028098292529461943,4.713640652601526,0.5581726605052681,0.42774618900592076,0.1403868443071891
2009-02-09,63.869815826416016,4.15684688399984,0.0013788919035819802,4.713640652601526,0.5567937686016862,0.42695656858365505,0.13450397827794286
2009-02-10,60.94401168823242,4.109955601522664,-0.04689128247717633,4.713640652601526,0.6036850510788625,0.4532070410690233,0.15476009204748808
2009-02-11,61.30329513549805,4.115833595747018,0.00587799422435431,4.713640652601526,0.5978070568545082,0.4499835306078106,0.1551528721375039
2009-02-12,61.34731674194336,4.116551433312796,0.0007178375657774794,4.713640652601526,0.5970892192887307,0.4495885663811652,0.14228958253054555
2009-02-13,60.68733215332031,4.1057349802939855,-0.01081645301881018,4.713640652601526,0.6079056723075409,0.45550998369625983,0.14376213243817923
2009-02-17,58.09144973754883,4.062018488442017,-0.0437164918519688,4.713640652601526,0.6516221641595097,0.47880038069896724,0.1670777968648233
2009-02-18,57.95216369628906,4.0596179063844975,-0.0024005820575192516,4.713640652601526,0.6540227462170289,0.48005006257136873,0.1300939856956466
2009-02-19,57.32884216308594,4.048803850712266,-0.010814055672231149,4.713640652601526,0.6648368018892601,0.4856425369763865,0.10903800750695734
2009-02-20,56.77156829833984,4.039035642278244,-0.009768208434022263,4.713640652601526,0.6746050103232824,0.49064242813875725,0.10717878422821418
2009-02-23,54.74034118652344,4.002600936448853,-0.036434705829391234,4.713640652601526,0.7110397161526736,0.5088667073085082,0.12366765782712873
2009-02-24,56.8155403137207,4.0398098853788,0.03720894892994675,4.713640652601526,0.6738307672227268,0.4902479088458157,0.14052387757642182
2009-02-25,56.36822891235352,4.031905682624441,-0.007904202754358991,4.713640652601526,0.6817349699770858,0.49426121085764174,0.1400240698587019
2009-02-26,55.45164108276367,4.015511309080049,-0.016394373544391883,4.713640652601526,0.6981293435214777,0.5024848862865816,0.12946039547987906
2009-02-27,54.21234130859375,3.992908581946571,-0.022602727133477885,4.713640652601526,0.7207320706549556,0.5136039506827266,0.12214511893932255
2009-03-02,51.77048110961914,3.946820124083283,-0.04608845786328786,4.713640652601526,0.7668205285182434,0.5355124520515481,0.14358678339688127
2009-03-03,51.38183975219727,3.939284797817593,-0.007535326265689868,4.713640652601526,0.7743558547839333,0.5389993632656433,0.1441870916619975
2009-03-04,52.59910583496094,3.9626991202638306,0.023414322446237534,4.713640652601526,0.7509415323376958,0.5280779863368386,0.14864317878905872
2009-03-05,50.4505615234375,3.920993877033762,-0.041705243230068856,4.713640652601526,0.7926467755677646,0.5473548417480334,0.17025521523982423
2009-03-06,50.538551330566406,3.922736437729811,0.0017425606960492779,4.713640652601526,0.7909042148717154,0.5465653924541157,0.16754441679323767
2009-03-09,49.94459533691406,3.91091429777718,-0.011822139952631261,4.713640652601526,0.8027263548243466,0.5518943976549118,0.15935755356309125
2009-03-10,52.921756744384766,3.9688145349237534,0.05790023714657355,4.713640652601526,0.7448261176777731,0.5251831449803468,0.2015743086593122
2009-03-11,53.26641082763672,3.9753059416669867,0.006491406743233341,4.713640652601526,0.7383347109345397,0.522090889961871,0.17440046812262427
2009-03-12,55.36362457275391,4.0139227819398995,0.03861684027291279,4.713640652601526,0.6997178706616269,0.5032745751601861,0.1927550082833069
2009-03-13,55.796268463134766,4.021706993730614,0.007784211790714757,4.713640652601526,0.6919336588709122,0.49939287084779294,0.19351199942994837
2009-03-16,55.62763595581055,4.0186801273332575,-0.00302686639735672,4.713640652601526,0.6949605252682689,0.5009058507960684,0.19215329435986783
2009-03-17,57.32884216308594,4.048803850712266,0.030123723379008815,4.713640652601526,0.6648368018892601,0.4856425369763865,0.17950676319455233
2009-03-18,58.61213684082031,4.070941788462542,0.022137937750275505,4.713640652601526,0.6426988641389846,0.47412874793328275,0.18560926441416672
2009-03-19,57.88615036010742,4.058478156658934,-0.012463631803607989,4.713640652601526,0.6551624959425926,0.4806423377829896,0.18609308321660453
2009-03-20,56.65351486206055,4.036954030775425,-0.02152412588350927,4.713640652601526,0.6766866218261018,0.4917016099344248,0.19072824646449152
2009-03-23,60.72286605834961,4.106320333197898,0.06936630242247332,4.713640652601526,0.6073203194036285,0.4551911715843705,0.23462911761292762
2009-03-24,59.52646255493164,4.086420962502522,-0.019899370695376284,4.713640652601526,0.6272196900990048,0.46592536832638753,0.22217375394029537
2009-03-25,60.15420150756836,4.096911290481145,0.010490327978623704,4.713640652601526,0.6167293621203811,0.46029326059602715,0.22277314299525053
2009-03-26,61.38022994995117,4.117087795518088,0.02017650503694224,4.713640652601526,0.5965528570834389,0.4492932673042589,0.22451592297731854
2009-03-27,60.27239608764648,4.098874222597299,-0.0182135729207884,4.713640652601526,0.6147664300042273,0.45923281245058667,0.22225864513216587
2009-03-30,58.18968963623047,4.0637081850271075,-0.035166037570191655,4.713640652601526,0.6499324675744189,0.4779189670309597,0.21107619868433394
2009-03-31,58.72884368896485,4.072930980748145,0.009222795721037791,4.713640652601526,0.6407096718533811,0.47308164779896755,0.21143251180350206
2009-04-01,59.86618041992188,4.092111745005344,0.01918076425719839,4.713640652601526,0.6215289075961827,0.4628774013243139,0.20916036919911243
2009-04-02,61.61652755737305,4.120930139055067,0.02881839404972375,4.713640652601526,0.592710513546459,0.44717319242944564,0.19770914298545939
2009-04-03,62.229530334472656,4.130829651300077,0.009899512245009845,4.713640652601526,0.5828110013014491,0.44167329846057013,0.19890568717932142
2009-04-06,61.74208831787109,4.122965842892508,-0.007863808407569728,4.713640652601526,0.5906748097090189,0.4460466545160974,0.19792385094842457
2009-04-07,60.30192565917969,4.099364037869669,-0.023601805022838818,4.713640652601526,0.6142766147318577,0.4589678715425741,0.16270190845612825
2009-04-08,60.951847076416016,4.110084160249331,0.010720122379662023,4.713640652601526,0.6035564923521957,0.4531367415437608,0.1636189700014716
2009-04-09,63.37426376342773,4.149057844698743,0.03897368444941218,4.713640652601526,0.5645828079027835,0.43140268841265295,0.16396783536039514
2009-04-13,63.3890380859375,4.149290945641384,0.00023310094264061831,4.713640652601526,0.5643497069601429,0.43127013239447287,0.16320503618426427
2009-04-14,62.29597473144531,4.131896812653781,-0.017394132987602617,4.713640652601526,0.5817438399477455,0.4410771557482901,0.16690179985602158
2009-04-15,62.96068572998047,4.14251049556795,0.010613682914168976,4.713640652601526,0.5711301570335765,0.4351133328286184,0.15688746544634383
2009-04-16,63.88388442993164,4.157067129731185,0.014556634163235493,4.713640652601526,0.556573522870341,0.4268303443143422,0.15338223755646657
2009-04-17,64.31221008300781,4.163749505642538,0.006682375911352345,4.713640652601526,0.5498911469589887,0.42298738345988374,0.15198756913553393
2009-04-20,61.61652755737305,4.120930139055067,-0.04281936658747032,4.713640652601526,0.592710513546459,0.44717319242944564,0.16925221715031194
2009-04-21,62.820350646972656,4.140279075867808,0.01934893681274019,4.713640652601526,0.5733615767337188,0.4363724267601472,0.11334220494493101
2009-04-22,62.43632125854492,4.134147177488543,-0.0061318983792642,4.713640652601526,0.579493475112983,0.4398179591397525,0.10882655676306743
2009-04-23,63.04930877685547,4.1439170992557575,0.00976992176721403,4.713640652601526,0.569723553345769,0.4343182020735551,0.1086426520800711
2009-04-24,64.00202178955078,4.1589146733224345,0.01499757406667701,4.713640652601526,0.554725979279092,0.42577040955394485,0.10634738407205543
2009-04-27,63.396427154541016,4.149407505825911,-0.009507167496523472,4.713640652601526,0.5642331467756154,0.43120383727254774,0.10330639921240796
2009-04-28,63.196998596191406,4.1462568094585075,-0.003150696367403505,4.713640652601526,0.5673838431430189,0.4329931210511274,0.0878496854964721
2009-04-29,64.54112243652344,4.167302577803909,0.021045768345401505,4.713640652601526,0.5463380747976174,0.4209335694813261,0.09235877699110963
2009-04-30,64.56329345703125,4.167646036555065,0.000343458751156156,4.713640652601526,0.5459946160464613,0.42073464988988196,0.08772470169604606
2009-05-01,64.91043090820312,4.17300833357215,0.005362297017084572,4.713640652601526,0.5406323190293767,0.41762011396052734,0.07762270705659399
2009-05-04,67.11865234375,4.206461983646145,0.033453650073995256,4.713640652601526,0.5071786689553814,0.39780783217483984,0.0904891511999552
2009-05-05,66.88971710205078,4.203045249820294,-0.0034167338258512814,4.713640652601526,0.5105954027812327,0.3998618515074144,0.08985706700076367
2009-05-06,68.04920959472656,4.220231113963547,0.017185864143253404,4.713640652601526,0.4934095386379793,0.3894588223439954,0.0865597569485434
2009-05-07,67.10388946533203,4.206242007503859,-0.013989106459687761,4.713640652601526,0.5073986450976671,0.397940285516011,0.0875775103024333
2009-05-08,68.66960906982422,4.229306729734835,0.02306472223097522,4.713640652601526,0.48433392286669186,0.3838925648018554,0.07514173028600737
2009-05-11,67.384521484375,4.210415339977166,-0.018891389757668797,4.713640652601526,0.5032253126243607,0.3954224399096493,0.07963779169968371
2009-05-12,67.18512725830078,4.207451902473094,-0.0029634375040714644,4.713640652601526,0.5061887501284321,0.39721141565720286,0.07593624055275539
2009-05-13,65.49386596679688,4.1819564888939516,-0.025495413579142756,4.713640652601526,0.5316841637075749,0.41238550315635913,0.08270705024472497
2009-05-14,66.0551986694336,4.1904907359623635,0.008534247068411993,4.713640652601526,0.5231499166391629,0.407349195881584,0.0809548662079915
2009-05-15,65.51602172851562,4.182294719272127,-0.008196016690236618,4.713640652601526,0.5313459333293995,0.4121867204675934,0.0812386250342433
2009-05-18,67.37715911865234,4.210306075003666,0.02801135573153868,4.713640652601526,0.5033345775978608,0.39548849545188713,0.0680229625108229
2009-05-19,67.29593658447266,4.209099857182599,-0.0012062178210667795,4.713640652601526,0.5045407954189276,0.3962172284080172,0.06332408994199332
2009-05-20,66.84541320800781,4.202382688000359,-0.006717169182239857,4.713640652601526,0.5112579646011675,0.4002593484336071,0.06341884426151737
2009-05-21,65.88529205322266,4.187915230759989,-0.014467457240369797,4.713640652601526,0.5257254218415373,0.4088736072034902,0.06485342920208939
2009-05-22,65.74495697021484,4.185782968043495,-0.0021322627164943597,4.713640652601526,0.5278576845580316,0.41013270113501876,0.06207663258881367
2009-05-26,67.4288558959961,4.211073055317895,0.025290087274400186,4.713640652601526,0.5025675972836314,0.3950246691781004,0.06899658132361547
2009-05-27,66.22502899169922,4.1930584729337905,-0.01801458238410447,4.713640652601526,0.5205821796677359,0.4058254690730684,0.07296051978862936
2009-05-28,67.148193359375,4.206902018055935,0.013843545122144363,4.713640652601526,0.5067386345455915,0.39754278858981873,0.06979438393001619
2009-05-29,68.33728790283203,4.224455560544555,0.017553542488619733,4.713640652601526,0.4891850920569718,0.38687416823066545,0.07367529594384022
2009-06-01,69.99159240722656,4.248375126367567,0.02391956582301269,4.713640652601526,0.4652655262339591,0.37203165901814184,0.08052202758210145
2009-06-02,70.05065155029297,4.249218573957362,0.0008434475897942662,4.713640652601526,0.46442207864416485,0.37150177720211663,0.06642974280920037
2009-06-03,69.1644287109375,4.236486694492731,-0.012731879464630502,4.713640652601526,0.47715395810879535,0.37945301630141237,0.06832511903598144
2009-06-04,69.8143310546875,4.2458393046636225,0.009352610170891396,4.713640652601526,0.46780134793790396,0.373622057430947,0.06570579815827599
2009-06-05,69.82910919189453,4.246050959965671,0.00021165530204836358,4.713640652601526,0.4675896926358556,0.3734894671870971,0.06324060435844872
2009-06-08,69.54108428955078,4.241917718772663,-0.004133241193008175,4.713640652601526,0.47172293382886377,0.37607364214105365,0.05675289297515969
2009-06-09,69.89559173583984,4.247002581955498,0.0050848631828355195,4.713640652601526,0.46663807064602825,0.3728929822181213,0.052581930430470915
2009-06-10,69.71835327148438,4.244463601203123,-0.0025389807523747976,4.713640652601526,0.46917705139840304,0.37448317527690955,0.05255250264436786
2009-06-11,70.02850341796875,4.248902350854591,0.004438749651467511,4.713640652601526,0.46473830174693553,0.3717004914395434,0.04461055109406837
2009-06-12,70.22055053710938,4.25164101088485,0.0027386600302587993,4.713640652601526,0.46199964171667673,0.3699774343315496,0.04378735385435002
2009-06-15,68.61050415039062,4.228445644735715,-0.023195366149134422,4.713640652601526,0.48519500786581116,0.3844228573259154,0.04972006790154277
2009-06-16,67.67994689941406,4.2147899307145344,-0.01365571402118082,4.713640652601526,0.498850721886992,0.3927718671567597,0.042183283092962084
2009-06-17,67.61351013183594,4.213807817102006,-0.0009821136125287566,4.713640652601526,0.49983283549952073,0.3933679414177008,0.04217710387298438
2009-06-18,68.10832214355469,4.221099410440244,0.007291593338238478,4.713640652601526,0.49254124216128226,0.3889284613685968,0.04227849571498576
2009-06-19,68.35933685302734,4.224778157396173,0.0036787469559289576,4.713640652601526,0.4888624952053533,0.38667634386064687,0.03981174155304999
2009-06-22,66.30946350097656,4.194332624577069,-0.030445532819103782,4.713640652601526,0.5193080280244571,0.4050679181031748,0.05143377899982186
2009-06-23,66.36143493652344,4.195116088604484,0.0007834640274149152,4.713640652601526,0.5185245639970422,0.4046016275811798,0.04338269779916885
2009-06-24,66.93334197998047,4.203697228332431,0.00858113972794694,4.713640652601526,0.5099434242690952,0.39947044675040244,0.040221493634185305
2009-06-25,68.38906860351562,4.225212996118533,0.021515767786102202,4.713640652601526,0.488427656482993,0.38640958899214806,0.0436396786098308
2009-06-26,68.21080017089844,4.2226029125888545,-0.0026100835296789526,4.713640652601526,0.491037740012672,0.38800902298171547,0.03984311820469555
2009-06-29,68.84951782226562,4.231923221842452,0.009320309253597614,4.713640652601526,0.48171743075907436,0.3822784137743803,0.03372862215100344
2009-06-30,68.2925033569336,4.223800000039201,-0.008123221803250757,4.713640652601526,0.4898406525623251,0.38727597759122157,0.034551091291717226
2009-07-01,68.57471466064453,4.2279238758327935,0.004123875793592191,4.713640652601526,0.4857167767687329,0.3847439625576651,0.03272290181214184
2009-07-02,66.70309448242188,4.200251345884716,-0.02767252994807734,4.713640652601526,0.5133893067168103,0.40153623971330366,0.041269451530795885
2009-07-06,66.6956787109375,4.200140163880347,-0.00011118200436932568,4.713640652601526,0.5135004887211796,0.40160277441491543,0.04126904283053315
2009-07-07,65.40333557128906,4.180573259781663,-0.019566904098684113,4.713640652601526,0.5330673928198637,0.41319774674619936,0.045877871501451915
2009-07-08,65.35879516601562,4.179892016569352,-0.0006812432123108891,4.713640652601526,0.5337486360321746,0.4135973656639046,0.04555793556140158
2009-07-09,65.48504638671875,4.181821817137513,0.0019298005681616104,4.713640652601526,0.531818835464013,0.41246463290436697,0.04552363466924811
2009-07-10,65.32907104492188,4.179437129325906,-0.002384687811607833,4.713640652601526,0.5342035232756208,0.41386405208106414,0.0453470360616275
2009-07-13,66.91845703125,4.203474818937836,0.02403768961193009,4.713640652601526,0.5101658336636907,0.3996039953129994,0.05253294537691626
2009-07-14,67.29727935791016,4.209119810245287,0.005644991307451441,4.713640652601526,0.5045208423562393,0.39620518097233426,0.04615534091938302
2009-07-15,69.26543426513672,4.237945997708851,0.028826187463564246,4.713640652601526,0.47569465489267504,0.3785467890229789,0.05427566995341208
2009-07-16,69.15406799316406,4.236336884914985,-0.0016091127938659966,4.713640652601526,0.47730376768654104,0.37954597321991945,0.05429614113353898
2009-07-17,69.9115982055664,4.247231561163265,0.01089467624828,4.713640652601526,0.46640909143826104,0.3727493713086757,0.05512177676156084
2009-07-20,70.6543197631836,4.25779925040622,0.010567689242954259,4.713640652601526,0.4558414021953068,0.36608563344663825,0.05635837700886153
2009-07-21,70.98110961914062,4.262413779938377,0.004614529532156908,4.713640652601526,0.45122687266314987,0.36315365723868087,0.04494735602732821
2009-07-22,70.9662857055664,4.262204915047349,-0.0002088648910278934,4.713640652601526,0.45143573755417776,0.36328665819056516,0.04494017161644989
2009-07-23,72.53340148925781,4.284047165962931,0.021842250915582007,4.713640652601526,0.42959348663859576,0.349226410881353,0.05002361598841143
2009-07-24,72.8304672241211,4.288134373479342,0.00408720751641134,4.713640652601526,0.4255062791221844,0.3465611210905555,0.04440120621180631
2009-07-27,73.04589080810547,4.291087884843203,0.0029535113638612387,4.713640652601526,0.4225527677583232,0.3446283290795389,0.04442528094794772
2009-07-28,72.7042236328125,4.286399479589372,-0.004688405253831185,4.713640652601526,0.42724117301215436,0.34769378539875395,0.043607704486390036
2009-07-29,72.52597045898438,4.283944710944959,-0.0024547686444131855,4.713640652601526,0.42969594165656755,0.34929308248564317,0.04285219785996314
2009-07-30,73.28352355957031,4.294335802719321,0.010391091774361705,4.713640652601526,0.41930484988220584,0.34249627522038184,0.04399840016241126
2009-07-31,73.38751983642578,4.2957538916873315,0.0014180889680108777,4.713640652601526,0.41788676091419497,0.3415632150170189,0.03437505015109512
2009-08-03,74.59812927246094,4.312115430118625,0.016361538431293177,4.713640652601526,0.4015252224829018,0.3307015618815845,0.037747913638942525
2009-08-04,74.791259765625,4.314701030100024,0.002585599981399511,4.713640652601526,0.3989396225015023,0.3289687846834376,0.0330080656887771
2009-08-05,74.57588195800781,4.311817156787573,-0.002883873312451435,4.713640652601526,0.4018234958139537,0.3309011659864194,0.03310700886417326
2009-08-06,74.18964385986328,4.30662456981066,-0.005192586976912494,4.713640652601526,0.4070160827908662,0.33436651502869663,0.03339981811310031
2009-08-07,75.16259002685547,4.3196536341278895,0.013029064317229277,4.713640652601526,0.39398701847363693,0.3256371895577753,0.03546709735399851
2009-08-10,75.00662231445312,4.317576407164355,-0.0020772269635340734,4.713640652601526,0.396064245437171,0.3270365402831332,0.028241052163728127
2009-08-11,74.0708236694336,4.305021712112331,-0.012554695052024556,4.713640652601526,0.40861894048919556,0.3354325761839444,0.029825558120178536
2009-08-12,74.86552429199219,4.315693494730754,0.010671782618422831,4.713640652601526,0.3979471578707727,0.32830247934857315,0.02079057516336461
2009-08-13,75.43739318847656,4.323303082962485,0.007609588231731301,4.713640652601526,0.3903375696390414,0.3231716407744911,0.021487564185685922
2009-08-14,74.85810852050781,4.315594435265643,-0.007708647696841986,4.713640652601526,0.3980462173358834,0.3283690140501847,0.020740753098051727
2009-08-17,73.01617431640625,4.290680982584442,-0.02491345268120071,4.713640652601526,0.4229596700170841,0.3448949470453594,0.027154204361942703
2009-08-18,73.59545135498047,4.29858322158288,0.00790223899843756,4.713640652601526,0.41505743101864656,0.33969764222100485,0.027672713241597223
2009-08-19,74.24160766601562,4.307324743227526,0.008741521644646255,4.713640652601526,0.4063159093740003,0.3339002929580407,0.02863498250072327
2009-08-20,75.00662231445312,4.317576407164355,0.010251663936829303,4.713640652601526,0.396064245437171,0.3270365402831332,0.023947942374745256
2009-08-21,76.4771957397461,4.336992601488093,0.0194161943237372,4.713640652601526,0.3766480511134338,0.31384247621897754,0.028487512417605193
2009-08-24,76.46975708007812,4.33689533038152,-9.727110657298255e-05,4.713640652601526,0.3767453222200068,0.3139092162746069,0.028377718944480816
2009-08-25,76.61832427978516,4.338836268500647,0.0019409381191275443,4.713640652601526,0.37480438410087924,0.3125762633481821,0.028148223766153266
2009-08-26,76.62577056884766,4.338933450569239,9.718206859155032e-05,4.713640652601526,0.3747072020322877,0.3125094548412135,0.028072416562389717
2009-08-27,76.79656982421875,4.3411599754090195,0.002226524839780808,4.713640652601526,0.3724806771925069,0.31097703471263227,0.02677439763233653
2009-08-28,76.7817153930664,4.3409665309884415,-0.00019344442057800393,4.713640652601526,0.3726741216130849,0.3111103094698725,0.02674953083206203
2009-08-31,76.09844207763672,4.332027792616517,-0.00893873837192416,4.713640652601526,0.38161285998500905,0.31724067449759097,0.02438326474048415
2009-09-01,74.41988372802734,4.3097231605419175,-0.022304632074599873,4.713640652601526,0.4039174920596089,0.3323007905171347,0.0305674869279493
2009-09-02,74.1376724243164,4.305923802899,-0.0037993576429178333,4.713640652601526,0.40771684970252675,0.3348328055506914,0.030644578682477563
2009-09-03,74.75409698486328,4.314204019930879,0.008280217031879644,4.713640652601526,0.3994366326706471,0.32930221115622615,0.031168726518213636
2009-09-04,75.80132293701172,4.328115745490901,0.01391172556002207,4.713640652601526,0.38552490711062504,0.3199064434477624,0.031468349365757056
2009-09-08,76.4549331665039,4.336701458305052,0.008585712814150881,4.713640652601526,0.37693919429647416,0.31404221722649095,0.03234278423338698
2009-09-09,77.04168701171875,4.3443466651177,0.00764520681264802,4.713640652601526,0.36929398748382614,0.30877783008981197,0.031093227357308233
2009-09-10,77.82896423339844,4.354513652818995,0.010166987701294872,4.713640652601526,0.35912699978253126,0.3017143364073912,0.030960684110067194
2009-09-11,77.81407928466797,4.354322382480927,-0.00019127033806842775,4.713640652601526,0.3593182701205997,0.3018478849699884,0.030231531576267286
2009-09-14,78.19286346435547,4.3591783833402085,0.004856000859281728,4.713640652601526,0.35446226926131796,0.2984494128860191,0.029779916013661888
2009-09-15,78.51966857910156,4.363349148552454,0.004170765212245797,4.713640652601526,0.35029150404907217,0.29551729977538355,0.022178527003923275
2009-09-16,79.7080078125,4.378370055184334,0.015020906631879605,4.713640652601526,0.33527059741719256,0.2848554560988018,0.02423462341509901
2009-09-17,79.58914947509766,4.376877770431944,-0.0014922847523894944,4.713640652601526,0.33676288216958206,0.28592185951074534,0.02329986360039079
2009-09-18,79.6399154663086,4.377515417747775,0.0006376473158304918,4.713640652601526,0.33612523485375156,0.2854663843003292,0.0219807693562746
2009-09-21,79.43844604492188,4.374982458177538,-0.0025329595702370256,4.713640652601526,0.3386581944239886,0.2872739788121199,0.017311553111582965
2009-09-22,79.90111541748047,4.380789812843504,0.005807354665965825,4.713640652601526,0.33285083975802277,0.2831228842546719,0.017736373534089547
2009-09-23,79.23696899414062,4.372442970141427,-0.008346842702076529,4.713640652601526,0.3411976824600993,0.2890816417752492,0.018566745567207214
2009-09-24,78.36383056640625,4.361362476087853,-0.011080494053573808,4.713640652601526,0.3522781765136731,0.2969154868279771,0.02011362115907925
2009-09-25,77.94590759277344,4.356015093712164,-0.0053473823756888805,4.713640652601526,0.357625558889362,0.30066511428156384,0.020411448435241064
2009-09-28,79.34142303466797,4.3737603508299,0.01774525711773567,4.713640652601526,0.3398803017716263,0.28814447449153946,0.024378643226067826
2009-09-29,79.10264587402344,4.370746323948988,-0.003014026880912013,4.713640652601526,0.3428943286525383,0.29028679605156193,0.023486352986967926
2009-09-30,78.79666137695312,4.366870627653493,-0.0038756962954948904,4.713640652601526,0.3467700249480332,0.2930321054577757,0.017407160550342634
2009-10-01,76.84147644042969,4.341744552192981,-0.02512607546051182,4.713640652601526,0.37189610040854504,0.31057413013065005,0.02517990587465419
2009-10-02,76.48326873779297,4.3370720076022256,-0.004672544590755834,4.713640652601526,0.37656864499930087,0.3137879889530486,0.024591116428259594
2009-10-05,77.62506866455078,4.351890424820733,0.01481841721850774,4.713640652601526,0.36175022778079313,0.30354369844501805,0.024919338626394973
2009-10-06,78.73697662353516,4.3661128878205115,0.014222462999778251,4.713640652601526,0.3475277647810149,0.2935676002836075,0.026539244890982604
2009-10-07,78.95337677001953,4.368857510781546,0.002744622961034615,4.713640652601526,0.34478314181998027,0.2916260465011844,0.0258977003676576
2009-10-08,79.55785369873047,4.376484476481742,0.007626965700195498,4.713640652601526,0.33715617611978477,0.28620264690376096,0.025328217750265933
2009-10-09,80.04289245605469,4.382562646694452,0.006078170212710177,4.713640652601526,0.3310780059070746,0.2818508530200522,0.025793253117050833
2009-10-12,80.3563003540039,4.386470500484792,0.003907853790340532,4.713640652601526,0.32717015211673406,0.27903894046088795,0.02568855438600764
2009-10-13,80.19215393066406,4.384425678798198,-0.002044821686594034,4.713640652601526,0.3292149738033281,0.28051167102176855,0.02552205815326364
2009-10-14,81.57275390625,4.401495308005923,0.01706962920772437,4.713640652601526,0.3121453445956037,0.26812485359969795,0.026350440179357597
2009-10-15,81.87118530273438,4.4051471011476595,0.0036517931417368032,4.713640652601526,0.3084935514538669,0.2654473110192005,0.026490409539392152
2009-10-16,81.25928497314453,4.397645091273323,-0.007502009874336579,4.713640652601526,0.3159955613282035,0.27093731376957486,0.0271944163708884
2009-10-19,81.93090057373047,4.405876216083187,0.008231124809864099,4.713640652601526,0.3077644365183394,0.2649115423880122,0.027967244067172322
2009-10-20,81.49810028076172,4.4005797105366415,-0.0052965055465454824,4.713640652601526,0.3130609420648849,0.26879464995285696,0.027895771862304547
2009-10-21,80.76678466796875,4.391565800168187,-0.00901391036845478,4.713640652601526,0.32207485243333966,0.2753560530629299,0.028041689904974885
2009-10-22,81.587646484375,4.401677859386413,0.010112059218226221,4.713640652601526,0.31196279321511344,0.26799123658576196,0.027783092458811418
2009-10-23,80.6548080444336,4.390178418968251,-0.011499440418162088,4.713640652601526,0.32346223363327553,0.27636071336699886,0.029088989617715215
2009-10-26,79.7817153930664,4.379294347788678,-0.01088407117957324,4.713640652601526,0.33434630481284877,0.28419414771169205,0.026613957194085318
2009-10-27,79.41605377197266,4.374700536379624,-0.004593811409053572,4.713640652601526,0.33894011622190234,0.28747488349239814,0.02676539338389626
2009-10-28,77.91610717773438,4.3556326988682885,-0.01906783751133556,4.713640652601526,0.3580079537332379,0.30093248521211446,0.03115726709425192
2009-10-29,79.58769989013672,4.376859556917018,0.02122685804872937,4.713640652601526,0.33678109568450854,0.2859348652651752,0.028879941009878937
2009-10-30,77.28179168701172,4.347458373991251,-0.02940118292576699,4.713640652601526,0.3661822786102755,0.30662359799678507,0.03949666175434975
2009-11-02,77.84891510009766,4.354769962410233,0.007311588418982495,4.713640652601526,0.35887069019129303,0.30153533615562755,0.03740347209231984
2009-11-03,78.0951919555664,4.357928492281777,0.003158529871543969,4.713640652601526,0.35571216031974906,0.29932572692926296,0.034980465092653956
2009-11-04,78.29667663574219,4.360505158108019,0.0025766658262416087,4.713640652601526,0.35313549449350745,0.2975179955147941,0.034969203862585674
2009-11-05,79.73693084716797,4.37873285171119,0.01822769360317089,4.713640652601526,0.33490780089033656,0.28459595707224794,0.038422589287154564
2009-11-06,79.94586944580078,4.381349773727695,0.0026169220165055407,4.713640652601526,0.332290878873831,0.28272134869947196,0.03804338129624757
2009-11-09,81.76670837402344,4.403870172673947,0.02252039894625124,4.713640652601526,0.3097704799275798,0.26638468365692747,0.044241284094138175
2009-11-10,81.78164672851562,4.404052850812462,0.0001826781385156906,4.713640652601526,0.3095878017890641,0.26625065593495667,0.044189020246349485
2009-11-11,82.19955444335938,4.409149881650356,0.005097030837893257,4.713640652601526,0.30449077095117083,0.2625011653840481,0.040845074520472285
2009-11-12,81.36373901367188,4.398929707096237,-0.010220174554118167,4.713640652601526,0.314710945505289,0.2700001464858651,0.04199314084253156
2009-11-13,81.80406188964844,4.404326898728536,0.005397191632298792,4.713640652601526,0.3093137538729902,0.2660495459006609,0.04165104486208158
2009-11-16,82.99059295654297,4.4187272635004,0.014400364771863572,4.713640652601526,0.29491338910112663,0.2554039251914476,0.0434102453951639
2009-11-17,83.08757781982422,4.419895205968125,0.0011679424677248917,4.713640652601526,0.29374544663340174,0.2545337717687234,0.04307396548956584
2009-11-18,83.03536987304688,4.419266660072194,-0.0006285458959309764,4.713640652601526,0.2943739925293327,0.25500218428223054,0.04205518606120655
2009-11-19,81.95333099365234,4.406149951022143,-0.013116709050050801,4.713640652601526,0.3074907015793835,0.2647102954510382,0.04293459442605827
2009-11-20,81.66226196289062,4.402591985273787,-0.0035579657483557625,4.713640652601526,0.3110486673277393,0.26732178248929805,0.041427911504286985
2009-11-23,82.69953918457031,4.415214029880751,0.012622044606963811,4.713640652601526,0.29842662272077547,0.2580152753270296,0.0419426593624759
2009-11-24,82.8263931274414,4.416746768176606,0.001532738295854763,4.713640652601526,0.2968938844249207,0.25687713491170194,0.04170636127358842
2009-11-25,83.11744689941406,4.420254630479651,0.003507862303044895,4.713640652601526,0.2933860221218758,0.2542657847761204,0.037280266922876615
2009-11-27,81.76670837402344,4.403870172673947,-0.016384457805703967,4.713640652601526,0.3097704799275798,0.26638468365692747,0.034985440955448054
2009-11-30,82.0428695678711,4.407241910260334,0.0033717375863870913,4.713640652601526,0.3063987423411927,0.26390695053528224,0.02423687307260279
2009-12-01,83.0577621459961,4.4195362952198085,0.012294384959474769,4.713640652601526,0.2941043573817179,0.2548012796019524,0.025467799534274613
2009-12-02,83.02044677734375,4.419086924173214,-0.0004493710465949263,4.713640652601526,0.29455372842831284,0.2551360751015229,0.025344642388964445
2009-12-03,82.3712387084961,4.4112363311853064,-0.007850592987907135,4.713640652601526,0.30240432141622,0.26096080490012985,0.02603754919283331
2009-12-04,82.84136962890625,4.416927569815457,0.005691238630150863,4.713640652601526,0.2967130827860691,0.2567427649330357,0.02225933061931679
2009-12-07,82.7144775390625,4.415394647640101,-0.0015329221753566102,4.713640652601526,0.2982460049614257,0.2578812476050584,0.02220265039571267
2009-12-08,81.79657745361328,4.404235402312991,-0.011159245327109879,4.713640652601526,0.3094052502885356,0.2661166966643249,0.01738139127912377
2009-12-09,82.1025619506836,4.407969221217351,0.0037338189043598646,4.713640652601526,0.30567143138417574,0.26337138725811127,0.01755663248620789
2009-12-10,82.56522369384766,4.413588571217255,0.005619349999903989,4.713640652601526,0.30005208138427175,0.25922036115200264,0.017627159361551115
2009-12-11,82.91595458984375,4.417827499472535,0.004238928255280605,4.713640652601526,0.29581315312899115,0.25607358464192886,0.01653746782649444
2009-12-14,83.48312377929688,4.424644501002162,0.006817001529626943,4.713640652601526,0.2889961515993642,0.25098491209273666,0.01675597491396811
2009-12-15,83.0950698852539,4.419985372607521,-0.004659128394640888,4.713640652601526,0.2936552799940051,0.2544665525537203,0.014416620759089354
2009-12-16,83.221923828125,4.421510820664726,0.0015254480572046702,4.713640652601526,0.2921298319368004,0.2533284121383932,0.014428753326397514
2009-12-17,82.22195434570312,4.409422350899024,-0.012088469765702214,4.713640652601526,0.30421830170250264,0.26230019225243095,0.016265027321193375
2009-12-18,82.68711853027344,4.415063828474038,0.005641477575013987,4.713640652601526,0.29857682412748865,0.25812671410709487,0.01449823280405721
2009-12-21,83.52740478515625,4.425174779030471,0.010110950556433629,4.713640652601526,0.288465873571055,0.25058762052056127,0.01562684253524818
2009-12-22,83.8275146484375,4.428761290690736,0.0035865116602646907,4.713640652601526,0.28487936191079033,0.24789501864545982,0.01378153543869397
2009-12-23,83.99260711669922,4.430728784454676,0.001967493763939565,4.713640652601526,0.28291186814685076,0.24641380011852976,0.01380070942604124
2009-12-24,84.39021301269531,4.43545143531286,0.004722650858184352,4.713640652601526,0.2781892172886664,0.24284645858098397,0.013926688424250181
2009-12-28,84.57030487060547,4.4375831987374434,0.0021317634245834327,4.713640652601526,0.276057453864083,0.24123066472137045,0.010601472291415058
2009-12-29,84.45022583007812,4.436162317377861,-0.0014208813595821823,4.713640652601526,0.27747833522366516,0.2423080203475706,0.01048366593894562
2009-12-30,84.42022705078125,4.435807029888538,-0.00035528748932289744,4.713640652601526,0.27783362271298806,0.24257717101293808,0.008580742467566328
2009-12-31,83.60993957519531,4.426162407463408,-0.009644622425130756,4.713640652601526,0.2874782451381188,0.24984711393410464,0.009750234240627624
2010-01-04,85.02792358398438,4.442979715294574,0.016817307831166417,4.713640652601526,0.2706609373069524,0.23712488495041162,0.012537228649200701
2010-01-05,85.2530288696289,4.445623644794986,0.0026439295004117014,4.713640652601526,0.2680170078065407,0.2351052281900684,0.012217190741529306
2010-01-06,85.31307983398438,4.44632778194501,0.0007041371500244864,4.713640652601526,0.2673128706565162,0.23456644769995916,0.012193829821531646
2010-01-07,85.67315673828125,4.450539552948329,0.0042117710033187095,4.713640652601526,0.2631010996531975,0.23133581829947936,0.010848279081325183
2010-01-08,85.95830535888672,4.453862357281315,0.003322804332985818,4.713640652601526,0.2597782953202117,0.2287774495003665,0.010811734356637086
2010-01-11,86.07830047607422,4.455257352678538,0.0013949953972236528,4.713640652601526,0.25838329992298803,0.2277008468388959,0.010438382720121448
2010-01-12,85.27555084228516,4.445887787882617,-0.009369564795921548,4.713640652601526,0.2677528647189096,0.23490315983702514,0.011318117639687056
2010-01-13,85.99579620361328,4.454298413705441,0.008410625822824258,4.713640652601526,0.2593422388960853,0.22844107961999638,0.011623883312332496
2010-01-14,86.22840118408203,4.45699960349676,0.0027011897913187255,4.713640652601526,0.2566410491047666,0.22635413519331105,0.011442304068358786
2010-01-15,85.26052856445312,4.445711610760179,-0.01128799273658121,4.713640652601526,0.2679290418413478,0.23503794052372629,0.013018460600256881
2010-01-19,86.32593536376953,4.458130078592617,0.01241846783243794,4.713640652601526,0.25551057400890986,0.22547905327417062,0.013120359849822273
2010-01-20,85.44811248779297,4.447909320233876,-0.01022075835874059,4.713640652601526,0.26573133236765045,0.23335492744910946,0.014035594015521862
2010-01-21,83.8050308227539,4.428493039370502,-0.01941628086337399,4.713640652601526,0.28514761323102444,0.24809674474180732,0.01749757809729766
2010-01-22,81.93682098388672,4.405948474488961,-0.022544564881540552,4.713640652601526,0.307692178112565,0.2648584241488654,0.02373954677888825
2010-01-25,82.35698699951172,4.411063298191614,0.005114823702652593,4.713640652601526,0.3025773544099124,0.26108867200158126,0.024020405690344006
2010-01-26,82.01187896728516,4.4068641022269635,-0.0041991959646505705,4.713640652601526,0.306776550374563,0.26418499987473365,0.023961561367171477
2010-01-27,82.40201568603516,4.411609898825396,0.004745796598432328,4.713640652601526,0.30203075377613064,0.26068467219817315,0.024188086309868264
2010-01-28,81.45670318603516,4.4000716298328335,-0.011538268992562273,4.713640652601526,0.3135690227686929,0.2691660669188505,0.025840106928452886
2010-01-29,80.57135009765625,4.389143128477012,-0.010928501355821574,4.713640652601526,0.3244975241245145,0.2771095025654874,0.027343361428272848
2010-02-01,81.82433319091797,4.40457467114436,0.01543154266734792,4.713640652601526,0.30906598145716657,0.2658676706926544,0.02917179489714549
2010-02-02,82.81466674804688,4.416605180342974,0.012030509198614148,4.713640652601526,0.2970354722585524,0.2569823446199089,0.027431877389156065
2010-02-03,82.40201568603516,4.411609898825396,-0.004995281517578221,4.713640652601526,0.30203075377613064,0.26068467219817315,0.02765820456453863
2010-02-04,79.85861206054688,4.380257721826482,-0.03135217699891335,4.713640652601526,0.333382930775044,0.28350422666483543,0.040037240801947475
2010-02-05,80.023681640625,4.382322611376268,0.0020648895497856756,4.713640652601526,0.3313180412252583,0.28202321349192294,0.039867452700689546
2010-02-08,79.44593811035156,4.375076766570085,-0.007245844806183399,4.713640652601526,0.3385638860314417,0.28720675959711717,0.04038986430352136
2010-02-09,80.44380187988281,4.387558827336581,0.012482060766496161,4.713640652601526,0.32608182526494556,0.27825387205267293,0.04232844774665623
2010-02-10,80.28627014160156,4.385598624286316,-0.001960203050265008,4.713640652601526,0.32804202831521057,0.27966725530254866,0.041270723755975756
2010-02-11,81.12657928466797,4.39601064213422,0.010412017847904131,4.713640652601526,0.31763001046730643,0.27212795636199694,0.04174538451653805
2010-02-12,81.05903625488281,4.395177731848492,-0.0008329102857276283,4.713640652601526,0.31846292075303406,0.27273395606710904,0.04166219066355542
2010-02-16,82.33450317382812,4.410790256447932,0.015612524599439404,4.713640652601526,0.30285039615359466,0.26129039809792876,0.0431279756823275
2010-02-17,82.72460174560547,4.415517039599719,0.00472678315178765,4.713640652601526,0.298123613001807,0.257790412678064,0.04146633979162746
2010-02-18,83.2123031616211,4.421395211433516,0.005878171833797019,4.713640652601526,0.29224544116801,0.2534147292770067,0.04058546122539394
2010-02-19,83.38488006591797,4.423466998755281,0.0020717873217641625,4.713640652601526,0.2901736538462458,0.25186635998641327,0.035889445511173054
2010-02-22,83.39987182617188,4.423646772507068,0.00017977375178723776,4.713640652601526,0.2899938800944586,0.2517318531050686,0.029485809413761447
2010-02-23,82.38704681396484,4.4114282256987405,-0.012218546808327346,4.713640652601526,0.30221242690278594,0.26081897372550056,0.031037265867697124
2010-02-24,83.14480590820312,4.420583737159898,0.009155511461157673,4.713640652601526,0.29305691544162826,0.2540203182740838,0.03187126167410685
2010-02-25,83.03224182128906,4.419228988045406,-0.001354749114492293,4.713640652601526,0.29441166455612056,0.25503024933126417,0.03161060244770688
2010-02-26,83.08474731445312,4.419861138858947,0.0006321508135407328,4.713640652601526,0.2937795137425798,0.25455916721553196,0.029938178785366712
2010-03-01,83.94757843017578,4.430192537725451,0.010331398866504138,4.713640652601526,0.2834481148760757,0.24681779992193742,0.029778230109614792
2010-03-02,84.18017578125,4.432959451499546,0.0027669137740948813,4.713640652601526,0.2806812011019808,0.2447309239465918,0.02687422372412741
2010-03-03,84.25515747070312,4.433849783628305,0.0008903321287592192,4.713640652601526,0.2797908689732216,0.24405818418585112,0.02506057392461908
2010-03-04,84.51026916503906,4.436873055559472,0.0030232719311671374,4.713640652601526,0.27676759704205445,0.2417693083088014,0.024861334354816123
2010-03-05,85.71821594238281,4.451065357770765,0.014192302211292862,4.713640652601526,0.2625752948307616,0.23093154469071508,0.015013961092333137
2010-03-08,85.73320007324219,4.451240149338496,0.00017479156773081428,4.713640652601526,0.26240050326303077,0.2307971062607096,0.014960622561148768
2010-03-09,85.87578582763672,4.4529019013319315,0.0016617519934358782,4.713640652601526,0.2607387512695949,0.22951781918414427,0.01433388788557692
2010-03-10,86.25840759277344,4.457347530497171,0.004445629165239495,4.713640652601526,0.2562931221043554,0.2260849160766042,0.01261980628455062
2010-03-11,86.6185073852539,4.461513503881535,0.0041659733843637525,4.713640652601526,0.25212714871999165,0.22285408132210693,0.012790069306386704
2010-03-12,86.6259994506836,4.461599995113738,8.649123220294541e-05,4.713640652601526,0.2520406574877887,0.22278686210710452,0.01142419610624569
2010-03-15,86.64852905273438,4.461860040284512,0.0002600451707746032,4.713640652601526,0.2517806123170141,0.222584725302722,0.011416307043975024
2010-03-16,87.33879089355469,4.46979470428807,0.007934664003557579,4.713640652601526,0.24384594831345652,0.21639165884838218,0.009138327446838795
2010-03-17,87.8564682006836,4.475704439705111,0.005909735417040984,4.713640652601526,0.23793621289641553,0.21174703013597573,0.0092968668679049
2010-03-18,87.81146240234375,4.475192043399536,-0.0005123963055746472,4.713640652601526,0.23844860920199018,0.2121508245853656,0.008864808405820558
2010-03-19,87.36697387695312,4.470117337987992,-0.005074705411543867,4.713640652601526,0.24352331461353405,0.21613879960172255,0.009135208592892912
2010-03-22,87.83406066894531,4.475449360139879,0.005332022151886662,4.713640652601526,0.23819129246164739,0.21194807171893149,0.00949302517738528
2010-03-23,88.45182800292969,4.482458087468883,0.007008727329004039,4.713640652601526,0.23118256513264335,0.20640542988878396,0.008230875272964807
2010-03-24,88.02239227294922,4.4775912397565,-0.004866847712382771,4.713640652601526,0.23604941284502612,0.21025835041308294,0.007473146761370518
2010-03-25,87.8792724609375,4.47596396870355,-0.001627271052949908,4.713640652601526,0.23767668389797603,0.21154242908338516,0.007483386351919062
2010-03-26,87.82652282714844,4.475363537337159,-0.0006004313663909855,4.713640652601526,0.238277115264367,0.21201570164196892,0.007482893731920105
2010-03-29,88.38400268554688,4.481690988171816,0.006327450834656467,4.713640652601526,0.23194966442971054,0.20701396229344227,0.006642459009150122
2010-03-30,88.44428253173828,4.482372777835187,0.0006817896633712905,4.713640652601526,0.23126787476633925,0.20647312826316044,0.006551852728078851
2010-03-31,88.1429214477539,4.478959604402932,-0.003413173432255334,4.713640652601526,0.2346810481985946,0.20917695615787546,0.006688651703976177
2010-04-01,88.74559783935547,4.485773825315236,0.006814220912303881,4.713640652601526,0.2278668272862907,0.20376971107648023,0.007158548965722072
2010-04-05,89.46883392333984,4.493890340316417,0.00811651500118149,4.713640652601526,0.21975031228510922,0.19728079793452125,0.005450699274439545
2010-04-06,89.6797866821289,4.496245400105064,0.002355059788646585,4.713640652601526,0.21739525249646263,0.19538811840822146,0.005520197781340518
2010-04-07,89.1675033569336,4.490516661066173,-0.005728739038890929,4.713640652601526,0.22312399153535356,0.1999843520238801,0.0058989163755696315
2010-04-08,89.47634887695312,4.493974332000351,0.0034576709341784806,4.713640652601526,0.21966632060117508,0.1972133733655016,0.005800533932708989
2010-04-09,90.06401062011719,4.500520646639114,0.006546314638762318,4.713640652601526,0.21312000596241276,0.19194084051946836,0.0061218200867006155
2010-04-12,90.20711517333984,4.502108306145345,0.0015876595062316312,4.713640652601526,0.21153234645618113,0.19065689875184388,0.00615348617957906
2010-04-13,90.27493286132812,4.502859823450458,0.0007515173051126922,4.713640652601526,0.21078082915106844,0.1900484347985243,0.006159750329668972
2010-04-14,91.29952239990234,4.514145556479928,0.011285733029470002,4.713640652601526,0.19949509612159844,0.18085576221318989,0.0069713021819242564
2010-04-15,91.37482452392578,4.5149699976733055,0.0008244411933775453,4.713640652601526,0.1986706549282209,0.18018014749620703,0.006539811787256312
2010-04-16,89.9208755493164,4.498930123078809,-0.016039874594496517,4.713640652601526,0.2147105295227174,0.19322505609244922,0.009778201127874735
2010-04-19,90.25985717773438,4.502692812054754,0.0037626889759447835,4.713640652601526,0.21094784054677262,0.19018369464459917,0.009632106563653106
2010-04-20,91.06597900390624,4.511584287798399,0.008891475743645572,4.713640652601526,0.20205636480312705,0.18295112615458564,0.010270017860115613
2010-04-21,90.90019989013672,4.50976220019242,-0.001822087605979128,4.713640652601526,0.20387845240910618,0.18443850530203498,0.009692909440456952
2010-04-22,91.17142486572266,4.5127415241433555,0.002979323950935253,4.713640652601526,0.20089912845817093,0.1820050601967914,0.009506305513775497
2010-04-23,91.76658630371094,4.519248247748622,0.006506723605266274,4.713640652601526,0.19439240485290465,0.17666523968441727,0.010006392470319562
2010-04-26,91.42002868652344,4.515464586691817,-0.0037836610568051654,4.713640652601526,0.19817606590970982,0.17977457331199997,0.010182232692224237
2010-04-27,89.25789642333984,4.491529892077576,-0.02393469461424047,4.713640652601526,0.2221107605239503,0.1991733405581435,0.016895928142094896
2010-04-28,89.9358901977539,4.499097085365826,0.0075671932882501736,4.713640652601526,0.21454356723570012,0.19309034385708768,0.017611577613764792
2010-04-29,91.05091094970705,4.51141881106269,0.012321725696863517,4.713640652601526,0.2022218415388366,0.18308631754932092,0.019377784771767964
2010-04-30,89.5064926147461,4.494311165831201,-0.01710764523148889,4.713640652601526,0.2193294867703255,0.19694292212469078,0.022480382547700507
2010-05-03,90.66668701171876,4.50719000202182,0.012878836190618692,4.713640652601526,0.2064506505797068,0.18653359543807346,0.023740213781541366
2010-05-04,88.5346908569336,4.483394462291013,-0.023795539730806503,4.713640652601526,0.2302461903105133,0.205661979894746,0.03080479947789223
2010-05-05,88.00731658935547,4.477419954082872,-0.0059745082081414935,4.713640652601526,0.2362206985186548,0.21039361025915748,0.030841040824545543
2010-05-06,85.08428955078125,4.443642406912313,-0.033777547170558364,4.713640652601526,0.26999824568921316,0.2366191664570908,0.04506602760213047
2010-05-07,83.81864929199219,4.42865552797902,-0.014986878933293646,4.713640652601526,0.2849851246225068,0.247974559101502,0.04735610664275571
2010-05-10,87.51012420654297,4.471754491887871,0.04309896390885104,4.713640652601526,0.24188616071365576,0.21485444712606294,0.07072910698684555
2010-05-11,87.26148986816406,4.468909241445696,-0.0028452504421743186,4.713640652601526,0.24473141115583008,0.2170852078162112,0.07082399345176255
2010-05-12,88.48193359375,4.4827983909908244,0.013889149545128099,4.713640652601526,0.23084226161070198,0.20613532090466902,0.07164980633570077
2010-05-13,87.38203430175781,4.47028970434359,-0.01250868664723459,4.713640652601526,0.24335094825793657,0.21600367665832554,0.07361272931900358
2010-05-14,85.80000305175781,4.452019042062189,-0.018270662281400618,4.713640652601526,0.2616216105393372,0.23019774633549106,0.07457712731124573
2010-05-17,85.84516906738281,4.452545313976625,0.0005262719144356609,4.713640652601526,0.26109533862490153,0.22979251440797988,0.07440222839710338
2010-05-18,84.67748260498047,4.438849717494354,-0.013695596482270922,4.713640652601526,0.27479093510717245,0.2402690603095995,0.07576946727563086
2010-05-19,84.1953125,4.4331392486772145,-0.005710468817139436,4.713640652601526,0.2805014039243119,0.24459511648980392,0.07613851435656337
2010-05-20,81.0161361694336,4.394648346800685,-0.03849090187652937,4.713640652601526,0.31899230580084126,0.27311885794690594,0.0946941961229697
2010-05-21,82.19895935058594,4.409142642013455,0.014494295212769792,4.713640652601526,0.30449801058807147,0.26250650458849845,0.09680781010762855
2010-05-24,81.14422607421875,4.396228140156508,-0.012914501856946536,4.713640652601526,0.317412512445018,0.271969628414643,0.09872891027460423
2010-05-25,81.22712707519531,4.3972492686569735,0.001021128500465096,4.713640652601526,0.3163913839445529,0.27122583616390983,0.09152389129853686
2010-05-26,80.73739624023438,4.391201866208168,-0.006047402448805528,4.713640652601526,0.32243878639335843,0.27561972762116893,0.09126318044119947
2010-05-27,83.4419937133789,4.424151704383318,0.03294983817515007,4.713640652601526,0.28948894821820836,0.2513539332618604,0.10302990352760932
2010-05-28,82.39479064941406,4.411522214642839,-0.012629489740478839,4.713640652601526,0.3021184379586872,0.2607494956163072,0.10135199284791288
2010-06-01,81.00859832763672,4.3945553012317395,-0.016966913411099682,4.713640652601526,0.3190853513697869,0.27318648786994304,0.10288934063425742
2010-06-02,83.11801147460938,4.420261422955827,0.02570612172408726,4.713640652601526,0.2933792296456996,0.25426071937702643,0.10408101062022374
2010-06-03,83.4042739868164,4.423699554895948,0.003438131940121103,4.713640652601526,0.2899410977055785,0.2516923566824041,0.10378019825687125
2010-06-04,80.4737548828125,4.387931104965923,-0.035768449930024815,4.713640652601526,0.32570954763560334,0.27798513209534037,0.10552478565784244
2010-06-07,79.4718017578125,4.3754022638709,-0.012528841095023502,4.713640652601526,0.33823838873062684,0.2869747095575449,0.10467258867753411
2010-06-08,80.32305145263672,4.386056646414958,0.010654382544058372,4.713640652601526,0.32758400618656847,0.27933725139671517,0.08269812791250562
2010-06-09,79.89366912841797,4.380696614694527,-0.005360031720431202,4.713640652601526,0.33294403790699967,0.2831896927616403,0.08295812248606885
2010-06-10,82.22904968261719,4.409508642095121,0.028812027400594076,4.713640652601526,0.3041320105064056,0.2622365325070616,0.09098715052892406
2010-06-11,82.62834930419922,4.41435283355844,0.0048441914633192695,4.713640652601526,0.2992878190430863,0.25865399477223416,0.08931133729003589
2010-06-14,82.50027465820312,4.412801622525435,-0.001551211033005373,4.713640652601526,0.3008390300760917,0.2598030874018179,0.08513556064893171
2010-06-15,84.37613677978516,4.435284622047536,0.022482999522101643,4.713640652601526,0.27835603055399005,0.2429727513016361,0.09150118529675624
2010-06-16,84.34601593017578,4.434927575276315,-0.0003570467712217251,4.713640652601526,0.2787130773252118,0.243242997188429,0.08913941760109102
2010-06-17,84.48162078857422,4.436534005244725,0.0016064299684099836,4.713640652601526,0.2771066473568018,0.24202634308714688,0.08876105425655274
2010-06-18,84.57319641113281,4.437617389120233,0.0010833838755086589,4.713640652601526,0.27602326348129314,0.2412047216638491,0.07010831909280182
2010-06-21,84.3309555053711,4.4347490040734225,-0.002868385046810751,4.713640652601526,0.2788916485281039,0.2433781201318258,0.06756492138498107
2010-06-22,82.93818664550781,4.418095591129839,-0.016653412943583135,4.713640652601526,0.295545061471687,0.2558741174397715,0.06895787412113205
2010-06-23,82.68086242675781,4.414988165658511,-0.0031074254713283622,4.713640652601526,0.2986524869430154,0.25818284420516224,0.06906640283066406
2010-06-24,81.31077575683594,4.398278550905213,-0.016709614753297686,4.713640652601526,0.31536210169631307,0.2704753356819438,0.07212366870586921
2010-06-25,81.65142822265625,4.402459311273978,0.004180760368764247,4.713640652601526,0.3111813413275488,0.2674189833908297,0.058664183916674106
2010-06-28,81.39401245117188,4.399301713192127,-0.0031575980818505656,4.713640652601526,0.3143389394093994,0.26972853157228993,0.05678006073989886
2010-06-29,78.88097381591797,4.3679400557546595,-0.03136165743746755,4.713640652601526,0.34570059684686694,0.29227564970930753,0.06554559606211775
2010-06-30,78.131591796875,4.358394479497195,-0.009545576257464106,4.713640652601526,0.35524617310433104,0.298999145590385,0.05836754404523549
2010-07-01,77.78341674804688,4.353928256125428,-0.004466223371767164,4.713640652601526,0.3597123964760982,0.30212299090185846,0.05846993668484285
2010-07-02,77.3595199584961,4.348463645832302,-0.005464610293126171,4.713640652601526,0.3651770067692244,0.30592621575396584,0.04272598412110686
2010-07-06,77.86668395996094,4.354998184374477,0.006534538542174673,4.713640652601526,0.3586424682270497,0.30137591298684807,0.041286161139269556
2010-07-07,80.31918334960938,4.3860084884316874,0.031010304057210725,4.713640652601526,0.327632164169839,0.27937195622564204,0.05197251207737116
2010-07-08,81.11397552490234,4.395855270873246,0.009846782441558233,4.713640652601526,0.31778538172828075,0.27224103797420107,0.05283219980090378
2010-07-09,81.71955108642578,4.403293276620894,0.007438005747648191,4.713640652601526,0.31034737598063256,0.26680778138394623,0.043069606483679024
2010-07-12,81.77249908447266,4.403940990070479,0.0006477134495854742,4.713640652601526,0.3096996625310471,0.26633272909054573,0.042779218590100455
2010-07-13,83.00634765625,4.418917082658465,0.014976092587986045,4.713640652601526,0.29472356994306104,0.2552625731761926,0.045574869968641615
2010-07-14,82.99877166748047,4.418825808500107,-9.127415835852304e-05,4.713640652601526,0.29481484410141956,0.25533054535592514,0.039205860568252246
2010-07-15,83.0214614868164,4.419099146502904,0.00027333800279727427,4.713640652601526,0.2945415060986223,0.2551269710734222,0.039205195682215616
2010-07-16,80.73551940917969,4.391178619819791,-0.027920526683113067,4.713640652601526,0.32246203278173535,0.2756365666505892,0.0489950831142553
2010-07-19,81.2123794555664,4.397067691896684,0.00588907207689271,4.713640652601526,0.31657296070484264,0.27135815260240337,0.04941727697549988
2010-07-20,82.11312103271484,4.408097821383351,0.011030129486667484,4.713640652601526,0.30554283121817516,0.2632766506047878,0.05084657213432001
2010-07-21,81.0458755493164,4.395015359154799,-0.013082462228552139,4.713640652601526,0.3186252934467273,0.27285203462706764,0.0495086367909991
2010-07-22,82.85494995117188,4.417091488028372,0.022076128873572465,4.713640652601526,0.29654916457315483,0.25662092154942595,0.055527648890581364
2010-07-23,83.57402038574219,4.425732710858372,0.008641222830000572,4.713640652601526,0.28790794174315426,0.250169382838619,0.052950438676187025
2010-07-26,84.44449615478516,4.436094468303268,0.010361757444895758,4.713640652601526,0.2775461842982585,0.2423594273032399,0.05408301815326839
2010-07-27,84.43694305419922,4.436005019745435,-8.944855783266092e-05,4.713640652601526,0.27763563285609116,0.24242719412895553,0.05395749160328308
2010-07-28,83.8919677734375,4.429529873174323,-0.006475146571112589,4.713640652601526,0.28411077942720375,0.24731674173268614,0.04209300357352642
2010-07-29,83.48320007324219,4.4246454148863945,-0.004884458287928162,4.713640652601526,0.2889952377151319,0.25098422757934524,0.04124552639768746
2010-07-30,83.46803283691406,4.424463718278283,-0.0001816966081111815,4.713640652601526,0.2891769343232431,0.2511203088414896,0.04099460826456854
2010-08-02,85.35285949707031,4.4467939518669315,0.022330233588648163,4.713640652601526,0.26684670073459493,0.23420954241785719,0.046901203082063456
2010-08-03,84.944091796875,4.441993296515942,-0.004800655350989835,4.713640652601526,0.27164735608558477,0.2378770282645155,0.0466535639148452
2010-08-04,85.5118179321289,4.448654587819421,0.006661291303479366,4.713640652601526,0.2649860647821054,0.23278335876756906,0.035096010350620495
2010-08-05,85.42098236083984,4.447591765708229,-0.0010628221111916858,4.713640652601526,0.2660488868932971,0.23359834041097338,0.03388855822711759
2010-08-06,85.07275390625,4.443506818701392,-0.004084947006837147,4.713640652601526,0.27013383390013423,0.2367226648818206,0.033401730295205
2010-08-09,85.52694702148438,4.448831496129055,0.0053246774276631825,4.713640652601526,0.26480915647247105,0.23264761976212023,0.033753681773353236
2010-08-10,85.0652084350586,4.443418120434497,-0.00541337569455802,4.713640652601526,0.2702225321670291,0.23679036325619707,0.03129694999215515
2010-08-11,82.73384857177734,4.415628811783779,-0.027789308650718603,4.713640652601526,0.2980118408177477,0.2577074496550664,0.041027140530497934
2010-08-12,82.22671508789062,4.409480250329956,-0.0061485614538225875,4.713640652601526,0.30416040227157026,0.2622574786168277,0.04150253971852245
2010-08-13,81.98444366455078,4.406529517858851,-0.002950732471105333,4.713640652601526,0.3071111347426756,0.264431150890161,0.031789842467877895
2010-08-16,81.94660186767578,4.406067838407904,-0.0004616794509466615,4.713640652601526,0.30757281419362226,0.2647706695321308,0.03135554539053412
2010-08-17,82.95333862304688,4.418278264446715,0.012210426038810951,4.713640652601526,0.2953623881548113,0.25573817308030566,0.03170117280974754
2010-08-18,83.10474395751953,4.420101787566755,0.0018235231200396385,4.713640652601526,0.29353886503477167,0.25437975625573295,0.029586570484206143
2010-08-19,81.65897369384766,4.402551717772378,-0.017550069794376455,4.713640652601526,0.3110889348291481,0.26735128501645333,0.027326753979391948
2010-08-20,81.39401245117188,4.399301713192127,-0.0032500045802512645,4.713640652601526,0.3143389394093994,0.26972853157228993,0.02651899063134348
2010-08-23,81.08370208740234,4.395481980228186,-0.0038197329639411137,4.713640652601526,0.3181586723733405,0.2725126528877765,0.02535001734771244
2010-08-24,79.88014221191406,4.3805272888654345,-0.014954691362751404,4.713640652601526,0.3331133637360919,0.28331105698587633,0.028167815735866672
2010-08-25,80.19052124023438,4.384405318863086,0.003878029997651744,4.713640652601526,0.32923533373844016,0.28052631960833774,0.0278290218145374
2010-08-26,79.65306091308594,4.377680465160486,-0.006724853702600342,4.713640652601526,0.3359601874410405,0.28534844264304804,0.028098229943928733
2010-08-27,80.88687896728516,4.393051622619837,0.015371157459351359,4.713640652601526,0.32058902998168914,0.27427856053405153,0.03107484724051168
2010-08-30,79.713623046875,4.37844050025941,-0.014611122360427053,4.713640652601526,0.3352001523421162,0.28480507591321913,0.027481901353309718
2010-08-31,79.713623046875,4.37844050025941,0.0,4.713640652601526,0.3352001523421162,0.28480507591321913,0.027191518076642475
2010-09-01,82.0980224609375,4.407913929212593,0.029473428953182612,4.713640652601526,0.3057267233889336,0.2634121158048799,0.03757782675324149
2010-09-02,82.86251068115234,4.417182736469627,0.009268807257034162,4.713640652601526,0.2964579161318994,0.25655308627237083,0.03864606983705443
2010-09-03,83.93736267089844,4.430070838194534,0.012888101724906953,4.713640652601526,0.28356981440699247,0.24690945626500171,0.040528716149742745
2010-09-07,82.99120330810547,4.418734617940179,-0.011336220254355212,4.713640652601526,0.2949060346613477,0.25539844908431897,0.04179070316906974
2010-09-08,83.57402038574219,4.425732710858372,0.0069980929181934215,4.713640652601526,0.28790794174315426,0.250169382838619,0.04203852838689334
2010-09-09,83.96006774902344,4.430341301872348,0.004608591013975705,4.713640652601526,0.28329935072917856,0.2467057450798199,0.03257584567859318
2010-09-10,84.38397216796875,4.435377480344892,0.005036178472543895,4.713640652601526,0.27826317225663466,0.2429024517763737,0.03241908007785729
2010-09-13,85.32257843017578,4.446439113847121,0.011061633502229107,4.713640652601526,0.26720153875440555,0.2344812257827712,0.033851106789489466
2010-09-14,85.26959228515625,4.445817911285464,-0.0006212025616569861,4.713640652601526,0.26782274131606254,0.23495662033286768,0.033853283372799976
2010-09-15,85.59508514404297,4.449627864957749,0.0038099536722855376,4.713640652601526,0.264012787643777,0.23203628085255845,0.032157591033789665
2010-09-16,85.57235717773438,4.449362300827867,-0.000265564129882101,4.713640652601526,0.2642783517736591,0.23224019739175727,0.03211658165928545
2010-09-17,85.60433197021484,4.449735888995877,0.0003735881680100306,4.713640652601526,0.2639047636056491,0.23195331782956063,0.02823747785026603
2010-09-20,86.91322326660156,4.464910187169329,0.015174298173451284,4.713640652601526,0.2487304654321978,0.2202098745437545,0.03100565747085896
2010-09-21,86.73820495605469,4.462894443658323,-0.002015743511005752,4.713640652601526,0.25074620894320354,0.22178014826286185,0.030873015531886892
2010-09-22,86.31208038330078,4.45796956955944,-0.004924874098882981,4.713640652601526,0.2556710830420865,0.22560336090598887,0.028360721580184073
2010-09-23,85.6119384765625,4.449824741607054,-0.00814482795238547,4.713640652601526,0.263815910994472,0.23188507184447182,0.029007090312146107
2010-09-24,87.37743377685547,4.47023705455066,0.02041231294360557,4.713640652601526,0.24340359805086642,0.21604495281580705,0.03368721997821361
2010-09-27,86.9588851928711,4.465435422961589,-0.00480163158907132,4.713640652601526,0.24820522963993774,0.21980019327920042,0.031000688100103747
2010-09-28,87.26329040527344,4.468929875044049,0.003494452082460242,4.713640652601526,0.2447107775574775,0.21706905330018267,0.028464639464041767
2010-09-29,87.111083984375,4.467184131610281,-0.0017457434337675437,4.713640652601526,0.24645652099124504,0.21843465751536117,0.0285030394777622
2010-09-30,86.85234832763672,4.464209531212033,-0.0029746003982484837,4.713640652601526,0.24943112138949353,0.22075604777848656,0.01766912141697626
2010-10-01,87.21761322021484,4.468406296988767,0.004196765776733891,4.713640652601526,0.24523435561275964,0.2174788714674144,0.016808567310186873
2010-10-04,86.56318664550781,4.4608746287170735,-0.00753166827169327,4.713640652601526,0.2527660238844529,0.22335042198196997,0.015430415357316221
2010-10-05,88.30583953857422,4.480806238362914,0.019931609645840176,4.713640652601526,0.23283441423861273,0.2077152462625903,0.018816780942394307
2010-10-06,88.29823303222656,4.480720096449631,-8.614191328248921e-05,4.713640652601526,0.23292055615189522,0.20778349224767978,0.0181998108032075
2010-10-07,88.19172668457031,4.479513156850844,-0.001206939598787038,4.713640652601526,0.23412749575068226,0.20873907294160932,0.017950552463176388
2010-10-08,88.68636322021484,4.485106137025172,0.005592980174327522,4.713640652601526,0.22853451557635474,0.20430116727330516,0.01802512346682752
2010-10-11,88.77005767822266,4.486049404829061,0.0009432678038896469,4.713640652601526,0.2275912477724651,0.20355025608330413,0.016494601698821464
2010-10-12,89.04402923583984,4.489130957918291,0.0030815530892294163,4.713640652601526,0.22450969468323567,0.20109216849598255,0.016609388666742504
2010-10-13,89.73649597167969,4.496877553336649,0.007746595418358204,4.713640652601526,0.21676309926487747,0.19487931960464122,0.01718261298598616
2010-10-14,89.38645935058594,4.49296920930519,-0.003908344031459343,4.713640652601526,0.2206714432963368,0.1980198670428568,0.017374191308376825
2010-10-15,89.56910705566406,4.495010473202891,0.0020412638977012065,4.713640652601526,0.2186301793986356,0.19638114198464218,0.017424933904654664
2010-10-18,90.010498046875,4.499926308493047,0.0049158352901566005,4.713640652601526,0.213714344108479,0.19242095821196337,0.014828150910098255
2010-10-19,88.83092498779297,4.486734843738685,-0.013191464754362059,4.713640652601526,0.22690580886284106,0.20300415129991112,0.016969540067937283
2010-10-20,89.69847869873047,4.496453809040556,0.009718965301870774,4.713640652601526,0.2171868435609703,0.19522041262740986,0.01785410922871619
2010-10-21,89.89632415771484,4.498657052518327,0.002203243477771011,4.713640652601526,0.21498360008319928,0.1934453325016947,0.01707941157776579
2010-10-22,90.06376647949219,4.500517935889789,0.0018608833714619522,4.713640652601526,0.21312271671173733,0.19194303096232035,0.011873096204668438
2010-10-25,90.3301010131836,4.503470749429516,0.002952813539726762,4.713640652601526,0.21016990317201056,0.1895534631654443,0.011692455572397087
2010-10-26,90.34534454345705,4.503639488798196,0.00016873936868044837,4.713640652601526,0.21000116380333012,0.18941669738990874,0.01153895327038303
2010-10-27,90.08657836914062,4.500771189801566,-0.002868298996630436,4.713640652601526,0.21286946279996055,0.19173836145839074,0.011604215209751889
2010-10-28,90.10179901123048,4.500940131243265,0.00016894144169921077,4.713640652601526,0.21270052135826134,0.19160180103687285,0.011493086910138329
2010-10-29,90.17027282714844,4.501699803204792,0.0007596719615268199,4.713640652601526,0.21194084939673452,0.19098745026839037,0.01127843656729333
2010-11-01,90.20073699951172,4.5020375977614915,0.0003377945566995777,4.713640652601526,0.21160305484003494,0.1907141240713376,0.01056512635271041
2010-11-02,90.9160614013672,4.509936678659396,0.007899080897904476,4.713640652601526,0.20370397394213047,0.1842961949680323,0.0063457191937747875
2010-11-03,91.28136444091795,4.513946653304919,0.004009974645523329,4.713640652601526,0.19969399929660714,0.18101867640026414,0.006548232394254088
2010-11-04,93.03923034667967,4.5330212358920114,0.01907458258709216,4.713640652601526,0.18061941670951498,0.16524700871070608,0.011114258164980245
2010-11-05,93.3893051147461,4.536776832412352,0.0037555965203406316,4.713640652601526,0.17686382018917435,0.1621061190157953,0.010897828947694237
2010-11-08,93.21428680419922,4.534901001834093,-0.001875830578258686,4.713640652601526,0.17873965076743303,0.1636763927349033,0.010930954173921028
2010-11-09,92.54460906982422,4.527690788482612,-0.007210213351481087,4.713640652601526,0.18594986411891412,0.16968477747633248,0.011466343383785953
2010-11-10,92.91749572753906,4.531711956694635,0.004021168212022808,4.713640652601526,0.1819286959068913,0.1663392182774931,0.010913960054277997
2010-11-11,92.5674285888672,4.527937336675233,-0.0037746200194019863,4.713640652601526,0.1857033159262933,0.16948003952106439,0.01090101485488309
2010-11-12,91.47160339355467,4.516028578688736,-0.01190875798649671,4.713640652601526,0.19761207391279,0.17931184225963837,0.012635427011742313
2010-11-15,91.34223175048828,4.514613240899223,-0.0014153377895134156,4.713640652601526,0.19902741170230343,0.18047257161687058,0.01235618259191911
2010-11-16,89.919189453125,4.498911372015842,-0.01570186888338121,4.713640652601526,0.21472928058568463,0.1932401838383917,0.013270110287142122
2010-11-17,89.96485137939453,4.499419053820619,0.0005076818047768938,4.713640652601526,0.21422159878090774,0.1928305025738387,0.012083183411018885
2010-11-18,91.28895568847656,4.514029813016285,0.014610759195666567,4.713640652601526,0.19961083958524117,0.18095056731785297,0.01471179544190671
2010-11-19,91.54010772705078,4.5167772120551595,0.002747399038874221,4.713640652601526,0.19686344054636695,0.17869721768579938,0.014763270405320165
2010-11-22,91.4640121459961,4.515945585035034,-0.0008316270201254028,4.713640652601526,0.19769506756649236,0.17937995134204965,0.014662123851142798
2010-11-23,90.13985443115234,4.5013624023416545,-0.014583182693379548,4.713640652601526,0.2122782502598719,0.1912603657574089,0.01734139723176647
2010-11-24,91.47160339355467,4.516028578688736,0.014666176347081894,4.713640652601526,0.19761207391279,0.17931184225963837,0.019947954059587845
2010-11-26,90.4062042236328,4.504312895835544,-0.011715682853192355,4.713640652601526,0.20932775676598236,0.18887066105785477,0.02167703547176171
2010-11-29,90.68019104003906,4.507338932386547,0.0030260365510033083,4.713640652601526,0.20630172021497906,0.1864124365678549,0.02178514089781957
2010-11-30,90.17027282714844,4.501699803204792,-0.0056391291817554645,4.713640652601526,0.21194084939673452,0.19098745026839037,0.022184380374671044
2010-12-01,92.08800506591795,4.522744696624465,0.021044893419673194,4.713640652601526,0.19089595597706133,0.17378145321919092,0.026978580330844482
2010-12-02,93.26757049560548,4.535472464319805,0.01272776769534012,4.713640652601526,0.1781681882817212,0.16319832858258176,0.028817124121339403
2010-12-03,93.5186538696289,4.538160923022888,0.0026884587030826523,4.713640652601526,0.17547972957863855,0.1609455950125802,0.024323814298851814
2010-12-06,93.41971588134766,4.537102413764988,-0.0010585092579002975,4.713640652601526,0.17653823883653885,0.16183327197811592,0.024160215100332685
2010-12-07,93.47303009033205,4.537672946453705,0.000570532688717762,4.713640652601526,0.1759677061478211,0.16135493402043843,0.024119980366933805
2010-12-08,93.81546020507812,4.541329663380359,0.0036567169266534805,4.713640652601526,0.1723109892211676,0.15828263256731212,0.02363342383349206
2010-12-09,94.18074798583984,4.545215786871785,0.003886123491426474,4.713640652601526,0.16842486572974114,0.1550052509022225,0.02361996907470761
2010-12-10,94.7286605834961,4.551016600480991,0.005800813609205591,4.713640652601526,0.16262405212053554,0.15008934953293562,0.02386443027090483
2010-12-13,94.78955078125,4.551659179359407,0.0006425788784163444,4.713640652601526,0.1619814732421192,0.1495430393955247,0.0220827195954137
2010-12-14,94.87322998046876,4.552541579209417,0.0008823998500098185,4.713640652601526,0.16109907339210938,0.14879226510820276,0.0220672902457183
2010-12-15,94.43944549560548,4.547958840700768,-0.004582738508648987,4.713640652601526,0.16568181190075837,0.15268420289579243,0.019225395598896064
2010-12-16,94.9874038696289,4.553744291963586,0.005785451262817709,4.713640652601526,0.15989636063794066,0.14776789081847108,0.01964388828819024
2010-12-17,95.08914947509766,4.554814867091303,0.0010705751277173547,4.713640652601526,0.1588257855102233,0.14685502376014414,0.01696855355825242
2010-12-20,95.31867218017578,4.557225722005272,0.002410854913969196,4.713640652601526,0.1564149305962541,0.14479573367445775,0.01694668020946369
2010-12-21,95.92300415039062,4.563545829561498,0.006320107556225807,4.713640652601526,0.1500948230400283,0.13937363465247699,0.017441257375336604
2010-12-22,96.22135162353516,4.5666512833929245,0.0031054538314263525,4.713640652601526,0.14698936920860195,0.1366968450367093,0.014883137663322613
2010-12-23,96.08363342285156,4.565218993697534,-0.001432289695390665,4.713640652601526,0.14842165890399261,0.13793246015892402,0.01219876719993312
2010-12-27,96.12190246582033,4.565617203283928,0.00039820958639413817,4.713640652601526,0.14802344931759848,0.1375891082419648,0.010471324161525318
2010-12-28,96.25957489013672,4.567048447598192,0.001431244314264113,4.713640652601526,0.14659220500333436,0.1363539038277849,0.010381757856322045
2010-12-29,96.32843780517578,4.5677635795216185,0.0007151319234264264,4.713640652601526,0.14587707307990794,0.13573606204100785,0.009987524466638201
2010-12-30,96.17546844482422,4.566174319381102,-0.001589260140516302,4.713640652601526,0.14746633322042424,0.1371085113900974,0.004438965896873456
