Date,P,X,r,M,D,delta,V_proxy
2002-01-02,74.48297882080078,4.310570627077747,,4.310570627077747,0.0,0.0,
2002-01-03,75.3275375366211,4.321845772289913,0.011275145212165327,4.321845772289913,0.0,0.0,
2002-01-04,75.8304214477539,4.328499550494497,0.0066537782045843485,4.328499550494497,0.0,0.0,
2002-01-07,75.29533386230469,4.321418165585725,-0.0070813849087718594,4.328499550494497,0.0070813849087718594,0.00705637098190004,
2002-01-08,75.12125396728516,4.319103527615917,-0.002314637969807798,4.328499550494497,0.009396022878579657,0.009352018186491562,
2002-01-09,74.5087890625,4.310917092420418,-0.008186435195499442,4.328499550494497,0.0175824580740791,0.01742878860517072,
2002-01-10,74.83759307861328,4.315320339993651,0.00440324757323296,4.328499550494497,0.013179210500846139,0.013092744972077242,
2002-01-11,74.10263061523438,4.305451032552256,-0.009869307441395136,4.328499550494497,0.023048517942241276,0.022784929841250356,
2002-01-14,73.63842010498047,4.299166901829739,-0.006284130722516323,4.328499550494497,0.0293326486647576,0.02890662218307294,
2002-01-15,74.23799896240234,4.3072761344832555,0.008109232653516152,4.328499550494497,0.021223416011241447,0.020999784188839077,
2002-01-16,72.73584747314453,4.286834350675311,-0.020441783807944702,4.328499550494497,0.04166519981918615,0.04080913590519142,
2002-01-17,73.28382873535156,4.29433996702708,0.007505616351768829,4.328499550494497,0.03415958346741732,0.033582731887583095,
2002-01-18,72.9486083984375,4.289755198685918,-0.004584768341161727,4.328499550494497,0.03874435180857905,0.03800338959347527,
2002-01-22,72.44567108154297,4.282836916554276,-0.0069182821316422505,4.328499550494497,0.0456626339402213,0.044635784710005066,
2002-01-23,73.00016021728516,4.290461635903314,0.007624719349037967,4.328499550494497,0.03803791459118333,0.03732355928443232,
2002-01-24,73.22581481933594,4.293548020263165,0.003086384359851202,4.328499550494497,0.03495153023133213,0.03434777993700744,
2002-01-25,73.2064437866211,4.293283446964737,-0.0002645732984278837,4.328499550494497,0.03521610352976001,0.034603231935624645,
2002-01-28,73.4063491821289,4.296010432998386,0.0027269860336494034,4.328499550494497,0.03248911749611061,0.03196701560329751,
2002-01-29,71.0982666015625,4.2640629567871455,-0.03194747621124083,4.328499550494497,0.06443659370735144,0.0624044381640656,
2002-01-30,72.12340545654297,4.278378616529014,0.014315659741868103,4.328499550494497,0.05012093396548334,0.04888560449007906,
2002-01-31,72.96791076660156,4.2900197659657175,0.011641149436703913,4.328499550494497,0.038479784528779426,0.037748843096231166,0.03144093780569846
2002-02-01,72.62625885009766,4.285326548586018,-0.004693217379699632,4.328499550494497,0.04317300190847906,0.04225431609745012,0.03011664491740148
2002-02-04,70.821044921875,4.260156201190484,-0.02517034739553381,4.328499550494497,0.06834334930401287,0.06606024904306085,0.03754149257496376
2002-02-05,70.38267517089844,4.253947141556093,-0.00620905963439089,4.328499550494497,0.07455240893840376,0.07184117103462051,0.03739541333236099
2002-02-06,70.07964324951172,4.2496323559974805,-0.004314785558612755,4.328499550494497,0.07886719449701651,0.07583734981882428,0.03756248713347876
2002-02-07,69.64124298095703,4.243356963404646,-0.006275392592834272,4.328499550494497,0.08514258708985079,0.0816186742554389,0.03721425880387826
2002-02-08,70.97575378417969,4.26233832272081,0.018981359316163626,4.328499550494497,0.06616122777368716,0.06402005383708687,0.041509641798834686
2002-02-11,71.84613037109375,4.274526754026588,0.012188431305777847,4.328499550494497,0.05397279646790931,0.05254211964792044,0.04215419011570308
2002-02-12,71.62051391601562,4.27138154013817,-0.0031452138884180414,4.328499550494497,0.05711801035632735,0.055517395939027714,0.041781256216177516
2002-02-13,72.38124084472656,4.281947161463733,0.010565621325563157,4.328499550494497,0.046552389030764196,0.04548544683222866,0.04235925223323342
2002-02-14,72.24588775634766,4.280075408505555,-0.0018717529581779857,4.328499550494497,0.04842414198894218,0.04727039126211274,0.03713827760019321
2002-02-15,71.49156188964844,4.269579427206189,-0.010495981299365909,4.328499550494497,0.05892012328830809,0.0572179275186393,0.037816552567563624
2002-02-19,70.11833953857422,4.250184379489911,-0.019395047716278313,4.328499550494497,0.0783151710045864,0.07532704948917135,0.042291414534763504
2002-02-20,71.29814147949219,4.26687026087424,0.016685881384329804,4.328499550494497,0.0616292896202566,0.05976862427679319,0.04519642025974194
2002-02-21,69.82176208496094,4.245945738897256,-0.020924521976984245,4.328499550494497,0.08255381159724084,0.07923811114425672,0.0499806311223946
2002-02-22,70.68565368652344,4.2582426341580115,0.012296895260755392,4.328499550494497,0.07025691633648545,0.06784569652926364,0.051765898216823994
2002-02-25,71.85260009765625,4.27461679972909,0.016374165571078514,4.328499550494497,0.05388275076540694,0.052456801296274946,0.055143243785721545
2002-02-26,71.70433807373047,4.272551248895704,-0.0020655508333859984,4.328499550494497,0.05594830159879294,0.05441197998439484,0.05510330238318307
2002-02-27,71.98155212402344,4.2764098656863005,0.003858616790596514,4.328499550494497,0.052089684808196424,0.05075626971666347,0.04243082324277089
2002-02-28,71.65914916992188,4.27192083865424,-0.004489027032060555,4.328499550494497,0.05657871184025698,0.055007900499484674,0.0401025101908762
2002-03-01,73.32894134521484,4.294955365143659,0.02303452648941917,4.328499550494497,0.03354418535083781,0.03298781748513069,0.04508043062571562
2002-03-04,74.62480926513672,4.312473015798434,0.017517650654775174,4.328499550494497,0.016026534696062633,0.015898793117585353,0.04866943724384497
2002-03-05,74.38629913330078,4.30927177344696,-0.0032012423514746757,4.328499550494497,0.01922777704753731,0.01904410244440069,0.04081587695756581
2002-03-06,75.26953125,4.32107542144634,0.01180364799937994,4.328499550494497,0.0074241290481573685,0.007396638275844802,0.04208562538289384
2002-03-07,75.10834503173828,4.318931671528107,-0.002143749918232629,4.328499550494497,0.009567878966389998,0.009522252444727375,0.04190895182801222
2002-03-08,75.42425537109375,4.323128912554811,0.004197241026703935,4.328499550494497,0.005370637939686063,0.0053562418473432905,0.04163472895654202
2002-03-11,75.5854263305664,4.3252634911970995,0.0021345786422886093,4.328499550494497,0.0032360592973974533,0.0032308289009881364,0.037152460705126136
2002-03-12,75.54031372070312,4.324666470316501,-0.0005970208805985422,4.328499550494497,0.0038330801779959955,0.00382574330344021,0.035285122765702316
2002-03-13,74.81179809570312,4.314975601094772,-0.009690869221729237,4.328499550494497,0.013523949399725232,0.013432911654758684,0.036343782021648716
2002-03-14,74.70865631103516,4.313595966429573,-0.0013796346651986369,4.328499550494497,0.01490358406492387,0.014793075329162408,0.034961197098107924
2002-03-15,75.42051696777344,4.323079346325062,0.009483379895488753,4.328499550494497,0.005420204169435117,0.005405541366572564,0.0360502281404399
2002-03-18,75.43342590332031,4.323250491146771,0.00017114482170921264,4.328499550494497,0.005249059347725904,0.005235307108336418,0.034662510346068216
2002-03-19,75.93769073486328,4.329913145266539,0.00666265411976763,4.329913145266539,0.0,0.0,0.030482121204505313
2002-03-20,74.50884246826172,4.310917809191463,-0.01899533607507564,4.329913145266539,0.01899533607507564,0.018816061599639777,0.031520413557922955
2002-03-21,74.54117584228516,4.311351668575005,0.0004338593835422344,4.329913145266539,0.018561476691533407,0.018390273381555855,0.026006056494315283
2002-03-22,74.37952423095703,4.309180692011785,-0.002170976563220073,4.329913145266539,0.02073245325475348,0.02051901353369634,0.02416015027223447
2002-03-25,73.45497131347656,4.296672583290377,-0.012508108721408284,4.329913145266539,0.033240561976161764,0.03269416540536085,0.02275322779126668
2002-03-26,73.88170623779297,4.302465249782728,0.005792666492350662,4.329913145266539,0.027447895483811102,0.0270746249612569,0.023122262700330066
2002-03-27,74.07566833496094,4.30508711582812,0.0026218660453922737,4.329913145266539,0.02482602943841883,0.02452039799845407,0.02302127695142374
2002-03-28,74.0433120727539,4.304650220264396,-0.00043689556372417115,4.329913145266539,0.025262925002143,0.02494648762396079,0.02276977482831554
2002-04-01,74.07566833496094,4.30508711582812,0.00043689556372417115,4.329913145266539,0.02482602943841883,0.02452039799845407,0.01608675331430283
2002-04-02,73.66832733154297,4.299572955557676,-0.005514160270443824,4.329913145266539,0.030340189708862653,0.029884545887019942,0.012603330590022818
2002-04-03,73.15109252929688,4.29252706282004,-0.00704589273763645,4.329913145266539,0.0373860824464991,0.036695851277540825,0.013099728403678094
2002-04-04,72.8471908569336,4.28836397125166,-0.004163091568379684,4.329913145266539,0.04154917401487879,0.04069783855714326,0.01156259424262754
2002-04-05,72.8601303100586,4.288541580078113,0.00017760882645312392,4.329913145266539,0.04137156518842566,0.04052744289459653,0.011505086345537265
2002-04-08,73.01531219482422,4.29066917524614,0.0021275951680266303,4.329913145266539,0.03924397002039903,0.038483900573729746,0.01134015019046809
2002-04-09,72.50455474853516,4.283649384005003,-0.007019791241136275,4.329913145266539,0.04626376126153531,0.04520990766383648,0.011903635333389726
2002-04-10,73.32565307617188,4.294910521420126,0.011261137415123024,4.329913145266539,0.035002623846412284,0.03439711733941675,0.01349699078596493
2002-04-11,71.50235748291016,4.269730420945358,-0.025180100474768707,4.329913145266539,0.06018272432118099,0.0584075339799196,0.02030255965791446
2002-04-12,72.03901672363281,4.277207871181192,0.007477450235834127,4.329913145266539,0.052705274085346865,0.05134043415729783,0.020983071422685934
2002-04-15,71.4894790649414,4.26955029292806,-0.007657578253131625,4.329913145266539,0.06036285233847849,0.05857712588934039,0.02058874195449043
2002-04-16,73.18988800048828,4.293057269354939,0.023506976426879156,4.329913145266539,0.036855875911599334,0.03618496569732377,0.027550854946806997
2002-04-17,73.03471374511719,4.290934858874503,-0.0021224104804362653,4.329913145266539,0.0389782863920356,0.038228407549050214,0.027048287142537385
2002-04-18,72.71790313720703,4.286587614706616,-0.004347244167886899,4.329913145266539,0.0433255305599225,0.04240038861463635,0.022740041457089362
2002-04-19,72.9830093383789,4.290226665268858,0.0036390505622421188,4.329913145266539,0.03968647999768038,0.03890928691525086,0.022904527590465688
2002-04-22,71.76744842529297,4.273431008703161,-0.016795656565697037,4.329913145266539,0.056482136563377416,0.0549166332188159,0.026399527437424058
2002-04-23,71.45709991455078,4.269097268432118,-0.004333740271043496,4.329913145266539,0.06081587683442091,0.05900351692226924,0.02466486680139776
2002-04-24,70.7394790649414,4.259003819669663,-0.010093448762455104,4.329913145266539,0.07090932559687602,0.06845364429202194,0.02552573310903944
2002-04-25,70.77823638916016,4.259551557810621,0.0005477381409582094,4.329913145266539,0.0703615874559178,0.06794326105750836,0.025442898636479035
2002-04-26,69.43342590332031,4.240368392819056,-0.01918316499156525,4.329913145266539,0.08954475244748306,0.08565265507286324,0.0300772156976152
2002-04-29,69.09076690673828,4.235421102551101,-0.00494729026795504,4.329913145266539,0.0944920427154381,0.09016502558697881,0.030383204218713884
2002-04-30,69.73731231689453,4.244735501888506,0.009314399337405632,4.329913145266539,0.08517764337803246,0.08165086873154215,0.031093240319973254
2002-05-01,70.59075164794922,4.256899139430436,0.012163637541929617,4.329913145266539,0.07301400583610285,0.07041218971989727,0.032331939689615896
2002-05-02,70.31918334960938,4.25304463996491,-0.0038544994655262954,4.329913145266539,0.07686850530162914,0.07398838878141523,0.03230076520712605
2002-05-03,69.55625915527344,4.242135909363612,-0.010908730601297378,4.329913145266539,0.08777723590292652,0.08403510190836161,0.03379977282342529
2002-05-06,68.19202423095703,4.22232761125045,-0.019808298113161982,4.329913145266539,0.1075855340160885,0.1020002903558167,0.03868658218648046
2002-05-07,67.95282745361328,4.218813750527817,-0.0035138607226334884,4.329913145266539,0.11109939473872199,0.10515019885354693,0.03822126101265301
2002-05-08,70.48081970214844,4.255340611840492,0.036526861312675685,4.329913145266539,0.0745725334260463,0.07185984956755576,0.05343448061921483
2002-05-09,69.66617584228516,4.243714917945833,-0.011625693894659506,4.329913145266539,0.08619822732070581,0.0825876429989838,0.047148583781737065
2002-05-10,68.3536605834961,4.224695118187891,-0.01901979975794177,4.329913145266539,0.10521802707864758,0.09987175114195734,0.05100217434385267
2002-05-13,69.74374389648438,4.244827723438428,0.02013260525053706,4.329913145266539,0.08508542182811052,0.0815661732459726,0.055370383791188756
2002-05-14,71.26313018798828,4.266379085510858,0.02155136207242947,4.329913145266539,0.06353405975568105,0.06155784435421208,0.054260112948371804
2002-05-15,70.985107421875,4.262470100418259,-0.003908985092598627,4.329913145266539,0.06744304484827968,0.06521904030872216,0.054395884729776134
2002-05-16,71.3536605834961,4.267648647210819,0.00517854679255958,4.329913145266539,0.0622644980557201,0.060365677531232786,0.05449566179912266
2002-05-17,71.70282745361328,4.272530181327543,0.004881534116724318,4.329913145266539,0.05738296393899578,0.05576760684014059,0.054629054046983844
2002-05-20,70.92693328857422,4.261650238533839,-0.010879942793703634,4.329913145266539,0.06826290673269941,0.06598511750619562,0.052566170401073746
2002-05-21,70.28040313720703,4.252492999460769,-0.009157239073069867,4.329913145266539,0.07742014580576928,0.07449907342335038,0.05338609930715038
2002-05-22,70.43558502197266,4.254698604519654,0.0022056050588847853,4.329913145266539,0.0752145407468845,0.0724555311024837,0.05216373532766932
2002-05-23,71.18556213378906,4.265290018835668,0.01059141431601418,4.329913145266539,0.06462312643087031,0.06257931410722395,0.05357339863346368
2002-05-24,70.27389526367188,4.252400396479375,-0.012889622356293096,4.329913145266539,0.07751274878716341,0.07458477360032723,0.05103007030543105
2002-05-28,69.89246368408203,4.246957827748868,-0.005442568730507524,4.329913145266539,0.08295531751767093,0.07960772828723772,0.051094908310156346
2002-05-29,69.3752212524414,4.239529761285894,-0.007428066462973781,4.329913145266539,0.09038338398064472,0.08641913414689906,0.05069697682831368
2002-05-30,69.18121337890625,4.23672934280167,-0.0028004184842238544,4.329913145266539,0.09318380246486857,0.08897396392454637,0.048931568972798996
2002-05-31,69.32347869873047,4.238783646778266,0.002054303976596117,4.329913145266539,0.09112949848827245,0.08710051585880318,0.048797542756400296
2002-06-03,67.48081970214844,4.211843404938732,-0.02694024183953392,4.329913145266539,0.11806974032780637,0.11136592317828098,0.05644292321711555
2002-06-04,67.64892578125,4.214331475425682,0.0024880704869501002,4.329913145266539,0.11558166984085627,0.10915218613314936,0.051577078156778054
2002-06-05,68.28255462646484,4.223654311205043,0.009322835779360439,4.329913145266539,0.10625883406149583,0.10080812353283686,0.05251663558414285
2002-06-06,66.8924560546875,4.203086196271864,-0.02056811493317845,4.329913145266539,0.12682694899467428,0.11911390236710351,0.04103596609146017
2002-06-07,66.81486511230469,4.201925587407439,-0.00116060886442515,4.329913145266539,0.12798755785909943,0.12013567352753707,0.0393499632969488
2002-06-10,67.07349395751953,4.205788942947716,0.003863355540277169,4.329913145266539,0.12412420231882226,0.1167298701285655,0.0349799397352485
2002-06-11,65.92266082763672,4.188482249283508,-0.01730669366420834,4.329913145266539,0.1414308959830306,0.1318848362428363,0.03364685786304974
2002-06-12,66.32347106933594,4.194543847656116,0.006061598372608223,4.329913145266539,0.13536929761042238,0.12660668993866864,0.02825760813548831
2002-06-13,65.65753936767578,4.184452436008385,-0.010091411647731086,4.329913145266539,0.14546070925815346,0.13537613888050304,0.029348219085319843
2002-06-14,65.56053924560547,4.182973979064582,-0.0014784569438033301,4.329913145266539,0.1469391662019568,0.13665350353475614,0.029037862034774434
2002-06-17,67.31918334960938,4.209445238375724,0.026471259311142248,4.329913145266539,0.12046790689081455,0.1134944623921409,0.03756677928150533
2002-06-18,67.8687515258789,4.217575715465864,0.008130477090140253,4.329913145266539,0.1123374298006743,0.10625736878353476,0.03690819621324513
2002-06-19,66.28470611572266,4.193959193594196,-0.023616521871668184,4.329913145266539,0.13595395167234248,0.12711717364232322,0.042879148194452786
2002-06-20,65.43769836425781,4.181098519980626,-0.012860673613570128,4.329913145266539,0.1488146252859126,0.13827115716839833,0.0449018543191522
2002-06-21,64.41454315185547,4.165339432954974,-0.015759087025651652,4.329913145266539,0.16457371231156426,0.15174477221385319,0.046617605979176455
2002-06-24,64.7519302368164,4.170563510742523,0.005224077787548964,4.329913145266539,0.1593496345240153,0.14730182587592766,0.04486807864463212
2002-06-25,63.29854965209961,4.147862416598534,-0.02270109414398913,4.329913145266539,0.18205072866800442,0.16644094599733494,0.050988126968576394
2002-06-26,63.4023551940918,4.149501008924999,0.001638592326465016,4.329913145266539,0.1804121363415394,0.16507396286961973,0.05032673801784472
2002-06-27,64.51187133789062,4.166849258616524,0.017348249691524487,4.329913145266539,0.16306388665001492,0.15046308738655167,0.054020042756120705
2002-06-28,64.20689392089844,4.162110586876346,-0.0047386717401778355,4.329913145266539,0.16780255839019276,0.15447924081498565,0.05424980180353526
2002-07-01,62.95464706420898,4.142414579278136,-0.019696007598209775,4.329913145266539,0.18749856598840253,0.1709696929813771,0.049992968473730914
2002-07-02,61.618125915527344,4.120956079131325,-0.021458500146811055,4.329913145266539,0.2089570661352136,0.18856992727541322,0.05571685531964441
2002-07-03,61.96847534179688,4.126625793505255,0.005669714373929935,4.329913145266539,0.20328735176128365,0.1839562838675195,0.05502675828546852
2002-07-05,64.43394470214844,4.165640585894566,0.03901479238931138,4.329913145266539,0.16427255937197227,0.15148927918917443,0.06887550236875406
2002-07-08,63.62947845458984,4.153076860677867,-0.01256372521669924,4.329913145266539,0.1768362845886715,0.16208304678697238,0.0708474046163993
2002-07-09,62.02684783935547,4.127567320981827,-0.025509539696040306,4.329913145266539,0.20234582428471182,0.18318759447238897,0.07885862446976245
2002-07-10,59.768985748291016,4.090486893448266,-0.037080427533561,4.329913145266539,0.23942625181827282,0.212920683129875,0.09240912387187245
2002-07-11,60.25561141967773,4.098595703630225,0.008108810181958859,4.329913145266539,0.23131744163631396,0.20651245993165135,0.09277464770134898
2002-07-12,59.59381103515625,4.087551726987373,-0.011043976642851838,4.329913145266539,0.2423614182791658,0.21522750483382203,0.09302832137250205
2002-07-15,59.911712646484375,4.092872022675789,0.005320295688416188,4.329913145266539,0.2370411225907496,0.2110411566811229,0.09335742973459853
2002-07-16,58.7568359375,4.073407502638368,-0.019464520037421273,4.329913145266539,0.2565056426281709,0.2262493714399394,0.08930199336629346
2002-07-17,58.873634338378906,4.07539335611645,0.0019858534780823334,4.329913145266539,0.25451978915008855,0.2247112893656935,0.08851876421596473
2002-07-18,56.966102600097656,4.042456399709229,-0.032936956407221274,4.329913145266539,0.2874567455573098,0.249830985788138,0.09516026191587301
2002-07-19,54.96126937866211,4.006628744056803,-0.03582765565242596,4.329913145266539,0.3232844012097358,0.2762320153958915,0.10924988411117381
2002-07-22,53.332740783691406,3.976550416198211,-0.03007832785859188,4.329913145266539,0.35336272906832766,0.2976776055792527,0.11751998209554851
2002-07-23,51.87290191650391,3.948796532749885,-0.02775388344832619,4.329913145266539,0.38111661251665385,0.31690177282822163,0.12688161902298323
2002-07-24,54.967769622802734,4.006747006605211,0.05795047385532648,4.329913145266539,0.3231661386613274,0.27614641568805576,0.16270238260648823
2002-07-25,54.5006217956543,3.9982121106986894,-0.0085348959065219,4.329913145266539,0.3317010345678493,0.28229814117019447,0.16358639184435567
2002-07-26,55.5387077331543,4.017080214289893,0.018868103591203944,4.329913145266539,0.31283293097664533,0.2686279080164834,0.16427994077304411
2002-07-29,58.24427032470703,4.064645724083459,0.04756550979356522,4.329913145266539,0.2652674211830801,0.23299918971638078,0.19250422694500752
2002-07-30,59.0034065246582,4.077595179945034,0.012949455861575032,4.329913145266539,0.2523179653215051,0.22300235951776848,0.18972914866171453
2002-07-31,59.14613723754883,4.0800112837703875,0.0024161038253538436,4.329913145266539,0.24990186149615123,0.22112278283444575,0.18400081480893143
2002-08-01,57.6019401550293,4.0535562503816145,-0.026455033388772975,4.329913145266539,0.2763568948849242,0.24145783737160675,0.19241412625347268
2002-08-02,56.31077575683594,4.030885915709297,-0.02267033467231716,4.329913145266539,0.29902722955724137,0.2584607826244649,0.1797106808705425
2002-08-05,54.35137176513672,3.9954698527176453,-0.03541606299165201,4.329913145266539,0.3344432925488934,0.28426356873420466,0.19352595498454253
2002-08-06,56.18104553222656,4.028579431902117,0.03310957918447199,4.329913145266539,0.3013337133644214,0.26016915989211664,0.1991393509747315
2002-08-07,57.16075897216797,4.045867631003045,0.017288199100927493,4.329913145266539,0.2840455142634939,0.24726761613353598,0.1855807898729602
2002-08-08,59.00989532470703,4.07770514721065,0.031837516207605,4.329913145266539,0.2522079980558889,0.22291691051364382,0.1975240102828113
2002-08-09,59.23047256469727,4.081436148725682,0.0037310015150318065,4.329913145266539,0.2484769965408571,0.22001219695367524,0.19616259228074948
2002-08-12,58.7957878112793,4.074070216476013,-0.007365932249668639,4.329913145266539,0.2558429287905257,0.22573642624233914,0.19648958006810052
2002-08-13,57.725189208984375,4.055693633000183,-0.018376583475830266,4.329913145266539,0.274219512266356,0.2398348086389399,0.1959708541955585
2002-08-14,59.8338737487793,4.09157195123246,0.03587831823227727,4.329913145266539,0.23834119403407872,0.21206619308862762,0.2121405615203244
2002-08-15,60.664329528808594,4.1053558734162,0.013783922183740138,4.329913145266539,0.22455727185033858,0.2011301773631976,0.2008654945291166
2002-08-16,60.48271179199219,4.102357568696651,-0.002998304719548983,4.329913145266539,0.22755557656988756,0.20352184525642492,0.1848051429418116
2002-08-19,61.89712905883789,4.125473798305385,0.023116229608733718,4.329913145266539,0.20443934696115384,0.18489582103632962,0.18013878667520147
2002-08-20,61.24179458618164,4.114829874510707,-0.010643923794678045,4.329913145266539,0.2150832707558319,0.19352571834179733,0.17186077652297532
2002-08-21,62.12419891357422,4.129135589582335,0.014305715071627922,4.329913145266539,0.20077755568420397,0.18190560823766577,0.13212536692501228
2002-08-22,62.72759628295898,4.13880148291376,0.009665893331424869,4.329913145266539,0.1911116623527791,0.17395965460718898,0.13238473850157972
2002-08-23,61.37809753417969,4.1170530538298395,-0.02174842908392005,4.329913145266539,0.21286009143669915,0.19173078690947376,0.1338587978161524
2002-08-26,61.8062629699707,4.124004701884996,0.006951648055156134,4.329913145266539,0.20590844338154302,0.18609240850149789,0.1059604786945411
2002-08-27,61.09257125854492,4.1123902754558275,-0.011614426429168212,4.329913145266539,0.21752286981071123,0.19549079426381488,0.10554728052105386
2002-08-28,59.75603485107422,4.090270187402911,-0.02212008805291621,4.329913145266539,0.23964295786362744,0.21309122949613257,0.11163888581700473
2002-08-29,59.782005310058594,4.090704701125204,0.0004345137222925288,4.329913145266539,0.2392084441413349,0.21274923254135214,0.10282291795023421
2002-08-30,59.54839324951172,4.086789313900974,-0.003915387224229683,4.329913145266539,0.2431238313655646,0.2158255976281246,0.09654038385554023
2002-09-03,57.27752304077149,4.047908278714093,-0.03888103518688091,4.329913145266539,0.2820048665524455,0.2457299861704233,0.09978409483566279
2002-09-04,58.09505844116211,4.062080607592872,0.014172328878778728,4.329913145266539,0.26783253767366677,0.23496411493468772,0.0885021893038134
2002-09-05,57.6019401550293,4.0535562503816145,-0.008524357211257438,4.329913145266539,0.2763568948849242,0.24145783737160675,0.08565185305898217
2002-09-06,58.39351272583008,4.067204800202143,0.013648549820528544,4.329913145266539,0.26270834506439567,0.23103386262151138,0.07522731203054978
2002-09-09,58.82172393798828,4.07451124140068,0.0073064411985370725,4.329913145266539,0.2554019038658586,0.22539488139869168,0.07572455478514942
2002-09-10,59.49647903442383,4.085917134908585,0.011405893507904885,4.329913145266539,0.2439960103579537,0.2165092398956936,0.0766801066401171
2002-09-11,59.12664031982422,4.079681589680101,-0.0062355452284839075,4.329913145266539,0.2502315555864376,0.22137953172338265,0.0729150150111762
2002-09-12,58.036659240722656,4.061074866757761,-0.01860672292233989,4.329913145266539,0.2688382785087775,0.23573315597181088,0.06105786588720154
2002-09-13,58.17939758300781,4.063531298647821,0.0024564318900601734,4.329913145266539,0.26638184661871733,0.23385347881934748,0.05873993897767661
2002-09-16,58.32212829589844,4.0659815804484305,0.002450281800609133,4.329913145266539,0.2639315648181082,0.23197390213602465,0.05870231600403681
2002-09-17,56.98554992675781,4.042797725638564,-0.023183854809866844,4.329913145266539,0.28711541962797504,0.2495748899486151,0.058741767265805045
2002-09-18,56.41460800170898,4.032728132089959,-0.010069593548604594,4.329913145266539,0.29718501317657964,0.25709344785475796,0.05859187263194357
2002-09-19,54.95478820800781,4.006510814596738,-0.026217317493220982,4.329913145266539,0.3234023306698006,0.2763173639308758,0.06467382021759842
2002-09-20,54.973026275634766,4.006842633579586,0.0003318189828478424,4.329913145266539,0.3230705116869528,0.27607719245014606,0.06349799590287888
2002-09-23,54.52333831787109,3.9986288360225886,-0.00821379755699736,4.329913145266539,0.33128430924395014,0.2819989943039024,0.058388346916760744
2002-09-24,53.64352416992188,3.9823607566639856,-0.01626807935860297,4.329913145266539,0.3475523886025531,0.2935849951347822,0.06111404185798235
2002-09-25,54.973026275634766,4.006842633579586,0.02448187691560033,4.329913145266539,0.3230705116869528,0.27607719245014606,0.06696633104798609
2002-09-26,55.87242126464844,4.023070900005588,0.016228266426002058,4.329913145266539,0.3068422452609507,0.2642333375697822,0.06411946607811529
2002-09-27,53.93024826049805,3.9876915127225203,-0.035379387283067665,4.329913145266539,0.3422216325440184,0.28980921412535854,0.0798885203317307
2002-09-30,53.304595947265625,3.9760225553580573,-0.01166895736446305,4.329913145266539,0.35389058990848143,0.2980482362391188,0.08141103262334143
2002-10-01,55.865867614746094,4.022953596438913,0.04693104108085544,4.329913145266539,0.306959548827626,0.2643196405616026,0.09011495789193276
2002-10-02,54.19096755981445,3.99251424436999,-0.030439352068922787,4.329913145266539,0.3373989008965488,0.2863758821818483,0.09925876842338012
2002-10-03,53.64352416992188,3.9823607566639856,-0.010153487706004327,4.329913145266539,0.3475523886025531,0.2935849951347822,0.099642169372189
2002-10-04,52.65940856933594,3.9638449228872803,-0.018515833776705293,4.329913145266539,0.3660682223792584,0.3065445095875192,0.10161473954405247
2002-10-07,51.57104110717773,3.9429602960921253,-0.020884626795155015,4.329913145266539,0.3869528491744134,0.32087688461269925,0.1064378123167063
2002-10-08,52.3791618347168,3.9585088373233748,0.01554854123124949,4.329913145266539,0.3714043079431639,0.31023499229652907,0.10784476268580442
2002-10-09,50.89974212646485,3.9298578572659393,-0.028650980057435493,4.329913145266539,0.4000552880005994,0.32971701359498184,0.11769792027363864
2002-10-10,52.548606872558594,3.961738586458869,0.031880729192929724,4.329913145266539,0.3681745588076697,0.30800362291721217,0.1261420717987875
2002-10-11,54.84920883178711,4.004587762401842,0.042849175942972995,4.329913145266539,0.3253253828646967,0.27770770613379203,0.14920029634794052
2002-10-14,55.15549087524414,4.010156303304579,0.0055685409027370625,4.329913145266539,0.31975684196195964,0.2736743724823065,0.14951535641066707
2002-10-15,57.80803680419922,4.057127811067814,0.04697150776323511,4.329913145266539,0.2727853341987245,0.23874381424059654,0.1705426322737711
2002-10-16,56.406829833984375,4.032590247519683,-0.024537563548131303,4.329913145266539,0.29732289774685583,0.25719587614365325,0.1768513931878916
2002-10-17,57.527774810791016,4.052267871364618,0.019677623844935432,4.329913145266539,0.2776452739019204,0.24243449788788796,0.17306964359778607
2002-10-18,57.7689323425293,4.056451128447552,0.004183257082933878,4.329913145266539,0.2734620168189865,0.23925876882100972,0.17328875175119127
2002-10-21,58.766075134277344,4.073564734904181,0.01711360645662907,4.329913145266539,0.25634841036235745,0.22612770331060916,0.1761289058523188
2002-10-22,58.34248352050781,4.066330533305668,-0.007234201598513401,4.329913145266539,0.26358261196087085,0.23170585046876457,0.1734537150133704
2002-10-23,58.78560256958008,4.073896970664041,0.007566437358373257,4.329913145266539,0.2560161746024976,0.22587055254510946,0.16662311234341395
2002-10-24,57.58644104003906,4.053287141380811,-0.020609829283229963,4.329913145266539,0.27662600388572756,0.241661940430842,0.16865685858523524
2002-10-25,58.78560256958008,4.073896970664041,0.020609829283229963,4.329913145266539,0.2560161746024976,0.22587055254510946,0.1582374652190735
2002-10-28,58.40108108520508,4.067334401395805,-0.0065625692682358405,4.329913145266539,0.26257874387073343,0.23093419723398423,0.15706443986185037
2002-10-29,57.72330474853516,4.055660987092302,-0.011673414303503549,4.329913145266539,0.274252158174237,0.23985962451668086,0.13102963926741096
2002-10-30,58.28379440307617,4.065324085643433,0.009663098551131455,4.329913145266539,0.2645890596231055,0.232478709333232,0.12053158788974733
2002-10-31,57.69069290161133,4.055095858971697,-0.010228226671736174,4.329913145266539,0.2748172862948417,0.24028907985839887,0.120550781573728
2002-11-01,58.83122253417969,4.074672709455614,0.019576850483916886,4.329913145266539,0.2552404358109248,0.22526979731857955,0.12106003545145852
2002-11-04,59.39170837402344,4.0841546269621505,0.009481917506536597,4.329913145266539,0.24575851830438822,0.21788893236970053,0.11669714840412954
2002-11-05,59.86097717285156,4.092024826595549,0.0078701996333983,4.329913145266539,0.23788831867098992,0.21170927646646043,0.11443145304303547
2002-11-06,60.63652038574219,4.104897358186122,0.01287253159057311,4.329913145266539,0.2250157870804168,0.20149638738087527,0.10617622802539954
2002-11-07,59.15060043334961,4.080086741401608,-0.024810616784513684,4.329913145266539,0.2498264038649305,0.22106400838716422,0.10112596924847345
2002-11-08,58.42716598510742,4.067780952653569,-0.012305788748038893,4.329913145266539,0.2621321926129694,0.23059069324209402,0.0798997642757392
2002-11-11,57.521270751953125,4.05215480551843,-0.01562614713513888,4.329913145266539,0.27775833974810826,0.24252014783029407,0.08258567888968397
2002-11-12,57.97748565673828,4.060054756853609,0.007899951335178734,4.329913145266539,0.26985838841292953,0.2365123946267097,0.05557237117797032
2002-11-13,58.03614044189453,4.061065927560472,0.0010111707068629627,4.329913145266539,0.26884721770606657,0.23573998787337513,0.04799889473860025
2002-11-14,59.13102340698242,4.079755717428309,0.018689789867837092,4.329913145266539,0.2501574278382295,0.2213218122020778,0.04752134673912655
2002-11-15,59.56770706176758,4.087113599406873,0.007357881978563796,4.329913145266539,0.24279954585966568,0.21557125999856386,0.04798299546022237
2002-11-18,58.968109130859375,4.076996774564616,-0.010116824842256733,4.329913145266539,0.2529163707019224,0.22346717999699617,0.0455823756588226
2002-11-19,58.88991928100586,4.075669926281502,-0.001326848283114579,4.329913145266539,0.254243218985037,0.22449683798497078,0.04494515401416333
2002-11-20,60.19986724853516,4.097670147138509,0.02200022085700759,4.329913145266539,0.2322429981280294,0.20724653770782708,0.05032231418174579
2002-11-21,61.32086181640625,4.1161201083146075,0.018449961176098206,4.329913145266539,0.2137930369519312,0.19248450640264736,0.049259327836122954
2002-11-22,60.884185791015625,4.10897346597008,-0.007146642344527443,4.329913145266539,0.22093967929645864,0.1982349581370214,0.04455082670095349
2002-11-25,60.92328643798828,4.109615473354359,0.0006420073842789975,4.329913145266539,0.22029767191217964,0.1977200537911783,0.04401337191277504
2002-11-26,59.7632064819336,4.090390195374649,-0.019225277979709965,4.329913145266539,0.2395229498918896,0.21299678850391912,0.04695349008266312
2002-11-27,61.44467926025391,4.118137245774266,0.02774705039961667,4.329913145266539,0.21177589949227293,0.1908539927190015,0.055477684069264975
2002-11-29,61.2491340637207,4.114949711589725,-0.0031875341845406524,4.329913145266539,0.2149634336768136,0.19342906702849016,0.054287535361212905
2002-12-02,61.34688186645508,4.116544344542614,0.0015946329528890857,4.329913145266539,0.2133688007239245,0.19214185639845305,0.04949058658146141
2002-12-03,60.52573776245117,4.1030686921335775,-0.013475652409036698,4.329913145266539,0.2268444531329612,0.2029552495377166,0.050645835829391396
2002-12-04,60.25198745727539,4.098535558669456,-0.004533133464121875,4.329913145266539,0.23137758659708307,0.2065601827734609,0.05012431246423979
2002-12-05,59.58724212646485,4.087441492876769,-0.011094065792686791,4.329913145266539,0.24247165238976987,0.2153140087639237,0.04958725291514301
2002-12-06,59.978294372558594,4.093982736313644,0.006541243436875455,4.329913145266539,0.2359304089528944,0.2101643624906503,0.042370239537096184
2002-12-09,58.32941436767578,4.066106500730159,-0.027876235583485176,4.329913145266539,0.2638066445363796,0.23187795410670187,0.05025345566438819
2002-12-10,59.11145782470703,4.079424777443793,0.01331827671363417,4.329913145266539,0.2504883678227454,0.22157946531328077,0.0494117759205704
2002-12-11,59.16362762451172,4.080306954835421,0.0008821773916274367,4.329913145266539,0.24960619043111798,0.22089245732950058,0.048635225394306945
2002-12-12,59.1571044921875,4.080196692969826,-0.00011026186559437434,4.329913145266539,0.24971645229671235,0.22097835844475844,0.04862249550696233
2002-12-13,58.22515487670898,4.0643174757361065,-0.015879217233719878,4.329913145266539,0.26559566953043223,0.23325091514828544,0.04739829581957452
2002-12-16,59.73064041137695,4.089845128457656,0.02552765272154911,4.329913145266539,0.24006801680888312,0.2134256410307933,0.05492708091046992
2002-12-17,59.20924377441406,4.081077674538699,-0.008767453918956392,4.329913145266539,0.24883547072783951,0.22029175233754028,0.05460600901245463
2002-12-18,58.5249252319336,4.069452735835511,-0.01162493870318837,4.329913145266539,0.2604604094310279,0.2293033319083463,0.05628658029838432
2002-12-19,58.10780715942383,4.06230002934718,-0.007152706488330551,4.329913145266539,0.26761311591935844,0.23479623100065772,0.05083268910200811
2002-12-20,58.93693923950195,4.076468045854279,0.014168016507098535,4.329913145266539,0.2534450994122599,0.22387764667113108,0.04907286756876626
2002-12-23,58.95658874511719,4.076801389102769,0.0003333432484904364,4.329913145266539,0.25311175616376946,0.22361888839938104,0.04843072899236736
2002-12-24,58.51778411865234,4.069330710066803,-0.007470679035966654,4.329913145266539,0.2605824351997361,0.2293973710239966,0.04912875477675708
2002-12-26,58.54399108886719,4.069778456064268,0.0004477459974649989,4.329913145266539,0.2601346892022711,0.22905225952585617,0.044474178231579266
2002-12-27,57.22760772705078,4.047036434517283,-0.02274202154698468,4.329913145266539,0.2828767107492558,0.2463873055231407,0.04129016753245383
2002-12-30,57.70570755004883,4.055356086300512,0.008319651783229354,4.329913145266539,0.27455705896602645,0.24009135658959535,0.04203427605082269
2002-12-31,57.7843017578125,4.056717142903893,0.001361056603380817,4.329913145266539,0.27319600236264563,0.23905637373716593,0.042025577273194586
2003-01-02,59.644290924072266,4.088398434392177,0.031681291488284025,4.329913145266539,0.2415147108743616,0.214562750764696,0.052384176156901746
2003-01-03,59.82765579223633,4.091468025491707,0.0030695910995302,4.329913145266539,0.2384451197748314,0.21214807543825942,0.05224397709738789
2003-01-06,60.88211441040039,4.108939443738773,0.017471418247065884,4.329913145266539,0.22097370152776552,0.19826223550870825,0.05453934631025608
2003-01-07,60.73147201538086,4.106462048301403,-0.0024773954373698004,4.329913145266539,0.22345109696513532,0.20024599869088777,0.05407755155315927
2003-01-08,59.85385894775391,4.0919059069138,-0.014556141387603638,4.329913145266539,0.23800723835273896,0.21180301417468916,0.04695599049971255
2003-01-09,60.78383255004883,4.10732384160548,0.015417934691679847,4.329913145266539,0.2225893036610591,0.19955647897859063,0.047716226815465834
2003-01-10,60.94758605957031,4.110014249885717,0.0026904082802374774,4.329913145266539,0.21989889538082164,0.1974000595782004,0.04779762356849314
2003-01-13,60.92794036865234,4.109691860450137,-0.0003223894355803836,4.329913145266539,0.22022128481640202,0.19765876761538015,0.04779877996208468
2003-01-14,61.12442398071289,4.1129115241222145,0.0032196636720778216,4.329913145266539,0.2170016211443242,0.19507133560159196,0.04475231030907562
2003-01-15,60.515357971191406,4.102897183585637,-0.01001434053657757,4.329913145266539,0.22701596168090177,0.20309193780357393,0.03780499744174827
2003-01-16,60.26648712158203,4.098776180108239,-0.004121003477397522,4.329913145266539,0.2311369651582993,0.20636924117165134,0.03705043915188847
2003-01-17,59.37575912475586,4.083886047532121,-0.014890132576118376,4.329913145266539,0.24602709773441767,0.21809896310823385,0.038141307440235306
2003-01-21,58.45232391357422,4.068211446128124,-0.015674601403997457,4.329913145266539,0.2617016991384151,0.2302593962507935,0.04059240962046682
2003-01-22,57.7449951171875,4.056036681008861,-0.012174765119262965,4.329913145266539,0.2738764642576781,0.23957399074980634,0.03993081151641077
2003-01-23,58.09864807128906,4.062142394590392,0.006105713581531447,4.329913145266539,0.26777075067614664,0.23491684420401115,0.0403991361362024
2003-01-24,56.572696685791016,4.035526478110901,-0.02661591647949102,4.329913145266539,0.29438666715563766,0.2550116267913025,0.04862184529249101
2003-01-27,55.79986190795898,4.021771394616443,-0.013755083494458198,4.329913145266539,0.30814175065009586,0.26518884933195586,0.051003268545303015
2003-01-28,56.21245574951172,4.029138364896369,0.007366970279925944,4.329913145266539,0.3007747803701699,0.259755528440051,0.04517038465428165
2003-01-29,56.63816452026367,4.036683042791585,0.007544677895216623,4.329913145266539,0.2932301024749533,0.25414950109536494,0.04501547469451123
2003-01-30,55.29557418823242,4.0126928725629725,-0.02399017022861294,4.329913145266539,0.31722027270356623,0.2718296585907901,0.052243789680266
2003-01-31,56.36310958862305,4.031814859188792,0.01912198662581943,4.329913145266539,0.2980982860777468,0.25777161455416076,0.04420431107138623
2003-02-03,56.47446060180664,4.033788511211627,0.0019736520228352816,4.329913145266539,0.2961246340549115,0.25630526744634086,0.04413466977252671
2003-02-04,55.917728424072266,4.023881475213344,-0.009907035998283575,4.329913145266539,0.3060316700531951,0.2636367015780191,0.041525195997039695
2003-02-05,55.57060241699219,4.017654327920351,-0.006227147292992896,4.329913145266539,0.312258817346188,0.2682078967739865,0.04193645842525935
2003-02-06,55.30865859985352,4.012929471314256,-0.004724856606094896,4.329913145266539,0.3169836739522829,0.27165735401457114,0.03954804045019771
2003-02-07,54.63408660888672,4.000657984824696,-0.01227148648955989,4.329913145266539,0.3292551604418428,0.28054058425819395,0.03845028649858019
2003-02-10,55.020503997802734,4.007705915719881,0.007047930895184962,4.329913145266539,0.3222072295466578,0.2754519729878674,0.03898496791676073
2003-02-11,54.64064407348633,4.000778002775169,-0.006927912944711956,4.329913145266539,0.32913514249136977,0.2804542310318031,0.03958840765630954
2003-02-12,53.76959228515625,3.984708108221819,-0.01606989455334995,4.329913145266539,0.3452050370447197,0.29192484305464383,0.042711636143920095
2003-02-13,53.93331909179688,3.9877484518980926,0.0030403436762735936,4.329913145266539,0.3421646933684461,0.289768775296246,0.041564490227340274
2003-02-14,55.11216354370117,4.009370445765465,0.021621993867372513,4.329913145266539,0.3205426995010736,0.2742449367320706,0.04724114238650393
2003-02-18,56.081485748291016,4.0268057357472,0.017435289981734492,4.329913145266539,0.3031074095193391,0.2614802319430586,0.04827778582302508
2003-02-19,55.78677368164063,4.021536810496055,-0.005268925251144196,4.329913145266539,0.3083763347704833,0.265361204142745,0.0455318482190372
2003-02-20,55.23007583618164,4.011507657009775,-0.010029153486279974,4.329913145266539,0.3184054882567633,0.2726921861632895,0.04493157179470815
2003-02-21,55.78677368164063,4.021536810496055,0.010029153486279974,4.329913145266539,0.3083763347704833,0.265361204142745,0.04572920447923512
2003-02-24,54.88298416137695,4.005203358057687,-0.016333452438368035,4.329913145266539,0.32470978720885135,0.2772629292481241,0.04016472517650131
2003-02-25,55.32176971435547,4.013166496782983,0.007963138725295416,4.329913145266539,0.31674664848355594,0.2714846977963604,0.038579761807377974
2003-02-26,54.516204833984375,3.9984979938768737,-0.014668502906109104,4.329913145266539,0.33141515138966504,0.28209293295041216,0.04060701016003334
2003-02-27,55.23661804199219,4.01162610367616,0.013128109799286136,4.329913145266539,0.3182870415903789,0.27260603387518034,0.04206136644976357
2003-02-28,55.60340881347656,4.018244508972082,0.006618405295922614,4.329913145266539,0.3116686362944563,0.2677758794691817,0.035361631715160775
2003-03-03,55.07289505004883,4.008657672258494,-0.009586836713588731,4.329913145266539,0.321255473008045,0.2747620513990079,0.03191247074241371
2003-03-04,54.195274353027344,3.9925937155858775,-0.016063956672616175,4.329913145266539,0.3373194296806612,0.2863191673519502,0.035114828803486556
2003-03-05,54.65372085571289,4.0010172974963085,0.008423581910431022,4.329913145266539,0.3288958477702302,0.2802820269247255,0.03477220166461028
2003-03-06,54.195274353027344,3.9925937155858775,-0.008423581910431022,4.329913145266539,0.3373194296806612,0.2863191673519502,0.03517766171140349
2003-03-07,54.568580627441406,3.9994582707341872,0.006864555148309748,4.329913145266539,0.33045487453235145,0.2814032122998342,0.03549011458909743
2003-03-10,53.25874710083008,3.9751620559038696,-0.02429621483031763,4.329913145266539,0.3547510893626691,0.2986520055398686,0.041030544686757875
2003-03-11,52.73479843139648,3.9652755494286107,-0.009886506475258905,4.329913145266539,0.364637595837928,0.30555172377416384,0.041636222659571495
2003-03-12,53.08846664428711,3.9719597039838517,0.006684154555240962,4.329913145266539,0.357953441282687,0.300894376290087,0.041594415158366906
2003-03-13,54.92226409912109,4.005918805452814,0.033959101468962416,4.329913145266539,0.3239943398137246,0.27674566387747634,0.05287115133482298
2003-03-14,55.0991096496582,4.009133557219933,0.0032147517671186066,4.329913145266539,0.320779588046606,0.2744168394317268,0.052884897169427604
2003-03-17,56.83464431762695,4.040146074961741,0.031012517741808132,4.329913145266539,0.28976707030479787,0.2515621193161467,0.05911264420678201
2003-03-18,57.16867065429688,4.046006032500672,0.005859957538930871,4.329913145266539,0.283907112765867,0.2471634296346792,0.055715051253479364
2003-03-19,57.60746765136719,4.05365220602356,0.007646173522887878,4.329913145266539,0.2762609392429791,0.24138504747920475,0.05610190144610295
2003-03-20,57.73188781738281,4.055809669341627,0.0021574633180669878,4.329913145266539,0.27410347592491213,0.239746596733447,0.05489319262290274
2003-03-21,58.96418762207031,4.076930270156605,0.02112060081497802,4.329913145266539,0.2529828751099341,0.22351882113529142,0.059246440447994764
2003-03-24,57.00460815429688,4.043132109379011,-0.0337981607775939,4.329913145266539,0.286781035887528,0.24932391803526566,0.07027816889072962
2003-03-25,57.550411224365234,4.052661280656963,0.009529171277952386,4.329913145266539,0.2772518646095756,0.24213640594757213,0.07062332732949642
2003-03-26,57.26110076904297,4.047621523534141,-0.00503975712282223,4.329913145266539,0.28229162173239786,0.24594624599567716,0.0682322779263128
2003-03-27,57.30713272094727,4.048425096269429,0.0008035727352879718,4.329913145266539,0.2814880489971099,0.24534006543555142,0.06606883855052151
2003-03-28,57.01776885986328,4.043362953639049,-0.005062142630380073,4.329913145266539,0.28655019162748996,0.24915060876764106,0.0658397957423216
2003-03-31,55.72236633300781,4.020381616297861,-0.02298133734118757,4.329913145266539,0.3095315289686775,0.26620936462813116,0.07133634953280886
2003-04-01,56.57720947265625,4.035606244626329,0.01522462832846827,4.329913145266539,0.29430690064020926,0.25495219929460633,0.07100545594018876
2003-04-02,57.944950103759766,4.059493423689422,0.023887179063092567,4.329913145266539,0.2704197215771167,0.23694084527702164,0.07730092739170914
2003-04-03,57.66876220703125,4.054715644019682,-0.004777779669740134,4.329913145266539,0.2751975012468568,0.24057787840320422,0.07669449501598173
2003-04-04,58.01071166992188,4.060627677458606,0.0059120334389239915,4.329913145266539,0.26928546780793283,0.23607485151916896,0.07654115329316624
2003-04-07,57.89889144897461,4.058698238436675,-0.0019294390219304347,4.329913145266539,0.27121490682986327,0.23754737747913923,0.0691502034593821
2003-04-08,57.9909782409668,4.0602874508781035,0.0015892124414280673,4.329913145266539,0.2696256943884352,0.23633471495146618,0.06795046404170514
2003-04-09,57.22819137573242,4.0470466331911155,-0.013240817686988038,4.329913145266539,0.28286651207542324,0.24637961963388078,0.06959654481106664
2003-04-10,57.54381561279297,4.052546668277858,0.005500035086742905,4.329913145266539,0.27736647698868033,0.24222326151966644,0.05544712045960572
2003-04-11,57.30713272094727,4.048425096269429,-0.004121572008429553,4.329913145266539,0.2814880489971099,0.24534006543555142,0.05553094481850134
2003-04-14,58.49076461791992,4.068868871995919,0.020443775726490365,4.329913145266539,0.2610442732706195,0.2297531824856167,0.04867870835529166
2003-04-15,59.036502838134766,4.078155944766398,0.009287072770479021,4.329913145266539,0.2517572005001405,0.22256652438561864,0.049332782145696516
2003-04-16,58.03043746948242,4.0609676568520685,-0.017188287914329692,4.329913145266539,0.2689454884144702,0.2358150885560123,0.05231864537143215
2003-04-17,58.8918571472168,4.07570283232639,0.014735175474321238,4.329913145266539,0.25421031294014895,0.22447131882324567,0.05499577679988909
2003-04-21,58.951053619384766,4.076707499926028,0.0010046675996386867,4.329913145266539,0.25320564534051027,0.22369177876092483,0.04938788948521053
2003-04-22,60.06232070922852,4.095382701655979,0.018675201729950963,4.329913145266539,0.2345304436105593,0.20905784561007645,0.03938912783030961
2003-04-23,60.61468505859375,4.104537191418221,0.00915448976224198,4.329913145266539,0.22537595384831732,0.20178393006142192,0.039300922507596356
2003-04-24,60.07549285888672,4.0956019856485835,-0.00893520576963791,4.329913145266539,0.23431115961795523,0.20888438563874046,0.0399868507612344
2003-04-25,59.33241653442383,4.083155809837583,-0.01244617581100016,4.329913145266539,0.2467573354289554,0.21866972829627962,0.041930546457269985
2003-04-28,60.35823822021485,4.10029744560447,0.017141635766886765,4.329913145266539,0.22961569966206863,0.20516099928616693,0.045309997355574165
2003-04-29,60.568641662597656,4.103777294830836,0.0034798492263661274,4.329913145266539,0.2261358504357025,0.2023902613252584,0.038807987662148775
2003-04-30,60.437137603759766,4.101603776980599,-0.0021735178502373387,4.329913145266539,0.22830936828593984,0.20412199766811168,0.03594696705067558
2003-05-01,60.43055725097656,4.101494891760316,-0.00010888522028285053,4.329913145266539,0.2284182535062227,0.20420865230192387,0.028757590158902332
2003-05-02,61.2919921875,4.115649201252305,0.014154309491988926,4.329913145266539,0.21426394401423376,0.19286468163087567,0.03099430812154489
2003-05-05,61.173583984375,4.113715462095168,-0.0019337391571365714,4.329913145266539,0.21619768317137034,0.1944239626937987,0.03060102693913048
2003-05-06,61.75226211547852,4.123130608286143,0.00941514619097461,4.329913145266539,0.20678253698039573,0.18680352907903486,0.03167104719914223
2003-05-07,61.41033935546875,4.117578214388061,-0.005552393898081931,4.329913145266539,0.21233493087847766,0.19130620432107748,0.032027671070017125
2003-05-08,60.792213439941406,4.107461712348645,-0.010116502039416275,4.329913145266539,0.22245143291789393,0.19944611362758402,0.031108178012234707
2003-05-09,61.63388442993164,4.12121179121985,0.013750078871205496,4.329913145266539,0.20870135404668844,0.18836240826539574,0.03310923797814771
2003-05-12,62.390113830566406,4.1334068306212135,0.012195039401363239,4.329913145266539,0.1965063146453252,0.17840385680937165,0.03476905651841737
2003-05-13,62.27831268310547,4.1316132541631045,-0.0017935764581089586,4.329913145266539,0.19829989110343416,0.1798761315964903,0.02954344529542355
2003-05-14,62.14679718017578,4.129499282922873,-0.0021139712402318267,4.329913145266539,0.20041386234366598,0.18160801864305376,0.028513006632804015
2003-05-15,62.5413818359375,4.135828447019649,0.006329164096776196,4.329913145266539,0.1940846982468898,0.17641185515765934,0.025295232199703182
2003-05-16,62.383548736572266,4.133301598573598,-0.002526848446050778,4.329913145266539,0.19661154669294056,0.17849031050490294,0.022639902741512594
2003-05-19,60.92372894287109,4.109622736640726,-0.023678861932872053,4.329913145266539,0.22029040862581262,0.1977142265810201,0.02969185997418579
2003-05-20,60.798805236816406,4.1075701380687875,-0.002052598571938624,4.329913145266539,0.22234300719775124,0.19935930829006043,0.02535052998984962
2003-05-21,60.92372894287109,4.109622736640726,0.002052598571938624,4.329913145266539,0.22029040862581262,0.1977142265810201,0.024347676813790315
2003-05-22,61.52869415283203,4.1195036375925564,0.009880900951830363,4.329913145266539,0.21040950767398225,0.18974762654213873,0.02457188501236412
2003-05-23,61.65363311767578,4.121532159223131,0.0020285216305744314,4.329913145266539,0.20838098604340782,0.18810234389481695,0.02267190086922514
2003-05-27,62.73204040527344,4.138872328365471,0.017340169142340045,4.329913145266539,0.19104081690106778,0.17390113133275853,0.022758157812141556
2003-05-28,62.90958023071289,4.141698461022924,0.0028261326574527956,4.329913145266539,0.18821468424361498,0.17156316419521023,0.022706216519148486
2003-05-29,62.74518203735352,4.139081794782918,-0.002616666240006005,4.329913145266539,0.190831350483621,0.17372807323798511,0.0227329633249637
2003-05-30,63.75128555297852,4.154989349372132,0.015907554589214,4.329913145266539,0.17492379589440699,0.1604790067218882,0.025921247631385806
2003-06-02,64.01432037353516,4.159106814166555,0.00411746479442332,4.329913145266539,0.17080633109998367,0.1570151823941901,0.023610521524528486
2003-06-03,64.27733612060547,4.163207098202945,0.004100284036390178,4.329913145266539,0.1667060470635935,0.15355160923934352,0.023775241098374016
2003-06-04,65.20451354980469,4.177528692760581,0.01432159455763582,4.329913145266539,0.15238445250595767,0.14134189598329439,0.02524267606861011
2003-06-05,65.52674865722656,4.182458435724447,0.004929742963866168,4.329913145266539,0.1474547095420915,0.13709848135870484,0.025160439493508276
2003-06-06,65.2702407836914,4.178536201681097,-0.003922234043350237,4.329913145266539,0.15137694358544174,0.1404763543365749,0.024064747353862277
2003-06-09,64.60612487792969,4.168309218646002,-0.010226983035095394,4.329913145266539,0.16160392662053713,0.14922189162293398,0.023000381418112816
2003-06-10,65.263671875,4.178435554905663,0.010126336259661528,4.329913145266539,0.1514775903608756,0.14056285826667625,0.022418560038653786
2003-06-11,65.95413970947266,4.188959647617493,0.010524092711829525,4.329913145266539,0.14095349764904608,0.13147030056850484,0.02377355913594465
2003-06-12,66.15797424316406,4.192045431189288,0.003085783571795453,4.329913145266539,0.13786771407725062,0.12878606653769797,0.02383722927762234
2003-06-13,65.46753692626953,4.181554400335026,-0.010491030854262284,4.329913145266539,0.1483587449315129,0.1378782223593069,0.024719272246408984
2003-06-16,66.84839630126953,4.202427313750394,0.02087291341536801,4.329913145266539,0.1274858315161449,0.11969411165437083,0.030128370993748356
2003-06-17,66.84839630126953,4.202427313750394,0.0,4.329913145266539,0.1274858315161449,0.11969411165437083,0.02306369586305454
2003-06-18,66.78926086425781,4.201542302113318,-0.0008850116370755501,4.329913145266539,0.12837084315322045,0.12047284796356639,0.023020478930277494
2003-06-19,65.76998138427734,4.186163524270454,-0.015378777842864011,4.329913145266539,0.14374962099608446,0.13389542468556992,0.025947378883014773
2003-06-20,65.62483215332031,4.1839541632448265,-0.002209361025627743,4.329913145266539,0.1459589820217122,0.1358068500864792,0.024778717196787946
2003-06-23,64.95169067382812,4.173643773167787,-0.0103103900770396,4.329913145266539,0.1562693720987518,0.14467124236622975,0.02606630166532905
2003-06-24,65.01766204833984,4.174658956806019,0.0010151836382323864,4.329913145266539,0.15525418846051942,0.14380248570700882,0.02229070072770215
2003-06-25,64.36434936523438,4.164559898542436,-0.010099058263583593,4.329913145266539,0.165353246724103,0.15240575869020412,0.023475150523075205
2003-06-26,65.20245361328125,4.177497100330078,0.012937201787642572,4.329913145266539,0.15241604493646044,0.14136902265127027,0.025497756046395904
2003-06-27,64.45010375976562,4.165891339310442,-0.011605761019636063,4.329913145266539,0.1640218059560965,0.15127648554927275,0.024006462833930518
2003-06-30,64.43034362792969,4.165584696489265,-0.00030664282117687236,4.329913145266539,0.16432844877727337,0.15153670062356184,0.023794033303859957
2003-07-01,65.02428436279297,4.17476080570388,0.009176109214614314,4.329913145266539,0.15515233956265906,0.14371527849292343,0.024643130308217076
2003-07-02,65.84260559082031,4.1872671301729465,0.012506324469066854,4.329913145266539,0.1426460150935922,0.1329390589357009,0.02402951132947576
2003-07-03,65.16287231445312,4.176889863708489,-0.01037726646445769,4.329913145266539,0.1530232815580499,0.14189025655297427,0.025080166028641344
2003-07-07,66.45634460449219,4.196545259976742,0.019655396268253078,4.329913145266539,0.13336788528979682,0.12485691938506871,0.029754144629038984
2003-07-08,66.75331115722656,4.201003901401763,0.00445864142502117,4.329913145266539,0.12890924386477565,0.12094625855431962,0.02868677722613449
2003-07-09,66.37715911865234,4.195353008127618,-0.005650893274145474,4.329913145266539,0.13456013713892112,0.12589968859589862,0.02779709007641028
2003-07-10,65.53246307373047,4.182545639308721,-0.01280736881889677,4.329913145266539,0.1473675059578179,0.1370232299723566,0.02846831940147671
2003-07-11,66.15277099609375,4.191966779269316,0.009421139960594793,4.329913145266539,0.1379463659972231,0.12885458649162318,0.029466690707081647
2003-07-14,66.47618103027344,4.196843703504144,0.00487692423482855,4.329913145266539,0.13306944176239455,0.124595699619373,0.028379596243332042
2003-07-15,66.33097076416016,4.194656918801394,-0.002186784702749911,4.329913145266539,0.13525622646514446,0.1265079287734081,0.022950300505755254
2003-07-16,65.94161224365234,4.18876968750623,-0.005887231295163886,4.329913145266539,0.14114345776030834,0.1316352708974563,0.023387010109021993
2003-07-17,65.00447082519531,4.17445604945635,-0.014313638049880062,4.329913145266539,0.1554570958101884,0.14397619685119734,0.025958632165699706
2003-07-18,65.6709976196289,4.184657391493445,0.010201342037094996,4.329913145266539,0.1452557537730934,0.1351989113163925,0.024289895365561923
2003-07-21,64.85928344726562,4.1722200531349145,-0.01243733835853078,4.329913145266539,0.1576930921316242,0.14588812459780987,0.026177452342779958
2003-07-22,65.4466323852539,4.181235037789271,0.009014984654356795,4.329913145266539,0.1486781074772674,0.1381535078046946,0.02586202148297736
2003-07-23,65.49282836914062,4.181940646099207,0.0007056083099357124,4.329913145266539,0.14797249916733168,0.1375451671580451,0.025855309277350576
2003-07-24,64.9979019165039,4.1743549911670526,-0.007585654932154462,4.329913145266539,0.15555815409948615,0.14406270078129846,0.025295254182375212
2003-07-25,66.14618682861328,4.191867244585231,0.017512253418178858,4.329913145266539,0.1380459006813073,0.12894129136000576,0.027050532836448232
2003-07-28,65.90199279785156,4.188168680775857,-0.003698563809374278,4.329913145266539,0.14174446449068157,0.1321570071448629,0.025525752472577812
2003-07-29,65.59844970703125,4.183552063156023,-0.004616617619833896,4.329913145266539,0.14636108211051546,0.136154272374855,0.025793113490770375
2003-07-30,65.44004821777344,4.181134429118386,-0.002417634037636951,4.329913145266539,0.1487787161481524,0.1382402126730774,0.024805827563440158
2003-07-31,65.59185028076172,4.183451454707446,0.0023170255890594404,4.329913145266539,0.14646169055909297,0.13624117818151915,0.022902729307210334
2003-08-01,65.0110855102539,4.174557801665867,-0.00889365304157863,4.329913145266539,0.1553553436006716,0.14388909010625117,0.022542487812095575
2003-08-04,65.0110855102539,4.174557801665867,0.0,4.329913145266539,0.1553553436006716,0.14388909010625117,0.017674671821073656
2003-08-05,63.63177490234375,4.153112950967623,-0.02144485069824409,4.329913145266539,0.1768001942989157,0.16205280557563584,0.02321869876129828
2003-08-06,64.00135803222656,4.158904302388087,0.0057913514204637195,4.329913145266539,0.17100884287845197,0.15718587946415818,0.02323894893294029
2003-08-07,64.67449951171875,4.169366989529878,0.010462687141790994,4.329913145266539,0.16054615573666098,0.14832148718440774,0.022551481922603533
2003-08-08,64.85928344726562,4.1722200531349145,0.0028530636050367875,4.329913145266539,0.1576930921316242,0.14588812459780987,0.021535696304197126
2003-08-11,65.10348510742188,4.175978082457813,0.0037580293228982597,4.329913145266539,0.15393506280872593,0.14267230834381217,0.02141396007363089
2003-08-12,65.69738006591797,4.185059047464366,0.009080965006552866,4.329913145266539,0.14485409780217307,0.1348514890280168,0.022392751989868006
2003-08-13,65.36087036132812,4.179923766884873,-0.005135280579492196,4.329913145266539,0.14998937838166526,0.13928288141476675,0.02228831833014065
2003-08-14,65.53901672363281,4.1826456404671415,0.002721873582268053,4.329913145266539,0.1472675047993972,0.13693692698053606,0.019800175685984068
2003-08-15,65.74360656738281,4.18576242781101,0.0031167873438686655,4.329913145266539,0.14415071745552854,0.1342427465048045,0.018611327684246705
2003-08-18,66.31116485595703,4.194358282048333,0.00859585423732323,4.329913145266539,0.1355548632182053,0.12676874666254145,0.017593264374518264
2003-08-19,66.56195068359375,4.198133103228846,0.003774821180512866,4.329913145266539,0.13178004203769245,0.12346622554015985,0.016748803890012917
2003-08-20,66.29139709472656,4.1940601315286745,-0.004072971700171735,4.329913145266539,0.13585301373786418,0.12702906220597077,0.016951553203843124
2003-08-21,66.5025405883789,4.197240151268566,0.003180019739891904,4.329913145266539,0.13267299399797228,0.12424857873841932,0.016353939800277547
2003-08-22,65.84260559082031,4.1872671301729465,-0.009973021095619927,4.329913145266539,0.1426460150935922,0.1329390589357009,0.0137429946381662
2003-08-25,65.94820404052734,4.188869646654953,0.0016025164820065996,4.329913145266539,0.1410434986115856,0.13154846555993283,0.013602992066937129
2003-08-26,66.06697845458984,4.190669052509122,0.001799405854169045,4.329913145266539,0.13924409275741656,0.1299843619782578,0.013375243327008367
2003-08-27,66.08678436279297,4.190968792871094,0.00029974036197177867,4.329913145266539,0.13894435239544478,0.12972354408912457,0.013302728940311011
2003-08-28,66.49592590332031,4.197140681173331,0.0061718883022372495,4.329913145266539,0.13277246409320753,0.1243356854833646,0.013715046270511212
2003-08-29,66.9447021484375,4.2038669375414095,0.006726256368078332,4.329913145266539,0.1260462077251292,0.11842588969191681,0.013288479070355897
2003-09-02,67.84225463867188,4.2171852255816225,0.013318288040212956,4.329913145266539,0.11272791968491624,0.10660629810902078,0.015523426704014097
2003-09-03,68.21179962158203,4.22261756486326,0.005432339281637333,4.329913145266539,0.10729558040327891,0.10173987434324605,0.01010074818038468
2003-09-04,68.24478912353516,4.223101081311959,0.0004835164486989285,4.329913145266539,0.10681206395457998,0.10130544577906608,0.009681093045083456
2003-09-05,67.8620376586914,4.21747678629536,-0.005624295016598779,4.329913145266539,0.11243635897117876,0.10634578162730868,0.008700370434888373
2003-09-08,68.4229965209961,4.225708974571093,0.008232188275733243,4.329913145266539,0.10420417069544552,0.09895868759170967,0.009451695228484826
2003-09-09,67.97421264648438,4.219128407464829,-0.006580567106263757,4.329913145266539,0.11078473780170928,0.10486858385229847,0.00981937682449312
2003-09-10,67.28791046142578,4.2089805839825445,-0.010147823482284934,4.329913145266539,0.12093256128399421,0.11390628539967407,0.010077858213808055
2003-09-11,67.48583221435547,4.21191768272718,0.002937098744635769,4.329913145266539,0.11799546253935844,0.11129991495287306,0.009854276788119011
2003-09-12,67.61124420166016,4.213774303560981,0.0018566208338004486,4.329913145266539,0.116138841705558,0.1096484032188304,0.009804361196664441
2003-09-15,67.37364959716797,4.210253985943591,-0.003520317617390134,4.329913145266539,0.11965915932294813,0.11277721319702372,0.009838107433697573
2003-09-16,68.35702514648438,4.224744339841209,0.014490353897618213,4.329913145266539,0.10516880542532991,0.09982744425093037,0.01155273617340986
2003-09-17,68.22501373291016,4.222811267882915,-0.0019330719582937306,4.329913145266539,0.10710187738362364,0.10156586179163618,0.011420278575773631
2003-09-18,69.03010559082031,4.2345427223508985,0.011731454467983404,4.329913145266539,0.09537042291564024,0.0909638557243051,0.01294535643661963
2003-09-19,68.67904663085938,4.22944415461172,-0.0050985677391786055,4.329913145266539,0.10046899065481885,0.09558684276227847,0.013145480566425252
2003-09-22,67.93705749511719,4.218581651448877,-0.01086250316284243,4.329913145266539,0.11133149381766128,0.10535786856727514,0.01337899416380768
2003-09-23,68.19539642333984,4.222377061447064,0.0037954099981867273,4.329913145266539,0.10753608381947455,0.10195588299564817,0.013528141346346015
2003-09-24,66.98308563232422,4.2044401342703885,-0.01793692717667561,4.329913145266539,0.12547301099615016,0.1179204294452948,0.01754118458477418
2003-09-25,66.43321990966797,4.1961972312185445,-0.008242903051844053,4.329913145266539,0.1337159140479942,0.12516144135038565,0.018396165225886742
2003-09-26,66.21459197998047,4.192900861311773,-0.0032963699067716234,4.329913145266539,0.13701228395476583,0.1280404850449176,0.018053115727658647
2003-09-29,66.86382293701172,4.202658057595624,0.009757196283850966,4.329913145266539,0.12725508767091487,0.11949096305197182,0.018682616195523905
2003-09-30,66.21459197998047,4.192900861311773,-0.009757196283850966,4.329913145266539,0.13701228395476583,0.1280404850449176,0.017647224841317803
2003-10-01,67.62566375732422,4.213987552383899,0.02108669107212613,4.329913145266539,0.1159255928826397,0.10945851654299787,0.02287796654310365
2003-10-02,67.87080383300781,4.217605954361574,0.0036184019776746013,4.329913145266539,0.1123071909049651,0.10623034258469943,0.023039990506523694
2003-10-03,68.49351501464844,4.226739069467566,0.009133115105992573,4.329913145266539,0.10317407579897253,0.09803005132466114,0.023692432330053904
2003-10-06,68.80490112304688,4.231274979655634,0.00453591018806776,4.329913145266539,0.09863816561090477,0.09392950381807863,0.023097782353635327
2003-10-07,69.06986236572266,4.235118490420782,0.003843510765148217,4.329913145266539,0.09479465484575655,0.09044031103236583,0.022738288119313624
2003-10-08,68.89762878417969,4.23262176210344,-0.002496728317342267,4.329913145266539,0.09729138316309882,0.092708401882591,0.02151930528818749
2003-10-09,69.08312225341797,4.2353104499035625,0.0026886878001226577,4.329913145266539,0.09460269536297616,0.09026569566591225,0.021501696700627407
2003-10-10,69.27523040771484,4.2380874167300115,0.002776966826449012,4.329913145266539,0.09182572853652715,0.08773588270428834,0.021555429448944584
2003-10-13,69.49385833740234,4.241238379419945,0.003150962689933756,4.329913145266539,0.0886747658465934,0.08485683900975627,0.02152438216374478
2003-10-14,69.73896789550781,4.2447592418192075,0.0035208623992621924,4.329913145266539,0.0851539034473312,0.08162906692802063,0.0190349512247944
2003-10-15,69.55351257324219,4.242096421382323,-0.0026628204368845942,4.329913145266539,0.0878167238842158,0.08407127079899612,0.019077209677882075
2003-10-16,69.83173370361328,4.246088544039555,0.0039921226572321444,4.329913145266539,0.08382460122698365,0.08040746264682941,0.017543915922019905
2003-10-17,69.06986236572266,4.235118490420782,-0.010970053618772901,4.329913145266539,0.09479465484575655,0.09044031103236583,0.018732684132957676
2003-10-20,69.58665466308594,4.242572805608802,0.007454315188019756,4.329913145266539,0.0873403396577368,0.0836348328520028,0.017946101916448385
2003-10-21,69.4673843383789,4.240857352324419,-0.0017154532843832726,4.329913145266539,0.08905579294212007,0.08520546692782005,0.017801676217197113
2003-10-22,68.59295654296875,4.228189855159726,-0.012667497164692954,4.329913145266539,0.10172329010681302,0.09672053654539903,0.015769701028436476
2003-10-23,68.467041015625,4.226352476420335,-0.001837378739391049,4.329913145266539,0.10356066884620407,0.09837867924272425,0.01495612545330079
2003-10-24,68.61943817138672,4.228575849862345,0.0022233734420105122,4.329913145266539,0.10133729540419356,0.09637180815819535,0.014881499873045429
2003-10-27,68.65253448486328,4.2290580504671365,0.0004822006047913163,4.329913145266539,0.10085509479940225,0.0959359730260455,0.01368487331312642
2003-10-28,69.58665466308594,4.242572805608802,0.013514755141665447,4.329913145266539,0.0873403396577368,0.0836348328520028,0.014786689476067896
2003-10-29,69.67935943603516,4.243904139563346,0.0013313339545444336,4.329913145266539,0.08600900570319236,0.08241403232393685,0.009206450738631109
2003-10-30,69.82508087158203,4.245993270034394,0.002089130471047973,4.329913145266539,0.08391987523214439,0.08049507173747827,0.009096473317619182
2003-10-31,69.75884246826172,4.245044186404883,-0.0009490836295116267,4.329913145266539,0.08486895886165602,0.08136734481662189,0.008056809116895049
2003-11-03,70.21598052978516,4.2515759279994905,0.006531741594607787,4.329913145266539,0.07833721726704823,0.07534743484701834,0.008335132621403906
2003-11-04,70.06358337402344,4.249403163678372,-0.002172764321118237,4.329913145266539,0.08050998158816647,0.0773543059315479,0.008208481576799664
2003-11-05,70.11661529541016,4.250159788714149,0.0007566250357768922,4.329913145266539,0.07975335655238958,0.07665594493487349,0.0081371508241419
2003-11-06,70.48757934570312,4.25543651480322,0.005276726089070927,4.329913145266539,0.07447663046331865,0.07177083390893835,0.008396897255412072
2003-11-07,69.96424102783203,4.247984269065354,-0.007452245737866292,4.329913145266539,0.08192887620118494,0.07866251461198104,0.008999484969869655
2003-11-10,69.67935943603516,4.243904139563346,-0.0040801295020074235,4.329913145266539,0.08600900570319236,0.08241403232393685,0.009084142994955097
2003-11-11,69.65951538085938,4.243619307992314,-0.0002848315710322069,4.329913145266539,0.08629383727422457,0.0826753525587739,0.008928969673020508
2003-11-12,70.44123077392578,4.254778756131888,0.011159448139573591,4.329913145266539,0.07513438913465098,0.07238118393840065,0.01040874731628986
2003-11-13,70.46109771728516,4.2550607520889985,0.00028199595711075887,4.329913145266539,0.07485239317754022,0.07211956229614236,0.01020894254424881
2003-11-14,69.8648681640625,4.246562921520862,-0.008497830568136244,4.329913145266539,0.08335022374567647,0.07997112516897664,0.009602517748620391
2003-11-17,69.51375579833984,4.241524658142116,-0.005038263378746244,4.329913145266539,0.08838848712442271,0.08459481549093517,0.009222215513806437
2003-11-18,68.79167175292969,4.231082687509377,-0.010441970632738773,4.329913145266539,0.09883045775716148,0.09410371730796951,0.010558974344929814
2003-11-19,69.37462615966797,4.2395211833626085,0.00843849585323131,4.329913145266539,0.09039196190393017,0.08642697073987049,0.009434332715808288
2003-11-20,68.75192260742188,4.230504701354525,-0.009016482008083138,4.329913145266539,0.09940844391201331,0.09462716153076833,0.01041613715415181
2003-11-21,69.03675079345703,4.234638983000498,0.004134281645972848,4.329913145266539,0.09527416226604046,0.09087634710279657,0.010569213234498246
2003-11-24,69.95101165771484,4.247795163590394,0.013156180589895428,4.329913145266539,0.08211798167614504,0.07883672810187237,0.012747155620160816
2003-11-25,70.21598052978516,4.2515759279994905,0.003780764409096804,4.329913145266539,0.07833721726704823,0.07534743484701834,0.010625889839682613
2003-11-26,70.46770477294922,4.25515451653675,0.003578588537259897,4.329913145266539,0.07475862872978833,0.07203255602033731,0.010764916297020725
2003-11-28,70.52069854736328,4.255906263143729,0.0007517466069790757,4.329913145266539,0.07400688212280926,0.0713346973693667,0.010717044573154873
2003-12-01,71.28256225585938,4.26665172886694,0.010745465723210224,4.329913145266539,0.06326141639959904,0.06130194945297085,0.012160554423953144
2003-12-02,71.10367584228516,4.264139035083016,-0.002512693783923936,4.329913145266539,0.06577411018352297,0.06365764939384477,0.011702544194545458
2003-12-03,70.9910659790039,4.262554037842261,-0.001584997240755115,4.329913145266539,0.06735910742427809,0.06514057390987238,0.011674714718917227
2003-12-04,71.28256225585938,4.26665172886694,0.004097691024679051,4.329913145266539,0.06326141639959904,0.06130194945297085,0.01187906895655826
2003-12-05,70.78569030761719,4.259656865972635,-0.006994862894305065,4.329913145266539,0.0702562792939041,0.06784510270709088,0.012144730742065414
2003-12-08,71.26268768310547,4.26637287604103,0.006716010068395839,4.329913145266539,0.06354026922550826,0.06156367156437026,0.012013297933301139
2003-12-09,70.71284484863281,4.258627237427866,-0.007745638613164019,4.329913145266539,0.07128590783867228,0.06880438206203876,0.012559475939035721
2003-12-10,70.70620727539062,4.258533366437397,-9.387099046964664e-05,4.329913145266539,0.07137977882914193,0.0688917902144065,0.012558564741547061
2003-12-11,71.50119018554688,4.269714095513124,0.011180729075727314,4.329913145266539,0.06019904975341461,0.05842290575843956,0.012564555032097828
2003-12-12,71.64032745361328,4.271658148003021,0.0019440524898968192,4.329913145266539,0.058254997263517794,0.05659065004036368,0.012611172743479785
2003-12-15,71.28256225585938,4.26665172886694,-0.0050064191360812416,4.329913145266539,0.06326141639959904,0.06130194945297085,0.012017096706817042
2003-12-16,71.653564453125,4.271842901161348,0.00519117229440802,4.329913145266539,0.058070244105191016,0.05641633608133223,0.012036805272966376
2003-12-17,71.87879943847656,4.274981359473099,0.00313845831175108,4.329913145266539,0.054931785793439936,0.05345028611099556,0.010787076413449594
2003-12-18,72.68699645996094,4.286162502790894,0.011181143317795517,4.329913145266539,0.04375064247564442,0.04280738910341875,0.01146507930916342
2003-12-19,72.48466491699219,4.283375021101145,-0.0027874816897490717,4.329913145266539,0.04653812416539349,0.04547183071351757,0.010538640449407773
2003-12-22,72.9905014038086,4.290329314926295,0.006954293825149449,4.329913145266539,0.03958383034024404,0.038810626219130784,0.010932641414674147
2003-12-23,73.03711700439453,4.290967764045407,0.0006384491191120389,4.329913145266539,0.038945381221132,0.03819675976974546,0.008756905287177446
2003-12-24,72.96392822265625,4.28996518508777,-0.0010025789576371125,4.329913145266539,0.039947960178769115,0.03916056023602266,0.008589463698797413
2003-12-26,73.01715850830078,4.290694461587838,0.0007292765000688206,4.329913145266539,0.039218683678700295,0.038459587041691945,0.008434805607308676
2003-12-29,73.98892974853516,4.303915484020505,0.013221022432666985,4.329913145266539,0.02599766124603331,0.02566263165853022,0.01063010752847881
2003-12-30,74.00225067138672,4.3040955072198575,0.000180023199352064,4.329913145266539,0.025817638046681246,0.025487212538951365,0.009175656450248412
2003-12-31,74.06880187988281,4.3049944163831375,0.0008989091632800594,4.329913145266539,0.024918728883401187,0.024610820225041352,0.009106285986412353
2004-01-02,74.03553771972656,4.304545217381873,-0.00044919900126494383,4.329913145266539,0.02536792788466613,0.025048865678285126,0.00907717448638051
2004-01-05,74.84090423583984,4.315364583586238,0.010819366204365188,4.329913145266539,0.014548561680300942,0.014443242721889904,0.010340546414343855
2004-01-06,74.91415405273438,4.316342845336769,0.000978261750531395,4.329913145266539,0.013570299929769547,0.01347863850248776,0.009736110417538435
2004-01-07,75.16706085205078,4.319713114412324,0.0033702690755550435,4.329913145266539,0.010200030854214504,0.010148186959005767,0.009310909839814323
2004-01-08,75.46660614013672,4.3236902556306065,0.0039771412182822985,4.329913145266539,0.006222889635932205,0.006203567558715428,0.008754276297594048
2004-01-09,74.80763244628906,4.314919917826897,-0.008770337803709616,4.329913145266539,0.01499322743964182,0.014881388644274463,0.00972334246679096
2004-01-12,75.3600845336914,4.322277751999052,0.0073578341721551865,4.329913145266539,0.007635393267486634,0.007606317700503129,0.008830368131896478
2004-01-13,74.92078399658203,4.316431341970976,-0.005846410028076399,4.329913145266539,0.013481803295563033,0.013391330819261249,0.009213422875571246
2004-01-14,75.54645538330078,4.324747770123724,0.008316428152748578,4.329913145266539,0.0051653751428144545,0.005152057532649135,0.009769067058207976
2004-01-15,75.73281860351562,4.3272116015472815,0.0024638314235572167,4.329913145266539,0.002701543719257238,0.002697897833935592,0.009506006721425805
2004-01-16,76.03233337402344,4.331158688944651,0.0039470873973694864,4.331158688944651,0.0,0.0,0.009578199408609014
2004-01-20,76.01237487792969,4.330896154372579,-0.00026253457207214836,4.331158688944651,0.00026253457207214836,0.0002625001128869764,0.008003841485815481
2004-01-21,76.61141204833984,4.338746048004083,0.007849893631504123,4.338746048004083,0.0,0.0,0.008682361261591538
2004-01-22,76.41173553466797,4.33613629085092,-0.002609757153162917,4.338746048004083,0.002609757153162917,0.0026063546974682827,0.008158813996970401
2004-01-23,76.16546630859375,4.332908161917376,-0.00322812893354385,4.338746048004083,0.005837886086706767,0.005820878741468527,0.008284980306057389
2004-01-26,77.12393951416016,4.345413731909431,0.012505569992054433,4.345413731909431,0.0,0.0,0.010242820170931822
2004-01-27,76.33190155029297,4.335090957727154,-0.010322774182276895,4.345413731909431,0.010322774182276895,0.010269677208615713,0.011578770735751419
2004-01-28,75.4599380493164,4.323601893562019,-0.011489064165134621,4.345413731909431,0.021811838347411516,0.02157568033124435,0.011039530567192677
2004-01-29,75.53315734863281,4.324571730028548,0.0009698364665284842,4.345413731909431,0.020842001880883032,0.020626308452970976,0.01105097356487842
2004-01-30,75.53315734863281,4.324571730028548,0.0,4.345413731909431,0.020842001880883032,0.020626308452970976,0.011040792290062176
2004-02-02,75.85932159423828,4.328880593355464,0.004308863326916601,4.345413731909431,0.01653313855396643,0.016397216323340458,0.011272185285246275
2004-02-03,75.73281860351562,4.3272116015472815,-0.001668991808182696,4.345413731909431,0.018202130362149127,0.0180374721442893,0.009832343577500707
2004-02-04,75.1137924194336,4.319004195961457,-0.008207405585824112,4.345413731909431,0.02640953594797324,0.026063853939379156,0.010669040408511273
2004-02-05,75.33345794677734,4.32192436476357,0.0029201688021123218,4.345413731909431,0.023489367145860918,0.02321563938074067,0.010633365678120236
2004-02-06,76.17876434326172,4.333082740693937,0.011158375930367725,4.345413731909431,0.012330991215493192,0.012255276077085653,0.012002881112399184
2004-02-09,76.1987533569336,4.333345102413544,0.00026236171960647425,4.345413731909431,0.012068629495886718,0.011996095674763674,0.011034571219256467
2004-02-10,76.44503021240234,4.336571923230006,0.003226820816462528,4.345413731909431,0.00884180867942419,0.008802834840058504,0.010483631795101896
2004-02-11,77.257080078125,4.347138563074877,0.010566639844870274,4.347138563074877,0.0,0.0,0.011459796224276474
2004-02-12,76.97750854492188,4.343513282365903,-0.0036252807089738326,4.347138563074877,0.0036252807089738326,0.003618717312644626,0.010753940230064235
2004-02-13,76.63145446777344,4.339007625198552,-0.004505657167350741,4.347138563074877,0.008130937876324573,0.00809797121142708,0.010933244293511725
2004-02-17,77.3236312866211,4.347999617627161,0.008991992428608597,4.347999617627161,0.0,0.0,0.011755727297824108
2004-02-18,76.98419952392578,4.343600199809104,-0.004399417818056861,4.347999617627161,0.004399417818056861,0.00438975455559143,0.011998730302301525
2004-02-19,76.69798278808594,4.339875408002404,-0.003724791806700267,4.347999617627161,0.008124209624757128,0.008091297422595733,0.011397121176415916
2004-02-20,76.46500396728516,4.33683317168376,-0.003042236318643532,4.347999617627161,0.01116644594340066,0.011104332595984645,0.011427920231107775
2004-02-23,76.27197265625,4.334305539959285,-0.002527631724475121,4.347999617627161,0.013694077667875781,0.013600740328307603,0.01137711836321745
2004-02-24,76.13882446289062,4.332558311682167,-0.0017472282771180403,4.347999617627161,0.015441305944993822,0.015322700240741227,0.009445078788627425
2004-02-25,76.45836639404297,4.336746362542283,0.004188050860116199,4.347999617627161,0.011253255084877622,0.011190174053916757,0.00832342808880426
2004-02-26,76.50492858886719,4.337355164755489,0.0006088022132058057,4.347999617627161,0.010644452871671817,0.01058800115994496,0.00666491585258148
2004-02-27,76.55817413330078,4.338050898026727,0.0006957332712378417,4.347999617627161,0.009948719600433975,0.00989939479798796,0.006659163473944006
2004-03-01,77.31698608398438,4.347913673807822,0.009862775781095401,4.347999617627161,8.59438193385742e-05,8.594012627438641e-05,0.007884820234906846
2004-03-02,76.86434173583984,4.3420420724280655,-0.005871601379756619,4.347999617627161,0.005957545199095193,0.005939834215478279,0.00808527866977503
2004-03-03,77.00411987304688,4.343858925267115,0.001816852839049865,4.347999617627161,0.004140692360045328,0.004132131513455151,0.00809177296912061
2004-03-04,77.20384216308594,4.3464492247441875,0.002590299477072122,4.347999617627161,0.001550392882973206,0.001549191644804604,0.007327559595247473
2004-03-05,77.46340942382812,4.349805688401052,0.0033564636568641504,4.349805688401052,0.0,0.0,0.00736206422207992
2004-03-08,76.51824188232422,4.337529168384477,-0.012276520016574644,4.349805688401052,0.012276520016574644,0.012201470972347028,0.007692229460035668
2004-03-09,76.2120590209961,4.333519705040335,-0.0040094633441416505,4.349805688401052,0.016285983360716294,0.016154083742757175,0.007893917189250536
2004-03-10,74.93412017822266,4.3166093298953525,-0.016910375144982837,4.349805688401052,0.03319635850569913,0.032651406185427057,0.011365827217778002
2004-03-11,73.96231079101562,4.303555649825001,-0.013053680070351348,4.349805688401052,0.04625003857605048,0.04519680528979564,0.012106010258453391
2004-03-12,74.93412017822266,4.3166093298953525,0.013053680070351348,4.349805688401052,0.03319635850569913,0.032651406185427057,0.014087434638272289
2004-03-15,74.01556396484375,4.30427539493845,-0.012333934956902937,4.349805688401052,0.04553029346260207,0.044509342986958744,0.015748429701416093
2004-03-16,74.40827941894531,4.309567218160312,0.005291823221862835,4.349805688401052,0.04023847024073923,0.03943965321958898,0.015082487762624781
2004-03-17,75.24029541015625,4.320686930663244,0.0111197125029312,4.349805688401052,0.029118757737808032,0.02869889190531827,0.016396581188150888
2004-03-18,75.26026153564453,4.3209522602541846,0.00026532959094094366,4.349805688401052,0.02885342814686709,0.028441142786905016,0.016222654893086837
2004-03-19,74.1815185546875,4.306515043066357,-0.014437217187827756,4.349805688401052,0.043290645334694844,0.04236698195381916,0.018732298175793284
2004-03-22,73.23973846435547,4.293738148859949,-0.012776894206408151,4.349805688401052,0.056067539541102995,0.05452472323240454,0.020708735478975664
2004-03-23,73.11282348632812,4.292003775260339,-0.0017343735996098175,4.349805688401052,0.05780191314071281,0.05616310939396585,0.02070817156762201
2004-03-24,73.17295837402344,4.292825931594575,0.0008221563342365457,4.349805688401052,0.05697975680647627,0.055386808839386625,0.020495687322612678
2004-03-25,74.14144134521484,4.3059746383916515,0.013148706797076137,4.349805688401052,0.04383105000940013,0.042884351506370155,0.02266941223640114
2004-03-26,74.16151428222656,4.306245340173007,0.0002707017813552426,4.349805688401052,0.04356034822804489,0.0426252235237391,0.022664236593239635
2004-03-29,75.20349884033203,4.3201977570055154,0.013952416832508696,4.349805688401052,0.02960793139553619,0.02917391062832486,0.023891421019174502
2004-03-30,75.45729064941406,4.323566809431129,0.0033690524256133614,4.349805688401052,0.02623887896992283,0.02589763075670881,0.02360004364387002
2004-03-31,75.54410552978516,4.324716664891185,0.0011498554600564148,4.349805688401052,0.025089023509866415,0.02477690961860235,0.02357511093195727
2004-04-01,75.99832153320312,4.33071125495302,0.005994590061834337,4.349805688401052,0.019094433448032078,0.018913289532726307,0.02394335171067666
2004-04-02,76.57273864746094,4.338241121071043,0.0075298661180234205,4.349805688401052,0.011564567330008657,0.01149795475040416,0.024515807957668053
2004-04-05,76.99354553222656,4.343721594083436,0.005480473012393183,4.349805688401052,0.006084094317615474,0.006065623693772837,0.022995273230767926
2004-04-06,76.74640655517578,4.340506565243207,-0.0032150288402288396,4.349805688401052,0.009299123157844313,0.00925602002268422,0.022922956968875068
2004-04-07,76.56607818603516,4.338154135138049,-0.0023524301051587315,4.349805688401052,0.011651553263003045,0.011583936783409077,0.019389578531055676
2004-04-08,76.39241790771484,4.33588344920204,-0.002270685936008654,4.349805688401052,0.013922239199011699,0.013825773020827548,0.01730752241669101
2004-04-12,76.69297790527344,4.339810151447628,0.0039267022455877765,4.349805688401052,0.009995536953423922,0.009945747602450927,0.015354779798735856
2004-04-13,75.61759948730469,4.325689053543486,-0.014121097904141955,4.349805688401052,0.024116634857565877,0.023828152546505943,0.015950500925401206
2004-04-14,75.73783874511719,4.327277886881896,0.0015888333384106446,4.349805688401052,0.022527801519155233,0.022275945398553043,0.01562946550481027
2004-04-15,75.45063781738281,4.323478638688834,-0.0037992481930624322,4.349805688401052,0.026327049712217665,0.025983514299412702,0.014253372641436775
2004-04-16,76.03173828125,4.331150862075792,0.007672223386958166,4.349805688401052,0.0186548263252595,0.01848190201318156,0.014994159551472016
2004-04-19,76.03173828125,4.331150862075792,0.0,4.349805688401052,0.0186548263252595,0.01848190201318156,0.0123679007258528
2004-04-20,74.75595092773438,4.314228820175372,-0.016922041900420126,4.349805688401052,0.035576868225679625,0.03495145019089396,0.013919042329977436
2004-04-21,75.25690460205078,4.3209076549286864,0.006678834753314433,4.349805688401052,0.028898033472365192,0.02848447851946223,0.014443186981653559
2004-04-22,76.31230163574219,4.334834152499711,0.013926497571024932,4.349805688401052,0.01497153590134026,0.01486001967442252,0.01687840654048232
2004-04-23,76.38572692871094,4.335795858414557,0.0009617059148459006,4.349805688401052,0.01400982998649436,0.0139121490150379,0.014711665027155102
2004-04-26,76.27885437011719,4.33439576187425,-0.0014000965403075938,4.349805688401052,0.015409926526801954,0.015291801155172924,0.014735441112088783
2004-04-27,76.34566497802734,4.335271251768835,0.0008754898945850798,4.349805688401052,0.014534436632216874,0.014429321586985622,0.012292257605390634
2004-04-28,75.35710144042969,4.322238166689085,-0.01303308507974954,4.349805688401052,0.027567521711966414,0.02719100539293451,0.014289493590253815
2004-04-29,74.69584655761719,4.313424488954619,-0.008813677734465841,4.349805688401052,0.036381199446432255,0.03572735678426775,0.015251613810366582
2004-04-30,74.1147689819336,4.305614823939223,-0.007809665015396483,4.349805688401052,0.04419086446182874,0.043228673599596146,0.015567316356671718
2004-05-03,74.90958404541016,4.316281840219908,0.010667016280685004,4.349805688401052,0.033523848181143734,0.03296815099429895,0.016286604399142448
2004-05-04,74.8494644165039,4.315478955415908,-0.0008028848040000369,4.349805688401052,0.03432673298514377,0.033744254568275456,0.015916278297710893
2004-05-05,75.33038330078125,4.321883550113271,0.006404594697363208,4.349805688401052,0.027922138287780562,0.027535918427969097,0.01630287682491516
2004-05-06,74.68250274658203,4.313245831054959,-0.008637719058311788,4.349805688401052,0.03655985734609235,0.03589961632118266,0.017173237740361544
2004-05-07,73.44676208496094,4.296560818393745,-0.016685012661214138,4.349805688401052,0.05324487000730649,0.05185218890754939,0.02061598151471114
2004-05-10,72.6919937133789,4.2862312507360265,-0.010329567657718641,4.349805688401052,0.06357443766502513,0.06159573592150114,0.021766121830831667
2004-05-11,73.30652618408203,4.294649638818575,0.008418388082548134,4.349805688401052,0.055156049582476996,0.05366253913512098,0.020146566364645995
2004-05-12,73.77407836914062,4.301007428296083,0.006357789477508646,4.349805688401052,0.04879826010496835,0.04762675800263272,0.020624069770000735
2004-05-13,73.46683502197266,4.296834080195674,-0.004173348100409591,4.349805688401052,0.05297160820537794,0.051593060924918444,0.020661649868938006
2004-05-14,73.50025177001953,4.297288831655367,0.0004547514596930924,4.349805688401052,0.05251685674568485,0.05116167340537303,0.019922581587540893
2004-05-17,72.87236022949219,4.288709420748605,-0.008579410906762064,4.349805688401052,0.06109626765244691,0.0592673267092696,0.02085002086052995
2004-05-18,73.23973846435547,4.293738148859949,0.005028728111343916,4.349805688401052,0.056067539541102995,0.05452472323240454,0.01756057167519185
2004-05-19,72.98592376708984,4.290266597446881,-0.0034715514130674308,4.349805688401052,0.059539090954170426,0.05780129857492433,0.017150376603140623
2004-05-20,73.21974182128906,4.29346508161771,0.003198484170829019,4.349805688401052,0.05634060678334141,0.05478286631202256,0.014835541979721157
2004-05-21,73.34657287597656,4.29519578060687,0.0017306989891601177,4.349805688401052,0.05460990779418129,0.053145563543775975,0.014861629532848976
2004-05-24,73.65384674072266,4.2993763715613005,0.00418059095443013,4.349805688401052,0.05042931683975116,0.04917886666028437,0.015057144619965608
2004-05-25,74.70919036865234,4.313603114941335,0.014226743380034712,4.349805688401052,0.03620257345971645,0.035555097247353395,0.017597729802503202
2004-05-26,74.96967315673828,4.3170836738514495,0.0034805589101143397,4.349805688401052,0.03272201454960211,0.03219244138152744,0.015610117396251108
2004-05-27,75.39048767089844,4.322681108844398,0.00559743499294818,4.349805688401052,0.027124579556653927,0.026760011834594755,0.015026111973746209
2004-05-28,75.38385009765625,4.322593062385767,-8.804645863058624e-05,4.349805688401052,0.027212626015284513,0.026845698396695816,0.014257724718775946
2004-06-01,75.28364562988281,4.3212629217066025,-0.0013301406791645931,4.349805688401052,0.028542766694449107,0.028139270013524342,0.01284632359623996
2004-06-02,75.56417846679688,4.324982341088398,0.003719419381795319,4.349805688401052,0.024823347312653787,0.024517781635971625,0.013012510748507634
2004-06-03,74.8695068359375,4.315746689282707,-0.009235651805690637,4.349805688401052,0.034058999118344424,0.0334855205468495,0.013570418979592278
2004-06-04,75.4639892578125,4.323655578999038,0.007908889716330414,4.349805688401052,0.02615010940201401,0.025811156272197655,0.013418467339378182
2004-06-07,76.61279296875,4.338764072837823,0.015108493838785542,4.349805688401052,0.011041615563228468,0.010980880668756798,0.012786916765382166
2004-06-08,76.71971130371094,4.340158667582061,0.0013945947442381978,4.349805688401052,0.00964702081899027,0.00960063758681462,0.011467002839348565
2004-06-09,76.0050048828125,4.330799191839287,-0.00935947574277396,4.349805688401052,0.01900649656176423,0.01882701202881709,0.011677807495565504
2004-06-10,76.3790054321289,4.3357078603998,0.004908668560512197,4.349805688401052,0.014097828001252033,0.013998918970453245,0.011472094099523185
2004-06-14,75.62427520751953,4.325777332272279,-0.009930528127521043,4.349805688401052,0.024028356128773076,0.02374197353289853,0.012495195886529292
2004-06-15,76.15863037109375,4.33281840674858,0.007041074476301645,4.349805688401052,0.01698728165247143,0.01684381132252344,0.013117257015752537
2004-06-16,76.145263671875,4.332642880057853,-0.00017552669072706806,4.349805688401052,0.0171628083431985,0.017016366330342092,0.012190205943964865
2004-06-17,76.03173828125,4.331150862075792,-0.0014920179820610002,4.349805688401052,0.0186548263252595,0.01848190201318156,0.011899624885601121
2004-06-18,76.17520141601562,4.333035968990569,0.0018851069147771682,4.349805688401052,0.01676971941048233,0.016629890388174084,0.011792549567319907
2004-06-21,75.88691711425781,4.329244299508034,-0.003791669482535731,4.349805688401052,0.020561388893018062,0.0203514449118134,0.011844794918889144
2004-06-22,76.26901245117188,4.334266728028493,0.005022428520459421,4.349805688401052,0.015538960372558641,0.015418853643806019,0.012124886231464902
2004-06-23,76.92601776123047,4.3428441516858145,0.008577423657321503,4.349805688401052,0.006961536715237138,0.006937361350278226,0.01283168141541324
2004-06-24,76.68466186523438,4.339701712693978,-0.003142438991836194,4.349805688401052,0.010103975707073332,0.010053102030830874,0.010405862580175482
2004-06-25,76.31598663330078,4.33488243971568,-0.004819272978298095,4.349805688401052,0.014923248685371426,0.014812448858911198,0.010545862461753963
2004-06-28,76.05450439453125,4.3314502463337075,-0.003432193381972759,4.349805688401052,0.018355442067344185,0.018188006954203417,0.01029951574043227
2004-06-29,76.36958312988281,4.335584490326835,0.004134243993127562,4.349805688401052,0.014221198074216623,0.014120554492517146,0.010514776927751776
2004-06-30,76.77850341796875,4.34092469756149,0.00534020723465467,4.349805688401052,0.008880990839561953,0.00884167132525815,0.010851808520193669
2004-07-01,75.7126235961914,4.326944904746762,-0.01397979281472761,4.349805688401052,0.022860783654289563,0.022601455844237228,0.013139975155417108
2004-07-02,75.67237854003906,4.326413213277561,-0.0005316914692015118,4.349805688401052,0.023392475123491074,0.0231209921834159,0.012068791592852169
2004-07-06,75.00872039794922,4.3176043787499045,-0.008808834527656018,4.349805688401052,0.03220130965114709,0.03168836801964792,0.012258358960653071
2004-07-07,75.22993469238281,4.3205492194657165,0.002944840715811914,4.349805688401052,0.029256468935335178,0.028832641734437447,0.009491468270290595
2004-07-08,74.70704650878906,4.313574418463519,-0.006974801002197495,4.349805688401052,0.03623126993753267,0.03558277302200974,0.010079925497237534
2004-07-09,74.90147399902344,4.316173569889259,0.002599151425740409,4.349805688401052,0.033632118511792264,0.03307284618454476,0.009061288601862397
2004-07-12,74.93497467041016,4.316620733076086,0.0004471631868270265,4.349805688401052,0.03318495532496524,0.032640375271685396,0.008760210693133924
2004-07-13,74.98859405517578,4.317336022706764,0.0007152896306772405,4.349805688401052,0.032469665694288,0.03194818543438749,0.0075241034477236965
2004-07-14,74.76068115234375,4.314292093732904,-0.003043928973859522,4.349805688401052,0.03551359466814752,0.03489038620410889,0.007016181997818842
2004-07-15,74.27799987792969,4.3078148093305035,-0.006477284402400585,4.349805688401052,0.041990879070548104,0.04112147360400831,0.007544429483310187
2004-07-16,74.21768951416016,4.307002524915616,-0.0008122844148878983,4.349805688401052,0.042803163485436,0.041900039435516456,0.0075246939560398305
2004-07-19,73.90258026123047,4.302747742922842,-0.00425478199277407,4.349805688401052,0.04705794547821007,0.04596788585840805,0.007708018181786092
2004-07-20,74.84113311767578,4.315367641826758,0.012619898903916571,4.349805688401052,0.0344380465742935,0.03385180597725834,0.009533570326877645
2004-07-21,73.46011352539062,4.296742585794501,-0.01862505603225717,4.349805688401052,0.05306310260655067,0.05167983088033412,0.013586586168793744
2004-07-22,73.66128540039062,4.299477361317969,0.0027347755234679028,4.349805688401052,0.05032832708308277,0.049082838616550495,0.012753811855932657
2004-07-23,73.04447174072266,4.291068457587934,-0.008408903730035,4.349805688401052,0.05873723081311777,0.05704548400300813,0.013520329568889818
2004-07-26,72.90374755859375,4.289140044532747,-0.0019284130551868728,4.349805688401052,0.06066564386830464,0.0588621376098607,0.013274546218277783
2004-07-27,73.58753204345703,4.298475609801297,0.009335565268550283,4.349805688401052,0.05133007859975436,0.05003494435888933,0.014224243844426302
2004-07-28,73.80876159667969,4.301477445381885,0.003001835580588086,4.349805688401052,0.04832824301916627,0.047179021093077256,0.014122423791999288
2004-07-29,74.1238021850586,4.305736697795198,0.0042592524133127085,4.349805688401052,0.044068990605853564,0.04311206108289711,0.013991678856421063
2004-07-30,74.3048324584961,4.308175989426968,0.0024392916317701463,4.349805688401052,0.04162969897408342,0.04077508321445511,0.011604174616599702
2004-08-02,74.4590072631836,4.310248735870917,0.0020727464439485033,4.349805688401052,0.039556952530134915,0.038784791206470715,0.011654745749830943
2004-08-03,73.88249206542969,4.302475886021353,-0.007772849849564167,4.349805688401052,0.04732980237969908,0.04622721082164194,0.011438298275838829
2004-08-04,73.87578582763672,4.302385112930421,-9.077309093186159e-05,4.349805688401052,0.047420575470630943,0.04631378379645468,0.011329133802536754
2004-08-05,72.66913604736328,4.285916755846759,-0.0164683570836619,4.349805688401052,0.06388893255429284,0.06189081286409359,0.0141333763963225
2004-08-06,71.6299819946289,4.271513729259986,-0.014403026586772505,4.349805688401052,0.07829195914106535,0.07530558585773806,0.016662090389061874
2004-08-09,71.73056030273438,4.272916881382537,0.0014031521225508214,4.349805688401052,0.07688880701851453,0.07400718821614771,0.016684378289200285
2004-08-10,72.65567016601562,4.285731434679133,0.012814553296595754,4.349805688401052,0.06407425372191877,0.0620646482458288,0.01874701261458807
2004-08-11,72.50818634033203,4.283699470525268,-0.0020319641538648625,4.349805688401052,0.06610621787578363,0.06396856425960351,0.018682291136119168
2004-08-12,71.71717071533203,4.272730198925503,-0.010969271599765129,4.349805688401052,0.07707548947554876,0.07418003869486955,0.01966974943423705
2004-08-13,71.85797882080078,4.274691654665832,0.001961455740328688,4.349805688401052,0.07511403373522008,0.07236230169470292,0.019709911967634594
2004-08-16,72.60205078125,4.284993169107413,0.010301514441581006,4.349805688401052,0.06481251929363907,0.06275683808312627,0.020818939145433844
2004-08-17,73.01097869873047,4.290609822973772,0.0056166538663591226,4.349805688401052,0.05919586542727995,0.057477856425566354,0.01920972954453244
2004-08-18,73.76183319091797,4.300841432395543,0.010231609421770926,4.349805688401052,0.04896425600550902,0.04778483493616448,0.016157922845884836
2004-08-19,73.54724884033203,4.29792804104985,-0.00291339134569224,4.349805688401052,0.05187764735120126,0.05055497314957369,0.016170634380699215
2004-08-20,74.0634994506836,4.304922825931172,0.006994784881321436,4.349805688401052,0.044882862469879825,0.043890528424104125,0.015896173035995793
2004-08-23,73.87578582763672,4.302385112930421,-0.0025377130007511184,4.349805688401052,0.047420575470630943,0.04631378379645468,0.01593046028656665
2004-08-24,73.97635650634766,4.303745535480061,0.0013604225496406386,4.349805688401052,0.046060152920990305,0.04501548464516458,0.014855654716507273
2004-08-25,74.47917175292969,4.3105195125112985,0.006773977031237166,4.349805688401052,0.03928617588975314,0.03852448134022468,0.01532028914088951
2004-08-26,74.47917175292969,4.3105195125112985,0.0,4.349805688401052,0.03928617588975314,0.03852448134022468,0.015091709628773601
2004-08-27,74.71378326416016,4.313664590033118,0.0031450775218191396,4.349805688401052,0.036141098367934,0.035495806085991455,0.015141370877586798
2004-08-30,74.09700012207031,4.305375047299948,-0.008289542733169952,4.349805688401052,0.04443064110110395,0.04345805751124465,0.01595306591297908
2004-08-31,74.48583984375,4.310609038108662,0.0052339908087146725,4.349805688401052,0.03919665029238928,0.038438400816918294,0.015536981972002262
2004-09-01,74.62660217285156,4.312497041135249,0.0018880030265862047,4.349805688401052,0.037308647265803074,0.03662125475855904,0.015581791549499218
2004-09-02,75.47129821777344,4.323752427921367,0.011255386786118038,4.349805688401052,0.026053260479685036,0.025716802563583885,0.013760801077542774
2004-09-03,75.16294860839844,4.319658404861409,-0.004094023059957763,4.349805688401052,0.0301472835396428,0.029697386579553897,0.01135815558699077
2004-09-07,75.65901947021484,4.326236659435667,0.006578254574257869,4.349805688401052,0.02356902896538493,0.023293448700932973,0.011878593513786312
2004-09-08,75.47129821777344,4.323752427921367,-0.002484231514300106,4.349805688401052,0.026053260479685036,0.025716802563583885,0.009887272252105709
2004-09-09,75.40422058105469,4.322863249323376,-0.0008891785979905364,4.349805688401052,0.026942439077675573,0.026582729292315976,0.00984521043133802
2004-09-10,75.79305267333984,4.32800663506188,0.005143385738503703,4.349805688401052,0.02179905333917187,0.02156317108829031,0.008662442098900951
2004-09-13,76.04113006591797,4.331274378976368,0.0032677439144883635,4.349805688401052,0.018531309424683506,0.01836066045232221,0.008748510703935482
2004-09-14,76.19530487060547,4.333299844922945,0.002025465946577043,4.349805688401052,0.016505843478106463,0.016370368444338146,0.0074630752415695625
2004-09-15,75.6187973022461,4.325704893843398,-0.0075949510795467745,4.349805688401052,0.024100794557653238,0.023812689569207235,0.007792394905271958
2004-09-16,75.8467025756836,4.328714231885604,0.0030093380422053784,4.349805688401052,0.02109145651544786,0.020870587289787523,0.006587460484838628
2004-09-17,76.16914367675781,4.33295644205759,0.004242210171986116,4.349805688401052,0.016849246343461743,0.01670809168737919,0.006707267559766493
2004-09-20,75.71141052246094,4.326928882538167,-0.006027559519423242,4.349805688401052,0.022876805862884986,0.022617115802138654,0.006548563733391751
2004-09-21,76.04126739501953,4.331276184959227,0.004347302421060739,4.349805688401052,0.018529503441824247,0.01835888762690019,0.00670554777682309
2004-09-22,75.09210968017578,4.31871548907171,-0.01256069588751707,4.349805688401052,0.031090199329341317,0.030611869026809457,0.00867014395580357
2004-09-23,74.68817138671875,4.313321731363669,-0.005393757708040958,4.349805688401052,0.036483957037382275,0.035826438027341534,0.008458537758959436
2004-09-24,75.031494140625,4.317907947268794,0.0045862159051246465,4.349805688401052,0.03189774113225763,0.03139437447036875,0.008723558300697504
2004-09-27,74.55353546142578,4.31151746411612,-0.006390483152673987,4.349805688401052,0.038288224284931616,0.037564496373784007,0.009113487505757616
2004-09-28,74.91034698486328,4.316292024972335,0.004774560856215082,4.349805688401052,0.033513663428716534,0.03295830196417271,0.008534894405080214
2004-09-29,75.28732299804688,4.3213117673532535,0.005019742380918402,4.349805688401052,0.028493921047798132,0.028091797688314712,0.008507214142772205
2004-09-30,75.23341369628906,4.320595463337651,-0.0007163040156026312,4.349805688401052,0.029210225063400763,0.028787730157060376,0.008468765696553264
2004-10-01,76.50572967529297,4.337365635744044,0.016770172406393336,4.349805688401052,0.012440052657007428,0.012362995066423799,0.010416158077074716
2004-10-04,76.63365173339844,4.339036297943179,0.0016706621991344761,4.349805688401052,0.010769390457872952,0.010711608185095978,0.010240137177913418
2004-10-05,76.67402648925781,4.339563013333574,0.0005267153903956157,4.349805688401052,0.010242675067477336,0.010190397510795424,0.00969838752573348
2004-10-06,77.1991195678711,4.346388052404443,0.0068250390708683994,4.349805688401052,0.0034176359966089365,0.0034118025261580254,0.010207550402221686
2004-10-07,76.37108612060547,4.335604170621941,-0.010783881782502114,4.349805688401052,0.01420151777911105,0.014101151903167297,0.011662868895491877
2004-10-08,75.73833465576172,4.327284434586838,-0.008319736035102387,4.349805688401052,0.022521253814213438,0.02226954352897026,0.012201690140059973
2004-10-11,76.04798126220703,4.3313644734773336,0.004080038890495352,4.349805688401052,0.018441214923718086,0.018272216161785315,0.012276894084981687
2004-10-12,75.7518081665039,4.32746231428946,-0.0039021591878736217,4.349805688401052,0.022343374111591707,0.02209560965693491,0.012417060693718902
2004-10-13,75.08539581298828,4.318626076650457,-0.008836237639003208,4.349805688401052,0.031179611750594916,0.030698540491923776,0.01267404794649298
2004-10-14,74.47949981689453,4.3105239172762095,-0.008102159374247186,4.349805688401052,0.0392817711248421,0.03852024625727002,0.013387067722018286
2004-10-15,74.8968734741211,4.316112146983314,0.005588229707104375,4.349805688401052,0.03369354141773773,0.0331322358362085,0.01355379046988066
2004-10-18,75.1795654296875,4.319879457721447,0.0037673107381328563,4.349805688401052,0.02992623067960487,0.02948287470339661,0.013274841040992672
2004-10-19,74.54680633544922,4.311427201063735,-0.008452256657712098,4.349805688401052,0.03837848733731697,0.03765136481950082,0.013936865254765417
2004-10-20,74.39869689941406,4.3094384268928385,-0.001988774170896157,4.349805688401052,0.040367261508213126,0.0395633570379792,0.011998785437969521
2004-10-21,74.8834228515625,4.315932542283301,0.006494115390462518,4.349805688401052,0.03387314611775061,0.033305874237339994,0.012163604935363568
2004-10-22,74.04190826416016,4.304631260795104,-0.011301281488196757,4.349805688401052,0.045174427605947365,0.04416925597668675,0.013507843330896278
2004-10-25,73.95442199707031,4.303448984489658,-0.001182276305446095,4.349805688401052,0.04635670391139346,0.045298644261305365,0.013010893060352673
2004-10-26,75.08539581298828,4.318626076650457,0.015177092160798544,4.349805688401052,0.031179611750594916,0.030698540491923776,0.01562599401845733
2004-10-27,75.98738861083984,4.330567387185822,0.011941310535365623,4.349805688401052,0.019238301215229292,0.01905442613444075,0.017105197273471026
2004-10-28,76.2162857055664,4.33357516302722,0.003007775841397553,4.349805688401052,0.01623052537383174,0.01609952011585647,0.017212720936744537
2004-10-29,76.20281219482422,4.333398367455499,-0.00017679557172112226,4.349805688401052,0.01640732094555286,0.01627345398789204,0.013669507370833238
2004-11-01,76.4114761352539,4.336132896086326,0.0027345286308273486,4.349805688401052,0.013672792314725513,0.01357974424826458,0.013728557707413129
2004-11-02,76.43840026855469,4.336485191216852,0.0003522951305257038,4.349805688401052,0.013320497184199809,0.013232171975096518,0.013726625910145186
2004-11-03,77.40107727050781,4.349000698722439,0.012515507505587387,4.349805688401052,0.0008049896786124222,0.000804665761343637,0.015113341209669716
2004-11-04,78.45795440673828,4.362562868643651,0.01356216992121162,4.362562868643651,0.0,0.0,0.015965609577747453
2004-11-05,78.9493179321289,4.36880610142594,0.006243232782288999,4.36880610142594,0.0,0.0,0.015584584921036293
2004-11-08,78.83489227294922,4.367355694200901,-0.0014504072250387523,4.36880610142594,0.0014504072250387523,0.0014493558928275752,0.015401342664544472
2004-11-09,78.6800765991211,4.365389967073017,-0.0019657271278843425,4.36880610142594,0.0034161343529230948,0.0034103060046603018,0.015258171848398273
2004-11-10,78.74066162109375,4.366159688084986,0.0007697210119692599,4.36880610142594,0.002646413340953835,0.002642914676153185,0.01428184037117223
2004-11-11,79.33976745605469,4.373739484101988,0.007579796017002316,4.373739484101988,0.0,0.0,0.014178625217456381
2004-11-12,79.96582794189453,4.381599392692705,0.00785990859071628,4.381599392692705,0.0,0.0,0.014563553350074029
2004-11-15,80.16230773925781,4.384053426084552,0.0024540333918476875,4.384053426084552,0.0,0.0,0.01446060693617625
2004-11-16,79.58840942382812,4.37686847199472,-0.0071849540898325515,4.384053426084552,0.0071849540898325515,0.007159204015138476,0.014210911761757304
2004-11-17,80.06105041503906,4.382789473826084,0.0059210018313642365,4.384053426084552,0.001263952258468315,0.0012631538072492843,0.01460281006555816
2004-11-18,80.16902160644531,4.384137175994428,0.0013477021683439006,4.384137175994428,0.0,0.0,0.01409430892257511
2004-11-19,79.27782440185547,4.372958447690799,-0.011178728303629093,4.384137175994428,0.011178728303629093,0.011116478494209714,0.014059595963032445
2004-11-22,79.65592193603516,4.377716383071684,0.004757935380885314,4.384137175994428,0.006420792922743779,0.006400223679029038,0.014327222128043332
2004-11-23,79.77745056152344,4.3792408901070905,0.0015245070354064083,4.384137175994428,0.0048962858873373705,0.004884318619280847,0.011454170068113084
2004-11-24,79.96649932861328,4.3816077885777664,0.002366898470675949,4.384137175994428,0.0025293874166614216,0.0025261912116910645,0.009728062187575607
2004-11-26,79.90573120117188,4.380847579876523,-0.0007602087012434922,4.384137175994428,0.003289596117904914,0.0032841913247485532,0.009621355329718235
2004-11-29,79.5411376953125,4.3762743431134155,-0.004573236763107502,4.384137175994428,0.007862832881012416,0.007832001670360467,0.009884484126215684
2004-11-30,79.59516143798828,4.376953305047875,0.0006789619344598208,4.384137175994428,0.007183870946552595,0.007158128625719851,0.009796074241408633
2004-12-01,80.49988555908203,4.388255762797197,0.011302457749321704,4.388255762797197,0.0,0.0,0.01140410437679288
2004-12-02,80.56741333007812,4.389094266645195,0.0008385038479978846,4.389094266645195,0.0,0.0,0.00943932540010961
2004-12-03,80.5134048461914,4.388423690390095,-0.0006705762551000305,4.389094266645195,0.0006705762551000305,0.0006703514690912238,0.0071274423663399075
2004-12-06,80.48637390136719,4.388087901791024,-0.00033578859907112957,4.389094266645195,0.00100636485417116,0.0010058586388879132,0.006637740826298575
2004-12-07,79.7369384765625,4.378732947393254,-0.009354954397769788,4.389094266645195,0.010361319251940948,0.010307825697633444,0.007713925608689012
2004-12-08,80.20282745361328,4.384558769283609,0.00582582189035552,4.389094266645195,0.004535497361585428,0.004525227525564834,0.00809288468990526
2004-12-09,80.48637390136719,4.388087901791024,0.0035291325074142676,4.389094266645195,0.00100636485417116,0.0010058586388879132,0.008242349743219886
2004-12-10,80.56741333007812,4.389094266645195,0.00100636485417116,4.389094266645195,0.0,0.0,0.007531198971480256
2004-12-13,81.26959991455078,4.397772021836185,0.008677755190990233,4.397772021836185,0.0,0.0,0.007701617399944569
2004-12-14,81.55311584472656,4.401254536120405,0.00348251428421964,4.401254536120405,0.0,0.0,0.007778548285673349
2004-12-15,81.6138687133789,4.4019992072513245,0.0007446711309198051,4.4019992072513245,0.0,0.0,0.007135078505408169
2004-12-16,81.56666564941406,4.401420669309091,-0.0005785379422338366,4.4019992072513245,0.0005785379422338366,0.0005783706214271822,0.006697561693049347
2004-12-17,81.02262878417969,4.39472848336247,-0.00669218594662091,4.4019992072513245,0.0072707238888547465,0.007244356118879525,0.0072389717433302
2004-12-20,81.04295349121094,4.394979304133326,0.0002508207708560306,4.4019992072513245,0.007019903117998716,0.006995321152744038,0.0056652184449466556
2004-12-21,81.66705322265625,4.402650655204063,0.007671351070737131,4.402650655204063,0.0,0.0,0.00612148558978558
2004-12-22,81.86375427246094,4.405056332124288,0.002405676920225197,4.405056332124288,0.0,0.0,0.006165121402553687
2004-12-23,81.92479705810547,4.405801717414956,0.0007453852906680325,4.405801717414956,0.0,0.0,0.006101534127402995
2004-12-27,81.75523376464844,4.403729829313982,-0.0020718881009740286,4.405801717414956,0.0020718881009740286,0.0020697432223943935,0.0061483406456252394
2004-12-28,82.20293426513672,4.409190998081188,0.005461168767205926,4.409190998081188,0.0,0.0,0.00626060500526233
2004-12-29,82.32501983642578,4.410675069215035,0.0014840711338468537,4.410675069215035,0.0,0.0,0.0062825476258179195
2004-12-30,82.16902160644531,4.40877836492862,-0.0018967042864153072,4.410675069215035,0.0018967042864153072,0.0018949066795294067,0.004718282019101708
2004-12-31,81.99263763427734,4.406629458285506,-0.002148906643113513,4.410675069215035,0.00404561092952882,0.004037438470210319,0.004767607378428856
2005-01-03,81.60600280761719,4.401902823083215,-0.00472663520229144,4.410675069215035,0.00877224613182026,0.008733882241840796,0.005043439116981478
2005-01-04,80.60881042480469,4.389607954020075,-0.01229486906313948,4.410675069215035,0.02106711519495974,0.020846753696883935,0.006946682363317101
2005-01-05,80.05255889892578,4.382683405189475,-0.00692454883060023,4.410675069215035,0.02799166402555997,0.02760352736039673,0.006448153342827087
2005-01-06,80.45955657958984,4.387754655439961,0.005071250250486159,4.410675069215035,0.02292041377507381,0.022659736499821004,0.0063445483107289575
2005-01-07,80.34422302246094,4.386320191931815,-0.0014344635081462442,4.410675069215035,0.024354877283220056,0.024060690394008266,0.006213544967925528
2005-01-10,80.72410583496094,4.391037239902421,0.004717047970606458,4.410675069215035,0.019637829312613597,0.019446263173039435,0.006481140886775402
2005-01-11,80.16790008544922,4.384123186440627,-0.0069140534617941896,4.410675069215035,0.026551882774407787,0.026202480792140492,0.006134649708259559
2005-01-12,80.43243408203125,4.387417503817883,0.0032943173772554957,4.410675069215035,0.02325756539715229,0.02298919281349665,0.006118579935912459
2005-01-13,79.78799438476562,4.379373046831387,-0.008044456986495696,4.410675069215035,0.03130202238364799,0.030817186035315247,0.0069269802251533215
2005-01-14,80.20856475830078,4.384630301668072,0.005257254836685377,4.410675069215035,0.02604476754696261,0.025708528006797904,0.0072710109057206405
2005-01-18,81.04295349121094,4.394979304133326,0.010349002465253498,4.410675069215035,0.015695765081709112,0.015573228500426972,0.008056198796669715
2005-01-19,80.19500732421875,4.384461260119454,-0.010518044013871908,4.410675069215035,0.02621380909558102,0.02587320982660235,0.009449334665784754
2005-01-20,79.70661926269531,4.378352634577076,-0.006108625542378121,4.410675069215035,0.03232243463795914,0.03180564765041116,0.009178002218242587
2005-01-21,79.21820068359375,4.372206079029918,-0.006146555547157817,4.410675069215035,0.03846899018511696,0.037738456170493984,0.009581112300229972
2005-01-24,79.06217193603516,4.370234529487588,-0.001971549542330031,4.410675069215035,0.04044053972744699,0.03963373354629829,0.00962308804564557
2005-01-25,79.28599548339844,4.373061511322289,0.0028269818347013143,4.410675069215035,0.037613557892745675,0.036914954397407884,0.009669696781129316
2005-01-26,79.52339935302734,4.376051309837893,0.0029897985156033258,4.410675069215035,0.03462375937714235,0.034031215406508,0.009406539869965294
2005-01-27,79.65911102294922,4.377756418049617,0.0017051082117243155,4.410675069215035,0.032918651165418034,0.03238272907523798,0.009415421948695784
2005-01-28,79.65911102294922,4.377756418049617,0.0,4.410675069215035,0.032918651165418034,0.03238272907523798,0.009370093610604447
2005-01-31,80.1543197631836,4.383953773588049,0.006197355538431815,4.410675069215035,0.02672129562698622,0.026367440634150086,0.009795840251056766
2005-02-01,80.66312408447266,4.390281520216037,0.0063277466279885175,4.410675069215035,0.0203935489989977,0.020187007002915647,0.010018851393918005
2005-02-02,80.90727996826172,4.3933038072625825,0.00302228704654528,4.410675069215035,0.01737126195245242,0.01722125146135367,0.008229278606688841
2005-02-03,80.69701385498047,4.3907015715550965,-0.002602235707485967,4.410675069215035,0.01997349765993839,0.01977534879044074,0.0077104390092301855
2005-02-04,81.55847930908203,4.401320300474587,0.010618728919490117,4.410675069215035,0.009354768740448272,0.009311149014804787,0.00880714080123844
2005-02-07,81.44996643066406,4.399988922901426,-0.001331377573160708,4.410675069215035,0.01068614631360898,0.010629252291713742,0.008803548297883452
2005-02-08,81.54495239257812,4.4011544312909185,0.0011655083894925866,4.410675069215035,0.009520637924116393,0.009475460138334113,0.008540307437820537
2005-02-09,80.93440246582031,4.393638980468948,-0.007515450821970582,4.410675069215035,0.017036088746086975,0.016891795147677913,0.008649648546710405
2005-02-10,81.22612762451172,4.397236964185937,0.0035979837169888285,4.410675069215035,0.013438105029098146,0.01334821678874154,0.008676019840765332
2005-02-11,81.92479705810547,4.405801717414956,0.008564753229019395,4.410675069215035,0.004873351800078751,0.004861496287707934,0.008784905382562208
2005-02-14,81.86375427246094,4.405056332124288,-0.0007453852906680325,4.410675069215035,0.005618737090746784,0.005602981510132721,0.008443657954814734
2005-02-15,82.16902160644531,4.40877836492862,0.0037220328043314765,4.410675069215035,0.0018967042864153072,0.0018949066795294067,0.0072687290745655124
2005-02-16,82.2232894897461,4.409438589058449,0.0006602241298292455,4.410675069215035,0.0012364801565860617,0.0012357160299721892,0.0058802928144661756
2005-02-17,81.55847930908203,4.401320300474587,-0.00811828858386221,4.410675069215035,0.009354768740448272,0.009311149014804787,0.006240543238740976
2005-02-18,81.66705322265625,4.402650655204063,0.0013303547294762907,4.410675069215035,0.00802441401097198,0.007992304345347812,0.0057868134412514625
2005-02-22,80.45276641845703,4.387670259652115,-0.014980395551948078,4.410675069215035,0.02300480956292006,0.02274221642082508,0.00856543150676801
2005-02-23,81.02938079833984,4.394811814808731,0.007141555156616519,4.410675069215035,0.01586325440630354,0.01573809566836737,0.009107357302159945
2005-02-24,81.56526184082031,4.401403458593624,0.006591643784892298,4.410675069215035,0.009271610621411241,0.009228761767869131,0.009542194297209813
2005-02-25,82.37252807617188,4.411251984192409,0.009848525598785685,4.411251984192409,0.0,0.0,0.01072767868415853
2005-02-28,81.82982635498047,4.4046418025155365,-0.006610181676872884,4.411251984192409,0.006610181676872884,0.006588382484626121,0.01127822940685448
2005-03-01,82.23684692382812,4.4096034610378645,0.004961658522327994,4.411251984192409,0.0016485231545448897,0.001647165086620661,0.011104485986097458
2005-03-02,82.19615936279297,4.4091085778901995,-0.0004948831476649929,4.411251984192409,0.0021434063022098826,0.002141110847245442,0.010603063088564424
2005-03-03,82.23007202148438,4.409521074836541,0.00041249694634171163,4.411251984192409,0.001730909355868171,0.0017294121962094788,0.01049011586627615
2005-03-04,83.25439453125,4.421900914629522,0.012379839792981073,4.421900914629522,0.0,0.0,0.012335874779320438
2005-03-07,83.29511260986328,4.422389875301018,0.0004889606714959527,4.422389875301018,0.0,0.0,0.01091814393059588
2005-03-08,82.9830551147461,4.418636431710056,-0.003753443590961858,4.422389875301018,0.003753443590961858,0.0037464082266002174,0.01107332266470342
2005-03-09,82.06049346923828,4.4074567005133645,-0.011179731196691911,4.422389875301018,0.014933174787653769,0.014822227882777206,0.012631035210489711
2005-03-10,82.24364471435547,4.40968611874959,0.0022294182362259107,4.422389875301018,0.012703756551427858,0.01262340445390464,0.011981987848633146
2005-03-11,81.66705322265625,4.402650655204063,-0.007035463545527421,4.422389875301018,0.01973922009695528,0.01954567724558487,0.012442546330589523
2005-03-14,82.17579650878906,4.408860812339196,0.006210157135132732,4.422389875301018,0.013529062961822547,0.013437956513929428,0.012004205608079452
2005-03-15,81.49744415283203,4.400571659667128,-0.008289152672067424,4.422389875301018,0.02181821563388997,0.021581920003532318,0.012862951713224609
2005-03-16,80.8055419921875,4.392045552187152,-0.008526107479975842,4.422389875301018,0.030344323113865812,0.029888555758804336,0.013604348068325724
2005-03-17,80.96833801269531,4.394058189523367,0.0020126373362145955,4.422389875301018,0.028331685777651217,0.02793410710741362,0.013649894713959226
2005-03-18,80.72795104980469,4.391084872802474,-0.00297331672089296,4.422389875301018,0.03130500249854418,0.030820074307152612,0.01293086314913684
2005-03-21,80.42827606201172,4.387365806669254,-0.003719066133220039,4.422389875301018,0.035024068631764216,0.03441782426394202,0.013082839425019345
2005-03-22,79.61106872558594,4.377153137524711,-0.01021266914454344,4.422389875301018,0.045236737776307656,0.04422881209768714,0.011569407563074204
2005-03-23,79.67916107177734,4.378008084503262,0.0008549469785510411,4.422389875301018,0.044381790797756615,0.0434113290058481,0.010935994529016536
2005-03-24,79.77449035644531,4.379203783631777,0.0011956991285151375,4.422389875301018,0.04318609166924148,0.04226685267727304,0.010406541629616222
2005-03-28,79.89030456542969,4.3806545007964806,0.0014507171647037964,4.422389875301018,0.04173537450453768,0.040876444460565375,0.009210941789773792
2005-03-29,79.35909271240234,4.373983030355851,-0.0066714704406294345,4.422389875301018,0.048406844945167116,0.04725391171384119,0.009221198391864263
2005-03-30,80.4827651977539,4.388043064580188,0.014060034224336881,4.422389875301018,0.034346810720830234,0.03376365460098274,0.011401836381290675
2005-03-31,80.33294677734375,4.386179832910683,-0.0018632316695050832,4.422389875301018,0.03621004239033532,0.03556230059251708,0.011442493090138166
2005-04-01,79.9720230102539,4.381676861138423,-0.004502971772259556,4.422389875301018,0.040713014162594874,0.0398953731556142,0.011695836263381082
2005-04-04,80.10820007324219,4.383378221783901,0.0017013606454776564,4.422389875301018,0.03901165351711722,0.03826049856668001,0.009801227117181972
2005-04-05,80.48956298828125,4.388127523699442,0.004749301915540904,4.422389875301018,0.03426235160157631,0.0336820436839147,0.010082418622630276
2005-04-06,80.76878356933594,4.391590548914102,0.0034630252146596874,4.422389875301018,0.030799326386916626,0.030329859236281287,0.010056011603700411
2005-04-07,81.20462036132812,4.39697214655041,0.0053815976363083,4.422389875301018,0.025417728750608326,0.025097417880044826,0.008846099167659703
2005-04-08,80.36018371582031,4.3865188261041546,-0.010453320446255354,4.422389875301018,0.03587104919686368,0.035235307355781176,0.010160299361428756
2005-04-11,80.42147064208984,4.387281188321194,0.0007623622170394029,4.422389875301018,0.03510868697982428,0.03449952677575452,0.009543950816932758
2005-04-12,80.83686828613281,4.392433152128079,0.005151963806884652,4.422389875301018,0.029956723172939625,0.029512467739186032,0.009392456977680317
2005-04-13,79.88348388671875,4.380569121601543,-0.011864030526535174,4.422389875301018,0.0418207536994748,0.04095833016186512,0.01030022609843314
2005-04-14,78.8415298461914,4.367439886538055,-0.013129235063488842,4.422389875301018,0.05494998876296364,0.053467515969772395,0.011556223136295424
2005-04-15,77.73822784423828,4.353347129232143,-0.014092757305911974,4.422389875301018,0.06904274606887562,0.06671321511566064,0.014007617389191674
2005-04-18,77.97660064697266,4.3564087899776,0.0030616607454572176,4.422389875301018,0.0659810853234184,0.06385142892838658,0.014014335132080577
2005-04-19,78.59634399414062,4.36432518428389,0.007916394306290542,4.422389875301018,0.058064691017127856,0.05641109626360297,0.014629691990539082
2005-04-20,77.49991607666016,4.3502768534769105,-0.01404833080697987,4.422389875301018,0.07211302182410773,0.06957426854498183,0.0158022100318601
2005-04-21,79.00496673583984,4.369510720564703,0.01923386708779251,4.422389875301018,0.052879154736315215,0.05150537335987038,0.020454264962925753
2005-04-22,78.70531463623047,4.365710683463878,-0.0038000371008246603,4.422389875301018,0.056679191837139875,0.05510284853242797,0.020618198341003324
2005-04-25,79.22288513183594,4.372265210766102,0.006554527302223612,4.422389875301018,0.05012466453491626,0.04888915268175187,0.02113299966408504
2005-04-26,78.45333099365234,4.362503938362435,-0.009761272403666865,4.422389875301018,0.05988593693858313,0.0581280397433257,0.021772751069924833
2005-04-27,78.75980377197266,4.366402762299724,0.003898823937288576,4.422389875301018,0.05598711300129455,0.05444867886946814,0.019473456017800903
2005-04-28,77.7723388671875,4.3537858264116025,-0.012616935888121183,4.422389875301018,0.06860404888941574,0.06630369501441591,0.021435470548579895
2005-04-29,78.827880859375,4.3672667522973745,0.013480925885771988,4.422389875301018,0.05512312300364375,0.053631378967116894,0.02346984900882437
2005-05-02,79.27058410644531,4.372867115390673,0.00560036309329881,4.422389875301018,0.04952275991034494,0.04831650234111562,0.023828563936832494
2005-05-03,79.40673065185547,4.374583133575465,0.0017160181847915013,4.422389875301018,0.04780674172555344,0.04668199413115848,0.023581463443374733
2005-05-04,80.01968383789062,4.382272652382676,0.007689518807211471,4.422389875301018,0.040117222918341966,0.03932318078869834,0.024175379007073266
2005-05-05,79.99243927001953,4.3819321210828575,-0.0003405312998188137,4.422389875301018,0.04045775421816078,0.03965026562017793,0.023811924049505936
2005-05-06,79.7405014038086,4.378777629916994,-0.0031544911658638597,4.422389875301018,0.04361224538402464,0.04267490726261147,0.02256047826716494
2005-05-09,80.23757934570312,4.384991975522943,0.006214345605949134,4.422389875301018,0.037397899778075505,0.03670723489481309,0.023039743146183587
2005-05-10,79.40673065185547,4.374583133575465,-0.010408841947477931,4.422389875301018,0.04780674172555344,0.04668199413115848,0.024070439017397183
2005-05-11,79.84260559082031,4.380057266626259,0.005474133050793917,4.422389875301018,0.04233260867475952,0.04144909480120118,0.022674496512669954
2005-05-12,78.96409606933594,4.368993269024635,-0.011063997601623576,4.422389875301018,0.053396606276383096,0.05199604640446176,0.022044940405332437
2005-05-13,78.80747985839844,4.367007914419913,-0.001985354604721934,4.422389875301018,0.05538196088110503,0.0538763033130647,0.019592171793064196
2005-05-16,79.5429916381836,4.376297650817068,0.009289736397154691,4.422389875301018,0.04609222448395034,0.045046112000038496,0.020561432284249365
2005-05-17,80.07417297363281,4.382953367294934,0.006655716477865781,4.422389875301018,0.03943650800608456,0.03866901112573917,0.02032996099831478
2005-05-18,80.89816284179688,4.393191114805318,0.01023774751038431,4.422389875301018,0.02919876049570025,0.028776595564414587,0.01916390503117769
2005-05-19,81.23868560791016,4.3973915574566105,0.004200442651292491,4.422389875301018,0.024998317844407758,0.02468844734726472,0.0147249511801584
2005-05-20,81.12290954589844,4.395965406382827,-0.0014261510737831884,4.422389875301018,0.026424468918190946,0.0260783975902521,0.014568630854120274
2005-05-23,81.57239532470703,4.401490912146841,0.005525505764013339,4.422389875301018,0.020898963154177608,0.020682093236671473,0.014412005115106404
2005-05-24,81.3816909790039,4.399150321160861,-0.002340590985979496,4.422389875301018,0.023239554140157104,0.022971595462286665,0.01328047379814216
2005-05-25,81.32042694091797,4.398397238880623,-0.000753082280238182,4.422389875301018,0.023992636420395286,0.02370710125808162,0.013096089238960272
2005-05-26,81.75630187988281,4.403742894021988,0.005345655141365313,4.422389875301018,0.018646981279029973,0.01847420192812399,0.01145039010579688
2005-05-27,81.89247131347656,4.405407061279253,0.0016641672572648147,4.422389875301018,0.016982814021765158,0.016839418933934036,0.009195419638820066
2005-05-31,81.36811828613281,4.398983529040319,-0.00642353223893366,4.422389875301018,0.023406346260698818,0.02313454251218916,0.009320130654382808
2005-06-01,82.06272888183594,4.407483941175176,0.008500412134856639,4.422389875301018,0.01490593412584218,0.014795390622731941,0.010193465483836532
2005-06-02,82.23979187011719,4.409639270941459,0.002155329766282854,4.422389875301018,0.012750604359559325,0.012669659799717015,0.009506976494965102
2005-06-03,81.82438659667969,4.404575323832163,-0.005063947109295697,4.422389875301018,0.017814551468855022,0.01765681043102907,0.00982862423933591
2005-06-06,81.74943542480469,4.403658903634918,-0.000916420197245138,4.422389875301018,0.01873097166610016,0.018556637197889914,0.009713825783762222
2005-06-07,81.81073760986328,4.404408501618238,0.0007495979833196387,4.422389875301018,0.01798137368278052,0.017820673428373568,0.009234317737175084
2005-06-08,81.66093444824219,4.402575728983466,-0.0018327726347715512,4.422389875301018,0.019814146317552073,0.01961913623042033,0.007911507554199294
2005-06-09,82.04911041259766,4.407317975461452,0.004742246477985823,4.422389875301018,0.01507189983956625,0.014958887241099728,0.007817294443601493
2005-06-10,81.85842895507812,4.404991279029103,-0.0023266964323491734,4.422389875301018,0.017398596271915423,0.017248114682481996,0.006343113007932129
2005-06-13,82.11721801757812,4.4081477145381465,0.0031564355090436536,4.422389875301018,0.01424216076287177,0.014141220959771772,0.006418983305857017
2005-06-14,82.30789947509766,4.410467086978415,0.0023193724402688076,4.422389875301018,0.011922788322602962,0.011851993518389503,0.005399394911826547
2005-06-15,82.46451568603516,4.412368087919008,0.0019010009405926453,4.422389875301018,0.010021787382010316,0.009971736609787452,0.004886766970380788
2005-06-16,82.6756591796875,4.41492523198016,0.002557144061151817,4.422389875301018,0.0074646433208584995,0.0074368520645040626,0.0036485336173358966
2005-06-17,82.98197937011719,4.418623468200818,0.0036982362206581243,4.422389875301018,0.003766407100200375,0.003759323085529953,0.0035985523490659776
2005-06-20,83.00933074951172,4.418953020146909,0.0003295519460912999,4.422389875301018,0.0034368551541090753,0.0034309559276314294,0.0035742935388249656
2005-06-21,83.05718231201172,4.41952931410217,0.0005762939552607094,4.422389875301018,0.002860561198848366,0.0028564736921121714,0.0031937848885865055
2005-06-22,83.12557983398438,4.420352474398118,0.0008231602959485329,4.422389875301018,0.002037400902899833,0.0020353268105053335,0.003133295145122143
2005-06-23,81.95631408691406,4.406186350262231,-0.014166124135887692,4.422389875301018,0.016203525038787525,0.01607295411460563,0.005654705590540539
2005-06-24,81.35460662841797,4.398817459331826,-0.0073688909304046035,4.422389875301018,0.02357241596919213,0.023296756804138452,0.005978834601178341
2005-06-27,81.47086334228516,4.400245451324032,0.0014279919922062234,4.422389875301018,0.022144423976985905,0.0219010360922679,0.005969632927895966
2005-06-28,82.1546401977539,4.4086033273403595,0.008357876016327204,4.422389875301018,0.013786547960658702,0.01369194873955104,0.006329896223899901
2005-06-29,81.93580627441406,4.405936090364905,-0.0026672369754541236,4.422389875301018,0.016453784936112825,0.016319160786971154,0.005509096271322129
2005-06-30,81.49137115478516,4.400497139240212,-0.005438951124693503,4.422389875301018,0.021892736060806328,0.021654829419902155,0.005823299232307914
2005-07-01,81.73066711425781,4.403429293910703,0.002932154670491016,4.422389875301018,0.018960581390315312,0.0187819602685817,0.005608519262950733
2005-07-05,82.38712310791016,4.411429151741279,0.007999857830576218,4.422389875301018,0.010960723559739094,0.010900873694786206,0.006404308794527794
2005-07-06,81.69654846191406,4.403011754485349,-0.008417397255930048,4.422389875301018,0.019378120815669142,0.019191571964570886,0.007289971355314823
2005-07-07,82.01786804199219,4.4069371264779775,0.003925371992628435,4.422389875301018,0.015452748823040707,0.015333967718531571,0.007441794926161601
2005-07-08,82.95463562011719,4.418293899585126,0.011356773107148221,4.422389875301018,0.004095975715892486,0.004087598648684021,0.008783536087402479
2005-07-11,83.37853240966797,4.42339087107045,0.005096971485324175,4.42339087107045,0.0,0.0,0.009042662673029635
2005-07-12,83.59737396240234,4.426012107664304,0.0026212365938542703,4.426012107664304,0.0,0.0,0.009003700904623073
2005-07-13,83.7136001586914,4.427401451257519,0.0013893435932148535,4.427401451257519,0.0,0.0,0.008960240822125012
2005-07-14,84.04180908203125,4.431314402185271,0.0039129509277522345,4.431314402185271,0.0,0.0,0.009107627814999486
2005-07-15,83.99396514892578,4.430744952797279,-0.0005694493879921936,4.431314402185271,0.0005694493879921936,0.000569287282461195,0.009029322429385095
2005-07-18,83.6589126586914,4.426747968782702,-0.003996984014577265,4.431314402185271,0.004566433402569459,0.004556023097575745,0.009058288948254476
2005-07-19,84.11705780029297,4.432209374001858,0.00546140521915639,4.432209374001858,0.0,0.0,0.009432740063535942
2005-07-20,84.40420532226562,4.435617226453828,0.0034078524519696174,4.435617226453828,0.0,0.0,0.00957488499304116
2005-07-21,83.91189575195312,4.429767388308845,-0.005849838144983188,4.435617226453828,0.005849838144983188,0.005832761157253286,0.009997526962507056
2005-07-22,84.47260284423828,4.436427255094884,0.006659866786039359,4.436427255094884,0.0,0.0,0.008027828844944627
2005-07-25,84.23330688476562,4.433590411734287,-0.0028368433605967525,4.436427255094884,0.0028368433605967525,0.002832823322774791,0.007445042641469997
2005-07-26,84.33582305908203,4.43480672206334,0.0012163103290525612,4.436427255094884,0.0016205330315441913,0.001619220676891464,0.007437989787523107
2005-07-27,84.64352416992188,4.438448604411451,0.003641882348111025,4.438448604411451,0.0,0.0,0.006724945903241242
2005-07-28,85.17684173583984,4.444729586275862,0.006280981864411395,4.444729586275862,0.0,0.0,0.007132386812473964
2005-07-29,84.60935974121094,4.4380448957314504,-0.0066846905444117866,4.444729586275862,0.0066846905444117866,0.006662397701817868,0.007322683331529535
2005-08-01,84.54779052734375,4.437316942860546,-0.0007279528709043248,4.444729586275862,0.007412643415316111,0.007385237532602784,0.007221031374598787
2005-08-02,85.0538101196289,4.443284116423146,0.005967173562599903,4.444729586275862,0.001445469852716208,0.0014444256643435516,0.006863310255809958
2005-08-03,85.27944946289062,4.44593350475517,0.002649388332024216,4.44593350475517,0.0,0.0,0.0060590104486285224
2005-08-04,84.59569549560547,4.43788338465111,-0.008050120104059921,4.44593350475517,0.008050120104059921,0.00801780465975821,0.006681398642585424
2005-08-05,84.02129364013672,4.431070262434617,-0.006813122216493106,4.44593350475517,0.014863242320553027,0.014753329561553508,0.005641172113098723
2005-08-08,83.86404418945312,4.429196966068156,-0.0018732963664609414,4.44593350475517,0.01673653868701397,0.01659726091516822,0.005358051637124012
2005-08-09,84.37004089355469,4.435212372870493,0.006015406802336365,4.44593350475517,0.010721131884677604,0.010663865386837945,0.005727411032353599
2005-08-10,84.3289794921875,4.434725572151861,-0.0004868007186313861,4.44593350475517,0.01120793260330899,0.011145357723219451,0.005706075443781225
2005-08-11,84.6640396118164,4.438690949662149,0.003965377510287915,4.44593350475517,0.007242555093021075,0.007216390993964206,0.005711279670116086
2005-08-12,84.14439392089844,4.432534298345091,-0.006156651317057893,4.44593350475517,0.013399206410078968,0.013309836650459483,0.006184788713828847
2005-08-15,84.6640396118164,4.438690949662149,0.006156651317057893,4.44593350475517,0.007242555093021075,0.007216390993964206,0.006461087489089606
2005-08-16,83.56317138671875,4.42560288937551,-0.013088060286639447,4.44593350475517,0.02033061537966052,0.020125341884608572,0.008243614215335496
2005-08-17,83.55632781982422,4.425520989095401,-8.190028010890416e-05,4.44593350475517,0.020412515659769426,0.02020559060733851,0.008097369156786225
2005-08-18,83.54949951171875,4.425439264738826,-8.172435657449739e-05,4.44593350475517,0.020494240016343923,0.020285660403150607,0.007666273670890486
2005-08-19,83.74098205566406,4.4277284879603025,0.0022892232214761776,4.44593350475517,0.018205016794867745,0.018040306508967485,0.007173446309499925
2005-08-22,83.74098205566406,4.4277284879603025,0.0,4.44593350475517,0.018205016794867745,0.018040306508967485,0.0070720455383176456
2005-08-23,83.58367919921875,4.4258482761420685,-0.0018802118182339456,4.44593350475517,0.02008522861310169,0.01988486410679524,0.007097948437694966
2005-08-24,82.83840942382812,4.416891835761545,-0.008956440380523567,4.44593350475517,0.029041668993625258,0.02862401263653458,0.007941575355075085
2005-08-25,83.13925170898438,4.420516933410934,0.0036250976493894527,4.44593350475517,0.025416571344235805,0.02509628952093068,0.007610076912385542
2005-08-26,82.57171630859375,4.413667204317146,-0.006849729093788781,4.44593350475517,0.03226630043802459,0.031751297309618676,0.007638221544780766
2005-08-29,83.20763397216797,4.421339098091152,0.007671893774006122,4.44593350475517,0.024594406664018464,0.02429442853784114,0.008373154832367707
2005-08-30,82.77000427246094,4.416065728515775,-0.005273369575376385,4.44593350475517,0.02986777623939485,0.029426142010000378,0.008274890788406862
2005-08-31,83.81619262695312,4.428626218260216,0.01256048974444024,4.44593350475517,0.01730728649495461,0.01715837573006629,0.010174298503894525
2005-09-01,83.75467681884766,4.427892011759141,-0.0007342065010744747,4.44593350475517,0.018041492996029085,0.017879719600048527,0.009364554785149548
2005-09-02,83.60420227050781,4.426093785220977,-0.0017982265381641938,4.44593350475517,0.01983971953419328,0.01964420740206374,0.00882042358790519
2005-09-06,84.58197784423828,4.43772121607264,0.011627430851662623,4.44593350475517,0.008212288682530655,0.008178659959054646,0.010479691240468552
2005-09-07,84.7255859375,4.4394176332260615,0.0016964171534219474,4.44593350475517,0.006515871529108708,0.006494689270146625,0.010060019413695005
2005-09-08,84.44522094726562,4.436103051330026,-0.0033145818960358397,4.44593350475517,0.009830453425144547,0.009782292461772757,0.010195462839088948
2005-09-09,85.1973876953125,4.444970772512077,0.008867721182051369,4.44593350475517,0.0009627322430931784,0.0009622689650899963,0.010988157317149116
2005-09-12,85.02641296386719,4.442961948971787,-0.0020088235402901944,4.44593350475517,0.002971555783383373,0.002967145081460454,0.010561408126009152
2005-09-13,84.55465698242188,4.437398153454278,-0.005563795517509185,4.44593350475517,0.008535351300892557,0.008499028605762127,0.010473856586531542
2005-09-14,84.24693298339844,4.433752164811956,-0.0036459886423214627,4.44593350475517,0.01218133994321402,0.01210744776139161,0.00848300506655822
2005-09-15,84.20591735839844,4.433265196194598,-0.00048696861735830765,4.44593350475517,0.012668308560572328,0.012588403317018493,0.008485908494366187
2005-09-16,84.80470275878906,4.440350998321363,0.007085802126765017,4.44593350475517,0.0055825064338073105,0.005566953200233482,0.009118452597022233
2005-09-19,84.52316284179688,4.437025613271041,-0.0033253850503216498,4.44593350475517,0.00890789148412896,0.008868333764547431,0.009191754895989213
2005-09-20,83.80899810791016,4.42854037771303,-0.008485235558011617,4.44593350475517,0.017393127042140577,0.017242739771911264,0.010098945099173515
2005-09-21,83.02619934082031,4.4191562126968105,-0.009384165016219193,4.44593350475517,0.02677729205835977,0.02642195905651079,0.011163989791958104
2005-09-22,83.32142639160156,4.4227057356845645,0.003549522987754017,4.44593350475517,0.023227769070605753,0.022960081046736525,0.010311994035257191
2005-09-23,83.39015197753906,4.423530220588408,0.0008244849038439028,4.44593350475517,0.02240328416676185,0.02215419420799214,0.010154978409359314
2005-09-26,83.48628997802734,4.424682426495935,0.0011522059075268487,4.44593350475517,0.021251078259235,0.021026865161032582,0.009580529160776861
2005-09-27,83.46570587158203,4.424435839368361,-0.0002465871275738607,4.44593350475517,0.021497665386808862,0.021268237573436544,0.008839685085038186
2005-09-28,83.5480728149414,4.425422188526915,0.0009863491585537787,4.44593350475517,0.020511316228255083,0.02030239006998591,0.008501557255637525
2005-09-29,84.22784423828125,4.433525558247892,0.008103369720976694,4.44593350475517,0.012407946507278389,0.0123312853358295,0.007341080853142159
2005-09-30,84.48881530761719,4.436619162378879,0.0030936041309868045,4.44593350475517,0.009314342376291584,0.00927109825700112,0.007454875577538445
2005-10-03,84.18669891357422,4.4330369386221085,-0.0035822237567701976,4.44593350475517,0.012896566133061782,0.012813761770260057,0.00757581930288718
2005-10-04,83.23907470703125,4.421716885498144,-0.011320053123964335,4.44593350475517,0.024216619257026117,0.023925749623269765,0.007486944629828834
2005-10-05,82.14725494384766,4.408513428755747,-0.013203456742397535,4.44593350475517,0.03742007599942365,0.036728596851530515,0.009647257958582062
2005-10-06,81.85196685791016,4.404912333557873,-0.0036010951978733274,4.44593350475517,0.04102117119729698,0.04019119056897702,0.009672224020412646
2005-10-07,82.13351440429688,4.408346147586595,0.0034338140287220043,4.44593350475517,0.037587357168574975,0.036889720541203874,0.00882997197816034
2005-10-10,81.43997192382812,4.399866208055445,-0.008479939531150116,4.44593350475517,0.04606729669972509,0.04502230681886943,0.009685184408853163
2005-10-11,81.3232192993164,4.3984315760153745,-0.0014346320400706603,4.44593350475517,0.04750192873979575,0.04639136613206918,0.009321074000327913
2005-10-12,80.68464660644531,4.390548304467324,-0.007883271548050352,4.44593350475517,0.055385200287846104,0.05387936818758143,0.009936618488044486
2005-10-13,80.6365966796875,4.389952599559527,-0.0005957049077967014,4.44593350475517,0.055980905195642805,0.0544428090524135,0.00993810183442079
2005-10-14,81.48805236816406,4.400456412790826,0.010503813231298231,4.44593350475517,0.045477091964344574,0.04445850810020058,0.010695632742211726
2005-10-17,81.79017639160156,4.404157143384753,0.0037007305939269486,4.44593350475517,0.041776361370417625,0.040915755123482556,0.01072886172928037
2005-10-18,80.90436553955078,4.393267784778513,-0.010889358606239519,4.44593350475517,0.052665719976657144,0.05130291003160925,0.011315755974872627
2005-10-19,82.25025177001953,4.409766450674469,0.01649866589595561,4.44593350475517,0.03616705408070153,0.03552084015492185,0.01363596310838631
2005-10-20,80.80135345458984,4.391993716062376,-0.017772734612092833,4.44593350475517,0.053939788692794366,0.05251084565513531,0.017457177483492542
2005-10-21,81.11724090576172,4.395895526761497,0.0039018106991211,4.44593350475517,0.050037977993673266,0.04880670059836778,0.01764043631081892
2005-10-24,82.37385559082031,4.411268100050238,0.015372573288741087,4.44593350475517,0.03466540470493218,0.03407144265553286,0.02060129054223006
2005-10-25,82.20906829833984,4.40926561590848,-0.0020024841417578543,4.44593350475517,0.03666788884669003,0.036003763906646946,0.020651049675064044
2005-10-26,81.96871185302734,4.406337611682698,-0.0029280042257822103,4.44593350475517,0.039595893072472244,0.03882222071923647,0.02074681375851764
2005-10-27,81.0966567993164,4.395641737081982,-0.010695874600716415,4.44593350475517,0.05029176767318866,0.049048073010770965,0.02136090162977419
2005-10-28,82.26399993896484,4.409933587184947,0.014291850102965853,4.44593350475517,0.035999917570222806,0.035359627001789184,0.02381395269963866
2005-10-31,82.49061584472656,4.412684539534268,0.0027509523493209898,4.44593350475517,0.033248965220901816,0.03270229387887458,0.023747618888125446
2005-11-01,82.73782348632812,4.415676855228341,0.002992315694072545,4.44593350475517,0.03025664952682927,0.029803498880096146,0.02224582930421904
2005-11-02,83.60302734375,4.426079731680821,0.010402876452480392,4.44593350475517,0.01985377307434888,0.019657984774751114,0.02141282526778786
2005-11-03,83.96009826660156,4.430341665349575,0.0042619336687534926,4.44593350475517,0.015591839405595387,0.015470915966256826,0.021478297286643987
2005-11-04,83.85023498535156,4.429032290714326,-0.0013093746352490498,4.44593350475517,0.016901214040844437,0.016759189775972683,0.021351331914353962
2005-11-07,83.93264770507812,4.430014664184525,0.0009823734701992493,4.44593350475517,0.015918840570645187,0.01579280549176809,0.02045743352245962
2005-11-08,83.93264770507812,4.430014664184525,0.0,4.44593350475517,0.015918840570645187,0.01579280549176809,0.020431500591920615
2005-11-09,84.04248809814453,4.4313224816564025,0.0013078174718774704,4.44593350475517,0.014611023098767717,0.01450480007242927,0.019670012236537658
2005-11-10,84.69483947753906,4.4390546727362254,0.007732191079822925,4.44593350475517,0.006878832018944792,0.00685522700994845,0.020418854359964933
2005-11-11,84.98326873779297,4.442454398736194,0.003399725999968517,4.44593350475517,0.0034791060189762746,0.0034730609421503855,0.019174327720373446
2005-11-14,84.9351577758789,4.441888115676883,-0.0005662830593111678,4.44593350475517,0.004045389078287442,0.004037217514655245,0.019005806117011338
2005-11-15,84.62615203857422,4.438243344594125,-0.0036447710827580693,4.44593350475517,0.007690160161045512,0.007660666531398297,0.01767910455693071
2005-11-16,84.79783630371094,4.4402700271859095,0.002026682591784734,4.44593350475517,0.0056634775692607775,0.00564747031334023,0.014301063028297294
2005-11-17,85.5875244140625,4.449539529699806,0.00926950251389691,4.449539529699806,0.0,0.0,0.01140373815221435
2005-11-18,85.92399597167969,4.453463137729364,0.0039236080295577125,4.453463137729364,0.0,0.0,0.011405887375011057
2005-11-21,86.35658264160156,4.4584850337844655,0.005021896055101394,4.4584850337844655,0.0,0.0,0.008746070598939696
2005-11-22,86.7273941040039,4.462769798170994,0.004284764386528472,4.462769798170994,0.0,0.0,0.008926871314126594
2005-11-23,87.2286605834961,4.468532953328912,0.005763155157918476,4.468532953328912,0.0,0.0,0.009237344746839944
2005-11-25,87.29734802246094,4.469320084634555,0.0007871313056426743,4.469320084634555,0.0,0.0,0.007803689558787654
2005-11-28,86.67933654785156,4.462215522599313,-0.0071045620352423455,4.469320084634555,0.0071045620352423455,0.007079384295275659,0.005866034120359373
2005-11-29,86.5832290649414,4.461106137055735,-0.0011093855435779787,4.469320084634555,0.008213947578820324,0.008180305286430989,0.005786187888305793
2005-11-30,86.11624908447266,4.45569811702456,-0.00540802003117502,4.469320084634555,0.013621967609995345,0.013529608455968511,0.006041876254107722
2005-12-01,86.99523162841797,4.465853308283764,0.010155191259204166,4.469320084634555,0.0034667763507911786,0.003460774019907631,0.005977717949028337
2005-12-02,87.10505676269531,4.4671149391502,0.0012616308664359366,4.469320084634555,0.002205145484355242,0.002202715937214772,0.005768906135491581
2005-12-05,86.91966247558594,4.464984272219,-0.0021306669312002313,4.469320084634555,0.004335812415555473,0.004326426351208834,0.0058045046589086675
2005-12-06,87.08447265625,4.466878597659299,0.00189432544029966,4.469320084634555,0.0024414869752558133,0.0024385089700106333,0.005837559640517739
2005-12-07,86.5763168334961,4.461026300493296,-0.005852297166002884,4.469320084634555,0.008293784141258698,0.0082594856006315,0.006269101855219726
2005-12-08,86.52139282226562,4.460391699224649,-0.000634601268647117,4.469320084634555,0.008928385409905815,0.00888864573521364,0.006252625241323025
2005-12-09,86.74798583984375,4.463007200572917,0.0026155013482673795,4.469320084634555,0.006312884061638435,0.006292999673665589,0.005585506503262506
2005-12-12,86.83042907714844,4.463957125637546,0.0009499250646296531,4.469320084634555,0.005362958997008782,0.0053486040056148765,0.005451243684757233
2005-12-13,87.42095947265625,4.470735064811409,0.006777939173862713,4.470735064811409,0.0,0.0,0.006026052949817863
2005-12-14,87.76428985595703,4.474654696449116,0.003919631637707255,4.474654696449116,0.0,0.0,0.006052250314530902
2005-12-15,87.51019287109375,4.471755276534498,-0.002899419914617951,4.474654696449116,0.002899419914617951,0.002895220656148889,0.006106420152800245
2005-12-16,87.22856140136719,4.4685318162922485,-0.0032234602422498426,4.474654696449116,0.006122880156867794,0.006104173525120937,0.005154704593185871
2005-12-19,86.77983856201172,4.463374320055173,-0.0051574962370750654,4.474654696449116,0.01128037639394286,0.011216991507149054,0.0052958884432553754
2005-12-20,86.8626937866211,4.4643286395963235,0.000954319541150106,4.474654696449116,0.010326056852792753,0.010272926161832285,0.004989598644314938
2005-12-21,87.00072479248047,4.465916449567933,0.0015878099716095662,4.474654696449116,0.008738246881183187,0.008700179363722027,0.004790039021004226
2005-12-22,87.45640563964844,4.471140447948956,0.005223998381023165,4.474654696449116,0.003514248500160022,0.003508080756010168,0.004715399162558924
2005-12-23,87.50467681884766,4.471692241293462,0.0005517933445053913,4.474654696449116,0.002962455155654631,0.0029580714153265575,0.004711428905113168
2005-12-27,86.61419677734375,4.461463737205757,-0.010228504087704593,4.474654696449116,0.013190959243359224,0.01310433982318826,0.00539368733152391
2005-12-28,86.80747985839844,4.4636927914374365,0.002229054231679406,4.474654696449116,0.010961905011679818,0.01090204226717828,0.0054407854572156075
2005-12-29,86.42092895507812,4.459229879752634,-0.004462911684802506,4.474654696449116,0.015424816696482324,0.01530646351817655,0.005323238797829939
2005-12-30,85.95147705078125,4.453782916681561,-0.00544696307107273,4.474654696449116,0.020871779767555054,0.020655471697555328,0.004397661662381268
2006-01-03,87.46326446533203,4.471218870526394,0.017435953844833207,4.474654696449116,0.003435825922721847,0.0034299302269638066,0.008208163415234997
2006-01-04,87.87748718261719,4.475943653373158,0.004724782846763809,4.475943653373158,0.0,0.0,0.008432239690589772
2006-01-05,87.93267059326172,4.476571414739793,0.0006277613666343385,4.476571414739793,0.0,0.0,0.00839199044538164
2006-01-06,88.66443634033203,4.484858865740815,0.008287451001022461,4.484858865740815,0.0,0.0,0.00882583946626844
2006-01-09,88.89220428466797,4.487424447838662,0.0025655820978469634,4.487424447838662,0.0,0.0,0.008903701074674305
2006-01-10,88.9819564819336,4.488433613020337,0.0010091651816752645,4.488433613020337,0.0,0.0,0.008830338419644382
2006-01-11,89.2650146484375,4.491609637865483,0.003176024845145342,4.491609637865483,0.0,0.0,0.00894606659962035
2006-01-12,88.91292572021484,4.487657528128754,-0.003952109736728993,4.491609637865483,0.003952109736728993,0.0039443104289996755,0.008564018369895073
2006-01-13,88.83009338378906,4.486725482045147,-0.0009320460836068634,4.491609637865483,0.004884155820335856,0.0048722477261812225,0.008381383861250879
2006-01-17,88.58846282958984,4.48400163276183,-0.002723849283317037,4.491609637865483,0.007608005103652893,0.007579137487538468,0.00836894412162037
2006-01-18,88.23641204833984,4.480019712835008,-0.003981919926821398,4.491609637865483,0.01158992503047429,0.011523020571370113,0.008437803000285543
2006-01-19,88.5746841430664,4.483846084762297,0.003826371927289074,4.491609637865483,0.007763553103185217,0.007733494562118026,0.008287124069385872
2006-01-20,86.95936584472656,4.465440950292419,-0.018405134469878348,4.491609637865483,0.026168687573063565,0.025829254751052133,0.012543886007638682
2006-01-23,87.26995086669922,4.469006198171729,0.0035652478793100073,4.491609637865483,0.022603439693753558,0.022349895864529623,0.012672278142019454
2006-01-24,87.35971069335938,4.470034200330848,0.0010280021591189126,4.491609637865483,0.021575437534634645,0.021344352684889545,0.012341737671882631
2006-01-25,87.43565368652344,4.4709031363945915,0.0008689360637434973,4.491609637865483,0.020706501470891148,0.02049359392499761,0.012347414904129331
2006-01-26,87.91891479492188,4.476414966922304,0.005511830527712647,4.491609637865483,0.015194670943178501,0.01507981440228412,0.011411965450794181
2006-01-27,88.73343658447266,4.485636780903862,0.009221813981557858,4.491609637865483,0.005972856961620643,0.005955054912144653,0.012420887397112052
2006-01-30,88.66443634033203,4.484858865740815,-0.0007779151630469272,4.491609637865483,0.00675077212466757,0.00672803685151202,0.012177550795423401
2006-01-31,88.01551818847656,4.4775131419824685,-0.007345723758346523,4.491609637865483,0.014096495883014093,0.013997605499555754,0.012483607955960863
2006-02-01,88.6298828125,4.48446907853912,0.0069559365566513875,4.491609637865483,0.007140559326362705,0.007115126104430547,0.009262702298913527
2006-02-02,87.6013412475586,4.472796308870322,-0.011672769668797933,4.491609637865483,0.01881332899516064,0.0186374629235333,0.010698220031689396
2006-02-03,87.16641998291016,4.467819164808888,-0.0049771440614341245,4.491609637865483,0.023790473056594763,0.023509710649714965,0.011005381302992258
2006-02-06,87.39424896240234,4.470429479150975,0.00261031434208725,4.491609637865483,0.021180158714507513,0.020957434370038386,0.010225843203556252
2006-02-07,86.62108612060547,4.461543274620424,-0.008886204530551112,4.491609637865483,0.030066363245058625,0.02961886622933796,0.011137861688726979
2006-02-08,87.40801239013672,4.470586953403955,0.00904367878353085,4.491609637865483,0.021022684461527774,0.02080324823352575,0.01215556005458181
2006-02-09,87.2630844116211,4.468927514442076,-0.0016594389618784788,4.491609637865483,0.022682123423406253,0.022426817994718573,0.012063159263107182
2006-02-10,87.42186737060547,4.470745450115349,0.0018179356732730412,4.491609637865483,0.020864187750133212,0.020648036468610353,0.011907999319243915
2006-02-13,87.2630844116211,4.468927514442076,-0.0018179356732730412,4.491609637865483,0.022682123423406253,0.022426817994718573,0.011938695189892334
2006-02-14,88.18811798095703,4.479472237168432,0.010544722726355538,4.491609637865483,0.012137400697050715,0.012064039553700945,0.013246220152856734
2006-02-15,88.49874877929688,4.4829884138269,0.0035161766584677068,4.491609637865483,0.008621224038583009,0.00858416785297611,0.013202218583929923
2006-02-16,89.16144561767578,4.490448722133151,0.007460308306251662,4.491609637865483,0.0011609157323313468,0.0011602421303528176,0.013719008565449536
2006-02-17,88.91985321044922,4.487735438289969,-0.002713283843182701,4.491609637865483,0.003874199575514048,0.0038667045465420324,0.009543531538377623
2006-02-21,88.69894409179688,4.485247984980831,-0.002487453309137244,4.491609637865483,0.006361652884651292,0.00634146041279493,0.00946133457558271
2006-02-22,89.2374038696289,4.491300277586132,0.00605229260530038,4.491609637865483,0.00030936027935091204,0.000309312432393849,0.00990956013807957
2006-02-23,89.10624694824219,4.489829443671606,-0.0014708339145252936,4.491609637865483,0.0017801941938762056,0.001778610588040297,0.00992730474984724
2006-02-24,89.33403778076172,4.492382577417198,0.002553133745591296,4.492382577417198,0.0,0.0,0.009626646273421054
2006-02-27,89.36854553222656,4.492768780585098,0.0003862031679000566,4.492768780585098,0.0,0.0,0.0085569982506042
2006-02-28,88.51945495605469,4.483222357866724,-0.00954642271837347,4.492768780585098,0.00954642271837347,0.009501000280525917,0.00969766408803813
2006-03-01,89.30641174316406,4.492073285340386,0.008850927473662118,4.492768780585098,0.0006954952447113527,0.000695253443953936,0.010004842759125271
2006-03-02,89.29950714111328,4.491995968730754,-7.731660963283815e-05,4.492768780585098,0.0007728118543441909,0.0007725133121736505,0.00939526640754764
2006-03-03,88.88529968261719,4.487346770945915,-0.004649197784838854,4.492768780585098,0.005422009639183045,0.0054073370751580585,0.007950821160149585
2006-03-06,88.47803497314453,4.482754328815208,-0.004592442130706864,4.492768780585098,0.01001445176988991,0.009964474119821598,0.007904435037766427
2006-03-07,88.33999633789062,4.481192964713666,-0.001561364101541507,4.492768780585098,0.011575815871431416,0.01150907389406941,0.007849298910619189
2006-03-08,88.5263442993164,4.483300183415754,0.002107218702088076,4.492768780585098,0.00946859716934334,0.009423911152346087,0.0069102932308346835
2006-03-09,87.93267059326172,4.476571414739793,-0.006728768675961838,4.492768780585098,0.01619736584530518,0.016066893898894485,0.006450244575466666
2006-03-10,88.76797485351562,4.486025941409112,0.009454526669319563,4.492768780585098,0.0067428391759856154,0.006720157244746949,0.007541837220062363
2006-03-13,88.93364715576172,4.487890554105084,0.0018646126959716014,4.492768780585098,0.004878226480014014,0.004866347257581283,0.007544003039024494
2006-03-14,89.8655776977539,4.498314972690028,0.010424418584944029,4.498314972690028,0.0,0.0,0.008871584559321287
2006-03-15,90.26593780517578,4.502760177800954,0.004445205110926054,4.502760177800954,0.0,0.0,0.0077195498152125884
2006-03-16,90.45233154296876,4.504822988656329,0.0020628108553752966,4.504822988656329,0.0,0.0,0.007617385113389501
2006-03-17,90.52786254882812,4.505657676790284,0.0008346881339544865,4.505657676790284,0.0,0.0,0.0069248954670231245
2006-03-20,90.38233184814452,4.504048804138739,-0.001608872651544857,4.505657676790284,0.001608872651544857,0.0016075791097480696,0.006864750148162806
2006-03-21,89.81403350830078,4.49774123824658,-0.006307565892158529,4.505657676790284,0.007916438543703386,0.007885186067906558,0.0072880844884994815
2006-03-22,90.36155700683594,4.503818922602697,0.006077684356116997,4.505657676790284,0.0018387541875863889,0.0018370647147722963,0.007291965305539917
2006-03-23,90.17443084716795,4.501745915121976,-0.002073007480721145,4.505657676790284,0.003911761668307534,0.0039041206951017093,0.0073188538014386205
2006-03-24,90.24374389648438,4.502514275103724,0.00076835998174829,4.505657676790284,0.003143401686559244,0.0031384663720573913,0.007244159554185926
2006-03-27,90.11206817626952,4.501054097667829,-0.0014601774358951047,4.505657676790284,0.004603579122454349,0.00459299889395226,0.0072691449164291825
2006-03-28,89.55760955810547,4.494882100419738,-0.006171997248091365,4.505657676790284,0.010775576370545714,0.010717727817768141,0.006600832894167566
2006-03-29,90.11895751953124,4.501130547804408,0.006248447384670008,4.505657676790284,0.004527128985875706,0.004516896983802754,0.006105705531612095
2006-03-30,89.95954895019531,4.499360113185652,-0.0017704346187557007,4.505657676790284,0.0062975636046314065,0.0062777755116691925,0.006145124138714756
2006-03-31,89.98038482666016,4.499591700206061,0.0002315870204085968,4.505657676790284,0.00606597658422281,0.006047615692601482,0.005873450404283693
2006-04-03,89.91106414794922,4.498821005628445,-0.0007706945776160268,4.505657676790284,0.0068366711618388365,0.006813354292400264,0.005615193816425442
2006-04-04,90.4863052368164,4.505198515905252,0.006377510276807108,4.505657676790284,0.0004591608850317286,0.0004590554868048047,0.006096952037787733
2006-04-05,90.79816436767578,4.508639069187873,0.0034405532826209395,4.508639069187873,0.0,0.0,0.006190154694312496
2006-04-06,90.70111846923828,4.507569688569185,-0.0010693806186878874,4.508639069187873,0.0010693806186878874,0.001068809034999063,0.0056340820066765485
2006-04-07,89.77935028076172,4.497354996535015,-0.010214692034169914,4.508639069187873,0.011284072652857802,0.01122064629840469,0.0058224754277084985
2006-04-10,89.9179916381836,4.498898050911339,0.001543054376323738,4.508639069187873,0.009741018276534064,0.00969372823362391,0.005808668805117646
2006-04-11,89.15560913085938,4.490383260230735,-0.008514790680603568,4.508639069187873,0.01825580895713763,0.018090181098431968,0.005352966589622269
2006-04-12,89.32197570800781,4.49224754616315,0.0018642859324149441,4.508639069187873,0.016391523024722687,0.016257913031042515,0.005147784580473193
2006-04-13,89.2041244506836,4.490927276753372,-0.0013202694097778078,4.508639069187873,0.017711792434500495,0.01755586060679981,0.005116132406358887
2006-04-17,89.16949462890625,4.490538992629396,-0.00038828412397595713,4.508639069187873,0.018100076558476452,0.017937254019524174,0.005109253565886476
2006-04-18,90.58332824707033,4.50627018118311,0.015731188553713693,4.508639069187873,0.002368888004762759,0.0023660844038156936,0.008194764524391883
2006-04-19,90.7566146850586,4.5081813595802345,0.0019111783971244023,4.508639069187873,0.0004577096076383569,0.00045760487457557897,0.007739491438201473
2006-04-20,90.88134765625,4.509554783826911,0.0013734242466769686,4.509554783826911,0.0,0.0,0.007297836830763985
2006-04-21,90.89520263671876,4.509707223516996,0.00015243969008427172,4.509707223516996,0.0,0.0,0.007243982891598224
2006-04-24,90.7288818359375,4.507875739022464,-0.0018314844945317432,4.509707223516996,0.0018314844945317432,0.0018298083502384932,0.007278808767339414
2006-04-25,90.3546142578125,4.5037420866562705,-0.004133652366193452,4.509707223516996,0.005965136860725195,0.0059473807552513636,0.007467241310466432
2006-04-26,90.37541961669922,4.503972323529829,0.00023023687355827605,4.509707223516996,0.005734899987166919,0.005718486839145331,0.006987930493708912
2006-04-27,90.8120346069336,4.508791816548572,0.004819493018743515,4.509707223516996,0.0009154069684234045,0.0009149881112824332,0.0067886541635168865
2006-04-28,91.1169662475586,4.512144024549973,0.0033522080014005695,4.512144024549973,0.0,0.0,0.00689075019630849
2006-05-01,90.37541961669922,4.503972323529829,-0.008171701020144084,4.512144024549973,0.008171701020144084,0.008138403432403685,0.007731460815492477
2006-05-02,91.05461883544922,4.511459533447639,0.007487209917810489,4.512144024549973,0.0006844911023335953,0.0006842568917404535,0.008430311527482028
2006-05-03,90.71500396728516,4.5077227675556335,-0.003736765892005778,4.512144024549973,0.004421256994339373,0.004411497625824157,0.008093775380693086
2006-05-04,91.0407485961914,4.511307193061607,0.0035844255059735985,4.512144024549973,0.0008368314883657746,0.0008364814425457778,0.008106510192091323
2006-05-05,91.84468841552734,4.520098981088896,0.008791788027289194,4.520098981088896,0.0,0.0,0.009066024910886742
2006-05-08,91.73383331298828,4.518891267735836,-0.0012077133530601358,4.520098981088896,0.0012077133530601358,0.0012069843607893649,0.007769719752083582
2006-05-09,91.9140167236328,4.520853539207297,0.001962271471461108,4.520853539207297,0.0,0.0,0.0077882353578282515
2006-05-10,91.86548614501952,4.520325400008052,-0.0005281391992451034,4.520853539207297,0.0005281391992451034,0.000527999758287323,0.006878228968387255
2006-05-11,90.7566146850586,4.5081813595802345,-0.012144040427817693,4.520853539207297,0.012672179627062796,0.012592225645564392,0.008692656132408098
2006-05-12,89.57149505615234,4.495037133831026,-0.01314422574920826,4.520853539207297,0.025816405376271057,0.025486011285133503,0.010847603378728206
2006-05-15,89.75166320800781,4.497046558762228,0.0020094249312014867,4.520853539207297,0.02380698044506957,0.02352582982122009,0.010896579881042555
2006-05-16,89.6199951171875,4.495578454874482,-0.0014681038877455421,4.520853539207297,0.025275084332815112,0.024958343549960627,0.007805611331022838
2006-05-17,87.91502380371094,4.4763707093547085,-0.019207745519773667,4.520853539207297,0.04448282985258878,0.04350797693833841,0.012408200883115894
2006-05-18,87.47148895263672,4.47131289972471,-0.0050578096299984665,4.520853539207297,0.049540639482587245,0.04833351788284801,0.0127067596986744
2006-05-19,88.0882797241211,4.478339490313934,0.007026590589224391,4.520853539207297,0.042514048893362855,0.04162299870992414,0.013328566390537644
2006-05-22,87.4160385131836,4.470678772841968,-0.007660717471966727,4.520853539207297,0.05017476636532958,0.04893680388241228,0.014025752825355628
2006-05-23,86.75064849853516,4.463037894286464,-0.007640878555503328,4.520853539207297,0.05781564492083291,0.056176069865631506,0.014546081709869846
2006-05-24,87.4437484741211,4.470995712049625,0.007957817763160513,4.520853539207297,0.049857827157672396,0.04863532689418759,0.015343332276994805
2006-05-25,88.52493286132812,4.4832842395828605,0.012288527533235616,4.520853539207297,0.03756929962443678,0.036872328977798574,0.016953365266309698
2006-05-26,88.97540283203125,4.488359958860368,0.0050757192775074955,4.520853539207297,0.032493580346929285,0.0319713357804543,0.017136388175322228
2006-05-30,87.39525604248047,4.470441002498194,-0.01791895636217422,4.520853539207297,0.050412536709103506,0.049162911623580996,0.020340723149612917
2006-05-31,88.3724594116211,4.481560375985928,0.011119373487733952,4.520853539207297,0.039293163221369554,0.038531199465043686,0.021192258295133062
2006-06-01,89.21798706054688,4.491082667918445,0.009522291932516858,4.520853539207297,0.029770871288852696,0.029332084041026607,0.022158812161519933
2006-06-02,89.40512084960938,4.493177960735993,0.0020952928175486107,4.520853539207297,0.027675578471304085,0.027296118301163963,0.02205224319839073
2006-06-05,88.1021499633789,4.478496936314959,-0.014681024421034472,4.520853539207297,0.04235660289233856,0.041472094204253684,0.023794028659201962
2006-06-06,87.88732147216797,4.476055556200992,-0.0024413801139671065,4.520853539207297,0.044797983006305664,0.04380937092078474,0.023850750902205165
2006-06-07,87.22889709472656,4.468535664718819,-0.0075198914821728025,4.520853539207297,0.052317874488478466,0.050972852628054066,0.02451474896026207
2006-06-08,87.15267181396484,4.4676614291434245,-0.0008742355753943443,4.520853539207297,0.05319211006387281,0.05180216336300858,0.024520864456288642
2006-06-09,86.87544250488281,4.464475397453369,-0.00318603169005538,4.520853539207297,0.05637814175392819,0.054818344343496084,0.02279054526450998
2006-06-12,85.93287658691406,4.453566486697725,-0.01090891075564393,4.520853539207297,0.06728705250957212,0.06507321026675172,0.022113089422448506
2006-06-13,84.93487548828125,4.441884792105418,-0.011681694592307501,4.520853539207297,0.07896874710187962,0.07593119617801558,0.02378163434237054
2006-06-14,85.59329986572266,4.449607007487539,0.007722215382121256,4.520853539207297,0.07124653171975837,0.06876771447074581,0.024505848087792013
2006-06-15,87.40911865234375,4.470599609625922,0.020992602138383276,4.520853539207297,0.05025392958137509,0.04901209012368968,0.025409921480801678
2006-06-16,86.77214050292969,4.46328560819918,-0.0073140014267423226,4.520853539207297,0.05756793100811741,0.055942242587044055,0.025761627531376927
2006-06-19,86.08992767333984,4.455392420541038,-0.00789318765814162,4.520853539207297,0.06546111866625903,0.06336453631228889,0.025924538426212517
2006-06-20,86.38230895996094,4.458782897436491,0.0033904768954524656,4.520853539207297,0.06207064177080657,0.06018350585531007,0.02532992856776811
2006-06-21,87.02274322509766,4.466169500871708,0.007386603435217687,4.520853539207297,0.05468403833558888,0.05321575177420668,0.02528178252140427
2006-06-22,86.63988494873047,4.461760274768613,-0.004409226103095243,4.520853539207297,0.05909326443868412,0.057381147760744655,0.024728824103488714
2006-06-23,86.62593841552734,4.461599290531071,-0.0001609842375422943,4.520853539207297,0.05925424867622642,0.05753288232420117,0.02282645099155827
2006-06-26,87.00881958007812,4.466009488000195,0.0044101974691237444,4.520853539207297,0.05484405120710267,0.053367237320327554,0.022746906127269085
2006-06-27,86.25701904296875,4.457331432808613,-0.008678055191581713,4.520853539207297,0.06352210639868439,0.06154662675306111,0.019650073651731877
2006-06-28,86.84171295166016,4.464087070191644,0.006755637383030866,4.520853539207297,0.05676646901565352,0.05518531289111306,0.01866725058984205
2006-06-29,88.59598541259766,4.484086545214215,0.019999475022570934,4.520853539207297,0.036766993993082586,0.036099296160799654,0.022564493054724622
2006-06-30,88.60295104980469,4.484165164616223,7.861940200815098e-05,4.520853539207297,0.036688374591074435,0.03602351188485042,0.0225092537603653
2006-07-03,88.96491241455078,4.488242049464984,0.004076884848760898,4.520853539207297,0.03261148974231354,0.03208546872616147,0.020002969011805274
2006-07-05,88.45677947998047,4.482514065265809,-0.005727984199174863,4.520853539207297,0.0383394739414884,0.03761381959889287,0.020341272284981823
2006-07-06,88.71431732177734,4.485421289162226,0.002907223896417399,4.520853539207297,0.035432250045071,0.0348118765332206,0.01973525238927291
2006-07-07,88.13655853271484,4.478887413186547,-0.0065338759756796705,4.520853539207297,0.04196612602075067,0.04109773814233342,0.02026353570681883
2006-07-10,88.30362701416016,4.480781182804371,0.0018937696178245034,4.520853539207297,0.04007235640292617,0.03928007760044183,0.02018082383130434
2006-07-11,88.69344329833984,4.485185966609698,0.004404783805326495,4.520853539207297,0.03566757259759967,0.035038980343732984,0.01892583594116733
2006-07-12,87.74674987792969,4.474454823231884,-0.010731143377813446,4.520853539207297,0.04639871597541312,0.04533875239326368,0.018657398606722587
2006-07-13,86.31964874267578,4.4580572516954895,-0.01639757153639465,4.520853539207297,0.06279628751180777,0.06086523231574337,0.0212939201544523
2006-07-14,85.98552703857422,4.454178991841978,-0.003878259853511423,4.520853539207297,0.06667454736531919,0.0645003873879687,0.01593074974683369
2006-07-17,85.8602294921875,4.4527207356578264,-0.0014582561841516295,4.520853539207297,0.06813280354947082,0.06586359129149799,0.015283511614109358
2006-07-18,86.29878234863281,4.457815488472262,0.005094752814435388,4.520853539207297,0.06303805073503543,0.06109225312047739,0.01482555320901219
2006-07-19,87.4961166381836,4.471594411100789,0.013778922628526757,4.520853539207297,0.049259128106508676,0.048065575229216395,0.017072931736838746
2006-07-20,86.89744567871094,4.464728638038546,-0.006865773062243008,4.520853539207297,0.056124901168751684,0.05457895567773596,0.016979401047695207
2006-07-21,86.28485107421875,4.457654044722724,-0.007074593315821609,4.520853539207297,0.0631994944845733,0.06124382167237685,0.017365069354221448
2006-07-24,87.8581314086914,4.475723370494147,0.01806932577142284,4.520853539207297,0.045130168713150454,0.0441269510300768,0.021478649539875713
2006-07-25,88.17132568359375,4.4792818045262655,0.0035584340321186403,4.520853539207297,0.04157173468103181,0.04071948080881471,0.021393128439033574
2006-07-26,88.2896957397461,4.480623404761286,0.0013416002350208345,4.520853539207297,0.04023013444601098,0.039431646152341515,0.02046691817999269
2006-07-27,88.2061767578125,4.479676991828386,-0.0009464129329002091,4.520853539207297,0.04117654737891119,0.04034031041173014,0.019903157148448505
2006-07-28,89.09025573730469,4.489649965278491,0.009972973450104838,4.520853539207297,0.03120357392880635,0.03072176678795968,0.016116620246500027
2006-07-31,88.999755859375,4.488633626575288,-0.0010163387032031679,4.520853539207297,0.03221991263200952,0.03170638133485526,0.01612955746470066
2006-08-01,88.56119537353516,4.483693786203766,-0.004939840371521953,4.520853539207297,0.03715975300353147,0.036477802511655,0.01622759847830904
2006-08-02,89.15985107421875,4.490430838195712,0.006737051991946075,4.520853539207297,0.030422701011585396,0.029964588074692267,0.016386082116917007
2006-08-03,89.39654541015625,4.493082039488288,0.002651201292576566,4.520853539207297,0.02777149971900883,0.027389416796418153,0.01636815127754123
2006-08-04,89.2433853149414,4.491367303794858,-0.0017147356934303914,4.520853539207297,0.02948623541243922,0.029055757803746363,0.01586728594627401
2006-08-07,89.03457641601562,4.489024793342277,-0.002342510452581159,4.520853539207297,0.03182874586502038,0.03132754296088536,0.015891238443647725
2006-08-08,88.69344329833984,4.485185966609698,-0.0038388267325792924,4.520853539207297,0.03566757259759967,0.035038980343732984,0.015832452769567573
2006-08-09,88.39412689208984,4.481805529564218,-0.003380437045479745,4.520853539207297,0.03904800964307942,0.038295463053546475,0.01452545371650068
2006-08-10,88.66560363769531,4.484872030993171,0.003066501428953039,4.520853539207297,0.03598150821412638,0.035341868430196266,0.011256044508405326
2006-08-11,88.41503143310547,4.4820419940246685,-0.0028300369685023696,4.520853539207297,0.03881154518262875,0.03806802721991842,0.011167443951277145
2006-08-14,88.48463439941406,4.4828289143342435,0.0007869203095749455,4.520853539207297,0.0380246248730538,0.037310765500872534,0.011148452380462208
2006-08-15,89.54273223876953,4.494715966517135,0.011887052182891544,4.520853539207297,0.02613757269016226,0.025798943070818092,0.012601805722780433
2006-08-16,90.2875747680664,4.502999851487561,0.008283884970426314,4.520853539207297,0.017853687719735944,0.017695254908255964,0.011074232644424569
2006-08-17,90.51728057861328,4.505540778098122,0.00254092661056049,4.520853539207297,0.015312761109175455,0.015196116923267944,0.01056163274497978
2006-08-18,90.97674560546876,4.510603931063179,0.005063152965057327,4.520853539207297,0.010249608144118127,0.010197259912840373,0.010254011901757374
2006-08-21,90.58692169189452,4.506309850442559,-0.0042940806206202,4.520853539207297,0.014543688764738327,0.01443844017532836,0.006372438192993887
2006-08-22,90.57998657226562,4.506233289886343,-7.65605562156324e-05,4.520853539207297,0.01462024932095396,0.014513892428163144,0.0062129651433425175
2006-08-23,90.32933044433594,4.503462218805441,-0.002771071080902132,4.520853539207297,0.017391320401856092,0.017240964281451276,0.006287039834527052
2006-08-24,90.2527847290039,4.502614452459997,-0.0008477663454442563,4.520853539207297,0.018239086747300348,0.01807376125911142,0.0062848097647720804
2006-08-25,90.3641586303711,4.503847713453254,0.001233260993257268,4.520853539207297,0.01700582575404308,0.016862042901702456,0.005050775003608604
2006-08-28,90.7957534790039,4.508612516661217,0.00476480320796302,4.520853539207297,0.01224102254608006,0.012166406000853058,0.005323822109771028
2006-08-29,90.90018463134766,4.509762032329309,0.0011495156680920715,4.520853539207297,0.011091506877987989,0.011030222902057796,0.0050330060882969214
2006-08-30,90.95587921142578,4.510374545111589,0.000612512782280028,4.520853539207297,0.01047899409570796,0.010424280717574397,0.004465846098111947
2006-08-31,90.94194793701172,4.51022136819178,-0.00015317691980953896,4.520853539207297,0.0106321710155175,0.01057584926947408,0.0043775779935369815
2006-09-01,91.4848861694336,4.516173780161873,0.00595241197009333,4.520853539207297,0.00467975904542417,0.004668826034330609,0.004786963204555648
2006-09-05,91.65897369384766,4.518074882136857,0.0019011019749841651,4.520853539207297,0.002778657070440005,0.0027748001760384833,0.004763361306640989
2006-09-06,90.8514404296875,4.509225649748824,-0.008849232388032924,4.520853539207297,0.011627889458472929,0.011560546822148132,0.005564372578641522
2006-09-07,90.43376159667967,4.504617666665766,-0.004607983083058542,4.520853539207297,0.01623587254153147,0.016104781182656347,0.005687930112430326
2006-09-08,90.69132995605467,4.50746176221086,0.0028440955450941274,4.520853539207297,0.013391776996437343,0.01330250609386896,0.005671366762974076
2006-09-11,90.78182983398438,4.508459153621653,0.000997391410793469,4.520853539207297,0.012394385585643874,0.01231789154697327,0.005582986335802832
2006-09-12,91.67290496826172,4.518226860882098,0.009767707260444958,4.520853539207297,0.0026266783251989168,0.002623231624139022,0.006777325991359639
2006-09-13,92.04183197021484,4.522243169034867,0.004016308152768211,4.522243169034867,0.0,0.0,0.005200167883257631
2006-09-14,92.04881286621094,4.5223190109768145,7.584194194798499e-05,4.5223190109768145,0.0,0.0,0.004335593705898616
2006-09-15,92.26483917236328,4.524663128221338,0.002344117244523325,4.524663128221338,0.0,0.0,0.0043234797838579125
2006-09-18,92.39067840576172,4.526026090504074,0.0013629622827364685,4.526026090504074,0.0,0.0,0.004023878851638989
2006-09-19,92.15996551513672,4.523525822762797,-0.00250026774127754,4.526026090504074,0.00250026774127754,0.0024971446752645177,0.0038703127027002477
2006-09-20,92.6493911743164,4.528822381466566,0.005296558703768994,4.528822381466566,0.0,0.0,0.004223713377254906
2006-09-21,92.2019271850586,4.523981032568162,-0.004841348898403375,4.528822381466566,0.004841348898403375,0.004829648458411495,0.004422287162435215
2006-09-22,91.92221069335938,4.520942683440152,-0.0030383491280101538,4.528822381466566,0.007879698026413529,0.007848734586812678,0.004529549168790088
2006-09-25,92.62844848632812,4.528596313544835,0.007653630104682563,4.528822381466566,0.0002260679217309658,0.00022604237030388052,0.0052484688946729365
2006-09-26,93.39749908447266,4.536864568478793,0.008268254933958552,4.536864568478793,0.0,0.0,0.005823793589206107
2006-09-27,93.50939178466795,4.538061878145034,0.0011973096662405425,4.538061878145034,0.0,0.0,0.005825206857693725
2006-09-28,93.47442626953124,4.5376878830484735,-0.00037399509656044216,4.538061878145034,0.00037399509656044216,0.00037392516911205487,0.00582224208303354
2006-09-29,93.39749908447266,4.536864568478793,-0.0008233145696801003,4.538061878145034,0.0011973096662405425,0.001196593177003824,0.005830487317803293
2006-10-02,93.04794311523438,4.5331148776879395,-0.0037496907908538546,4.538061878145034,0.004947000457094397,0.004934784203239451,0.005561212374646122
2006-10-03,93.24369049072266,4.535216393936848,0.0021015162489081973,4.538061878145034,0.0028454842081861997,0.002841439655143496,0.005571319865642842
2006-10-04,94.3344268798828,4.546846201274186,0.011629807337338427,4.546846201274186,0.0,0.0,0.006288808026704959
2006-10-05,94.51622009277344,4.548771460964402,0.0019252596902159524,4.548771460964402,0.0,0.0,0.0060679692981457705
2006-10-06,94.39732360839844,4.547512721143592,-0.0012587398208099287,4.548771460964402,0.0012587398208099287,0.0012579479401337856,0.0059860131836283114
2006-10-09,94.45331573486328,4.54810569904719,0.0005929779035982463,4.548771460964402,0.0006657619172116824,0.0006655403469202348,0.005977909281542985
2006-10-10,94.5791473388672,4.5494370219379086,0.001331322890718134,4.5494370219379086,0.0,0.0,0.004798099657014356
2006-10-11,94.46728515625,4.5482535857397615,-0.001183436198147092,4.5494370219379086,0.001183436198147092,0.0011827362136858088,0.004612499011733721
2006-10-12,95.28533172607422,4.556875881983465,0.008622296243703254,4.556875881983465,0.0,0.0,0.005549160842210382
2006-10-13,95.5300521850586,4.559440880550569,0.0025649985671041264,4.559440880550569,0.0,0.0,0.005562823425324382
2006-10-16,95.67686462402344,4.560976520267645,0.0015356397170762648,4.560976520267645,0.0,0.0,0.00556913001709628
2006-10-17,95.37625122070312,4.557829608477448,-0.0031469117901972155,4.560976520267645,0.0031469117901972155,0.0031419654532119923,0.005615141626565116
2006-10-18,95.50208282470705,4.559148056931654,0.0013184484542057007,4.560976520267645,0.0018284633359915148,0.0018267927152839647,0.005283569756586589
2006-10-19,95.6559066772461,4.5607574470088545,0.0016093900772009562,4.560976520267645,0.0002190732587905586,0.000219049263996407,0.005020878370119556
2006-10-20,95.67686462402344,4.560976520267645,0.0002190732587905586,4.560976520267645,0.0,0.0,0.004905165358749424
2006-10-23,96.11735534667967,4.565569896410262,0.0045933761426164565,4.565569896410262,0.0,0.0,0.004432930596413434
2006-10-24,96.40401458740234,4.5685478458469015,0.0029779494366399817,4.5685478458469015,0.0,0.0,0.0036832828006610405
2006-10-25,96.7326431274414,4.571950916616358,0.003403070769456562,4.571950916616358,0.0,0.0,0.003811139287496754
2006-10-26,97.03334045410156,4.575054635468229,0.0031037188518707737,4.575054635468229,0.0,0.0,0.003930753587074761
2006-10-27,96.42498779296876,4.56876537749816,-0.006289257970069073,4.575054635468229,0.006289257970069073,0.006269521983740867,0.004420602765635975
2006-10-30,96.35506439208984,4.568039955929354,-0.0007254215688057286,4.575054635468229,0.007014679538874802,0.006990134100686274,0.004250075063996951
2006-10-31,96.341064453125,4.567894650062823,-0.0001453058665310536,4.575054635468229,0.007159985405405855,0.007134413777129089,0.004194694828952285
2006-11-01,95.69086456298828,4.561122834790467,-0.00677181527235593,4.575054635468229,0.013931800677761785,0.013835202259663837,0.003068318627531493
2006-11-02,95.63492584228516,4.560538086417772,-0.0005847483726952873,4.575054635468229,0.014516549050457073,0.01441169195322023,0.0030259234804174448
2006-11-03,95.4670639038086,4.558781307413305,-0.0017567790044665799,4.575054635468229,0.016273328054923653,0.01614163279304892,0.0030448467467463743
2006-11-06,96.54385375976562,4.569997348223325,0.011216040810019479,4.575054635468229,0.005057287244904174,0.0050445206981969415,0.004625490899835493
2006-11-07,96.9144287109375,4.573828410917404,0.003831062694079179,4.575054635468229,0.0012262245508249947,0.0012254730447036621,0.004788089120990844
2006-11-08,97.12416076660156,4.575990167894769,0.0021617569773653145,4.575990167894769,0.0,0.0,0.004829324788116539
2006-11-09,96.61376190185548,4.570721193823745,-0.005268974071023891,4.575990167894769,0.005268974071023891,0.005255117374683316,0.0042423927882280195
2006-11-10,96.65576934814452,4.571155897076543,0.0004347032527975969,4.575990167894769,0.004834270818226294,0.004822604537944697,0.004161875629014226
2006-11-13,96.89344787597656,4.5736118992315795,0.0024560021550366073,4.575990167894769,0.0023782686631896865,0.002375442822918905,0.0042081649702997445
2006-11-14,97.62062072753906,4.581088749049102,0.007476849817522613,4.581088749049102,0.0,0.0,0.004787767860468917
2006-11-15,97.90029907226562,4.583949604406831,0.002860855357728731,4.583949604406831,0.0,0.0,0.004868989817317158
2006-11-16,98.1520004272461,4.586517301841784,0.002567697434953331,4.586517301841784,0.0,0.0,0.004919426781897758
2006-11-17,98.1799545288086,4.586802065488717,0.00028476364693297285,4.586802065488717,0.0,0.0,0.004919843807145666
2006-11-20,98.23592376708984,4.58737197093915,0.0005699054504324508,4.58737197093915,0.0,0.0,0.004658087473865086
2006-11-21,98.33383178710938,4.588368136680314,0.0009961657411645675,4.588368136680314,0.0,0.0,0.004558851931907324
2006-11-22,98.52957916259766,4.5903567991651855,0.001988662484871284,4.5903567991651855,0.0,0.0,0.004462762918399064
2006-11-24,98.13101959228516,4.586303520384389,-0.004053278780796532,4.5903567991651855,0.004053278780796532,0.004045075333721115,0.00454839249525787
2006-11-27,96.78160858154295,4.5724569822390615,-0.013846538145327436,4.5903567991651855,0.017899816926123968,0.017740566801469404,0.006465757840486594
2006-11-28,97.20111846923828,4.5767822182853575,0.004325236046295977,4.5903567991651855,0.013574580879827991,0.013482861742128094,0.006694843863573082
2006-11-29,98.21493530273438,4.587158294455018,0.010376076169660742,4.5903567991651855,0.0031985047101672492,0.003193394943299621,0.00805113108390837
2006-11-30,98.25691223144533,4.587585601775395,0.0004273073203764355,4.5903567991651855,0.0027711973897908138,0.0027673611667661246,0.007475627463143864
2006-12-01,98.04015350341795,4.585377124381023,-0.0022084773943715774,4.5903567991651855,0.004979674784162391,0.004967296758388584,0.007532774029094077
2006-12-04,98.78826904296876,4.59297886332143,0.0076017389404068325,4.59297886332143,0.0,0.0,0.008221996075933373
2006-12-05,99.21479034423828,4.597287099389171,0.004308236067741333,4.597287099389171,0.0,0.0,0.0068707887906317685
2006-12-06,99.1308364868164,4.596440558290414,-0.0008465410987570365,4.597287099389171,0.0008465410987570365,0.0008461828839294583,0.006694887630502354
2006-12-07,98.69734191894533,4.592058015164384,-0.004382543126030036,4.597287099389171,0.005229084224787073,0.005215436362841053,0.0068780096173836555
2006-12-08,98.879150390625,4.593898401344645,0.0018403861802607224,4.597287099389171,0.0033886980445263504,0.0033829628873754958,0.006570883779878952
2006-12-11,99.16582489013672,4.596793447778724,0.0028950464340793403,4.597287099389171,0.0004936516104470101,0.0004935297845380937,0.0066741070992912335
2006-12-12,99.08890533447266,4.596017480825133,-0.0007759669535909453,4.597287099389171,0.0012696185640379554,0.0012688129393703118,0.006605691343697996
2006-12-13,99.19380950927734,4.597075608203259,0.0010581273781253842,4.597287099389171,0.0002114911859125712,0.00021146882322820026,0.005915417358165332
2006-12-14,100.0677719116211,4.605847675556409,0.00877206735315017,4.605847675556409,0.0,0.0,0.00678185222877184
2006-12-15,100.07689666748048,4.605938857159501,9.1181603091961e-05,4.605938857159501,0.0,0.0,0.0066988843027595245
2006-12-18,99.80271911621094,4.603195428599679,-0.0027434285598220143,4.605938857159501,0.0027434285598220143,0.002739668798688477,0.006792695207855254
2006-12-19,99.99253845214844,4.605095567725702,0.0019001391260236034,4.605938857159501,0.0008432894337984109,0.000842933965191861,0.0068340954874504985
2006-12-20,99.9363250732422,4.604533233909601,-0.0005623338161013791,4.605938857159501,0.00140562324989979,0.0014046358242431056,0.00682557628897495
2006-12-21,99.57067108154295,4.600867654173835,-0.003665579735765867,4.605938857159501,0.005071202985665657,0.0050583661443811545,0.006945045662613539
2006-12-22,98.95899200439452,4.5947055421430525,-0.006162112030782652,4.605938857159501,0.011233315016448309,0.01117045692174401,0.007216481865757306
2006-12-26,99.54257202148438,4.600585412171172,0.005879870028119072,4.605938857159501,0.005353444988329237,0.005339140838584,0.005236344652770629
2006-12-27,100.19644927978516,4.607132751693394,0.006547339522222195,4.607132751693394,0.0,0.0,0.0055407605011053695
2006-12-28,99.98552703857422,4.605025445899492,-0.002107305793901837,4.607132751693394,0.002107305793901837,0.0021050869838913355,0.004240160542088546
2006-12-29,99.57067108154295,4.600867654173835,-0.004157791725656779,4.607132751693394,0.006265097519558616,0.006245512717669821,0.004455679012235993
2007-01-03,99.3949203491211,4.599101009229165,-0.0017666449446700483,4.607132751693394,0.008031742464228664,0.00799957420073727,0.0044335491529203745
2007-01-04,99.60588073730467,4.601221206394786,0.002120197165621285,4.607132751693394,0.005911545298607379,0.00589410649504607,0.003762080046818313
2007-01-05,98.81134796142578,4.5932124560673255,-0.008008750327460845,4.607132751693394,0.013920295626068224,0.01382385631741978,0.004336377762600246
2007-01-08,99.26834869384766,4.597826775969951,0.004614319902625397,4.607132751693394,0.009305975723442828,0.009262809137536854,0.004595626748381935
2007-01-09,99.1839599609375,4.59697630727479,-0.0008504686951606999,4.607132751693394,0.010156444418603527,0.010105041906429468,0.004362736069031118
2007-01-10,99.51441955566406,4.600302553822063,0.00332624654727276,4.607132751693394,0.006830197871330768,0.006806925085904747,0.00445946494352056
2007-01-11,99.95034790039062,4.60467354168463,0.004370987862566622,4.607132751693394,0.0024592100087641455,0.002456188629073708,0.004594590380614848
2007-01-12,100.70967864990234,4.6122419088089925,0.007568367124362929,4.6122419088089925,0.0,0.0,0.00530873388893736
2007-01-16,100.51283264160156,4.6102854073238495,-0.0019565014851430362,4.6122419088089925,0.0019565014851430362,0.001954588783716793,0.005342858021801517
2007-01-17,100.55500793457033,4.610704920394328,0.0004195130704784944,4.6122419088089925,0.0015369884146645418,0.001535807852885207,0.004375516023959568
2007-01-18,100.21749877929688,4.607342811919171,-0.003362108475156944,4.6122419088089925,0.004899096889821486,0.004887115888001614,0.004517838811315713
2007-01-19,100.4144058227539,4.60930568125512,0.0019628693359488025,4.6122419088089925,0.0029362275538726834,0.002931921053734521,0.004471552153981941
2007-01-22,100.1050033569336,4.606219668657787,-0.0030860125973326547,4.6122419088089925,0.006022240151205338,0.006004142810055235,0.004546055261645333
2007-01-23,100.4003448486328,4.609165641999069,0.0029459733412817712,4.6122419088089925,0.003076266809923567,0.0030715399494509743,0.004651423260691161
2007-01-24,101.2088623046875,4.617186325199852,0.008020683200783196,4.617186325199852,0.0,0.0,0.005292698801712822
2007-01-25,100.02066802978516,4.605376844930513,-0.011809480269339367,4.617186325199852,0.011809480269339367,0.011740022047923904,0.006571500516068017
2007-01-26,99.92929077148438,4.604462843595279,-0.0009140013352340048,4.617186325199852,0.012723481604573372,0.0126428803176446,0.006146408354922798
2007-01-29,99.87300872802734,4.6038994662459025,-0.0005633773493762817,4.617186325199852,0.013286858953949654,0.01319897829340877,0.00561027506907637
2007-01-30,100.39324951171876,4.609094969058136,0.005195502812233244,4.617186325199852,0.00809135614171641,0.008058709231542727,0.005894436717289051
2007-01-31,101.06827545166016,4.61579628303074,0.006701313972603984,4.617186325199852,0.0013900421691124265,0.00138907650798481,0.006242453466550067
2007-02-01,101.67290496826172,4.621760846400391,0.00596456336965101,4.621760846400391,0.0,0.0,0.0066513862376087534
2007-02-02,101.81351470947266,4.623142852765369,0.0013820063649783165,4.623142852765369,0.0,0.0,0.006618811527812576
2007-02-05,101.84164428710938,4.623419099907393,0.00027624714202367784,4.623419099907393,0.0,0.0,0.0058116080343285645
2007-02-06,101.86981964111328,4.623695720119533,0.0002766202121398109,4.623695720119533,0.0,0.0,0.005544293623611357
2007-02-07,102.09471893310548,4.625900999377482,0.002205279257949222,4.625900999377482,0.0,0.0,0.005596457114622926
2007-02-08,101.96121215820312,4.624592468003382,-0.0013085313741001414,4.625900999377482,0.0013085313741001414,0.0013076756202226036,0.005478626176746307
2007-02-09,101.20185089111328,4.617117046123994,-0.007475421879387767,4.625900999377482,0.008783953253487908,0.008745487046956768,0.005942008783735877
2007-02-12,100.8573226928711,4.613706871510132,-0.0034101746138617273,4.625900999377482,0.012194127867349636,0.01212008077562865,0.005366807569331284
2007-02-13,101.70804595947266,4.622106414570864,0.008399543060732206,4.625900999377482,0.0037945848066174293,0.0037873944673493254,0.006207535331484652
2007-02-14,102.3759765625,4.628652081199776,0.006545666628911206,4.628652081199776,0.0,0.0,0.00674517431253145
2007-02-15,102.50958251953124,4.62995628220416,0.001304201004383998,4.62995628220416,0.0,0.0,0.006624178614981486
2007-02-16,102.4603500366211,4.629475894829846,-0.00048038737431355116,4.62995628220416,0.00048038737431355116,0.00048027200677325244,0.006578540356573823
2007-02-20,102.67832946777344,4.6316010865656985,0.002125191735852461,4.6316010865656985,0.0,0.0,0.006515451730230644
2007-02-21,102.63613891601562,4.63119010186809,-0.0004109846976083631,4.6316010865656985,0.0004109846976083631,0.0004109002549661511,0.006408227613856624
2007-02-22,102.55876922607422,4.630435992574555,-0.0007541092935348104,4.6316010865656985,0.0011650939911431735,0.0011644155326540062,0.005604817868779423
2007-02-23,102.1580581665039,4.626521203776444,-0.003914788798111246,4.6316010865656985,0.00507988278925442,0.005067002004866428,0.004040675882263382
2007-02-26,102.0666046142578,4.625625586595699,-0.0008956171807454893,4.6316010865656985,0.005975499969999909,0.005957682177792023,0.004040256701603207
2007-02-27,98.0801239013672,4.585784735455529,-0.039840851140169775,4.6316010865656985,0.045816351110169684,0.04478262930689225,0.02403615462334896
2007-02-28,99.08560943603516,4.595984218238957,0.010199482783428415,4.6316010865656985,0.03561686832674127,0.0349900514583833,0.02500681073802583
2007-03-01,98.79020690917967,4.592998479488643,-0.0029857387503140487,4.6316010865656985,0.03860260707705532,0.03786702197773917,0.024553299277289765
2007-03-02,97.49657440185548,4.579817243046632,-0.01318123644201119,4.6316010865656985,0.05178384351906651,0.050465907390364384,0.026294228399454993
2007-03-05,96.56848907470705,4.570252487948869,-0.009564755097763111,4.6316010865656985,0.06134859861682962,0.05950467274581084,0.02742286834039554
2007-03-06,98.22077941894533,4.587217796019903,0.016965308071034357,4.6316010865656985,0.04438329054579526,0.04341276364675539,0.03104845994521204
2007-03-07,98.1223373413086,4.586215040359202,-0.0010027556607008492,4.6316010865656985,0.04538604620649611,0.04437150614039531,0.031060165347395665
2007-03-08,98.95195770263672,4.594634456619273,0.008419416260070811,4.6316010865656985,0.0369666299464253,0.036291706190119455,0.03189205909818618
2007-03-09,98.98006439208984,4.594918460080104,0.000284003460830462,4.6316010865656985,0.03668262648559484,0.0360179708303916,0.031871500983656556
2007-03-12,99.12772369384766,4.59640915694294,0.001490696862836316,4.6316010865656985,0.03519192962275852,0.03457989424185348,0.031195388068918264
2007-03-13,97.20132446289062,4.576784337534984,-0.019624819407956018,4.6316010865656985,0.05481674903071454,0.053341391832848584,0.03590154156723131
2007-03-14,97.9254913330078,4.584206896981307,0.007422559446323085,4.6316010865656985,0.047394189584391455,0.04628861960845754,0.035706771587555634
2007-03-15,98.05905151367188,4.585569863666334,0.0013629666850265565,4.6316010865656985,0.0460312228993649,0.044987856522844316,0.03519032186230803
2007-03-16,97.7844696044922,4.5827657669310335,-0.0028040967353000212,4.6316010865656985,0.04883531963466492,0.04766205185308592,0.03526796329214569
2007-03-19,98.9632797241211,4.594748869452201,0.01198310252116741,4.6316010865656985,0.03685221711349751,0.03618143928625461,0.03707434936458864
2007-03-20,99.50679779052734,4.600225961333663,0.0054770918814623926,4.6316010865656985,0.03137512523203512,0.030888033470017784,0.03739542376869309
2007-03-21,101.14439392089844,4.616549138656153,0.01632317732248989,4.6316010865656985,0.015051947909545227,0.014939233573686428,0.040750516608138325
2007-03-22,101.06678009033205,4.615781487365296,-0.0007676512908574296,4.6316010865656985,0.015819599200402656,0.01569512657436789,0.0407507762648781
2007-03-23,101.21502685546876,4.617247232544423,0.0014657451791268983,4.6316010865656985,0.014353854021275758,0.014251328589874435,0.04058474401859168
2007-03-26,101.08091735839844,4.615921358046663,-0.0013258744977600045,4.6316010865656985,0.015679728519035763,0.015557441552224605,0.04059678726301367
2007-03-27,100.8409194946289,4.613544220630279,-0.002377137416384123,4.6316010865656985,0.018056865935419886,0.017894817559543363,0.020668090033326064
2007-03-28,100.10678100585938,4.6062374263430454,-0.0073067942872331315,4.6316010865656985,0.025363660222653017,0.025044704907486226,0.02003002343402784
2007-03-29,100.212646484375,4.607294393105559,0.0010569667625137669,4.6316010865656985,0.02430669346013925,0.02401366477404865,0.01993177547396218
2007-03-30,100.23384857177734,4.607505941703359,0.0002115485977993714,4.6316010865656985,0.02409514486233988,0.023807174392755037,0.01774315243319192
2007-04-02,100.3467788696289,4.608631975769804,0.0011260340664458468,4.6316010865656985,0.022969110795894032,0.02270732890016769,0.016606423432438427
2007-04-03,101.42679595947266,4.619337316201922,0.010705340432117794,4.6316010865656985,0.012263770363776239,0.012188876803781779,0.014423884643801073
2007-04-04,101.53972625732422,4.620450113605867,0.0011127974039446542,4.6316010865656985,0.011150972959831584,0.011089031311193431,0.014426817913055267
2007-04-05,101.81503295898438,4.6231577647168525,0.002707651110985587,4.6316010865656985,0.008443321848845997,0.008407777115813198,0.013626022448224074
2007-04-09,101.9561538696289,4.624542856843,0.001385092126147569,4.6316010865656985,0.007058229722698428,0.007033378921218025,0.013649179008349195
2007-04-10,102.076171875,4.625719317668762,0.001176460825761616,4.6316010865656985,0.005881768896936812,0.005864505157949562,0.01363861873336398
2007-04-11,101.65972137451172,4.6216311712567055,-0.004088146412056126,4.6316010865656985,0.009969915308992938,0.00992038045945609,0.008996519227437138
2007-04-12,102.11146545410156,4.626065015184191,0.004433843927485803,4.6316010865656985,0.005536071381507135,0.005520775577574466,0.00855003297624983
2007-04-13,102.5773468017578,4.630617116952789,0.0045521017685974385,4.6316010865656985,0.0009839696129096964,0.0009834856735503328,0.008787718775572243
2007-04-16,103.55145263671876,4.640068616103591,0.0094514991508019,4.640068616103591,0.0,0.0,0.009814214034550524
2007-04-17,103.82676696777344,4.642723808084001,0.0026551919804100876,4.642723808084001,0.0,0.0,0.008093750794642841
2007-04-18,103.95377349853516,4.643946314737362,0.0012225066533613216,4.643946314737362,0.0,0.0,0.007734600231340937
2007-04-19,103.92554473876952,4.643674726777785,-0.00027158795957671344,4.643946314737362,0.00027158795957671344,0.00027155108290533025,0.004378308522032007
2007-04-20,104.90670776367188,4.6530714577208325,0.00939673094304716,4.6530714577208325,0.0,0.0,0.005483445247318986
2007-04-23,104.5114517211914,4.649296651249497,-0.0037748064713358787,4.6530714577208325,0.0037748064713358787,0.0037676908455736013,0.005635914759889394
2007-04-24,104.55377197265624,4.6497015033936755,0.00040485214417884663,4.6530714577208325,0.003369954327157032,0.0033642824042360298,0.005615829882032326
2007-04-25,105.51380157470705,4.658841764973188,0.009140261579512199,4.658841764973188,0.0,0.0,0.006597289235046046
2007-04-26,105.6337661743164,4.659978075599888,0.0011363106267001655,4.659978075599888,0.0,0.0,0.005940853919509601
2007-04-27,105.549072265625,4.659175984730595,-0.0008020908692927264,4.659978075599888,0.0008020908692927264,0.0008017692803983234,0.005934883674431454
2007-04-30,104.6737289428711,4.650848168940353,-0.008327815790242,4.659978075599888,0.009129906659534726,0.009088355610278875,0.006808161488571316
2007-05-01,104.94200897216795,4.65340790208302,0.00255973314266722,4.659978075599888,0.006570173516867506,0.0065486371186171954,0.006874743429711508
2007-05-02,105.55606842041016,4.659242265966239,0.005834363883218785,4.659978075599888,0.0007358096336487208,0.0007355389921245292,0.005859630580455332
2007-05-03,106.12787628173828,4.664644747036801,0.005402481070562182,4.664644747036801,0.0,0.0,0.006211781474515348
2007-05-04,106.53022003173828,4.66842870106487,0.0037839540280684147,4.66842870106487,0.0,0.0,0.00629981683721654
2007-05-07,106.5513916015625,4.6686274190089625,0.00019871794409276333,4.6686274190089625,0.0,0.0,0.006276141545871234
2007-05-08,106.41024017333984,4.667301814507195,-0.0013256045017673301,4.6686274190089625,0.0013256045017673301,0.0013247262762225986,0.006280843452850217
2007-05-09,106.69962310791016,4.670017626041958,0.0027158115347631906,4.670017626041958,0.0,0.0,0.006163193362045128
2007-05-10,105.58438873291016,4.659510526374989,-0.010507099666969388,4.670017626041958,0.010507099666969388,0.010452092917630607,0.00730651952216803
2007-05-11,106.48785400390624,4.6680309317339574,0.008520405358968475,4.670017626041958,0.0019866943080009136,0.001984722137113981,0.007960153051983361
2007-05-14,106.25496673583984,4.665841552461059,-0.0021893792728988615,4.670017626041958,0.004176073580899775,0.004167365911130205,0.006894981124061036
2007-05-15,106.28314971923828,4.666106756501009,0.00026520403995000663,4.670017626041958,0.0039108695409497685,0.0039032320503203932,0.006807036762058681
2007-05-16,107.01023864746094,4.6729245181781005,0.006817761677091916,4.6729245181781005,0.0,0.0,0.007373877394336872
2007-05-17,106.7984390258789,4.670943310556725,-0.00198120762137588,4.6729245181781005,0.00198120762137588,0.001979246325015338,0.0074224053319389294
2007-05-18,107.73017120361328,4.679629686096459,0.008686375539734392,4.679629686096459,0.0,0.0,0.0072605528837150065
2007-05-21,107.67375946044922,4.679105909726363,-0.0005237763700955966,4.679629686096459,0.0005237763700955966,0.0005236392231984244,0.007084470123866881
2007-05-22,107.58898162841795,4.678318241261439,-0.0007876684649241739,4.679629686096459,0.0013114448350197705,0.0013105852670418638,0.007090222229901952
2007-05-23,107.6031723022461,4.678450129655969,0.0001318883945300442,4.679629686096459,0.0011795564404897263,0.0011788610372409636,0.0060377821912664335
2007-05-24,106.62905883789062,4.669356071562275,-0.009094058093694457,4.679629686096459,0.010273614534184183,0.010221021218294712,0.007063556894982771
2007-05-25,107.07369232177734,4.673517310695384,0.0041612391331087295,4.679629686096459,0.006112375401075454,0.0060937328373424915,0.007273631168122712
2007-05-29,107.4619598388672,4.677136922979773,0.0036196122843890066,4.679629686096459,0.0024927631166864472,0.0024896587627172284,0.00656486954151172
2007-05-30,108.33728790283205,4.685249396713833,0.008112473734060544,4.685249396713833,0.0,0.0,0.007311545495196049
2007-05-31,108.22431182861328,4.684206034597856,-0.001043362115977331,4.685249396713833,0.001043362115977331,0.0010428180029768974,0.006896360407744986
2007-06-01,108.76079559326172,4.6891509348649665,0.004944900267110697,4.6891509348649665,0.0,0.0,0.006836702393111985
2007-06-04,108.77484893798828,4.689280139849064,0.00012920498409751957,4.689280139849064,0.0,0.0,0.006656502054713379
2007-06-05,108.34434509277344,4.685314535506137,-0.0039656043429268095,4.689280139849064,0.0039656043429268095,0.003957751717588942,0.006854152319903406
2007-06-06,107.17961120605467,4.674506036574163,-0.010808498931973887,4.689280139849064,0.014774103274900696,0.014665501699230754,0.00830398923543233
2007-06-07,105.2455825805664,4.656296500950734,-0.018209535623428863,4.689280139849064,0.03298363889832956,0.0324456102847257,0.012389054832572338
2007-06-08,106.61495208740234,4.669223765379816,0.012927264429081653,4.689280139849064,0.020056374469247906,0.019856583315663867,0.013103664112390258
2007-06-11,106.7984390258789,4.670943310556725,0.0017195451769085324,4.689280139849064,0.018336829292339374,0.018169732538411587,0.012226194166882323
2007-06-12,105.6337661743164,4.659978075599888,-0.010965234956836767,4.689280139849064,0.02930206424917614,0.028876921405449285,0.013680775917213573
2007-06-13,107.21495819091795,4.674835774265589,0.014857698665701413,4.689280139849064,0.014444365583474728,0.014340546204385629,0.01646135496058412
2007-06-14,107.89958190917967,4.6812009974575055,0.006365223191916236,4.689280139849064,0.008079142391558491,0.008046593834458937,0.016386185779749908
2007-06-15,108.5135269165039,4.6868748372511115,0.005673839793606028,4.689280139849064,0.0024053025979524634,0.0024024121755699124,0.01674235343674273
2007-06-18,108.38599395751952,4.685698873623645,-0.0011759636274666363,4.689280139849064,0.0035812662254190997,0.003574861139917229,0.01580906854423417
2007-06-19,108.65530395507812,4.688180522400746,0.0024816487771008866,4.689280139849064,0.001099617448318213,0.001099013090592904,0.015883209955218566
2007-06-20,107.14531707763672,4.674186016602756,-0.013994505797989554,4.689280139849064,0.015094123246307767,0.014980777967161574,0.01834305466880209
2007-06-21,107.74082946777344,4.6797286160140406,0.005542599411284321,4.689280139849064,0.009551523835023445,0.0095060529185782,0.018729912641237596
2007-06-22,106.7270736694336,4.67027486248041,-0.00945375353363076,4.689280139849064,0.019005277368654205,0.018825815788741207,0.01881397433835324
2007-06-25,106.21664428710938,4.665480822394943,-0.004794040085466911,4.689280139849064,0.023799317454121116,0.023518347079822588,0.01888537739450191
2007-06-26,105.12494659423828,4.655149610271469,-0.01033121212347421,4.689280139849064,0.034130529577595325,0.033554653298859205,0.020065145015223506
2007-06-27,106.62074279785156,4.669278078148171,0.014128467876702189,4.689280139849064,0.020002061700893137,0.019803347567641683,0.021751042333384017
2007-06-28,106.60652923583984,4.669144759723213,-0.0001333184249574515,4.689280139849064,0.020135380125850588,0.019934017130968762,0.021737549866530963
2007-06-29,106.6419906616211,4.669477342815703,0.0003325830924891804,4.689280139849064,0.019802797033361408,0.019608009546242422,0.021430847884588863
2007-07-02,107.60616302490234,4.678477923270516,0.009000580454813445,4.689280139849064,0.010802216578547963,0.010744082152227996,0.022451369192494106
2007-07-03,107.99604034423828,4.682094562972822,0.0036166397023063013,4.689280139849064,0.007185576876241662,0.007159822342700073,0.022418030410633002
2007-07-05,107.88265228271484,4.681044083459808,-0.0010504795130144018,4.689280139849064,0.008236056389256063,0.008202232997649106,0.020959956621997254
2007-07-06,108.44973754882812,4.686286817249929,0.005242733790121079,4.689280139849064,0.0029933225991349843,0.0029888470757192254,0.017128284903658978
2007-07-09,108.53477478027344,4.687070626517108,0.0007838092671788033,4.689280139849064,0.002209513331956181,0.0022070741541700967,0.015030387314642714
2007-07-10,106.98937225341795,4.672729504794466,-0.014341121722641681,4.689280139849064,0.016550635054597862,0.01641442577951302,0.017584545116409982
2007-07-11,107.74789428710938,4.679794186213867,0.007064681419400642,4.689280139849064,0.00948595363519722,0.009441103903204628,0.01669842927473725
2007-07-12,109.4493408203125,4.695461801294843,0.015667615080976027,4.695461801294843,0.0,0.0,0.01700993847856626
2007-07-13,109.77537536621094,4.698436235856291,0.0029744345614481915,4.698436235856291,0.0,0.0,0.016610911531501866
2007-07-16,109.76123046875,4.69830737445364,-0.0001288614026506707,4.698436235856291,0.0001288614026506707,0.0001288531003766913,0.01620549578694745
2007-07-17,109.70449829101562,4.69779037182805,-0.0005170026255907345,4.698436235856291,0.0006458640282414052,0.0006456555029653588,0.01619143924284541
2007-07-18,109.50604248046876,4.695979730204093,-0.0018106416239564993,4.698436235856291,0.0024565056521979045,0.0024534909112695624,0.01615514925755813
2007-07-19,109.93135833740234,4.699856155899426,0.0038764256953331966,4.699856155899426,0.0,0.0,0.013876823351440732
2007-07-20,108.818359375,4.689680064441647,-0.010176091457779535,4.699856155899426,0.010176091457779535,0.010124490220399851,0.014794511958392096
2007-07-23,109.1515884399414,4.692737635706749,0.003057571265101977,4.699856155899426,0.007118520192677558,0.0070932435408253,0.01378620056409052
2007-07-24,107.25875854492188,4.675244219228258,-0.017493416478490786,4.699856155899426,0.024611936671168344,0.0243115325135681,0.01735246424092627
2007-07-25,107.47853088378906,4.67729111491354,0.0020468956852823794,4.699856155899426,0.022565040985885965,0.022312354643021615,0.016060407799804485
2007-07-26,104.93350982666016,4.65332690983046,-0.023964205083080614,4.699856155899426,0.04652924606896658,0.045463356282770095,0.02078124376088834
2007-07-27,102.87061309814452,4.633472015056592,-0.019854894773867926,4.699856155899426,0.0663841408428345,0.06422867274674182,0.02574815207664292
2007-07-30,104.47977447509766,4.648993506979636,0.015521491923044195,4.699856155899426,0.05086264891979031,0.04959079870160954,0.028782308936689746
2007-07-31,103.30303192138672,4.637666726337531,-0.011326780642105128,4.699856155899426,0.06218942956189544,0.060295137950282185,0.0293781063776938
2007-08-01,103.80636596679688,4.642527298011125,0.004860571673594549,4.699856155899426,0.05732885788830089,0.05571651677228007,0.029510974313342726
2007-08-02,104.63574981689452,4.6504852696907015,0.007957971679576126,4.699856155899426,0.04937088620872476,0.048171955669414124,0.030295019469518198
2007-08-03,101.94190979003906,4.62440313918843,-0.026082130502271816,4.699856155899426,0.07545301671099658,0.07267670179096619,0.038520189521205804
2007-08-06,103.6504135131836,4.641023828388385,0.016620689199955407,4.699856155899426,0.05883232751104117,0.057135151600157696,0.04199316472288471
2007-08-07,104.75628662109376,4.651636572477226,0.010612744088841275,4.699856155899426,0.048219583422199896,0.04707548232438952,0.040820893039763
2007-08-08,106.21664428710938,4.665480822394943,0.013844249917716489,4.699856155899426,0.03437533350448341,0.03379121395818374,0.042606987545817765
2007-08-09,103.06908416748048,4.635399483470081,-0.030081338924861534,4.699856155899426,0.06445667242934494,0.06242326369569706,0.05091558868957097
2007-08-10,102.58705139160156,4.630711720011959,-0.004687763458122163,4.699856155899426,0.0691444358874671,0.06680811605419801,0.05108099979208596
2007-08-13,102.95568084716795,4.634298612594122,0.003586892582163159,4.699856155899426,0.06555754330530394,0.06345484669464863,0.051242899625585495
2007-08-14,101.38184356689452,4.6188940175986755,-0.015404594995446885,4.699856155899426,0.08096213830075083,0.07777139207420247,0.05422953124184737
2007-08-15,99.98529052734376,4.605023080442039,-0.013870937156636565,4.699856155899426,0.0948330754573874,0.09047525620061914,0.05661249962071064
2007-08-16,100.73674011230467,4.612510580376662,0.007487499934622832,4.699856155899426,0.08734557552276456,0.08363963080377346,0.05712955295736481
2007-08-17,102.58705139160156,4.630711720011959,0.01820113963529746,4.699856155899426,0.0691444358874671,0.06680811605419801,0.05999893390536274
2007-08-20,102.53738403320312,4.630227454358614,-0.0004842656533448064,4.699856155899426,0.06962870154081191,0.06725991942631604,0.05988409462225383
2007-08-21,102.74299621582033,4.632230687703437,0.0020032333448227746,4.699856155899426,0.06762546819598914,0.06538955062775964,0.05607881050142667
2007-08-22,103.96229553222656,4.644028290447426,0.011797602743988556,4.699856155899426,0.05582786545200058,0.05429809014872233,0.05777973047326426
2007-08-23,103.8701400756836,4.643141465806093,-0.0008868246413324954,4.699856155899426,0.056714690093333076,0.055136390138249225,0.05055367246503891
2007-08-24,105.15325164794922,4.655418825569283,0.012277359763189999,4.699856155899426,0.04443733033014308,0.04346445601798288,0.04748578309008411
2007-08-27,104.1750030517578,4.646072206603048,-0.009346618966235454,4.699856155899426,0.05378394929637853,0.0523631780112922,0.04555095952982823
2007-08-28,101.88518524169922,4.623846544396207,-0.02222566220684108,4.699856155899426,0.07600961150321961,0.07319270149476109,0.05015857920013801
2007-08-29,103.88430786132812,4.643277855527778,0.01943131113157115,4.699856155899426,0.05657830037164846,0.05500751166482043,0.05461835796088993
2007-08-30,103.60785675048828,4.640613164309801,-0.0026646912179764115,4.699856155899426,0.05924299158962487,0.05752227283052258,0.05390987591292116
2007-08-31,104.62867736816406,4.65041767627477,0.00980451196496901,4.699856155899426,0.04943847962465586,0.048236290803969184,0.04654959754692556
2007-09-04,105.68492889404295,4.660462298926269,0.010044622651498969,4.699856155899426,0.03939385697315689,0.03862800849168224,0.04434015144451716
2007-09-05,104.7705078125,4.651772318279728,-0.008689980646541251,4.699856155899426,0.048083837619698144,0.046946118040883444,0.043872507818946686
2007-09-06,105.01153564453124,4.654070207404245,0.002297889124516672,4.699856155899426,0.04578594849518147,0.0447535877594738,0.04152408250586586
2007-09-07,103.55113983154295,4.640065595328504,-0.014004612075741107,4.699856155899426,0.05979056057092258,0.05803820313287844,0.03259373432514887
2007-09-10,103.35263061523438,4.638146739265231,-0.0019188560632725782,4.699856155899426,0.06170941663419516,0.059843959191120066,0.032363241042787254
2007-09-11,104.55780792236328,4.649740104313908,0.011593365048677029,4.699856155899426,0.05011605158551813,0.04888096077687365,0.03389464900871172
2007-09-12,104.82713317871094,4.6523126427540005,0.002572538440092309,4.699856155899426,0.04754351314542582,0.046431020555803726,0.03098803573756698
2007-09-13,105.56446838378906,4.659321841013845,0.0070091982598441405,4.699856155899426,0.04053431488558168,0.03972378782230923,0.02918278286686174
2007-09-14,105.55736541748048,4.659254553171716,-6.7287842128394e-05,4.699856155899426,0.04060160272771007,0.03978840056262356,0.02847645045888403
2007-09-17,104.99028778076172,4.653867848553303,-0.005386704618413063,4.699856155899426,0.045988307346123136,0.044946870768897584,0.024667912751926722
2007-09-18,108.0810775756836,4.6828816637695585,0.029013815216255345,4.699856155899426,0.01697449212986779,0.016831237143816735,0.03527165645019474
2007-09-19,108.71910095214844,4.688767500420806,0.0058858366512470894,4.699856155899426,0.011088655478620701,0.011027402950240739,0.03565759607876179
2007-09-20,107.95350646972656,4.681700638783685,-0.00706686163712078,4.699856155899426,0.018155517115741482,0.017991698616197205,0.03453313557521666
2007-09-21,108.24478912353516,4.68439522829703,0.0026945895133447806,4.699856155899426,0.015460927602396701,0.015342021051815702,0.034614712444448664
2007-09-24,108.04537963867188,4.682551320712105,-0.0018439075849245867,4.699856155899426,0.017304835187321288,0.017155966479937557,0.03275830949302818
2007-09-25,107.83171081542967,4.680571778625763,-0.001979542086342434,4.699856155899426,0.019284377273663722,0.019099623198763904,0.03170695668275045
2007-09-26,108.4014892578125,4.6858418274518785,0.005270048826115925,4.699856155899426,0.014014328447547797,0.013916584882853522,0.025832752944373177
2007-09-27,109.0425796508789,4.691738444948483,0.005896617496604861,4.699856155899426,0.008117710950942936,0.008084851310538599,0.021513400439050933
2007-09-28,108.67933654785156,4.68840167990068,-0.0033367650478037802,4.699856155899426,0.011454475998746716,0.011389123253695121,0.021564221552434197
2007-10-01,109.90445709228516,4.699611416476973,0.011209736576293317,4.699856155899426,0.0002447394224533994,0.0002447094762040303,0.021936296266841415
2007-10-02,109.7548828125,4.698249541284523,-0.0013618751924502348,4.699856155899426,0.0016066146149036342,0.0016053247005340943,0.020688395540684357
2007-10-03,109.53397369384766,4.696234763179511,-0.0020147781050114943,4.699856155899426,0.0036213927199151286,0.0036148433855883733,0.019788044487091528
2007-10-04,109.70498657226562,4.697794822695342,0.001560059515830936,4.699856155899426,0.0020613332040841925,0.002059210115843091,0.019752178477022497
2007-10-05,111.00847625732422,4.70960656107545,0.011811738380107961,4.70960656107545,0.0,0.0,0.019038867329540833
2007-10-08,110.417236328125,4.704266247817126,-0.005340313258323626,4.70960656107545,0.005340313258323626,0.005326079134973183,0.01935181273706974
2007-10-09,111.45721435546876,4.713640789504196,0.009374541687069637,4.713640789504196,0.0,0.0,0.01876560931257282
2007-10-10,111.27201080322266,4.711977751393245,-0.0016630381109514758,4.713640789504196,0.0016630381109514758,0.0016616560293298832,0.018717070858405148
2007-10-11,110.73784637451172,4.707165663621388,-0.00481208777185671,4.713640789504196,0.006475125882808186,0.0064542074294341445,0.018389815197231107
2007-10-12,111.35037231445312,4.712681737339036,0.005516073717648062,4.713640789504196,0.0009590521651601236,0.0009585924216167774,0.01877313922145196
2007-10-15,110.41014099121094,4.704201986428864,-0.008479750910171724,4.713640789504196,0.009438803075331847,0.009394397395563692,0.01931354804099378
2007-10-16,109.53397369384766,4.696234763179511,-0.007967223249353061,4.713640789504196,0.01740602632468491,0.017255416553722536,0.009506655219559254
2007-10-17,109.8687973022461,4.699286902100096,0.003052138920584646,4.713640789504196,0.014353887404100263,0.014251361496948833,0.009187528453767094
2007-10-18,109.46989440917967,4.695649574552007,-0.0036373275480885425,4.713640789504196,0.017991214952188805,0.01783033927217148,0.008724977644269908
2007-10-19,106.6065673828125,4.669145117552758,-0.026504456999249193,4.713640789504196,0.044495671951438,0.043520260224575225,0.017484818039333144
2007-10-22,107.22628021240234,4.6749413698271445,0.005796252274386404,4.713640789504196,0.038699419677051594,0.03796016406414715,0.017865294509440143
2007-10-23,108.09523010253906,4.683012598810754,0.008071228983609124,4.713640789504196,0.03062819069344247,0.03016389986391943,0.018636744004911707
2007-10-24,107.8957977294922,4.681165925532479,-0.00184667327827448,4.713640789504196,0.03247486397171695,0.03195321762320591,0.0183297675282565
2007-10-25,108.1522445678711,4.6835399063942535,0.0023739808617744274,4.713640789504196,0.030100883109942522,0.029652363076804966,0.017962675187364642
2007-10-26,109.42005157470705,4.695194159981822,0.011654253587568775,4.713640789504196,0.018446629522373748,0.018277531809332892,0.01953373927117348
2007-10-29,109.78331756591795,4.698508582795548,0.003314422813725848,4.713640789504196,0.0151322067086479,0.015018290195305761,0.018088862047599536
2007-10-30,109.02120971679688,4.691542447857794,-0.006966134937754553,4.713640789504196,0.022098341646402453,0.021855961973917593,0.018676933429932572
2007-10-31,110.15373992919922,4.7018770257286935,0.010334577870899864,4.713640789504196,0.01176376377550259,0.011694841233986453,0.019971509958794043
2007-11-01,107.57527923583984,4.678190874453015,-0.023686151275678746,4.713640789504196,0.035449915051181335,0.03482892643672553,0.027009869663467724
2007-11-02,107.69640350341795,4.679316189950333,0.0011253154973180912,4.713640789504196,0.034324599553863244,0.033742193125844144,0.025267909223213418
2007-11-05,106.87723541259766,4.671680843179449,-0.007635346770883622,4.713640789504196,0.041959946324746866,0.04109181239954818,0.02564313186335758
2007-11-06,108.31605529785156,4.685053391383523,0.013372548204073631,4.713640789504196,0.028587398120673235,0.02818264457605335,0.026789013835066176
2007-11-07,105.35299682617188,4.657316586225977,-0.027736805157545952,4.713640789504196,0.05632420327821919,0.054767361310760654,0.036447728608889986
2007-11-08,104.81877899169922,4.652232944686629,-0.005083641539347816,4.713640789504196,0.061407844817567,0.05956039187017248,0.03648158761335425
2007-11-09,103.37998962402344,4.638411419400539,-0.013821525286090264,4.713640789504196,0.07522937010365727,0.07246928588834811,0.038505242012245616
2007-11-12,102.35426330566406,4.628439965423119,-0.009971453977419387,4.713640789504196,0.08520082408107665,0.08167215646331172,0.038852040870703576
2007-11-13,105.47410583496094,4.65846548046758,0.030025515044460604,4.713640789504196,0.05517530903661605,0.05368076490253881,0.04941153270369282
2007-11-14,105.1820068359375,4.6556922479937946,-0.0027732324737854697,4.713640789504196,0.05794854151040152,0.05630149251279404,0.049391061059868
2007-11-15,103.66485595703124,4.641163156706149,-0.014529091287645457,4.713640789504196,0.07247763279804698,0.06991345013868255,0.05188415176847141
2007-11-16,103.8429183959961,4.64287935729887,0.001716200592721151,4.713640789504196,0.07076143220532582,0.06831586455398486,0.043069936474453945
2007-11-19,102.39703369140624,4.62885774432847,-0.014021612970400277,4.713640789504196,0.0847830451757261,0.08128841830881439,0.04512385100673237
2007-11-20,103.02381896972656,4.634960213628251,0.006102469299780644,4.713640789504196,0.07868057587594546,0.07566486776572123,0.04477225297426868
2007-11-21,100.91549682617188,4.614283501554271,-0.020676712073979253,4.713640789504196,0.09935728794992471,0.09458084512749754,0.050116117346187365
2007-11-23,102.66058349609376,4.631428240888591,0.017144739334320036,4.713640789504196,0.08221254861560467,0.07892383557442995,0.053748776747729696
2007-11-26,100.39551544189452,4.609117539346632,-0.022310701541959688,4.713640789504196,0.10452325015756436,0.09924614550562261,0.05830929353302885
2007-11-27,101.54940795898438,4.620545457964932,0.011427918618299948,4.713640789504196,0.09309533153926441,0.08889336104243206,0.059816403792543923
2007-11-28,104.79735565185548,4.6520285392389775,0.031483081274045865,4.713640789504196,0.06161225026521855,0.05975260320407039,0.0716938866613123
2007-11-29,104.8329849243164,4.652368464010421,0.0003399247714437337,4.713640789504196,0.061272325493774815,0.059432935494205474,0.0703496184797272
2007-11-30,105.8871612548828,4.662374010648624,0.010005546638202745,4.713640789504196,0.05126677885557207,0.049974809910657614,0.0645419912157911
2007-12-03,105.18911743164062,4.65575984848536,-0.006614162163264048,4.713640789504196,0.05788094101883612,0.05623769587348049,0.06507724937332457
2007-12-04,104.2489776611328,4.646782054022987,-0.008977794462373012,4.713640789504196,0.06685873548120913,0.06467267943147093,0.06535825801434643
2007-12-05,105.99402618408205,4.663382735770023,0.016600681747036106,4.713640789504196,0.050258053734173025,0.04901601213505147,0.06657740363569735
2007-12-06,107.51119995117188,4.677595027733072,0.014212291963048962,4.713640789504196,0.03604576177112406,0.03540384915517403,0.05942890555513785
2007-12-07,107.48979949951172,4.677395954688896,-0.00019907304417632332,4.713640789504196,0.036244834815300386,0.0355958551350819,0.05910377791171968
2007-12-10,108.32313537597656,4.6851187542396655,0.007722799550769821,4.713640789504196,0.028522035264530565,0.02811912174205955,0.05744822701472813
2007-12-11,105.35299682617188,4.657316586225977,-0.027802168013688622,4.713640789504196,0.05632420327821919,0.054767361310760654,0.06593471322788161
2007-12-12,106.39289855957033,4.667138831818959,0.00982224559298217,4.713640789504196,0.046501957685237016,0.04543730816514846,0.05579101965840858
2007-12-13,106.17211151123048,4.665061470849103,-0.0020773609698556683,4.713640789504196,0.048579318655092685,0.04741822119636474,0.05574848974750088
2007-12-14,104.8259048461914,4.652300924988962,-0.012760545860141193,4.713640789504196,0.06133986451523388,0.05949645832819961,0.055140376413751684
2007-12-17,103.33011627197266,4.637928875474567,-0.01437204951439508,4.713640789504196,0.07571191402962896,0.07291675223082938,0.05770586824465076
2007-12-18,103.90704345703124,4.643496686539267,0.005567811064699946,4.713640789504196,0.07014410296492901,0.06774053112755807,0.05561924385563303
2007-12-19,103.90704345703124,4.643496686539267,0.0,4.713640789504196,0.07014410296492901,0.06774053112755807,0.05515001819804299
2007-12-20,104.56237030029295,4.649783738342619,0.006287051803352206,4.713640789504196,0.0638570511615768,0.061860904159924957,0.0502612257352092
2007-12-21,106.0697021484375,4.664096445447418,0.014312707104799038,4.713640789504196,0.04954434405677777,0.048337043395405455,0.049138710607816605
2007-12-24,106.8572998046875,4.67149429767853,0.007397852231111557,4.713640789504196,0.04214649182566621,0.04127067572414678,0.0435564168684875
2007-12-26,107.08647918701172,4.673636724731705,0.0021424270531751333,4.713640789504196,0.04000406477249108,0.03921446623022151,0.041968724507106786
2007-12-27,105.7402801513672,4.6609859002398375,-0.012650824491867496,4.713640789504196,0.05265488926435857,0.05129263491072589,0.031496347325186594
2007-12-28,105.475341796875,4.65847719855386,-0.002508701685977499,4.713640789504196,0.05516359095033607,0.05366967578712212,0.0315741905699538
2007-12-31,104.69483947753906,4.6510498280040675,-0.007427370549792478,4.713640789504196,0.06259096150012855,0.060672383721726675,0.031007881928862696
2008-01-02,103.77825164794922,4.642256427082994,-0.008793400921073946,4.713640789504196,0.0713843624212025,0.06889605802482346,0.031430949087686254
2008-01-03,103.7281265258789,4.641773308217092,-0.0004831188659011332,4.713640789504196,0.07186748128710363,0.06934578326118623,0.03041831997910393
2008-01-04,101.18611907958984,4.616961584200467,-0.024811724016625014,4.713640789504196,0.09667920530372864,0.09215280801044856,0.03470281155815987
2008-01-07,101.10018157958984,4.6161119220642775,-0.000849662136189977,4.713640789504196,0.09752886743991862,0.09292384378858942,0.03216684336273425
2008-01-08,99.46759796142578,4.599831942500631,-0.01627997956364613,4.713640789504196,0.11380884700356475,0.1075714700333773,0.035505819479633556
2008-01-09,100.5130386352539,4.6102874567481456,0.01045551424751423,4.713640789504196,0.10335333275605052,0.09819172122237663,0.03613173891014395
2008-01-10,101.17179107666016,4.616819973695175,0.0065325169470291655,4.713640789504196,0.09682081580902135,0.09228135960769157,0.026930125625807294
2008-01-11,100.35550689697266,4.60871895063724,-0.00810102305793503,4.713640789504196,0.10492183886695639,0.09960510427875591,0.026541416458621143
2008-01-14,101.16464233398438,4.616749311753,0.008030361115760165,4.713640789504196,0.09689147775119622,0.09234549850365392,0.027299574473856603
2008-01-15,98.9376983642578,4.594490342584341,-0.022258969168658993,4.713640789504196,0.11915044691985521,0.11232575714015858,0.03149071471416868
2008-01-16,98.08562469482422,4.585840818573992,-0.008649524010349019,4.713640789504196,0.12779997093020423,0.11997060699901207,0.029830771289522065
2008-01-17,95.54362487792967,4.559582948187541,-0.02625787038645111,4.713640789504196,0.15405784131665534,0.14277756329694502,0.0381275592779834
2008-01-18,94.56260681152344,4.549262121081562,-0.01032082710597848,4.713640789504196,0.16437866842263382,0.15157930907965822,0.0394697046270923
2008-01-22,93.6030731201172,4.539063215424457,-0.010198905657105684,4.713640789504196,0.1745775740797395,0.1601882959178369,0.0402822868955211
2008-01-23,95.85152435302734,4.5628003728918225,0.023737157467365932,4.713640789504196,0.15084041661237357,0.1400150729828078,0.04480063505105189
2008-01-24,96.6606674194336,4.571206571208262,0.008406198316439628,4.713640789504196,0.14243421829593395,0.13275539875637654,0.045001428052576474
2008-01-25,95.26435089111328,4.556655668181399,-0.014550903026862905,4.713640789504196,0.15698512132279685,0.14528322422191398,0.04761137674633576
2008-01-28,96.83965301513672,4.573056548989674,0.016400880808275176,4.713640789504196,0.14058424051452167,0.13114953056078116,0.04898409043647226
2008-01-29,97.3194351196289,4.5779987135379026,0.004942164548228156,4.713640789504196,0.13564207596629352,0.12684490023903194,0.04921254615550622
2008-01-30,96.60334777832033,4.570613396708237,-0.007385316829665811,4.713640789504196,0.14302739279595933,0.13326967359667907,0.049204697255028046
2008-01-31,98.3648910522461,4.588683942141036,0.01807054543279918,4.713640789504196,0.12495684736316015,0.11746501452537239,0.05234487823227749
2008-02-01,99.94735717773438,4.60464361915345,0.015959677012413742,4.713640789504196,0.10899717035074641,0.10326704506561801,0.05555129960220241
2008-02-04,98.68708038330078,4.591954040032668,-0.012689579120781502,4.713640789504196,0.12168674947152791,0.11457431487064096,0.04982338709897856
2008-02-05,96.04480743408205,4.564814826681709,-0.027139213350959146,4.713640789504196,0.14882596282248706,0.13828092699528816,0.059094655791074924
2008-02-06,95.27153778076172,4.556731106879084,-0.008083719802624678,4.713640789504196,0.15690968262511173,0.14521874306930316,0.056578546560883014
2008-02-07,95.90164947509766,4.563323181690356,0.006592074811271331,4.713640789504196,0.1503176078138404,0.1395653477464457,0.05574868122981458
2008-02-08,95.28580474853516,4.556880846244787,-0.006442335445568936,4.713640789504196,0.15675994325940934,0.14509073908269743,0.0557339380747727
2008-02-11,95.77275848388672,4.561978286333579,0.0050974400887922044,4.713640789504196,0.15166250317061714,0.1407217645109976,0.055234440317780464
2008-02-12,96.6606674194336,4.571206571208262,0.00922828487468319,4.713640789504196,0.14243421829593395,0.13275539875637654,0.05549493954797326
2008-02-13,97.6488037109375,4.581377406463596,0.010170835255333799,4.713640789504196,0.13226338304060015,0.12388978788301996,0.050555540232855106
2008-02-14,96.78955841064452,4.572539120805766,-0.008838285657829736,4.713640789504196,0.14110166869842988,0.1315989819918244,0.050597133182678916
2008-02-15,96.76809692382812,4.572317362726839,-0.00022175807892743649,4.713640789504196,0.14132342677735732,0.13179153558237022,0.0419103582672941
2008-02-19,97.04017639160156,4.5751250823546865,0.00280771962784776,4.713640789504196,0.13851570714950956,0.1293504242613418,0.04066754236599358
2008-02-20,97.32658386230467,4.578072167315343,0.002947084960656099,4.713640789504196,0.13556862218885346,0.12678076134307015,0.039466354543844645
2008-02-21,96.5174331665039,4.569723646604038,-0.008348520711304985,4.713640789504196,0.14391714290015845,0.13404050402083123,0.033245043477145325
2008-02-22,97.11175537109376,4.575862432553424,0.006138785949386438,4.713640789504196,0.137778356950772,0.1287082138857628,0.03282950206438843
2008-02-25,98.33624267578124,4.588392653767405,0.012530221213981285,4.713640789504196,0.12524813573679072,0.1177220492685298,0.03214000064054257
2008-02-26,99.07379150390624,4.595864941211605,0.007472287444199921,4.713640789504196,0.1177758482925908,0.11110472232033619,0.029454262613897463
2008-02-27,98.9735107421875,4.594852246071084,-0.0010126951405213802,4.713640789504196,0.11878854343311218,0.11200444659837983,0.029159429682823458
2008-02-28,98.0068359375,4.585037230702128,-0.00981501536895557,4.713640789504196,0.12860355880206775,0.12067750388119047,0.029686004120253896
2008-02-29,95.82284545898438,4.562501126891586,-0.022536103810542052,4.713640789504196,0.1511396626126098,0.14027238153128407,0.031970779290534324
2008-03-03,95.5937271118164,4.560107201919348,-0.002393924972238004,4.713640789504196,0.1535335875848478,0.14232804341457195,0.028833626079579254
2008-03-04,95.2285385131836,4.556279671172129,-0.0038275307472188658,4.713640789504196,0.15736111833206667,0.1456045347636925,0.026989295703894238
2008-03-05,95.83000183105467,4.562575807462992,0.006296136290862897,4.713640789504196,0.15106498204120378,0.14020817418399234,0.01820841153303568
2008-03-06,93.84654998779295,4.541661001438257,-0.020914806024735277,4.713640789504196,0.17197978806593905,0.1580038086319865,0.022896652106618134
2008-03-07,92.87986755371094,4.5313069113949815,-0.010354090043275477,4.713640789504196,0.18233387810921453,0.1666769343661273,0.023699923908484546
2008-03-10,91.65538787841795,4.518035760101907,-0.013271151293074546,4.713640789504196,0.19560502940228908,0.17766303053203147,0.025396133018680093
2008-03-11,94.94927978515624,4.553342852028434,0.035307091926527256,4.713640789504196,0.16029793747576182,0.14811005878600236,0.040775779263782785
2008-03-12,94.06138610839844,4.543947612836117,-0.009395239192317106,4.713640789504196,0.16969317666807893,0.156076287637964,0.04081495616346486
2008-03-13,94.2690200805664,4.546152610536661,0.0022049977005442756,4.713640789504196,0.16748817896753465,0.1542133846992112,0.03957279933932499
2008-03-14,92.80827331542967,4.530535787924265,-0.015616822612396497,4.713640789504196,0.18310500157993115,0.16731928164436582,0.0416614995140595
2008-03-17,91.8702392578125,4.5203771385883815,-0.010158649335883396,4.713640789504196,0.19326365091581454,0.1757353726353491,0.042961176658076326
2008-03-18,95.68679809570312,4.561080338009711,0.04070319942132983,4.713640789504196,0.15256045149448472,0.14149300564312817,0.063736902793738
2008-03-19,93.31668090820312,4.535998879741924,-0.025081458267787404,4.713640789504196,0.17764190976227212,0.16275782193344934,0.0715538702060633
2008-03-20,95.0451202392578,4.554351728734467,0.01835284899254308,4.713640789504196,0.15928906076972904,0.14725017318186495,0.0749196989838209
2008-03-24,96.94490814208984,4.574142859856498,0.019791131122031125,4.713640789504196,0.13949792964769792,0.13020517601574944,0.07938015162859967
2008-03-25,97.03844451904295,4.57510723523118,0.0009643753746821915,4.713640789504196,0.13853355427301572,0.12936596271319178,0.07741358868861871
2008-03-26,95.85111236572266,4.562796074700501,-0.012311160530678933,4.713640789504196,0.15084471480369466,0.14001876935461355,0.07861978157255754
2008-03-27,95.54884338378906,4.559637565786112,-0.003158508914389735,4.713640789504196,0.1540032237180844,0.14273074258740537,0.07873255947420206
2008-03-28,94.6349639892578,4.550027005968358,-0.009610559817753384,4.713640789504196,0.16361378353583778,0.1509301166684469,0.0786825164740061
2008-03-31,94.96597290039062,4.553518647442877,0.0034916414745183033,4.713640789504196,0.16012214206131947,0.14796028727654076,0.0724368928478669
2008-04-01,98.30491638183594,4.5880740399597935,0.03455539251691686,4.713640789504196,0.1255667495444026,0.1180031104284236,0.08741003071570808
2008-04-02,98.36968994140624,4.588732727556765,0.000658687596971852,4.713640789504196,0.12490806194743076,0.1174219586389692,0.08723090757509977
2008-04-03,98.61434173583984,4.5912167047415675,0.0024839771848021996,4.713640789504196,0.12242408476262856,0.1152269298483396,0.08680917058691462
2008-04-04,98.50642395019533,4.590121763819938,-0.0010949409216296502,4.713640789504196,0.12351902568425821,0.11619517390744805,0.08131266987249103
2008-04-07,98.55682373046876,4.590633272505251,0.0005115086853129114,4.713640789504196,0.1230075169989453,0.11574298442321529,0.0799651560749283
2008-04-08,98.4560775756836,4.589610535792082,-0.0010227367131685483,4.713640789504196,0.12403025371211385,0.11664688423237335,0.07775918000006224
2008-04-09,97.74368286132812,4.582348571317602,-0.0072619644744804646,4.713640789504196,0.1312922181865943,0.12303852714642816,0.06271661188533889
2008-04-10,97.88038635253906,4.583746185772842,0.001397614455240337,4.713640789504196,0.12989460373135397,0.12181201622022719,0.061629015249565426
2008-04-11,95.98063659667967,4.564146469005308,-0.019599716767533693,4.713640789504196,0.14949432049888767,0.13885667112969358,0.06640802996916793
2008-04-14,95.65682220458984,4.560767018011779,-0.0033794509935294315,4.713640789504196,0.1528737714924171,0.14176195091765842,0.06347897777960161
2008-04-15,95.87992095947266,4.563096585196556,0.0023295671847769484,4.713640789504196,0.15054420430764015,0.1397602971335321,0.06224705973903231
2008-04-16,98.47765350341795,4.589829654454005,0.026733069257448783,4.713640789504196,0.12381113505019137,0.11645330387188102,0.050376682253799036
2008-04-17,98.62155151367188,4.5912898129138835,0.001460158459878791,4.713640789504196,0.12235097659031258,0.11516224334173908,0.04247714392880288
2008-04-18,99.6506118774414,4.601670186905295,0.010380373991411673,4.713640789504196,0.1119706025989009,0.10592945953568111,0.039590800164339794
2008-04-21,99.7009735107422,4.602175441320745,0.0005052544154500183,4.713640789504196,0.11146534818345089,0.10547761230809671,0.03465873694211957
2008-04-22,99.26201629638672,4.597762983235138,-0.004412458085607085,4.713640789504196,0.11587780626905797,0.10941595956443062,0.0348923379999433
2008-04-23,99.10372161865234,4.596166994804892,-0.0015959884302461091,4.713640789504196,0.11747379469930408,0.11083618775378368,0.033014717568705686
2008-04-24,99.53546905517578,4.600514053559512,0.004347058754619937,4.713640789504196,0.11312673594468414,0.10696252700404973,0.033127118908504054
2008-04-25,100.45657348632812,4.60972552950138,0.009211475941867775,4.713640789504196,0.10391526000281637,0.09869832951374902,0.03303247311411816
2008-04-28,100.4781265258789,4.609940057302024,0.00021452780064468158,4.713640789504196,0.10370073220217169,0.09850495450724639,0.03287943933520064
2008-04-29,100.08238983154295,4.605993745085612,-0.0039463122164127284,4.713640789504196,0.10764704441858441,0.10205552498062875,0.018030317009401945
2008-04-30,99.49225616455078,4.6000798136438785,-0.0059139314417331335,4.713640789504196,0.11356097586031755,0.107350235335672,0.018465530027815594
2008-05-01,101.5503921508789,4.620555149672103,0.020475336028224156,4.713640789504196,0.09308563983209339,0.08888453082089587,0.02367020248727296
2008-05-02,101.83097076416016,4.623314289322462,0.0027591396503590104,4.713640789504196,0.09032650018173438,0.08636716471854222,0.023751018332725842
2008-05-05,101.34165954589844,4.61849757593399,-0.004816713388471783,4.713640789504196,0.09514321357020616,0.0907572907511307,0.02404005082554315
2008-05-06,102.21961975097656,4.627123633424944,0.008626057490953798,4.713640789504196,0.08651715607925237,0.08288018553048448,0.024964423081448146
2008-05-07,100.3990249633789,4.609152495690341,-0.01797113773460257,4.713640789504196,0.10448829381385494,0.09921465789394457,0.02836926644088589
2008-05-08,100.13990783691406,4.606568286558995,-0.002584209131345716,4.713640789504196,0.10707250294520065,0.10153947040575206,0.028428799055315715
2008-05-09,99.95281982421876,4.60469827289681,-0.0018700136621854213,4.713640789504196,0.10894251660738608,0.10321803391352702,0.023632584532303873
2008-05-12,101.07542419433594,4.615867012345492,0.011168739448682352,4.713640789504196,0.09777377715870372,0.09314596835358124,0.025060417185675445
2008-05-13,101.08979034423828,4.61600913521227,0.0001421228667775054,4.713640789504196,0.09763165429192622,0.09301707449968977,0.02499229296275042
2008-05-14,101.29849243164062,4.618071528929095,0.0020623937168249284,4.713640789504196,0.09556926057510129,0.09114458837477424,0.01604120855933796
2008-05-15,102.5649871826172,4.6304966189657035,0.012425090036608744,4.713640789504196,0.08314417053849255,0.07978153073601624,0.017959568635430426
2008-05-16,102.65858459472656,4.63140876972683,0.0009121507611267177,4.713640789504196,0.08223201977736583,0.07894176982282097,0.01661237480602947
2008-05-19,102.93917846679688,4.634138313493295,0.00272954376646517,4.713640789504196,0.07950247601090066,0.07642426681780756,0.01670303340810331
2008-05-20,102.1044464111328,4.625996273792715,-0.008142039700580028,4.713640789504196,0.08764451571148069,0.08391352680417219,0.017293003512123442
2008-05-21,100.37740325927734,4.6089371147875475,-0.017059159005167857,4.713640789504196,0.10470367471664854,0.09940864896241497,0.020927696870989356
2008-05-22,100.39178466796876,4.60908037789345,0.00014326310590284663,4.713640789504196,0.1045604116107457,0.0992796182058634,0.020689854287706932
2008-05-23,99.046142578125,4.595585828197674,-0.01349454969577657,4.713640789504196,0.11805496130652227,0.11135278993929798,0.021915224226755535
2008-05-27,99.78013610839844,4.602969126516932,0.0073832983192581025,4.713640789504196,0.11067166298726416,0.10476736131076136,0.022601509332618803
2008-05-28,100.24072265625,4.607574519822101,0.004605393305169514,4.713640789504196,0.10606626968209465,0.10063495453462723,0.02267252630168104
2008-05-29,100.74439239501952,4.612586540667566,0.005012020845464704,4.713640789504196,0.10105424883662995,0.09611600309947677,0.02254836297668998
2008-05-30,100.99626159667967,4.615083502261967,0.00249696159440127,4.713640789504196,0.09855728724222867,0.0938562193509177,0.017344505416553767
2008-06-02,99.95281982421876,4.60469827289681,-0.0103852293651574,4.713640789504196,0.10894251660738608,0.10321803391352702,0.018607531147248748
2008-06-03,99.36996459960938,4.598849900994939,-0.005848371901871374,4.713640789504196,0.11479088850925745,0.10844744170000231,0.018746165495301278
2008-06-04,99.319580078125,4.598342732662089,-0.0005071683328496945,4.713640789504196,0.11529805684210714,0.10889949428157641,0.017811854728996903
2008-06-05,101.30564880371094,4.618142172816526,0.019799440154437242,4.713640789504196,0.0954986166876699,0.0910803810274824,0.018681960819805783
2008-06-06,98.0746841430664,4.585729271525214,-0.03241290129131258,4.713640789504196,0.12791151797898248,0.12006876620585283,0.0318353280392074
2008-06-09,98.31211853027344,4.588147300635746,0.0024180291105322382,4.713640789504196,0.12549348886845024,0.11793849237315335,0.03186493695160842
2008-06-10,97.8227996826172,4.583157675460357,-0.004989625175388923,4.713640789504196,0.13048311404383917,0.12232868685707099,0.03060689774493927
2008-06-11,96.38362884521484,4.568336361937451,-0.014821313522905832,4.713640789504196,0.145304427566745,0.13524100344173273,0.0333745020539404
2008-06-12,96.75060272216795,4.572136561576977,0.0038001996395262694,4.713640789504196,0.14150422792721873,0.13194849448145407,0.033502871477099315
2008-06-13,97.97391510009766,4.584701270792416,0.012564709215438619,4.713640789504196,0.1289395187117801,0.12097287136899915,0.033546833573258064
2008-06-16,98.031494140625,4.585288795824574,0.0005875250321576431,4.713640789504196,0.12835199367962247,0.12045626918348529,0.033540699473078146
2008-06-17,97.55654907226562,4.580432200359102,-0.004856595465471791,4.713640789504196,0.13320858914509426,0.12471750136218163,0.03374401446338978
2008-06-18,96.60668182373048,4.570647908844251,-0.009784291514851162,4.713640789504196,0.14299288065994542,0.13323976036558516,0.034114952792908035
2008-06-19,96.72901916503906,4.571913452217884,0.001265543373633271,4.713640789504196,0.14172733728631215,0.132142143293276,0.030468345138151578
2008-06-20,95.1589584350586,4.555548739967737,-0.01636471225014713,4.713640789504196,0.15809204953645928,0.1462288108908807,0.03384241450033037
2008-06-23,95.06492614746094,4.554560091297638,-0.000988648670098513,4.713640789504196,0.1590806982065578,0.14707247352987063,0.031560233889564276
2008-06-24,94.87693786621094,4.552580660974506,-0.001979430323132192,4.713640789504196,0.16106012852968998,0.14875911429455435,0.030922737523759774
2008-06-25,95.32528686523438,4.5572951150780385,0.004714454103532439,4.713640789504196,0.15634567442615754,0.14473650345131628,0.030935544541747347
2008-06-26,92.73623657226562,4.5297592977243974,-0.02753581735364108,4.713640789504196,0.18388149177979862,0.16796559909972852,0.040172615684906474
2008-06-27,92.22998046875,4.524285245480827,-0.005474052243570782,4.713640789504196,0.1893555440233694,0.172507755535659,0.040471619112500454
2008-06-30,92.55540466308594,4.527807434538506,0.0035221890576790926,4.713640789504196,0.1858333549656903,0.1695880325171203,0.0392689847300684
2008-07-01,92.84471130371094,4.530928326604146,0.003120892065640035,4.713640789504196,0.18271246290005028,0.16699235809354862,0.03896074479869139
2008-07-02,91.25369262695312,4.51364345878852,-0.01728486781562566,4.713640789504196,0.19999733071567594,0.18126706149393657,0.04272196368833254
2008-07-03,91.34766387939452,4.514672709200839,0.0010292504123192714,4.713640789504196,0.19896808030335666,0.18042394646558446,0.037795886915707226
2008-07-07,90.41474151611328,4.5044073239721945,-0.010265385228644952,4.713640789504196,0.20923346553200162,0.18879417506564533,0.0258861396592358
2008-07-08,92.02022552490234,4.5220083955491654,0.017601071576970995,4.713640789504196,0.19163239395503062,0.17438968794407816,0.02971592044330207
2008-07-09,90.24840545654295,4.502565928985362,-0.01944246656380333,4.713640789504196,0.21107486051883395,0.190286550956539,0.03416514609164313
2008-07-10,90.61722564697266,4.506644323530573,0.004078394545210529,4.713640789504196,0.20699646597362342,0.1869774767744642,0.03160686688242199
2008-07-11,89.56138610839844,4.49492426847991,-0.011720055050663092,4.713640789504196,0.21871652102428651,0.1964505247478936,0.03315563586336
2008-07-14,88.7513656616211,4.485838815973711,-0.009085452506198521,4.713640789504196,0.22780197353048504,0.20371807087724492,0.032206522335990646
2008-07-15,87.500244140625,4.471641583538248,-0.014197232435463114,4.713640789504196,0.24199920596594815,0.21494319908658543,0.03474184674784639
2008-07-16,89.64813995361328,4.495892451967673,0.0242508684294247,4.713640789504196,0.21774833753652345,0.1956721646774715,0.041854774808678316
2008-07-17,90.54493713378906,4.505846270384037,0.009953818416364335,4.713640789504196,0.20779451912015912,0.18762605312370806,0.041896936180469725
2008-07-18,91.1090316772461,4.512056939607014,0.006210669222976861,4.713640789504196,0.20158384989718225,0.18256496715705195,0.04236276841376995
2008-07-21,91.15962982177734,4.512612143616467,0.0005552040094531918,4.713640789504196,0.20102864588772906,0.18211099793824614,0.03899232441399112
2008-07-22,92.19380950927734,4.523892986326617,0.011280842710149841,4.713640789504196,0.18974780317757922,0.17283228328993538,0.040583452238325116
2008-07-23,92.69280242919922,4.529290825859423,0.005397839532806259,4.713640789504196,0.18434996364477296,0.16835529251991233,0.04090120568126927
2008-07-24,90.76911163330078,4.508319047482829,-0.020971778376593697,4.713640789504196,0.20532174202136666,0.18561474770208908,0.04616283225713065
2008-07-25,90.74739837646484,4.508079804706089,-0.00023924277674058914,4.713640789504196,0.20556098479810725,0.1858095601865164,0.03660996585427223
2008-07-28,89.41674041748047,4.493307917641767,-0.014771887064322087,4.713640789504196,0.22033287186242934,0.19774829350835,0.038981832687666605
2008-07-29,91.32598114013672,4.514435316014128,0.02112739837236166,4.713640789504196,0.19920547349006767,0.18061848514469292,0.0444497431301197
2008-07-30,92.95315551757812,4.53209566213966,0.017660346125532023,4.713640789504196,0.18154512736453565,0.16601939089268802,0.04825680614077126
2008-07-31,91.72374725341795,4.518781312512952,-0.0133143496267083,4.713640789504196,0.19485947699124395,0.1770497066176011,0.04672597229806131
2008-08-01,91.23920440673828,4.513484677592311,-0.005296634920640919,4.713640789504196,0.20015611191188487,0.1813970505691047,0.047066109109959606
2008-08-04,90.39301300048828,4.504166974593511,-0.00931770299879986,4.713640789504196,0.20947381491068473,0.18898912445273186,0.046832271446504765
2008-08-05,92.83023071289062,4.530772348735593,0.02660537414208175,4.713640789504196,0.18286844076860298,0.16712227871738694,0.051847678925044216
2008-08-06,93.24246215820312,4.535203220492042,0.004430871756448518,4.713640789504196,0.17843756901215446,0.16342371646911624,0.04733213021735651
2008-08-07,91.85388946533205,4.520199156603791,-0.015004063888250485,4.713640789504196,0.19344163290040495,0.1758820638349725,0.04995908696916987
2008-08-08,93.56066131591795,4.538610010052668,0.018410853448877162,4.713640789504196,0.17503077945152778,0.16056881685983704,0.05249924488167065
2008-08-11,94.52976989746094,4.548914810259581,0.010304800206912823,4.713640789504196,0.16472597924461496,0.1518739236028399,0.052797152478451875
2008-08-12,93.5461883544922,4.538455307416393,-0.010459502843188417,4.713640789504196,0.17518548208780338,0.1606986690323451,0.05163593384379315
2008-08-13,92.98211669921876,4.532407181105692,-0.006048126310700397,4.713640789504196,0.18123360839850378,0.16575954964501127,0.044686721518633524
2008-08-14,93.68362426757812,4.539923406282123,0.007516225176431135,4.713640789504196,0.17371738322207264,0.15946558677848932,0.044150152280578
2008-08-15,94.13922119140624,4.544774763062275,0.004851356780151583,4.713640789504196,0.16886602644192106,0.15537794717200226,0.043960689235757744
2008-08-18,92.8519287109375,4.531006059914017,-0.013768703148257622,4.713640789504196,0.18263472959017868,0.16692760313561894,0.04634547781540609
2008-08-19,91.83943176269533,4.520041745299233,-0.01096431461478442,4.713640789504196,0.1935990442049631,0.17601177910482124,0.046256758477688606
2008-08-20,92.2661361694336,4.524677185450136,0.004635440150902781,4.713640789504196,0.18896360405406032,0.1721833646840426,0.04616037646319912
2008-08-21,92.42523956298828,4.526400096791079,0.0017229113409431562,4.713640789504196,0.18724069271311716,0.1707558806537377,0.04065610344686764
2008-08-22,93.76317596435548,4.540772198594983,0.014372101803903803,4.713640789504196,0.17286859090921336,0.15875184476333648,0.0432580043686276
2008-08-25,91.8611297607422,4.520277977545535,-0.020494221049447425,4.713640789504196,0.19336281195866079,0.1758171035230528,0.04580074042580745
2008-08-26,92.12872314453124,4.523186763744774,0.002908786199238733,4.713640789504196,0.19045402575942205,0.17341624158390956,0.04028312577292944
2008-08-27,93.02550506591795,4.532873703574765,0.009686939829991026,4.713640789504196,0.18076708592943103,0.16537026693280565,0.03753568289568247
2008-08-28,94.15373229980467,4.544928896375903,0.01205519280113787,4.713640789504196,0.16871189312829316,0.15524775274284508,0.037133185566061246
2008-08-29,93.14116668701172,4.5341162636408185,-0.010812632735084371,4.713640789504196,0.17952452586337753,0.1643325447740147,0.03825280499934519
2008-09-02,92.56265258789062,4.5278857405116355,-0.006230523129183041,4.713640789504196,0.18575504899256057,0.16952300375387086,0.03764800284839214
2008-09-03,92.48307037353516,4.527025604778819,-0.0008601357328164028,4.713640789504196,0.18661518472537697,0.17023701957434267,0.02873846599139996
2008-09-04,89.69873809814453,4.496456700940651,-0.03056890383816846,4.713640789504196,0.21718408856354543,0.19521819545866492,0.04026526423394818
2008-09-05,89.98080444335938,4.499596363619332,0.0031396626786817095,4.713640789504196,0.21404442588486372,0.19268748134701297,0.037552932145970566
2008-09-08,91.83943176269533,4.520041745299233,0.02044538167990062,4.713640789504196,0.1935990442049631,0.17601177910482124,0.038549013898212435
2008-09-09,89.11296081542969,4.489904787595249,-0.03013695770398428,4.713640789504196,0.22373600190894738,0.2004738201044296,0.04865481003378901
2008-09-10,89.47457122802734,4.493954464553738,0.0040496769584894565,4.713640789504196,0.21968632495045792,0.1972294324289543,0.04748299344893132
2008-09-11,90.76911163330078,4.508319047482829,0.014364582929091263,4.713640789504196,0.20532174202136666,0.18561474770208908,0.049621987225723904
2008-09-12,91.1885757446289,4.512929623275834,0.004610575793004834,4.713640789504196,0.20071116622836183,0.18185129359322927,0.04917801070555074
2008-09-15,86.84934997558594,4.464175008209893,-0.04875461506594103,4.713640789504196,0.24946578129430286,0.22078305583164282,0.07883181873355974
2008-09-16,88.30299377441406,4.480774011615168,0.016599003405274537,4.713640789504196,0.23286677788902832,0.20774088707447247,0.07991478530211953
2008-09-17,84.3326187133789,4.434768726269108,-0.04600528534605974,4.713640789504196,0.27887206323508806,0.24336330132549155,0.10506778837060464
2008-09-18,86.83488464355469,4.4640084377425575,0.029239711473449503,4.713640789504196,0.24963235176163856,0.22091283955282126,0.11556955348349508
2008-09-19,90.28341674804688,4.50295379735688,0.03894535961432233,4.713640789504196,0.21068699214731623,0.18997242780438295,0.13464308839469682
2008-09-22,88.23947143554688,4.480054384849642,-0.022899412507237926,4.713640789504196,0.23358640465455416,0.2083108128458505,0.1386476932594242
2008-09-23,86.23188018798828,4.457039949063624,-0.023014435786017806,4.713640789504196,0.25660084044057196,0.2263230273011282,0.14002929785180077
2008-09-24,86.50830078125,4.460240372122717,0.0032004230590931826,4.713640789504196,0.2534004173814788,0.2238429671734804,0.1400517469014148
2008-09-25,87.86124420166016,4.475758799631751,0.01551842750903365,4.713640789504196,0.23788198987244513,0.2117042875174895,0.14190375524386398
2008-09-26,87.90487670898438,4.476255283345386,0.0004964837136354205,4.713640789504196,0.2373855061588097,0.21131281436273186,0.14007573240869073
2008-09-29,81.01651763916016,4.394653055354395,-0.0816022279909916,4.713640789504196,0.3189877341498013,0.27311553489238105,0.22250506579770815
2008-09-30,84.36979675292969,4.435209479177711,0.04055642382331648,4.713640789504196,0.2784313103264848,0.24302973799569083,0.24274071739311034
2008-10-01,84.42066192626953,4.435812181193899,0.0006027020161880614,4.713640789504196,0.27782860831029677,0.24257337298034354,0.2427359724377526
2008-10-02,81.35836029052734,4.3988635977826345,-0.036948583411264835,4.713640789504196,0.3147771917215616,0.27004850461225083,0.24816329560907585
2008-10-03,80.260009765625,4.385271486513632,-0.01359211126900206,4.713640789504196,0.32836930299056366,0.2799029633949671,0.25036688449743993
2008-10-06,76.1720962524414,4.332995204715493,-0.05227628179813948,4.713640789504196,0.38064558478870314,0.31657993883189206,0.279533314180621
2008-10-07,72.7606430053711,4.287175190957918,-0.04582001375757461,4.713640789504196,0.42646559854627775,0.3471876771178162,0.29454290593838767
2008-10-08,70.9276351928711,4.261660134645108,-0.025515056312809925,4.713640789504196,0.45198065485908767,0.3636335197947559,0.3025390954496272
2008-10-09,65.97412872314453,4.189262676135373,-0.07239745850973556,4.713640789504196,0.5243781133688232,0.40807664084682527,0.3659807349744982
2008-10-10,64.37387084960938,4.164707818629826,-0.024554857505546757,4.713640789504196,0.54893297087437,0.4224342388075234,0.373309948560979
2008-10-13,73.72081756591797,4.300285222890941,0.13557740426111486,4.713640789504196,0.4133555666132551,0.3385729403679396,0.5749631212659954
2008-10-14,72.62969970703125,4.285373925051237,-0.014911297839703685,4.713640789504196,0.4282668644529588,0.3483625072900669,0.5742930518701174
2008-10-15,65.47948455810547,4.181736880726464,-0.10363704432477316,4.713640789504196,0.531903908777732,0.4125146143588987,0.6829573503953104
2008-10-16,68.20720672607422,4.222550229736982,0.04081334901051825,4.713640789504196,0.4910905597672137,0.3880413473412134,0.6931730363983983
2008-10-17,67.79986572265625,4.216560214452593,-0.005990015284389472,4.713640789504196,0.4970805750516032,0.39169603228712346,0.6745141909183892
2008-10-20,71.87322998046875,4.274903872455585,0.05834365800299235,4.713640789504196,0.43873691704861084,0.35514959353600406,0.7107971425519072
2008-10-21,69.7274398803711,4.244593925807319,-0.03030994664826636,4.713640789504196,0.4690468636968772,0.3744017353781115,0.7156989030539347
2008-10-22,65.93047332763672,4.188600752344648,-0.05599317346267085,4.713640789504196,0.5250400371595481,0.40846831935557193,0.7550738119138956
2008-10-23,66.69424438476562,4.200118658115314,0.011517905770666026,4.713640789504196,0.513522131388882,0.4016157251870778,0.7537110029823546
2008-10-24,63.31187057495117,4.1480728403989895,-0.05204581771632455,4.713640789504196,0.5655679491052066,0.43196256122971466,0.7878383631179602
2008-10-27,61.064239501953125,4.111926416634965,-0.03614642376402433,4.713640789504196,0.6017143728692309,0.4521284256467969,0.7203986313746767
2008-10-28,68.19995880126953,4.222443960762277,0.11051754412731185,4.713640789504196,0.49119682874191906,0.3881063761044623,0.8535718623617845
2008-10-29,67.70530700683594,4.21516456690255,-0.007279393859726646,4.713640789504196,0.4984762226016457,0.39254441806786544,0.8542349540598677
2008-10-30,70.04750061035156,4.249173592065833,0.0340090251632823,4.713640789504196,0.4644671974383634,0.37153013364437615,0.8516067953632331
2008-10-31,70.43301391601562,4.254662100913078,0.005488508847244944,4.713640789504196,0.45897868859111846,0.36807128795284016,0.8496585611950117
2008-11-03,70.63665008544922,4.257549132824814,0.0028870319117366705,4.713640789504196,0.4560916566793818,0.36624425351086876,0.8153301801592353
2008-11-04,73.03706359863281,4.2909670328311496,0.033417900006335266,4.713640789504196,0.4226737566730465,0.34470761699016805,0.8029479381483576
2008-11-05,69.96747589111328,4.248030503948382,-0.04293652888276789,4.713640789504196,0.4656102855558144,0.37224811964197246,0.8179737835629295
2008-11-06,66.09048461914062,4.191024782170572,-0.05700572177780927,4.713640789504196,0.5226160073336237,0.40703268961702854,0.7928778635538549
2008-11-07,68.27262878417969,4.223508936389459,0.03248415421888673,4.713640789504196,0.49013185311473695,0.38745437718873166,0.7985765820811587
2008-11-10,67.37797546386719,4.2103181909830285,-0.013190745406430615,4.713640789504196,0.5033225985211676,0.3954812539188389,0.569165398630422
2008-11-11,65.29763793945312,4.178955863184856,-0.031362327798172274,4.713640789504196,0.5346849263193398,0.41414615180314507,0.5787571335312834
2008-11-12,62.42446517944336,4.133957268719339,-0.04499859446551735,4.713640789504196,0.5796835207848572,0.43992440919657294,0.46893851402974657
2008-11-13,66.31600189208984,4.194431223908642,0.060473955189302764,4.713640789504196,0.5192095655955544,0.40500933676137585,0.4940297734944178
2008-11-14,63.0063705444336,4.1432358410321894,-0.0511953828764522,4.713640789504196,0.5704049484720066,0.43470352360064957,0.5266018689983852
2008-11-17,62.169883728027344,4.129870698053139,-0.013365142979050226,4.713640789504196,0.5837700914510568,0.44220852739285355,0.4859623911811573
2008-11-18,63.34099197387695,4.148532702084749,0.01866200403160967,4.713640789504196,0.5651080874194472,0.4317012825041142,0.478775068042211
2008-11-19,59.282135009765625,4.082307996023587,-0.0662247060611616,4.713640789504196,0.6313327934806088,0.4681175610517413,0.49453106839488903
2008-11-20,54.88144302368164,4.00517527723524,-0.07713271878834771,4.713640789504196,0.7084655122689565,0.5076008014281687,0.5678226747395779
2008-11-21,57.841915130615234,4.057713688135954,0.05253841090071454,4.713640789504196,0.655927101368242,0.4810392896942419,0.568471794965042
2008-11-24,61.84977722167969,4.1247084969189896,0.06699480878303543,4.713640789504196,0.5889322925852065,0.44508053983456697,0.608561724672175
2008-11-25,62.3080940246582,4.132091337493493,0.007382840574503113,4.713640789504196,0.5815494520107034,0.44096849732902954,0.4553504972373792
2008-11-26,64.71572875976562,4.170004274895133,0.037912937401640256,4.713640789504196,0.5436365146090631,0.41936707162473363,0.4727939529553205
2008-11-28,65.53041076660156,4.182514321406574,0.01251004651144072,4.713640789504196,0.5311264680976224,0.4120577017329138,0.4601925350919573
2008-12-01,59.72586441040039,4.089765166282532,-0.09274915512404203,4.713640789504196,0.6238756232216645,0.46413639748865776,0.5682032888823595
2008-12-02,62.0244026184082,4.127527898228109,0.03776273194557778,4.713640789504196,0.5861128912760867,0.443513791573915,0.5860661699136102
2008-12-03,63.51552963256836,4.151284437141253,0.023756538913144,4.713640789504196,0.5623563523629427,0.4301353214337543,0.5791061453773687
2008-12-04,62.0462532043457,4.127880126335851,-0.023404310805402062,4.713640789504196,0.5857606631683447,0.4433177469655528,0.562779270149735
2008-12-05,63.95927047729492,4.158246481979738,0.030366355643886678,4.713640789504196,0.5553943075244581,0.42615405519367633,0.5334523069697283
2008-12-08,66.19231414794922,4.192564355718629,0.034317873738890725,4.713640789504196,0.5210764337855673,0.40611906971904854,0.5349957588710179
2008-12-09,65.10124206542969,4.175943628378593,-0.016620727340035835,4.713640789504196,0.5376971611256032,0.4159082259331973,0.5362841443139932
2008-12-10,65.54496765136719,4.182736436116462,0.0067928077378693885,4.713640789504196,0.5309043533877338,0.41192709659577886,0.5244722318777431
2008-12-11,63.966552734375,4.158360333224235,-0.024376102892227358,4.713640789504196,0.5552804562799611,0.4260887183994435,0.5064456750708318
2008-12-12,64.73027801513672,4.1702290675449,0.011868734320665375,4.713640789504196,0.5434117219592958,0.419236534938928,0.4621411468073547
2008-12-15,63.82832336425781,4.15619703171724,-0.014032035827660216,4.713640789504196,0.557443757786956,0.427328919591592,0.43159787490754253
2008-12-16,66.83245086669922,4.202188754001803,0.04599172228456272,4.713640789504196,0.5114520355023933,0.4003757293489185,0.455999179452851
2008-12-17,66.18502807617188,4.192454275373121,-0.009734478628681487,4.713640789504196,0.5211865141310748,0.4061844407389459,0.45280494941702626
2008-12-18,64.948486328125,4.173594437658356,-0.01885983771476507,4.713640789504196,0.5400463518458398,0.417278758457162,0.4020267199173505
2008-12-19,64.66912078857422,4.1692838200138995,-0.004310617644456727,4.713640789504196,0.5443569694902965,0.41978524079808766,0.3272976963889596
2008-12-22,63.84049224853516,4.156387663771838,-0.01289615624206153,4.713640789504196,0.5572531257323581,0.42721973972066407,0.29461362683463616
2008-12-23,63.18053817749024,4.145996313499898,-0.010391350271939714,4.713640789504196,0.5676444760042978,0.4331408824197821,0.23942154136777924
2008-12-24,63.54718399047852,4.151782684938147,0.005786371438248672,4.713640789504196,0.5618581045660491,0.42985131686668165,0.23915663593713715
2008-12-26,63.91382598876953,4.157535707130383,0.005753022192235946,4.713640789504196,0.5561050823738132,0.4265617855392462,0.2214625371053753
2008-12-29,63.73051452636719,4.154663482828324,-0.00287222430205869,4.713640789504196,0.5589773066758719,0.4282064656388014,0.2195945670552842
2008-12-30,65.24107360839844,4.178089233908005,0.0234257510796807,4.713640789504196,0.5355515555961912,0.4146536499618044,0.11811870352682095
2008-12-31,66.17234802246094,4.192262672092315,0.014173438184309717,4.713640789504196,0.5213781174118814,0.40629820684896645,0.10268197009405414
2009-01-02,68.16695404052734,4.221959902559318,0.029697230467003344,4.713640789504196,0.4916808869448781,0.3884024965568982,0.10668312978316435
2009-01-05,68.08626556396484,4.220775512403561,-0.001184390155756887,4.713640789504196,0.492865277100635,0.3891264378201814,0.09979900658180578
2009-01-06,68.54092407226562,4.227430998588809,0.006655486185247916,4.713640789504196,0.4862097909153871,0.3850472177272517,0.0887384738418206
2009-01-07,66.48766326904297,4.197016415700585,-0.030414582888224295,4.713640789504196,0.5166243738036114,0.4034691818423267,0.08555483681007899
2009-01-08,66.75901794433594,4.201089388444814,0.00407297274422902,4.713640789504196,0.5125514010593823,0.40103457339762294,0.08228312748383804
2009-01-09,65.32907104492188,4.179437129325906,-0.021652259118908113,4.713640789504196,0.5342036601782905,0.4138641323246347,0.08760887139249543
2009-01-12,63.75983428955078,4.155123435506669,-0.02431369381923698,4.713640789504196,0.5585173539975274,0.427943407178628,0.08757058396052708
2009-01-13,63.87717056274414,4.156962029359337,0.0018385938526686019,4.713640789504196,0.5566787601448588,0.4268906599529605,0.08583825498008177
2009-01-14,61.86793518066406,4.1250020354715895,-0.03195999388774773,4.713640789504196,0.5886387540326066,0.4449176256697962,0.09622749904601703
2009-01-15,61.889915466308594,4.125357249880384,0.00035521440879460187,4.713640789504196,0.588283539623812,0.4447204173888283,0.06957708354407302
2009-01-16,62.37389755249024,4.133146879406312,0.007789629525928099,4.713640789504196,0.5804939100978839,0.44037810461006033,0.06914765354420786
2009-01-20,59.08142852783203,4.078916636921163,-0.05423024248514885,4.713640789504196,0.6347241525830327,0.46991831018309393,0.10172149763347954
2009-01-21,61.63327407836914,4.121201888313514,0.042285251392351064,4.713640789504196,0.5924389011906817,0.4470230174441371,0.12401670700003362
2009-01-22,60.68000793457031,4.105614285241205,-0.015587603072309442,4.713640789504196,0.6080265042629911,0.45557577151493756,0.12498265479890827
2009-01-23,60.9439811706543,4.109955100774766,0.0043408155335606935,4.713640789504196,0.6036856887294304,0.4532073897317529,0.12385952253858874
2009-01-26,61.36195755004883,4.116790059256261,0.006834958481495512,4.713640789504196,0.5968507302479349,0.4494572836321922,0.12402627803267083
2009-01-27,61.98526382446289,4.126896676544066,0.010106617287804376,4.713640789504196,0.5867441129601305,0.44386494689545863,0.12489626328575894
2009-01-28,64.08247375488281,4.16017090617982,0.03327422963575444,4.713640789504196,0.5534698833243761,0.4250486688954421,0.13874271432194488
2009-01-29,61.999908447265625,4.127132908386995,-0.03303799779282457,4.713640789504196,0.5865078811172006,0.4437335545680311,0.14558128222679
2009-01-30,60.73863983154297,4.1065800660765,-0.02055284231049548,4.713640789504196,0.6070607234276961,0.45504972304592006,0.14837259773794315
2009-02-02,60.55537033081055,4.1035581585650895,-0.0030219075114104044,4.713640789504196,0.6100826309391065,0.45669402666316217,0.13737539872566792
2009-02-03,61.40594482421875,4.11750665170757,0.0139484931424807,4.713640789504196,0.5961341377966258,0.449062627490602,0.13980918550506816
2009-02-04,61.10532379150391,4.112598994812246,-0.004907656895324131,4.713640789504196,0.60104179469195,0.4517598152361707,0.1395545344630546
2009-02-05,62.01460647583008,4.127369945618361,0.014770950806115124,4.713640789504196,0.5862708438858348,0.44360168308129555,0.1306480245697499
2009-02-06,63.78180694580078,4.155467992096258,0.028098046477897043,4.713640789504196,0.5581727974079378,0.4277462673489898,0.14038670454187516
2009-02-09,63.86982727050781,4.15684706317823,0.0013790710819714391,4.713640789504196,0.5567937263259664,0.42695654435783104,0.13450353159429468
2009-02-10,60.9439811706543,4.109955100774766,-0.04689196240346405,4.713640789504196,0.6036856887294304,0.4532073897317529,0.1547605570237895
2009-02-11,61.30331802368164,4.115833969106709,0.005878868331943288,4.713640789504196,0.5978068203974871,0.44998340055253927,0.15515343340920607
2009-02-12,61.347312927246094,4.11655137113082,0.000717402024110747,4.713640789504196,0.5970894183733764,0.4495886759596195,0.1422897589593336
2009-02-13,60.68733215332031,4.1057349802939855,-0.010816390836834167,4.713640789504196,0.6079058092102105,0.4555100582383915,0.14376229744091618
2009-02-17,58.09146499633789,4.062018751110398,-0.04371622918358753,4.713640789504196,0.6516220383937981,0.47880031514992205,0.1670777200510135
2009-02-18,57.95215606689453,4.059617774734623,-0.0024009763757746327,4.713640789504196,0.6540230147695727,0.4800502022052282,0.1300947731942567
2009-02-19,57.32884979248047,4.048803983793517,-0.010813790941106127,4.713640789504196,0.6648368057106788,0.48564253894196174,0.10903885761822235
2009-02-20,56.77154922485352,4.0390353063092,-0.009768677484316868,4.713640789504196,0.6746054831949957,0.49064266899948805,0.10717977411540669
2009-02-23,54.74030685424805,4.002600309264487,-0.03643499704471331,4.713640789504196,0.711040480239709,0.5088670825769465,0.12366896987532021
2009-02-24,56.81554412841797,4.03980995252059,0.03720964325610332,4.713640789504196,0.6738308369836057,0.49024794440656827,0.14052576513723433
2009-02-25,56.36824798583984,4.0319060209973765,-0.007903931523213892,4.713640789504196,0.6817347685068196,0.49426110896630293,0.14002590323580533
2009-02-26,55.45161437988281,4.015510827527352,-0.01639519347002416,4.713640789504196,0.6981299619768437,0.5024851939773782,0.12946241617524457
2009-02-27,54.212364196777344,3.9929090041415582,-0.022601823385794084,4.713640789504196,0.7207317853626378,0.5136038119176505,0.12214601351501429
2009-03-02,51.7704963684082,3.946820418822418,-0.046088585319140396,4.713640789504196,0.7668203706817782,0.5355123787384696,0.14358791697297713
2009-03-03,51.38183975219727,3.939284797817593,-0.007535621004824744,4.713640789504196,0.774355991686603,0.5389994263778568,0.14418835307537967
2009-03-04,52.59912490844727,3.9626994828837376,0.023414685066144525,4.713640789504196,0.7509413066204584,0.5280778798158934,0.14864480947447103
2009-03-05,50.45055389404297,3.9209937258085845,-0.041705757075153116,4.713640789504196,0.7926470636956116,0.5473549721676896,0.17025740144479024
2009-03-06,50.53855514526367,3.9227365132107463,0.0017427874021618273,4.713640789504196,0.7909042762934497,0.5465654203048549,0.16754659107946723
2009-03-09,49.94459533691406,3.91091429777718,-0.01182221543356654,4.713640789504196,0.8027264917270163,0.5518944590017607,0.15935992455920056
2009-03-10,52.92174911499024,3.968814390760076,0.05790009298289611,4.713640789504196,0.7448263987441202,0.5251832784353669,0.20157646308197455
2009-03-11,53.26640701293945,3.975305870051548,0.006491479291471869,4.713640789504196,0.7383349194526483,0.5220909896145642,0.17440183096530543
2009-03-12,55.36362838745117,4.01392285084249,0.038616980790942,4.713640789504196,0.6997179386617063,0.5032746089375533,0.19275637838335552
2009-03-13,55.796268463134766,4.021706993730614,0.007784142888124457,4.713640789504196,0.6919337957735818,0.4993929393822407,0.19351336389032112
2009-03-16,55.62760543823242,4.018679578728486,-0.0030274150021281088,4.713640789504196,0.6949612107757099,0.5009061929287042,0.19215471761915662
2009-03-17,57.32884979248047,4.048803983793517,0.030124405065031112,4.713640789504196,0.6648368057106788,0.48564253894196174,0.17950899330893214
2009-03-18,58.61212158203125,4.070941528127535,0.02213754433401771,4.713640789504196,0.6426992613766611,0.4741289568291156,0.18561125119688515
2009-03-19,57.88615417480469,4.058478222558931,-0.012463305568603644,4.713640789504196,0.6551625669452648,0.48064237465877013,0.18609503967773344
2009-03-20,56.65350341796875,4.036953828773961,-0.021524393784970286,4.713640789504196,0.676686960730235,0.491701782198821,0.19073023277475862
2009-03-23,60.722900390625,4.106320898590607,0.06936706981664553,4.713640789504196,0.6073198909135895,0.45519093813916434,0.23463217797752733
2009-03-24,59.52644348144531,4.086420642082181,-0.019900256508425862,4.713640789504196,0.6272201474220154,0.4659256125709501,0.22217660746649623
2009-03-25,60.15422821044922,4.096911734388208,0.010491092306027738,4.713640789504196,0.6167290551159876,0.46029309490366155,0.22277625260804548
2009-03-26,61.38019561767578,4.117087236180252,0.020175501792043526,4.713640789504196,0.5965535533239441,0.44929365072845917,0.22451818375392496
2009-03-27,60.27239990234375,4.0988742858882485,-0.018212950292003427,4.713640789504196,0.6147665036159475,0.4592328522573881,0.22226113489242705
2009-03-30,58.18968200683594,4.063708053914619,-0.03516623197362989,4.713640789504196,0.6499327355895774,0.4779191069565718,0.21107871269117076
2009-03-31,58.72880554199219,4.072930331203856,0.00922227728923719,4.713640789504196,0.6407104583003402,0.47308206219214044,0.2114348493535082
2009-04-01,59.866188049316406,4.092111872446146,0.019181541242289768,4.713640789504196,0.6215289170580505,0.46287740640649677,0.2091628683543131
2009-04-02,61.61650085449219,4.120929705682923,0.028817833236777446,4.713640789504196,0.592711083821273,0.4471735076925607,0.1977106948288761
2009-04-03,62.22953414916992,4.1308297126005105,0.009900006917587412,4.713640789504196,0.5828110769036856,0.4416733406713158,0.19890735247476934
2009-04-06,61.74205017089844,4.122965225048417,-0.007864487552093458,4.713640789504196,0.5906755644557791,0.4460470726104324,0.19792562834718147
2009-04-07,60.30193328857422,4.099364164389576,-0.023601060658840822,4.713640789504196,0.6142766251146199,0.458967877159982,0.16270345348678922
2009-04-08,60.95186996459961,4.110084535761811,0.010720371372235249,4.713640789504196,0.6035562537423846,0.45313661105680647,0.16362057042977382
2009-04-09,63.3742790222168,4.149058085471358,0.038973549709546695,4.713640789504196,0.564582704032838,0.4314026293524781,0.16396916671136083
2009-04-13,63.38903427124024,4.149290885462251,0.00023279999089265146,4.713640789504196,0.5643499040419453,0.4312702444807692,0.16320637928455692
2009-04-14,62.29598236083984,4.131896935123878,-0.017393950338372655,4.713640789504196,0.581743854380318,0.4410771638149845,0.16690302104596805
2009-04-15,62.96070861816406,4.142510859099242,0.010613923975363981,4.713640789504196,0.571129930404954,0.43511320480911664,0.15688823362654053
2009-04-16,63.88385009765625,4.157066592314199,0.014555733214956845,4.713640789504196,0.5565741971899971,0.4268307308137771,0.15338289473012393
2009-04-17,64.31221008300781,4.163749505642538,0.006682913328338813,4.713640789504196,0.5498912838616583,0.42298746245444596,0.151988419275331
2009-04-20,61.61650085449219,4.120929705682923,-0.04281979995961471,4.713640789504196,0.592711083821273,0.4471735076925607,0.16925338960904499
2009-04-21,62.82035827636719,4.1402791973156186,0.019349491632695504,4.713640789504196,0.5733615921885775,0.43637243547093174,0.11334230649789934
2009-04-22,62.43633270263672,4.134147360780744,-0.006131836534874147,4.713640789504196,0.5794934287234517,0.4398179331531695,0.10882620454628415
2009-04-23,63.04931640625,4.143917220262542,0.009769859481797205,4.713640789504196,0.5697235692416545,0.4343182110655681,0.10864208246644205
2009-04-24,64.00201416015625,4.158914554116904,0.014997333854362083,4.713640789504196,0.5547262353872924,0.4257705566188331,0.10634723375869044
2009-04-27,63.39643478393555,4.149407626170139,-0.009506927946764776,4.713640789504196,0.5642331633340572,0.4312038466909257,0.1033064772788299
2009-04-28,63.19702911376953,4.146257292354395,-0.0031503338157437,4.713640789504196,0.5673834971498009,0.43299292487055874,0.08784956250111602
2009-04-29,64.54115295410156,4.167303050643081,0.021045758288686045,4.713640789504196,0.5463377388611148,0.420933374951742,0.09235876914979836
2009-04-30,64.5633316040039,4.167646627401029,0.00034357675794804976,4.713640789504196,0.5459941621031668,0.4207343869362008,0.08772431930884099
2009-05-01,64.91040802001953,4.173007980960293,0.005361353559263371,4.713640789504196,0.5406328085439034,0.4176203990438718,0.07762260446285235
2009-05-04,67.11865997314453,4.206462097316397,0.03345411635610418,4.713640789504196,0.5071786921877992,0.3978078461652197,0.09048931829176576
2009-05-05,66.88970184326172,4.203045021701661,-0.0034170756147355874,4.713640789504196,0.5105957678025348,0.39986207057058276,0.08985712893214311
2009-05-06,68.0492172241211,4.220231226079385,0.017186204377723335,4.713640789504196,0.49340956342481146,0.389458837477377,0.08656040894644457
2009-05-07,67.1038818359375,4.206241893808587,-0.013989332270798016,4.713640789504196,0.5073988956956095,0.3979404363909177,0.08757817463974885
2009-05-08,68.66960144042969,4.2293066186319015,0.023064724823314897,4.713640789504196,0.4843341708722946,0.38389271759993226,0.07514252846282926
2009-05-11,67.384521484375,4.210415339977166,-0.01889127865473572,4.713640789504196,0.5032254495270303,0.39542252267792566,0.07963853875135571
2009-05-12,67.18514251708984,4.207452129588647,-0.0029632103885184335,4.713640789504196,0.5061886599155487,0.39721136127790413,0.07593705070500961
2009-05-13,65.493896484375,4.181956954854702,-0.025495174733944914,4.713640789504196,0.5316838346494936,0.4123853097970285,0.08270764246726028
2009-05-14,66.05516815185547,4.190490273961101,0.008533319106398984,4.713640789504196,0.5231505155430947,0.40734955082237445,0.08095558935314788
2009-05-15,65.5160140991211,4.182294602821299,-0.00819567113980213,4.713640789504196,0.5313461866828968,0.4121868693921247,0.08123918630860687
2009-05-18,67.37716674804688,4.210306188237797,0.02801158541649773,4.713640789504196,0.5033346012663991,0.39548850975979066,0.06802321828555741
2009-05-19,67.2958984375,4.209099290328411,-0.0012068979093857735,4.713640789504196,0.5045414991757848,0.3962176533241335,0.06332409586466847
2009-05-20,66.84538269042969,4.202382231460656,-0.006717058867755199,4.713640789504196,0.51125855804354,0.4002597043450167,0.06341884106750362
2009-05-21,65.88529205322266,4.187915230759989,-0.014467000700666865,4.713640789504196,0.5257255587442069,0.4088736881302659,0.06485327490023943
2009-05-22,65.74497985839844,4.185783316179393,-0.0021319145805964723,4.713640789504196,0.5278574733248034,0.4101325765354318,0.062076550366940465
2009-05-26,67.42884826660156,4.211072942170566,0.02528962599117346,4.713640789504196,0.5025678473336299,0.39502482045216214,0.06899626251467506
2009-05-27,66.22502899169922,4.1930584729337905,-0.018014469236775632,4.713640789504196,0.5205823165704055,0.4058255504171424,0.07296017839869971
2009-05-28,67.148193359375,4.206902018055935,0.013843545122144363,4.713640789504196,0.5067387714482612,0.3975428710678136,0.06979404787369817
2009-05-29,68.33726501464844,4.224455225614854,0.01755320755891887,4.713640789504196,0.4891855638893423,0.3868744575232119,0.07367481071148349
2009-06-01,69.99158477783203,4.248375017363118,0.02391979174826453,4.713640789504196,0.4652657721410778,0.37203181344000824,0.08052180601017425
2009-06-02,70.05068969726562,4.249219118519923,0.0008441011568045553,4.713640789504196,0.4644216709842732,0.37150152098854705,0.0664291420406733
2009-06-03,69.16445922851562,4.236487135724907,-0.01273198279501564,4.713640789504196,0.47715365377928887,0.37945282745062636,0.0683245219903838
2009-06-04,69.81434631347656,4.245839523226017,0.009352387501110115,4.713640789504196,0.46780126627817875,0.3736220062810943,0.06570500128171516
2009-06-05,69.82910919189453,4.246050959965671,0.0002114367396535144,4.713640789504196,0.46758982953852524,0.37348955295805575,0.06323972671192742
2009-06-08,69.54107666015625,4.2419176090620505,-0.004133350903620325,4.713640789504196,0.47172318044214556,0.37607379600956137,0.0567520252492444
2009-06-09,69.89555358886719,4.247002036184554,0.005084427122503676,4.713640789504196,0.4666387533196419,0.3728934103273891,0.05258105972265443
2009-06-10,69.71832275390625,4.244463163476422,-0.002538872708131912,4.713640789504196,0.4691776260277738,0.3744835347171457,0.052551641983804985
2009-06-11,70.02849578857422,4.248902241907596,0.004439078431174082,4.713640789504196,0.4647385475965997,0.37170064590674756,0.04460988066461202
2009-06-12,70.22052764892578,4.251640684937714,0.002738443030117388,4.713640789504196,0.46200010456648233,0.36997772593730416,0.04378686800885733
2009-06-15,68.61051177978516,4.228445755934346,-0.023194929003367726,4.713640789504196,0.48519503356985005,0.384422873148734,0.049719397904954825
2009-06-16,67.67997741699219,4.214790381624629,-0.013655374309717416,4.713640789504196,0.49885040787956747,0.3927716764825877,0.04218233406286337
2009-06-17,67.6135025024414,4.213807704263685,-0.0009826773609438177,4.713640789504196,0.4998330852405113,0.3933680929185731,0.04217614812098697
2009-06-18,68.10831451416016,4.221099298421702,0.007291594158017389,4.713640789504196,0.4925414910824939,0.3889286134772456,0.042277558786694515
2009-06-19,68.35932922363281,4.224778045788962,0.003678747367259483,4.713640789504196,0.4888627437152344,0.3866764962776168,0.039810971105474206
2009-06-22,66.3094482421875,4.194332394462241,-0.030445651326720835,4.713640789504196,0.5193083950419553,0.40506813645361905,0.05143311817958336
2009-06-23,66.36146545410156,4.195116548473551,0.0007841540113098233,4.713640789504196,0.5185242410306454,0.4046014352874818,0.043382344585307576
2009-06-24,66.93336486816406,4.203697570287263,0.00858102181371212,4.713640789504196,0.5099432192169333,0.3994703236105066,0.04022116628721439
2009-06-25,68.3890609741211,4.225212884559842,0.021515314272579467,4.713640789504196,0.48842790494435384,0.38640974144563767,0.04363910537162198
2009-06-26,68.21083068847656,4.222603359989724,-0.0026095245701185377,4.713640789504196,0.4910374295144724,0.38800883295958943,0.0398426563598541
2009-06-29,68.84953308105469,4.2319234434676405,0.009320083477916796,4.713640789504196,0.4817173460365556,0.3822783614394494,0.03372797109616702
2009-06-30,68.29247283935547,4.223799553173389,-0.00812389029425109,4.713640789504196,0.4898412363308067,0.3872763352800893,0.03455056318921839
2009-07-01,68.5747299194336,4.227924098346113,0.00412454517272387,4.713640789504196,0.4857166911580828,0.38474390988519347,0.03272241012528314
2009-07-02,66.7031021118164,4.20025146026313,-0.027672638082983703,4.713640789504196,0.5133893292410665,0.4015362531932546,0.04126908773119422
2009-07-06,66.69564056396484,4.200139591924498,-0.0001118683386316377,4.713640789504196,0.5135011975796981,0.40160319859373594,0.041268682124976155
2009-07-07,65.40335845947266,4.180573609735979,-0.019565982188519015,4.713640789504196,0.5330671797682172,0.4131976217269998,0.04587704479826936
2009-07-08,65.35881042480469,4.179892250031234,-0.0006813597047452546,4.713640789504196,0.5337485394729624,0.4135973090413255,0.045557166731997674
2009-07-09,65.48503112792969,4.181821584125679,0.0019293340944450676,4.713640789504196,0.5318192053785173,0.4124648502421808,0.04552285007028831
2009-07-10,65.32907104492188,4.179437129325906,-0.002384454799773117,4.713640789504196,0.5342036601782905,0.4138641323246347,0.04534620068320128
2009-07-13,66.9184799194336,4.203475160968729,0.024038031642823476,4.713640789504196,0.510165628535467,0.39960387215482074,0.05253233216060679
2009-07-14,67.29730224609375,4.209120150350859,0.0056449893821302055,4.713640789504196,0.5045206391533368,0.39620505827946206,0.046154982948635785
2009-07-15,69.26545715332031,4.237946328150436,0.028826177799576413,4.713640789504196,0.47569446135376037,0.37854666874758724,0.05427542186396399
2009-07-16,69.1540756225586,4.236336995239575,-0.00160933291086085,4.713640789504196,0.4773037942646212,0.3795459897103961,0.05429588801400456
2009-07-17,69.91163635253906,4.247232106808956,0.010895111569380944,4.713640789504196,0.4664086826952403,0.3727491149243065,0.05512164300937928
2009-07-20,70.65431213378906,4.257799142424217,0.010567035615260956,4.713640789504196,0.4558416470799793,0.3660857886825313,0.05635806915910543
2009-07-21,70.98113250732422,4.2624141023929,0.00461495996868333,4.713640789504196,0.451226687111296,0.3631535390706504,0.0449470073112395
2009-07-22,70.96625518798828,4.262204485018013,-0.00020961737488711663,4.713640789504196,0.4514363044861831,0.3632870191636345,0.04493981323956256
2009-07-23,72.53336334228516,4.28404664003995,0.021842155021936982,4.713640789504196,0.4295941494642461,0.3492268422306375,0.0500232303275626
2009-07-24,72.8304672241211,4.288134373479342,0.004087733439392061,4.713640789504196,0.42550641602485406,0.3465612105480763,0.04440112061450074
2009-07-27,73.0458755493164,4.291087675949993,0.0029533024706509536,4.713640789504196,0.4225531135542031,0.34462855570432327,0.04442521656471461
2009-07-28,72.70421600341797,4.286399374651935,-0.004688301298058306,4.713640789504196,0.4272414148522614,0.34769394315253965,0.04360768084884268
2009-07-29,72.52598571777344,4.283944921335628,-0.0024544533163064486,4.713640789504196,0.42969586816856786,0.34929303466649164,0.04285201786821083
2009-07-30,73.28355407714844,4.2943362191508765,0.01039129781524828,4.713640789504196,0.4193045703533196,0.3424960914290722,0.04399820455549296
2009-07-31,73.38751220703125,4.295753787726945,0.001417568576068895,4.713640789504196,0.4178870017772507,0.3415633736100958,0.034374760543163296
2009-08-03,74.5981216430664,4.31211532784535,0.01636154011840496,4.713640789504196,0.40152546165884573,0.33070172196165104,0.037747622797727726
2009-08-04,74.7912368774414,4.314700724072459,0.0025853962271087383,4.713640789504196,0.398940065431737,0.3289690819033855,0.033008216142314
2009-08-05,74.57586669921875,4.311816952179994,-0.002883771892465248,4.713640789504196,0.40182383732420224,0.3309013944904895,0.03310714994724859
2009-08-06,74.18962860107422,4.306624364137876,-0.005192588042118196,4.713640789504196,0.40701642536632043,0.3343667430583511,0.03339998201789081
2009-08-07,75.16259002685547,4.3196536341278895,0.013029269990013859,4.713640789504196,0.3939871553763066,0.3256372818798381,0.03546734279032529
2009-08-10,75.00664520263672,4.317576712313146,-0.002076921814743393,4.713640789504196,0.39606407719104997,0.327036427059632,0.028241074441261293
2009-08-11,74.07081604003906,4.30502160911098,-0.012555103202165796,4.713640789504196,0.40861918039321576,0.33543273561632203,0.029825709803548952
2009-08-12,74.86555480957031,4.3156939023626,0.010672293251619891,4.713640789504196,0.3979468871415959,0.3283022975004317,0.020790871194167768
2009-08-13,75.43742370605469,4.3233034875041945,0.007609585141594266,4.713640789504196,0.3903373020000016,0.3231714596287747,0.021487850697643595
2009-08-14,74.85809326171875,4.315594231429467,-0.007709256074727833,4.713640789504196,0.39804655807472944,0.32836924290091274,0.020741038278911106
2009-08-17,73.01618194580078,4.29068108707354,-0.024913144355926953,4.713640789504196,0.4229597024306564,0.34489496827965405,0.027154470030974882
2009-08-18,73.59550476074219,4.298583947249227,0.007902860175687643,4.713640789504196,0.41505684225496875,0.3396972534588457,0.027673052558368275
2009-08-19,74.24162292480469,4.307324948756312,0.008741001507084789,4.713640789504196,0.40631584074788396,0.33390024724620315,0.028635203273946124
2009-08-20,75.00664520263672,4.317576712313146,0.010251763556833993,4.713640789504196,0.39606407719104997,0.327036427059632,0.023948241666234698
2009-08-21,76.47721099853516,4.336992801008844,0.019416088695697553,4.713640789504196,0.3766479884953524,0.31384243325310857,0.028487705854387344
2009-08-24,76.46977996826172,4.336895629691744,-9.71713170994093e-05,4.713640789504196,0.3767451598124518,0.31390910484827117,0.028377927683836936
2009-08-25,76.6183090209961,4.3388360693473675,0.001940439655623294,4.713640789504196,0.37480472015682853,0.3125764943609797,0.028148420409983266
2009-08-26,76.625732421875,4.338932952734347,9.688338697966259e-05,4.713640789504196,0.37470783676984887,0.312509891217147,0.02807263198087345
2009-08-27,76.79658508300781,4.341160174100024,0.002227221365676435,4.713640789504196,0.37248061540417243,0.3109769921390495,0.026774598184427876
2009-08-28,76.78170013427734,4.340966332258959,-0.00019384184106474578,4.713640789504196,0.3726744572452372,0.3111105406833633,0.026749751916720643
2009-08-31,76.09842681884766,4.332027592102681,-0.008938740156278158,4.713640789504196,0.38161319740151534,0.31724090487181833,0.02438348553146523
2009-09-01,74.41983795166016,4.309722545432367,-0.022305046670314077,4.713640789504196,0.4039182440718294,0.33230129263491104,0.03056795403121837
2009-09-02,74.13764190673828,4.30592339126503,-0.0037991541673365603,4.713640789504196,0.407717398239166,0.3348331704191687,0.03064503367516704
2009-09-03,74.75408935546875,4.314203917870989,0.008280526605958904,4.713640789504196,0.39943687163320707,0.32930237142786756,0.03116924596890728
2009-09-04,75.80131530761719,4.32811564484101,0.013911726970021299,4.713640789504196,0.38552514466318577,0.3199066050057091,0.031468801781185635
2009-09-08,76.45492553710938,4.336701358515613,0.008585713674603035,4.713640789504196,0.37693943098858274,0.3140423795872658,0.03234325280716476
2009-09-09,77.04166412353516,4.344346368029359,0.007645009513745471,4.713640789504196,0.36929442147483726,0.30877813007395527,0.03109352878817239
2009-09-10,77.82891845703125,4.3545130646526085,0.01016669662324965,4.713640789504196,0.3591277248515876,0.3017148427125348,0.03096077363812826
2009-09-11,77.81407928466797,4.354322382480927,-0.00019068217168172197,4.713640789504196,0.35931840702326934,0.3018479805488702,0.030231618866287415
2009-09-14,78.19286346435547,4.3591783833402085,0.004856000859281728,4.713640789504196,0.3544624061639876,0.29844950893016087,0.02977988511679459
2009-09-15,78.51968383789062,4.3633493428832235,0.0041709595430150515,4.713640789504196,0.35029144662097256,0.29551725931827966,0.022178710103603276
2009-09-16,79.7080078125,4.378370055184334,0.01502071230111035,4.713640789504196,0.3352707343198622,0.28485555400399243,0.024234609251964127
2009-09-17,79.58915710449219,4.3768778662916725,-0.0014921888926613391,4.713640789504196,0.33676292321252355,0.285921888818612,0.02329996040830512
2009-09-18,79.63992309570312,4.377515513546397,0.0006376472547247047,4.713640789504196,0.33612527595779884,0.28546641367055214,0.0219808404270576
2009-09-21,79.43842315673828,4.374982170052732,-0.0025333434936651855,4.713640789504196,0.338658619451464,0.287274281740197,0.017311700372680636
2009-09-22,79.90109252929688,4.380789526387091,0.005807356334359248,4.713640789504196,0.3328512631171048,0.2831231877510453,0.01773652128383052
2009-09-23,79.23694610595703,4.372442681284001,-0.00834684510309014,4.713640789504196,0.3411981082201949,0.289081944455853,0.01856691819951561
2009-09-24,78.36381530761719,4.3613622813705915,-0.0110803999134097,4.713640789504196,0.3522785081336046,0.2969157199847765,0.020113768235230863
2009-09-25,77.94591522216797,4.35601519159279,-0.005347089777801628,4.713640789504196,0.35762559791140625,0.3006651415710402,0.020411516996640695
2009-09-28,79.34142303466797,4.3737603508299,0.017745159237110286,4.713640789504196,0.33988043867429596,0.2881445719464547,0.024378666077947964
2009-09-29,79.10263061523438,4.370746131050376,-0.0030142197795237635,4.713640789504196,0.3428946584538197,0.29028703011584744,0.0234863900887004
2009-09-30,78.796630859375,4.366870240358099,-0.0038758906922771175,4.713640789504196,0.34677054914609684,0.29303247604887994,0.017406983602039648
2009-10-01,76.84148406982422,4.34174465148043,-0.025125588877669358,4.713640789504196,0.3718961380237662,0.3105741560635561,0.02517944031722679
2009-10-02,76.48326873779297,4.3370720076022256,-0.004672643878204319,4.713640789504196,0.3765687819019705,0.3137880828972984,0.024590597964477434
2009-10-05,77.62503051757812,4.351889933394669,0.014817925792443454,4.713640789504196,0.36175085610952706,0.3035441360483868,0.02491863616100191
2009-10-06,78.73695373535156,4.366112597128795,0.014222663734125618,4.713640789504196,0.34752819237540145,0.2935679023500716,0.02653861418433792
2009-10-07,78.95337677001953,4.368857510781546,0.002744913652751535,4.713640789504196,0.3447832787226499,0.29162614347946314,0.025897127778585032
2009-10-08,79.55782318115234,4.376484092891907,0.0076265821103609355,4.713640789504196,0.337156696612289,0.2862030184298361,0.02532764601274174
2009-10-09,80.04290771484375,4.382562837327088,0.0060787444351806386,4.713640789504196,0.33107795217710834,0.2818508144339217,0.025792772167884035
2009-10-12,80.3563003540039,4.386470500484792,0.003907663157704633,4.713640789504196,0.3271702890194037,0.27903903916237494,0.025688054664194125
2009-10-13,80.19215393066406,4.384425678798198,-0.002044821686594034,4.713640789504196,0.32921511070599774,0.2805117695216348,0.02552153800617239
2009-10-14,81.57271575927734,4.401494840362258,0.017069161564059243,4.713640789504196,0.3121459491419385,0.2681252960520015,0.026349792434859482
2009-10-15,81.87120819091797,4.4051473807109796,0.0036525403487219776,4.713640789504196,0.3084934087932165,0.2654472062274287,0.026489834168535994
2009-10-16,81.25932312011719,4.397645560720767,-0.007501819990212155,4.713640789504196,0.31599522878342867,0.2709370713235477,0.027193805103751512
2009-10-19,81.93087005615234,4.405875843603651,0.008230282882883522,4.713640789504196,0.30776494590054515,0.2649119168288967,0.027966433664901424
2009-10-20,81.49809265136719,4.400579616922252,-0.005296226681398508,4.713640789504196,0.31306117258194366,0.26879481850814424,0.02789492399617977
2009-10-21,80.76676940917969,4.391565611244106,-0.009014005678146475,4.713640789504196,0.32207517826009013,0.27535628917127386,0.0280408631835823
2009-10-22,81.58765411376953,4.401677952898048,0.010112341653941925,4.713640789504196,0.3119628366061482,0.26799126834837894,0.027782363996292785
2009-10-23,80.65482330322266,4.390178608154587,-0.011499344743461037,4.713640789504196,0.32346218134960925,0.2763606755324829,0.029088272857800173
2009-10-26,79.78169250488281,4.379294060903559,-0.010884547251027499,4.713640789504196,0.33434672860063674,0.2841944510614065,0.02661341478341924
2009-10-27,79.41604614257812,4.374700440310951,-0.004593620592608261,4.713640789504196,0.338940349193245,0.2874750494903119,0.02676481423221573
2009-10-28,77.91612243652344,4.355632894704401,-0.019067545606549885,4.713640789504196,0.3580078947997949,0.3009324440136577,0.031156528693887908
2009-10-29,79.58767700195312,4.3768592693325425,0.021226374628141365,4.713640789504196,0.3367815201716535,0.2859351683765813,0.028879252112785126
2009-10-30,77.28179168701172,4.347458373991251,-0.029400895341291644,4.713640789504196,0.36618241551294517,0.3066236929218591,0.03949574809310414
2009-11-02,77.84893798828125,4.354770256417931,0.007311882426679794,4.713640789504196,0.3588705330862654,0.30153522642330854,0.037402796110977604
2009-11-03,78.09518432617188,4.3579283945882485,0.003158138170317848,4.713640789504196,0.3557123949159475,0.2993258913047645,0.03497968599088857
2009-11-04,78.29666900634766,4.360505060665889,0.0025766660776405104,4.713640789504196,0.353135728838307,0.2975181601377793,0.034968404670532555
2009-11-05,79.73690795898438,4.378732564664941,0.01822750399905182,4.713640789504196,0.3349082248392552,0.28459626036695407,0.03842177672713464
2009-11-06,79.94589233398438,4.381350060023666,0.0026174953587254635,4.713640789504196,0.33229072948052973,0.2827212415428384,0.038042518592497986
2009-11-09,81.76673126220703,4.403870452594477,0.02252039257081062,4.713640789504196,0.3097703369097191,0.26638457873682686,0.04424043654488367
2009-11-10,81.78165435791016,4.404052944102271,0.0001824915077941469,4.713640789504196,0.30958784540192497,0.26625068793586404,0.04418817183838137
2009-11-11,82.19955444335938,4.409149881650356,0.00509693754808449,4.713640789504196,0.3044909078538405,0.2625012663496006,0.04084441528633223
2009-11-12,81.36377716064453,4.398930175941009,-0.010219705709346272,4.713640789504196,0.31471061356318675,0.2699999041681389,0.04199229209204343
2009-11-13,81.8040542602539,4.404326805464281,0.005396629523271912,4.713640789504196,0.30931398403991484,0.2660497148317602,0.04165015556082181
2009-11-16,82.99056243896484,4.418726895776991,0.014400090312709501,4.713640789504196,0.29491389372720533,0.25540430093395017,0.043409431123813805
2009-11-17,83.08760070800781,4.419895481438671,0.0011685856616798773,4.713640789504196,0.29374530806552546,0.2545336684710442,0.04307320737370167
2009-11-18,83.03535461425781,4.419266476309654,-0.0006290051290163134,4.713640789504196,0.29437431319454177,0.25500242317707256,0.04205441357219374
2009-11-19,81.95327758789062,4.406149299361271,-0.013117176948383324,4.713640789504196,0.3074914901429251,0.26471087527346304,0.04293390462704503
2009-11-20,81.66223907470703,4.402591704995158,-0.003557594366112582,4.713640789504196,0.3110490845090377,0.26732208814888436,0.041427216133669904
2009-11-23,82.6995620727539,4.415214306643846,0.01262260164868767,4.713640789504196,0.29842648286035,0.258015171552723,0.04194201059804209
2009-11-24,82.82638549804688,4.416746676063517,0.0015323694196709425,4.713640789504196,0.29689411344067906,0.2568773050985289,0.0417057203522499
2009-11-25,83.11746978759766,4.420254905851204,0.003508229787686723,4.713640789504196,0.29338588365299234,0.25426568151512907,0.03727979875014533
2009-11-27,81.76673126220703,4.403870452594477,-0.016384453256726772,4.713640789504196,0.3097703369097191,0.26638457873682686,0.03498522949135787
2009-11-30,82.04286193847656,4.40724181726755,0.003371364673072641,4.713640789504196,0.30639897223664647,0.2639071197597085,0.02423684299776251
2009-12-01,83.05776977539062,4.4195363870762945,0.012294569808744882,4.713640789504196,0.2941044024279016,0.2548013131703101,0.02546777255698496
2009-12-02,83.02042388916016,4.419086648479843,-0.0004497385964512546,4.713640789504196,0.29455414102435284,0.2551363824293653,0.025344650751074192
2009-12-03,82.37118530273438,4.411235682830616,-0.007850965649227604,4.713640789504196,0.30240510667358045,0.26096138523586954,0.026037631265800262
2009-12-04,82.84134674072266,4.416927293526125,0.005691610695508942,4.713640789504196,0.2967134959780715,0.2567430720409175,0.022259553147249915
2009-12-07,82.7144546508789,4.415394370926913,-0.0015329225992113393,4.713640789504196,0.29824641857728285,0.25788155455707873,0.02220283512600193
2009-12-08,81.79660034179688,4.404235682131305,-0.011158688795608107,4.713640789504196,0.30940510737289095,0.26611659178091207,0.017381423127583905
2009-12-09,82.1025619506836,4.407969221217351,0.0037335390860455675,4.713640789504196,0.3056715682868454,0.26337148810452804,0.01755663886563723
2009-12-10,82.56521606445312,4.413588478812795,0.005619257595443905,4.713640789504196,0.3000523106914015,0.2592205310180359,0.017627164638428724
2009-12-11,82.91596221923828,4.41782759148612,0.004239112673324996,4.713640789504196,0.2958131980180765,0.2560736180361045,0.016537613550969624
2009-12-14,83.48312377929688,4.424644501002162,0.006816909516042635,4.713640789504196,0.28899628850203385,0.25098501463489475,0.01675618127971425
2009-12-15,83.0950927734375,4.41998564805323,-0.00465885294893198,4.713640789504196,0.29365514145096583,0.2544664492652434,0.014416894383012586
2009-12-16,83.22191619873047,4.421510728989425,0.0015250809361946338,4.713640789504196,0.2921300605147712,0.2533285828110501,0.014428993903619671
2009-12-17,82.22193908691406,4.409422165318535,-0.01208856367088984,4.713640789504196,0.30421862418566104,0.2623004301481565,0.016265289228197314
2009-12-18,82.68710327148438,4.4150636439375495,0.005641478619014428,4.713640789504196,0.2985771455666466,0.25812695257418095,0.014498340197108649
2009-12-21,83.52742004394531,4.425174961710488,0.010111317772938833,4.713640789504196,0.2884658277937078,0.25058758621444976,0.015627076791946214
2009-12-22,83.8275375366211,4.428761563729733,0.0035866020192445447,4.713640789504196,0.28487922577446323,0.24789491625664306,0.01378160067689997
2009-12-23,83.99256896972656,4.430728330283974,0.001966766554240884,4.713640789504196,0.28291245922022235,0.24641424554313407,0.013800752861370745
2009-12-24,84.39022827148438,4.43545161612515,0.004723285841175873,4.713640789504196,0.2781891733790465,0.24284642533465906,0.013926774947838168
2009-12-28,84.5703125,4.437583288951074,0.0021316728259241913,4.713640789504196,0.2760575005531223,0.24123070014758097,0.01060155582632615
2009-12-29,84.45027160644531,4.436162859429162,-0.0014204295219117924,4.713640789504196,0.2774779300750341,0.24230771336964008,0.01048376498170139
2009-12-30,84.42022705078125,4.435807029888538,-0.00035582954062363115,4.713640789504196,0.2778337596156577,0.24257727470613832,0.00858078909698787
2009-12-31,83.60995483398438,4.426162589963093,-0.00964443992544517,4.713640789504196,0.2874781995411029,0.2498470797293708,0.009750232351034694
2010-01-04,85.02794647216797,4.442979984478856,0.016817394515762807,4.713640789504196,0.27066080502534007,0.23712478403605464,0.012537189769120254
2010-01-05,85.25303649902344,4.445623734286166,0.0026437498073104138,4.713640789504196,0.26801705521802965,0.23510526445486757,0.012217086526373972
2010-01-06,85.31307220458984,4.446327692516814,0.0007039582306473946,4.713640789504196,0.26731309698738226,0.2345666209411783,0.012193722415615046
2010-01-07,85.67317962646484,4.450539820105294,0.004212127588480108,4.713640789504196,0.26310096939890215,0.23133571817766152,0.010848366023738554
2010-01-08,85.95830535888672,4.453862357281315,0.0033225371760208233,4.713640789504196,0.25977843222288133,0.2287775550827854,0.010811825257394084
2010-01-11,86.07833862304688,4.4552577958444,0.0013954385630849941,4.713640789504196,0.25838299365979633,0.22770061031205613,0.010438502287422408
2010-01-12,85.27554321289062,4.4458876984150635,-0.009370097429336255,4.713640789504196,0.2677530910891326,0.23490333303214783,0.011318343272106585
2010-01-13,85.99581909179688,4.454298679860086,0.008410981445022614,4.713640789504196,0.25934210964411,0.22844097989447543,0.011624200126440972
2010-01-14,86.22838592529297,4.456999426538934,0.0027007466788475654,4.713640789504196,0.2566413629652624,0.22635437801014757,0.011442623061417499
2010-01-15,85.26053619384766,4.445711700243487,-0.011287726295446276,4.713640789504196,0.2679290892607087,0.2350379767977373,0.01301871791396046
2010-01-19,86.3259048461914,4.4581297250768,0.012418024833312558,4.713640789504196,0.25551106442739613,0.22547943311346774,0.013120449925069142
2010-01-20,85.44810485839844,4.447909230947001,-0.010220494129798752,4.713640789504196,0.2657315585571949,0.2333551008561895,0.014035615887599658
2010-01-21,83.80502319335938,4.428492948333069,-0.019416282613931912,4.713640789504196,0.2851478411711268,0.24809691613069274,0.017497507258927607
2010-01-22,81.93684387207031,4.405948753828337,-0.022544194504732218,4.713640789504196,0.307692035675859,0.26485831943771343,0.023739257355894248
2010-01-25,82.35698699951172,4.411063298191614,0.005114544363276963,4.713640789504196,0.30257749131258205,0.2610887731605078,0.024020116312293845
2010-01-26,82.01187133789062,4.4068640091990385,-0.0041992889925754895,4.713640789504196,0.30677678030515754,0.2641851690610947,0.023961206258505834
2010-01-27,82.40202331542969,4.411609991412866,0.004745982213827382,4.713640789504196,0.30203079809133015,0.26068470496107876,0.024187758267034325
2010-01-28,81.45667266845703,4.400071255184921,-0.011538736227945101,4.713640789504196,0.31356953431927526,0.2691664407772788,0.02583993091979764
2010-01-29,80.57135772705078,4.389143223168166,-0.010928032016754408,4.713640789504196,0.32449756633602966,0.2771095330797899,0.027343051310422733
2010-02-01,81.82429504394531,4.404574204938525,0.01543098177035862,4.713640789504196,0.30906658456567104,0.2658681134539721,0.02917131101963513
2010-02-02,82.81465911865234,4.416605088216842,0.012030883278317361,4.713640789504196,0.2970357012873537,0.25698251479233236,0.02743147018602199
2010-02-03,82.40202331542969,4.411609991412866,-0.004995096803976473,4.713640789504196,0.30203079809133015,0.26068470496107876,0.027657786081893763
2010-02-04,79.85861206054688,4.380257721826482,-0.031352269586383485,4.713640789504196,0.33338306767771364,0.28350432475501286,0.04003689864483108
2010-02-05,80.02364349365234,4.382322134680108,0.0020644128536257966,4.713640789504196,0.33131865482408784,0.28202365404150365,0.03986704789309919
2010-02-08,79.44596099853516,4.375077054667637,-0.007245080012471483,4.713640789504196,0.3385637348365593,0.2872066518264188,0.04038934222497271
2010-02-09,80.44380950927734,4.387558922177873,0.012481867510236277,4.713640789504196,0.32608186732632305,0.2782539024103087,0.04232784929874553
2010-02-10,80.28623962402344,4.385598244176693,-0.0019606780011800495,4.713640789504196,0.3280425453275031,0.2796676277233361,0.04127002300684764
2010-02-11,81.12657165527344,4.396010548091121,0.010412303914428378,4.713640789504196,0.3176302414130747,0.2721281244609458,0.041744683452465264
2010-02-12,81.05904388427734,4.395177825969944,-0.0008327221211770208,4.713640789504196,0.31846296353425174,0.2727339871804353,0.041661515810663435
2010-02-16,82.33448791503906,4.410790071121126,0.01561224515118198,4.713640789504196,0.30285071838306976,0.2612906361318976,0.04312726667578361
2010-02-17,82.7246322631836,4.415517408505364,0.004727337384237806,4.713640789504196,0.29812338099883195,0.25779024048321164,0.04146583543837753
2010-02-18,83.21231842041016,4.42139539480529,0.005877986299926086,4.713640789504196,0.29224539469890587,0.25341469458385724,0.04058499744420686
2010-02-19,83.3848876953125,4.423467090251415,0.0020716954461246218,4.713640789504196,0.29017369925278125,0.25186639395656907,0.035888976076822336
2010-02-22,83.39985656738281,4.423646589547668,0.00017949929625338257,4.713640789504196,0.28999419995652786,0.2517320924476282,0.029485549154862324
2010-02-23,82.38703155517578,4.411428040490129,-0.01221854905753883,4.713640789504196,0.3022127490140667,0.26081921182400924,0.031037042305409525
2010-02-24,83.14479064941406,4.420583553639228,0.009155513149099015,4.713640789504196,0.2930572358649677,0.2540205573033463,0.031871028656959524
2010-02-25,83.03225708007812,4.419229171814835,-0.0013543818243935135,4.713640789504196,0.2944116176893612,0.2550302144169453,0.031610334694158276
2010-02-26,83.08477783203125,4.419861506165504,0.0006323343506693391,4.713640789504196,0.29377928333869185,0.25455899546304606,0.029937778097869364
2010-03-01,83.94757843017578,4.430192537725451,0.010331031559946524,4.713640789504196,0.28344825177874533,0.24681790303458429,0.029777863047470224
2010-03-02,84.1801528930664,4.432959179604334,0.0027666418788836467,4.713640789504196,0.2806816098998617,0.2447312326989265,0.026874055819469767
2010-03-03,84.25518035888672,4.433850055281473,0.0008908756771388582,4.713640789504196,0.2797907342227228,0.24405808232230752,0.025060304807866595
2010-03-04,84.51029968261719,4.436873416670292,0.0030233613888190902,4.713640789504196,0.27676737283390374,0.2417691383072812,0.024861095305146054
2010-03-05,85.71820831298828,4.451065268765239,0.014191852094946888,4.713640789504196,0.26257552073895685,0.23093171842956228,0.015013487911757578
2010-03-08,85.73320770263672,4.451240238328458,0.00017496956321849666,4.713640789504196,0.26240055117573835,0.23079714311530208,0.01496017496712233
2010-03-09,85.87574005126953,4.452901368278534,0.0016611299500759458,4.713640789504196,0.2607394212256624,0.22951833537318322,0.014333553888003793
2010-03-10,86.25840759277344,4.457347530497171,0.004446162218637362,4.713640789504196,0.25629325900702504,0.22608502202763803,0.012619592796338754
2010-03-11,86.61852264404297,4.461513680042359,0.004166149545188347,4.713640789504196,0.2521271094618367,0.22285405081279142,0.012789850848326633
2010-03-12,86.62603759765625,4.461600435477653,8.675543529346186e-05,4.713640789504196,0.25204035402654323,0.22278662625300183,0.011423903164935703
2010-03-15,86.64856719970703,4.461860480533928,0.00026004505627508223,4.713640789504196,0.25178030897026815,0.2225844894762925,0.011416018050918166
2010-03-16,87.33879852294922,4.469794791642086,0.007934311108158454,4.713640789504196,0.2438459978621097,0.21639169767511912,0.009138077836583729
2010-03-17,87.85646057128906,4.475704352865804,0.005909561223717219,4.713640789504196,0.23793643663839248,0.2117472065012338,0.009296525295000595
2010-03-18,87.81147003173828,4.475192130283343,-0.0005122225824605309,4.713640789504196,0.238448659220853,0.21215086399268435,0.008864492072802078
2010-03-19,87.36700439453125,4.470117687291299,-0.005074442992044403,4.713640789504196,0.2435231022128974,0.21613863310908688,0.009134863498493068
2010-03-22,87.83405303955078,4.475449273278417,0.005331585987118359,4.713640789504196,0.23819151622577905,0.21194824805666723,0.009492622721665655
2010-03-23,88.45181274414062,4.482457914959273,0.007008641680855909,4.713640789504196,0.23118287454492314,0.20640567543665111,0.008230456997618915
2010-03-24,88.02239227294922,4.4775912397565,-0.004866675202772619,4.713640789504196,0.23604954974769576,0.2102584585308157,0.007472706939593973
2010-03-25,87.87928009033203,4.475964055520316,-0.0016271842361845756,4.713640789504196,0.23767673398388034,0.21154246857399472,0.007482955507588198
2010-03-26,87.8265151977539,4.475363450468243,-0.0006006050520728223,4.713640789504196,0.23827733903595316,0.2120158779704454,0.00748246259177719
2010-03-29,88.38400268554688,4.481690988171816,0.006327537703572972,4.713640789504196,0.2319498013323802,0.2070140708553404,0.006642137347526022
2010-03-30,88.44425964355469,4.482372519048685,0.0006815308768688411,4.713640789504196,0.23126827045551135,0.20647344225308917,0.006551545578357696
2010-03-31,88.14291381835938,4.4789595178458415,-0.003413001202843269,4.713640789504196,0.23468127165835462,0.2091771328749833,0.006688317541862694
2010-04-01,88.74562072753906,4.4857740832230215,0.00681456537718006,4.713640789504196,0.22786670628117456,0.20376961472853572,0.007158267140487678
2010-04-05,89.46883392333984,4.493890340316417,0.008116257093395696,4.713640789504196,0.21975044918777886,0.1972809078289155,0.005450525678335398
2010-04-06,89.6797866821289,4.496245400105064,0.002355059788646585,4.713640789504196,0.21739538939913228,0.19538822856172855,0.005520023400811993
2010-04-07,89.16751098632812,4.4905167466286695,-0.005728653476394285,4.713640789504196,0.22312404287552656,0.1999843930968208,0.005898755686875712
2010-04-08,89.47638702392578,4.493974758336082,0.003458011707412112,4.713640789504196,0.21966603116811445,0.19721314101247756,0.005800343216702139
2010-04-09,90.06399536132812,4.500520477217496,0.0065457188814139755,4.713640789504196,0.21312031228670048,0.19194108804757692,0.006121512600586632
2010-04-12,90.20710754394533,4.502108221568925,0.0015877443514291656,4.713640789504196,0.2115325679352713,0.19065707800439768,0.006153181511397904
2010-04-13,90.27493286132812,4.502859823450458,0.0007516018815332259,4.713640789504196,0.21078096605373808,0.1900485456830483,0.0061594472640564965
2010-04-14,91.29952239990234,4.514145556479928,0.011285733029470002,4.713640789504196,0.19949523302426808,0.1808558743562152,0.006971069677424433
2010-04-15,91.3748550415039,4.5149703316555945,0.0008247751756664812,4.713640789504196,0.1986704578486016,0.1801799859264066,0.006539612164366956
2010-04-16,89.92086791992188,4.498930038233162,-0.016040293422432406,4.713640789504196,0.214710751271034,0.19322523499341504,0.009778173042274152
2010-04-19,90.25985717773438,4.502692812054754,0.003762773821591736,4.713640789504196,0.21094797744944227,0.19018380551060576,0.00963212008120129
2010-04-20,91.0659637451172,4.5115841202408715,0.008891308186117719,4.713640789504196,0.20205666926332455,0.1829513749134093,0.010270052437944628
2010-04-21,90.90021514892578,4.509762368055503,-0.0018217521853687302,4.713640789504196,0.20387842144869328,0.184438480051914,0.009692943745404367
2010-04-22,91.17141723632812,4.5127414404614905,0.002979072405987715,4.713640789504196,0.20089934904270557,0.18200524063380463,0.009506342090776896
2010-04-23,91.76657104492188,4.51924808147034,0.006506641008849456,4.713640789504196,0.1943927080338561,0.17666548930379544,0.010006419064139273
2010-04-26,91.42002868652344,4.515464586691817,-0.0037834947785233553,4.713640789504196,0.19817620281237947,0.17977468560304288,0.010182240803652053
2010-04-27,89.25792694091797,4.491530233980916,-0.023934352710900164,4.713640789504196,0.22211055552327963,0.19917317638812437,0.01689571618302747
2010-04-28,89.93594360351562,4.499097679186,0.007567445205083345,4.713640789504196,0.21454311031819628,0.19308997516585746,0.017611418139734724
2010-04-29,91.05091094970705,4.51141881106269,0.012321131876690039,4.713640789504196,0.20222197844150624,0.18308642938697728,0.019377455729988162
2010-04-30,89.5064926147461,4.494311165831201,-0.01710764523148889,4.713640789504196,0.21932962367299513,0.19694303206534114,0.022479994353479617
2010-05-03,90.66664123535156,4.5071894971354025,0.012878331304201573,4.713640789504196,0.20645129236879356,0.18653411751176685,0.023739714481960616
2010-05-04,88.53468322753906,4.483394376116941,-0.023795121018461707,4.713640789504196,0.23024641338725527,0.2056621570930638,0.030804049100667353
2010-05-05,88.00732421875,4.477420040773325,-0.005974335343616133,4.713640789504196,0.2362207487308714,0.21039364990704357,0.030840276773699094
2010-05-06,85.08429718017578,4.443642496580972,-0.03377754419235224,4.713640789504196,0.26999829292322364,0.2366192025146282,0.04506523132209023
2010-05-07,83.81863403320312,4.428655345933728,-0.01498715064724454,4.713640789504196,0.2849854435704682,0.2479747989584451,0.04735551125758388
2010-05-10,87.51012420654297,4.471754491887871,0.04309914595414277,4.713640789504196,0.2418862976163254,0.2148545546145778,0.07072870592570656
2010-05-11,87.26151275634766,4.468909503739872,-0.002844988147998606,4.713640789504196,0.244731285764324,0.21708510964534022,0.07082357198309806
2010-05-12,88.48194885253906,4.482798563441709,0.01388905970183707,4.713640789504196,0.23084222606248694,0.20613529268419617,0.07164935342139599
2010-05-13,87.38202667236328,4.470289617032795,-0.012508946408914312,4.713640789504196,0.24335117247140126,0.21600385244083775,0.07361235134714673
2010-05-14,85.79998779296875,4.452018864220815,-0.018270752811980095,4.713640789504196,0.26162192528338135,0.2301979886261275,0.07457662172715498
2010-05-17,85.8451919555664,4.452545580598274,0.0005267163774593797,4.713640789504196,0.26109520890592197,0.22979241449744425,0.07440172066485881
2010-05-18,84.67745208740234,4.438849357096493,-0.013696223501781013,4.713640789504196,0.274791432407703,0.24026943812410495,0.07576921349443154
2010-05-19,84.19532775878906,4.43313942990806,-0.005709927188433106,4.713640789504196,0.2805013595961361,0.24459508300408273,0.07613819803658264
2010-05-20,81.01615905761719,4.394648629314533,-0.03849080059352694,4.713640789504196,0.31899216018966303,0.2731187521048787,0.09469380044650741
2010-05-21,82.19891357421875,4.409142085116138,0.014493455801605215,4.713640789504196,0.3044987043880578,0.262507016261298,0.09680712138308095
2010-05-24,81.14422607421875,4.396228140156508,-0.01291394495962983,4.713640789504196,0.31741264934768765,0.2719697280839377,0.09872805616826452
2010-05-25,81.2270736694336,4.397248611169983,0.0010204710134749106,4.713640789504196,0.31639217833421274,0.27122641509434,0.09152322649789908
2010-05-26,80.73741149902344,4.3912020552009805,-0.006046555969002831,4.713640789504196,0.32243873430321557,0.27561968988809615,0.09126233861104383
2010-05-27,83.44196319580078,4.424151338649203,0.032949283448222566,4.713640789504196,0.289489450854993,0.25135430955881766,0.10302878547280324
2010-05-28,82.39482116699219,4.411522585025144,-0.012628753624059463,4.713640789504196,0.30211820447905247,0.26074932301634934,0.1013506405212102
2010-06-01,81.00861358642578,4.394555489591839,-0.01696709543330499,4.713640789504196,0.31908529991235746,0.273186450469987,0.10288822999051267
2010-06-02,83.1180191040039,4.420261514745729,0.02570602515389009,4.713640789504196,0.29337927475846737,0.25426075301938866,0.10408008849662048
2010-06-03,83.40430450439453,4.4236999207953325,0.0034384060496037705,4.713640789504196,0.2899408687088636,0.25169218532239235,0.10377932590900653
2010-06-04,80.47374725341797,4.387931010159922,-0.035768910635410656,4.713640789504196,0.32570977934427425,0.27798529939242644,0.10552433111136537
2010-06-07,79.47177124023438,4.375401879865714,-0.012529130294208102,4.713640789504196,0.33823890963848235,0.2869750809779231,0.10467212282108145
2010-06-08,80.32306671142578,4.386056836382687,0.010654956516972902,4.713640789504196,0.32758395312150945,0.27933721315470283,0.0826976184477477
2010-06-09,79.8936538696289,4.380696423705795,-0.005360412676891357,4.713640789504196,0.3329443657984008,0.2831899277975377,0.0829576832857022
2010-06-10,82.22909545898438,4.409509198788341,0.028812775082545983,4.713640789504196,0.3041315907158548,0.2622362228008642,0.09098728564551017
2010-06-11,82.62835693359375,4.414352925892297,0.004843727103955864,4.713640789504196,0.29928786361189896,0.2586540278131446,0.08931133384066615
2010-06-14,82.50025177001953,4.412801345093791,-0.001551580798506258,4.713640789504196,0.3008394444104052,0.25980339409073405,0.0851355299733546
2010-06-15,84.37614440917969,4.435284712468768,0.022483367374976915,4.713640789504196,0.2783560770354283,0.2429727864893506,0.09150135714089087
2010-06-16,84.34598541259766,4.434927213462146,-0.0003574990066219641,4.713640789504196,0.27871357604205027,0.24324337459579493,0.08913937710923622
2010-06-17,84.48159790039062,4.436533734319682,0.001606520857536431,4.713640789504196,0.27710705518451384,0.24202665220974617,0.08876109538291922
2010-06-18,84.57320404052734,4.437617479330779,0.0010837450110967595,4.713640789504196,0.2760233101734171,0.24120475709361144,0.07010846832169136
2010-06-21,84.33099365234375,4.434749456421718,-0.002868022909060741,4.713640789504196,0.2788913330824778,0.24337788145872563,0.06756535103029741
2010-06-22,82.93820190429688,4.41809577510767,-0.01665368131404854,4.713640789504196,0.29554501439652636,0.25587408240992515,0.06895859762910563
2010-06-23,82.68083953857422,4.414987888832821,-0.0031078862748490366,4.713640789504196,0.2986529006713754,0.25818315111589407,0.06906717933880709
2010-06-24,81.3107681274414,4.398278457075154,-0.016709431757666593,4.713640789504196,0.315362332429042,0.27047550400714104,0.07212449714808777
2010-06-25,81.65139770507812,4.402458937519538,0.004180480444383683,4.713640789504196,0.3111818519846583,0.2674193574884386,0.05866544347421924
2010-06-28,81.39402770996094,4.39930190066031,-0.0031570368592275244,4.713640789504196,0.31433888884388583,0.2697284946457371,0.05678150991599915
2010-06-29,78.88098907470703,4.367940249195319,-0.031361651464990814,4.713640789504196,0.34570054030887665,0.292275609695994,0.06554696269112455
2010-06-30,78.13165283203125,4.358395260680978,-0.00954498851434149,4.713640789504196,0.35524552882321814,0.2989986939486289,0.058368831855358204
2010-07-01,77.78343200683594,4.353928452295618,-0.004466808385360288,4.713640789504196,0.3597123372085784,0.30212294954041785,0.05847126659182682
2010-07-02,77.3595199584961,4.348463645832302,-0.005464806463315597,4.713640789504196,0.365177143671894,0.3059263107745134,0.04272692577645936
2010-07-06,77.8667221069336,4.354998674275438,0.006535028443136248,4.713640789504196,0.3586421152287578,0.30137566637369506,0.04128709216083365
2010-07-07,80.3192138671875,4.386008868385406,0.031010194109967415,4.713640789504196,0.32763192111879036,0.2793717810762191,0.051973203069360506
2010-07-08,81.11396789550781,4.395855176815534,0.009846308430128126,4.713640789504196,0.31778561268866223,0.2722412060576692,0.052832721716356904
2010-07-09,81.71952056884766,4.403292903178023,0.007437726362488739,4.713640789504196,0.3103478863261735,0.2668081555652302,0.04306953316147896
2010-07-12,81.77249908447266,4.403940990070479,0.0006480868924567673,4.713640789504196,0.3096997994337167,0.2663328295315469,0.04277920804844744
2010-07-13,83.0063247680664,4.418916806918268,0.01497581684778826,4.713640789504196,0.29472398258592847,0.2552628804867165,0.045574740908228425
2010-07-14,82.99876403808594,4.418825716578326,-9.109033994203486e-05,4.713640789504196,0.2948150729258705,0.25533071575448474,0.03920552266876979
2010-07-15,83.02147674560547,4.419099330296196,0.0002736137178702691,4.713640789504196,0.29454145920800023,0.2551269361458617,0.03920485561124837
2010-07-16,80.73551177978516,4.391178525321174,-0.027920804975021696,4.713640789504196,0.32246226418302193,0.2756367342692002,0.04899493517021082
2010-07-19,81.21238708496094,4.397067785840418,0.0058892605192442105,4.713640789504196,0.3165730036637777,0.2713581839040805,0.04941714713651291
2010-07-20,82.1131820678711,4.40809856468884,0.011030778848422074,4.713640789504196,0.30554222481535565,0.2632762038535361,0.05084664897162123
2010-07-21,81.04583740234375,4.395014888470987,-0.013083676217853224,4.713640789504196,0.31862590103320887,0.27285247643220734,0.04950900124562422
2010-07-22,82.85494232177734,4.417091395947031,0.022076507476043616,4.713640789504196,0.29654939355716525,0.2566210917713291,0.055528187883678644
2010-07-23,83.57402801513672,4.425732802147437,0.008641406200406543,4.713640789504196,0.2879079873567587,0.2501694170410954,0.052951094656028125
2010-07-26,84.44452667236328,4.436094829695354,0.010362027547916597,4.713640789504196,0.2775459598088421,0.24235925722093077,0.05408377415281775
2010-07-27,84.43693542480469,4.436004929389312,-8.99003060421677e-05,4.713640789504196,0.2776358601148843,0.2424273662940175,0.053958293277032526
2010-07-28,83.89196014404297,4.429529782231231,-0.0064751471580803965,4.713640789504196,0.2841110072729647,0.24731691322835636,0.042093810063183704
2010-07-29,83.48319244384766,4.424645323498009,-0.00488445873322263,4.713640789504196,0.2889954660061873,0.250984398572927,0.04124647431854201
2010-07-30,83.46805572509766,4.42446399249321,-0.00018133100479911235,4.713640789504196,0.2891767970109864,0.25112020601112217,0.040995488666192396
2010-08-02,85.35282135009766,4.446793504934264,0.022329512441054078,4.713640789504196,0.26684728456993234,0.23420998951325678,0.04690165066998093
2010-08-03,84.94412231445312,4.441993655782513,-0.004799849151750912,4.713640789504196,0.27164713372168325,0.2378768587958593,0.04665383330458067
2010-08-04,85.5118179321289,4.448654587819421,0.006660932036908207,4.713640789504196,0.26498620168477505,0.23278346380156822,0.03509630535304757
2010-08-05,85.42098236083984,4.447591765708229,-0.0010628221111916858,4.713640789504196,0.26604902379596673,0.23359844533339935,0.03388897084739678
2010-08-06,85.07279968261719,4.443507356786182,-0.004084408922047089,4.713640789504196,0.2701334327180138,0.2367223586685394,0.03340213989466717
2010-08-09,85.52693176269531,4.4488313177198995,0.005323960933717231,4.713640789504196,0.2648094717842966,0.23264786171736196,0.0337539891415522
2010-08-10,85.06523132324219,4.443418389500793,-0.005412928219106661,4.713640789504196,0.27022240000340325,0.23679026238763756,0.03129730038230064
2010-08-11,82.73383331298828,4.415628627351521,-0.02778976214927198,4.713640789504196,0.29801216215267523,0.25770768817955103,0.04102780892637544
2010-08-12,82.22666931152344,4.40947969362062,-0.006148933730901085,4.713640789504196,0.3041610958835763,0.26225799032372044,0.04150326389803656
2010-08-13,81.98442840576172,4.406529331740731,-0.002950361879888952,4.713640789504196,0.30711145776346527,0.26443138849415315,0.03179034328612729
2010-08-16,81.94660949707031,4.4060679315099245,-0.0004614002308063192,4.713640789504196,0.3075728579942716,0.2647707017356522,0.031356014995066475
2010-08-17,82.95333862304688,4.418278264446715,0.012210332936790635,4.713640789504196,0.29536252505748095,0.25573827497172974,0.03170143326521491
2010-08-18,83.10474395751953,4.420101787566755,0.0018235231200396385,4.713640789504196,0.2935390019374413,0.2543798583331278,0.029586430695480743
2010-08-19,81.6589584350586,4.402551530912444,-0.01755025665431109,4.713640789504196,0.3110892585917524,0.26735152222067093,0.02732648620676474
2010-08-20,81.39402770996094,4.39930190066031,-0.0032496302521334286,4.713640789504196,0.31433888884388583,0.2697284946457371,0.02651865227201971
2010-08-23,81.08368682861328,4.39548179204252,-0.003820108617790474,4.713640789504196,0.3181589974616763,0.2725128893853891,0.02534964462036368
2010-08-24,79.88016510009766,4.380527575396976,-0.014954216645543639,4.713640789504196,0.33311321410721995,0.28331094974851023,0.028167263089415723
2010-08-25,80.19050598144531,4.384405128581364,0.003877553184388205,4.713640789504196,0.32923566092283174,0.2805265550088576,0.027828422477950643
2010-08-26,79.653076171875,4.377680656726101,-0.006724471855263481,4.713640789504196,0.3359601327780952,0.285348403578088,0.028097565844108167
2010-08-27,80.88692474365234,4.393052188550366,0.015371531824265539,4.713640789504196,0.3205886009538297,0.274278249179269,0.03107432982621611
2010-08-30,79.713623046875,4.37844050025941,-0.01461168829095616,4.713640789504196,0.33520028924478584,0.2848051738253068,0.02748199811781275
2010-08-31,79.713623046875,4.37844050025941,0.0,4.713640789504196,0.33520028924478584,0.2848051738253068,0.027191712364130243
2010-09-01,82.0980224609375,4.407913929212593,0.029473428953182612,4.713640789504196,0.30572686029160323,0.2634122166457208,0.03757808134722096
2010-09-02,82.86248016357422,4.41718236817782,0.009268438965227332,4.713640789504196,0.2964584213263759,0.25655346185755035,0.0386462384093735
2010-09-03,83.93737030029297,4.4300709290884335,0.0128885609106133,4.713640789504196,0.2835698604157626,0.24690949091377068,0.040529089246285045
2010-09-07,82.99118041992188,4.418734342149663,-0.011336586938770488,4.713640789504196,0.2949064473545331,0.25539875637624143,0.04179127715308163
2010-09-08,83.57402801513672,4.425732802147437,0.0069984599977743756,4.713640789504196,0.2879079873567587,0.2501694170410954,0.04203922814856574
2010-09-09,83.96006774902344,4.430341301872348,0.004608499724910509,4.713640789504196,0.2832994876318482,0.2467058482078074,0.032576217255023264
2010-09-10,84.38398742675781,4.435377661170555,0.005036359298206783,4.713640789504196,0.2782631283336414,0.24290241852238248,0.032419416919838885
2010-09-13,85.32258605957031,4.446439203265354,0.011061542094799037,4.713640789504196,0.2672015862388424,0.23448126213299825,0.033851445706327025
2010-09-14,85.26959228515625,4.445817911285464,-0.0006212919798898042,4.713640789504196,0.2678228782187322,0.23495672506934162,0.03385362693707324
2010-09-15,85.59506225585938,4.449627597557038,0.0038096862715741864,4.713640789504196,0.264013191947158,0.23203659134282373,0.03215793757323613
2010-09-16,85.57235717773438,4.449362300827867,-0.00026529672917074976,4.713640789504196,0.26427848867632875,0.23224030250011662,0.03211692641012952
2010-09-17,85.60433197021484,4.449735888995877,0.0003735881680100306,4.713640789504196,0.2639049005083187,0.23195342297719468,0.02823773995966681
2010-09-20,86.91323852539062,4.464910362732806,0.015174473736928817,4.713640789504196,0.2487304267713899,0.22020984439643765,0.031006017370523043
2010-09-21,86.73820495605469,4.462894443658323,-0.0020159190744832856,4.713640789504196,0.2507463458458732,0.22178025480322983,0.030873348188798718
2010-09-22,86.31204223632812,4.457969127593716,-0.004925316064606555,4.713640789504196,0.25567166191047974,0.22560380917959733,0.028361287988764368
2010-09-23,85.6119384765625,4.449824741607054,-0.008144385986661895,4.713640789504196,0.26381604789714164,0.23188517700144884,0.029007612604229262
2010-09-24,87.37743377685547,4.47023705455066,0.02041231294360557,4.713640789504196,0.24340373495353607,0.21604506014133862,0.033687806978720015
2010-09-27,86.95890045166016,4.465435598432878,-0.004801456117782266,4.713640789504196,0.24820519107131833,0.21980016318797047,0.031001108855574926
2010-09-28,87.26329040527344,4.468929875044049,0.0034942766111711876,4.713640789504196,0.24471091446014714,0.21706916048551217,0.028464836388048673
2010-09-29,87.111083984375,4.467184131610281,-0.0017457434337675437,4.713640789504196,0.2464566578939147,0.21843476451373578,0.02850323640176911
2010-09-30,86.85235595703125,4.464209619055302,-0.0029745125549798246,4.713640789504196,0.2494311704488945,0.22075608600772723,0.017669311756355117
2010-10-01,87.21763610839844,4.468406559414896,0.004196940359594059,4.713640789504196,0.24523423008930045,0.2174787732426493,0.016808862135231167
2010-10-04,86.56317901611328,4.46087454058036,-0.007532018834536025,4.713640789504196,0.2527662489238365,0.22335059675869262,0.015430627582984094
2010-10-05,88.30587005615234,4.480806583952435,0.019932043372075547,4.713640789504196,0.23283420555176093,0.20771508092316204,0.018817106267515683
2010-10-06,88.2982406616211,4.480720182854466,-8.64010979695351e-05,4.713640789504196,0.23292060664973047,0.20778353225289747,0.01820007195491264
2010-10-07,88.19171142578125,4.479512983832456,-0.0012071990220094975,4.713640789504196,0.23412780567173996,0.2087393181699948,0.01795083210794207
2010-10-08,88.68634033203125,4.48510587894506,0.005592895112603635,4.713640789504196,0.22853491055913633,0.20430148156058137,0.01802536817351746
2010-10-11,88.77007293701172,4.486049576720216,0.0009436977751562381,4.713640789504196,0.2275912127839801,0.20355022821673374,0.016494882108412837
2010-10-12,89.04400634765625,4.489130700874817,0.003081124154601156,4.713640789504196,0.22451008862937893,0.20109248322257967,0.01660963436979341
2010-10-13,89.73654174804688,4.496878063456362,0.007747362581544515,4.713640789504196,0.21676272604783442,0.19487901911982553,0.01718303413006781
2010-10-14,89.386474609375,4.492969380010998,-0.003908683445363437,4.713640789504196,0.22067140949319786,0.19801983993341055,0.01737464767147933
2010-10-15,89.569091796875,4.495010302845154,0.0020409228341558006,4.713640789504196,0.21863048665904206,0.19638138890486123,0.01742537272496517
2010-10-18,90.010498046875,4.499926308493047,0.004916005647893407,4.713640789504196,0.21371448101114865,0.19242106877168252,0.01482854370001613
2010-10-19,88.83096313476562,4.486735273172067,-0.01319103532098076,4.713640789504196,0.2269055163321294,0.20300391815411423,0.01696978118738478
2010-10-20,89.69847869873047,4.496453809040556,0.009718535868489475,4.713640789504196,0.21718698046363993,0.19522052280387625,0.01785419032112943
2010-10-21,89.89633178710938,4.498657137387139,0.002203328346582545,4.713640789504196,0.2149836521170574,0.19344537446984478,0.017079588093188738
2010-10-22,90.06376647949219,4.500517935889789,0.0018607985026504181,4.713640789504196,0.21312285361440697,0.19194314158746906,0.011873268740321944
2010-10-25,90.33010864257812,4.503470833890777,0.002952898000987858,4.713640789504196,0.2101699556134191,0.18955350566640106,0.011692655624812887
2010-10-26,90.34535217285156,4.503639573245206,0.00016873935442873744,4.713640789504196,0.21000121625899038,0.18941673990958996,0.01153916877438576
2010-10-27,90.08658599853516,4.500771274491142,-0.0028682987540635807,4.713640789504196,0.21286951501305396,0.19173840366022998,0.011604430696221616
2010-10-28,90.10179138183594,4.500940046567987,0.00016877207684462547,4.713640789504196,0.21270074293620933,0.19160198016006713,0.011493308260556405
2010-10-29,90.17029571533205,4.501700057037679,0.0007600104696923182,4.713640789504196,0.211940732466517,0.1909873556703714,0.011278645935460269
2010-11-01,90.2007293701172,4.502037513179092,0.0003374561414126731,4.713640789504196,0.21160327632510434,0.1907143033160561,0.01056526630389727
2010-11-02,90.91608428955078,4.509936930410081,0.007899417230989414,4.713640789504196,0.20370385909411493,0.18429610128606366,0.006345708242894462
2010-11-03,91.2813491821289,4.513946486142756,0.004009555732674919,4.713640789504196,0.19969430336144,0.18101892542364562,0.00654817855039303
2010-11-04,93.03923034667967,4.5330212358920114,0.019074749749255382,4.713640789504196,0.18061955361218462,0.16524712299061128,0.011114276781719548
2010-11-05,93.3892822265625,4.5367765873287595,0.0037553514367481,4.713640789504196,0.17686420217543652,0.16210643907968592,0.010897836358998094
2010-11-08,93.21427154541016,4.5349008381382605,-0.001875749190499043,4.713640789504196,0.17873995136593557,0.1636766441324895,0.010930947515136864
2010-11-09,92.54458618164062,4.527690541162031,-0.0072102969762291025,4.713640789504196,0.18595024834216467,0.16968509650268504,0.011466385226146698
2010-11-10,92.91748046875,4.531711792475936,0.004021251313904628,4.713640789504196,0.18192899702826004,0.166339469310531,0.01091386054915846
2010-11-11,92.56742095947266,4.527937254255369,-0.0037745382205667255,4.713640789504196,0.18570353524882677,0.1694802216727863,0.010900874138689464
2010-11-12,91.4715805053711,4.516028328466967,-0.011908925788402414,4.713640789504196,0.19761246103722918,0.17931215996801975,0.012635354196165054
2010-11-15,91.34222412109376,4.51461315737384,-0.0014151710931269434,4.713640789504196,0.19902763213035612,0.18047275226368586,0.012356082727093102
2010-11-16,89.91915130615234,4.498910947779581,-0.015702209594259386,4.713640789504196,0.2147298417246155,0.19324063654260537,0.013270287990706989
2010-11-17,89.9648208618164,4.499418714603882,0.0005077668243016475,4.713640789504196,0.21422207490031386,0.19283088688280892,0.012083467375988376
2010-11-18,91.28894805908205,4.514029729442157,0.014611014838274983,4.713640789504196,0.19961106006203888,0.18095074789922916,0.01471216882088649
2010-11-19,91.54010009765624,4.516777128710328,0.0027473992681708026,4.713640789504196,0.19686366079386808,0.17869739857566502,0.014763647779944612
2010-11-22,91.46398162841795,4.515945251378303,-0.0008318773320246109,4.713640789504196,0.1976955381258927,0.17938033749243676,0.01466250018741497
2010-11-23,90.1398468017578,4.501362317702125,-0.014582933676178023,4.713640789504196,0.2122784718020707,0.1912605449273459,0.017341682056004303
2010-11-24,91.4715805053711,4.516028328466967,0.01466601076484153,4.713640789504196,0.19761246103722918,0.17931215996801975,0.01994817770455405
2010-11-26,90.4062042236328,4.504312895835544,-0.011715432631422829,4.713640789504196,0.209327893668652,0.18887077210361913,0.02167718596392035
2010-11-29,90.68016815185548,4.507338679980965,0.0030257841454206513,4.713640789504196,0.20630210952323136,0.18641275330414564,0.021785265661556384
2010-11-30,90.17029571533205,4.501700057037679,-0.005638622943285654,4.713640789504196,0.211940732466517,0.1909873556703714,0.022184436081375925
2010-12-01,92.08800506591795,4.522744696624465,0.02104463958678604,4.713640789504196,0.19089609287973097,0.17378156633070796,0.026978434472006648
2010-12-02,93.26753997802734,4.535472137115152,0.012727440490686526,4.713640789504196,0.17816865238904445,0.16319871694827548,0.028816915645815455
2010-12-03,93.5186767578125,4.538161167767437,0.002689030652285318,4.713640789504196,0.17547962173675913,0.16094550452737133,0.024323564224753326
2010-12-06,93.41975402832033,4.537102822104539,-0.0010583456628978638,4.713640789504196,0.176537967399657,0.16183304446872193,0.0241599838569748
2010-12-07,93.4730224609375,4.5376728648323565,0.0005700427278174658,4.713640789504196,0.17596792467183953,0.16135511728450824,0.024119745929416885
2010-12-08,93.8154525756836,4.541329582056931,0.0036567172245742796,4.713640789504196,0.17231120744726525,0.15828281625198848,0.023633174228942885
2010-12-09,94.1807098388672,4.545215381831677,0.0038857997747463457,4.713640789504196,0.1684254076725189,0.15500570884089993,0.023619679348716862
2010-12-10,94.72864532470705,4.551016439402072,0.005801057570394619,4.713640789504196,0.16262435010212428,0.15008960279062378,0.02386418398868893
2010-12-13,94.7895736694336,4.551659420822529,0.000642981420456934,4.713640789504196,0.16198136868166735,0.1495429504713559,0.022082429475773484
2010-12-14,94.87322998046876,4.552541579209417,0.0008821583868883209,4.713640789504196,0.16109921029477903,0.14879238164080621,0.022067000702652346
2010-12-15,94.43946838378906,4.54795908305904,-0.004582496150376869,4.713640789504196,0.1656817064451559,0.15268411354158984,0.019224943251462054
2010-12-16,94.98739624023438,4.553744211643517,0.005785128584476773,4.713640789504196,0.15989657786067912,0.14776807594264352,0.01964338780990952
2010-12-17,95.08914184570312,4.554814786857177,0.0010705752136601632,4.713640789504196,0.15882600264701896,0.1468552090092905,0.01696795895612555
2010-12-20,95.31864166259766,4.557225401841528,0.0024106149843508007,4.713640789504196,0.15641538766266816,0.14479612455951574,0.01694607101561234
2010-12-21,95.9229965209961,4.5635457500248435,0.006320348183315616,4.713640789504196,0.15009503947935254,0.13937382092584583,0.01744068125952368
2010-12-22,96.2213363647461,4.566651124812838,0.0031053747879941085,4.713640789504196,0.14698966469135843,0.1366971001278675,0.014882646873946971
2010-12-23,96.08363342285156,4.565218993697534,-0.0014321311153038252,4.713640789504196,0.14842179580666226,0.13793257817826354,0.01219833188393684
2010-12-27,96.12188720703124,4.5656170445397715,0.00039805084223765164,4.713640789504196,0.1480237449644246,0.13758936321097004,0.01047096112635499
2010-12-28,96.25960540771484,4.56704876463235,0.0014317200925786366,4.713640789504196,0.14659202487184597,0.13635374825791413,0.010381431230738054
2010-12-29,96.32842254638672,4.567763421117822,0.0007146564854716431,4.713640789504196,0.14587736838637433,0.13573631726369972,0.009987261212203611
2010-12-30,96.17546081542967,4.566174240053234,-0.001589181064587386,4.713640789504196,0.14746654945096171,0.1371086979735675,0.004438834090294455
2010-12-31,96.19841003417967,4.566412829823847,0.00023858977061230746,4.713640789504196,0.1472279596803494,0.1369027963737227,0.0023985058040913478
