Date,Tdays,delta,d,tau_star,alpha_m,action,dtilde_tau,dexact_tau,exact_shortfall,prehit_max_violation,hit_err,lam,umax,N,seed_mode,seed_used,p_hat,se,ess,mean_weight,max_weight,hit_rate_Q,instanton_file
2007-01-03,20,0.2,0.2231435513142097,20,200.0,15.675985407731298,0.2231435513142097,0.2228425101326179,0.00030104118159179905,0.0,0.0,0.5,10.0,5000,per_query,1456016049,7.022902572455795e-09,2.4043201923145875e-09,41.79188817384753,0.8098771303252914,326.14318728633555,0.0022,instanton_2007-01-03_T20_delta0.20_tau20_am200.npz
2007-01-03,20,0.3,0.35667494393873245,20,200.0,33.604585903175256,0.35667494393873245,0.35646214664829223,0.00021279729044021423,0.0,0.0,0.5,10.0,5000,per_query,4197321030,0.0,0.0,63.46603796840541,0.9084407955067468,278.5090375203759,0.0,instanton_2007-01-03_T20_delta0.30_tau20_am200.npz
2007-01-03,60,0.2,0.2231435513142097,60,200.0,5.49789451594117,0.2231435513142097,0.22138620302347167,0.0017573482907380367,0.0,0.0,0.5,10.0,5000,per_query,155156259,0.0008364560132197219,6.232014718953438e-05,132.92749429430788,1.094356326910339,318.68489060356956,0.0598,instanton_2007-01-03_T60_delta0.20_tau60_am200.npz
2007-01-03,60,0.3,0.35667494393873245,60,200.0,11.46320692011282,0.35667494393873245,0.35521781831511223,0.0014571256236202146,0.0,0.0,0.5,10.0,5000,per_query,2324819662,1.409134042000414e-06,2.5525489507197814e-07,91.8519808810721,0.9098364137241244,335.2335620609736,0.0108,instanton_2007-01-03_T60_delta0.30_tau60_am200.npz
2007-01-04,20,0.2,0.2231435513142097,20,200.0,16.229153985600686,0.2231435513142097,0.22266629183588282,0.00047725947832688576,0.0,0.0,0.5,10.0,5000,per_query,3491325078,4.938676386522281e-09,1.8362113711632777e-09,90.45451351029766,0.7971961851858101,144.3889440490172,0.002,instanton_2007-01-04_T20_delta0.20_tau20_am200.npz
2007-01-04,20,0.3,0.35667494393873245,20,200.0,34.465306038000996,0.35667494393873245,0.3563325459725606,0.000342397966171859,0.0,0.0,0.5,10.0,5000,per_query,2628630323,0.0,0.0,5.703080857303451,1.3124824664900714,2709.562190779071,0.0,instanton_2007-01-04_T20_delta0.30_tau20_am200.npz
2007-01-04,60,0.2,0.2231435513142097,60,200.0,5.662512175901075,0.2231435513142097,0.22021369300206217,0.0029298583121475374,0.0,0.0,0.5,10.0,5000,per_query,1658583251,0.0007519950116701409,4.8510281296513644e-05,392.29413136793136,1.039847885259698,124.41678513393215,0.0656,instanton_2007-01-04_T60_delta0.20_tau60_am200.npz
2007-01-04,60,0.3,0.35667494393873245,60,200.0,11.726405832579665,0.35667494393873245,0.3542321795603245,0.002442764378407958,0.0,0.0,0.5,10.0,5000,per_query,2954446550,8.248476589602438e-07,1.7938261737259833e-07,7.631610588777748,1.2895356420432225,2303.407818075672,0.0078,instanton_2007-01-04_T60_delta0.30_tau60_am200.npz
2007-01-05,20,0.2,0.2231435513142097,20,200.0,15.030689708684044,0.2231435513142097,0.22305250443048852,9.104688372119085e-05,0.0,0.0,0.5,10.0,5000,per_query,4081658546,2.2950399665830734e-08,6.468641986150877e-09,12.307444685798336,1.097462166309303,1411.423509592687,0.0034,instanton_2007-01-05_T20_delta0.20_tau20_am200.npz
2007-01-05,20,0.3,0.35667494393873245,20,100.0,32.639323634722714,0.35667494393873245,0.3548900570330451,0.001784886905687344,0.0,0.0,0.5,10.0,5000,per_query,1572230373,0.0,0.0,32.11934649959469,0.7331451858323004,468.41385927746614,0.0,instanton_2007-01-05_T20_delta0.30_tau20_am100.npz
2007-01-05,60,0.2,0.2231435513142097,60,200.0,5.3013704237845305,0.2231435513142097,0.22263318640496177,0.0005103649092479401,0.0,0.0,0.5,10.0,5000,per_query,4108883281,0.0009055146980147228,6.39682115547535e-05,239.11020992308065,1.0224661350543518,241.85916605120502,0.0602,instanton_2007-01-05_T60_delta0.20_tau60_am200.npz
2007-01-05,60,0.3,0.35667494393873245,60,200.0,11.249865977763974,0.35667494393873245,0.356260997070442,0.0004139468682904379,0.0,0.0,0.5,10.0,5000,per_query,4221392073,1.2172724183610303e-06,2.1724903699864045e-07,218.13282413041753,0.8033004524639773,102.04930578469292,0.0096,instanton_2007-01-05_T60_delta0.30_tau60_am200.npz
2007-01-08,20,0.2,0.2231435513142097,20,200.0,15.45630522371492,0.2231435513142097,0.222913207650965,0.00023034366324470312,0.0,0.0,0.5,10.0,5000,per_query,649110971,1.236050239302342e-08,4.198908660894184e-09,69.25499182873355,0.8261729998624998,313.9807754941895,0.0024,instanton_2007-01-08_T20_delta0.20_tau20_am200.npz
2007-01-08,20,0.3,0.35667494393873245,20,200.0,33.29431972777776,0.35667494393873245,0.35651255480293287,0.0001623891357995788,0.0,0.0,0.5,10.0,5000,per_query,3493511260,0.0,0.0,86.2353157684092,0.7677366856841366,175.2284828710027,0.0,instanton_2007-01-08_T20_delta0.30_tau20_am200.npz
2007-01-08,60,0.2,0.2231435513142097,60,200.0,5.432180276256434,0.2231435513142097,0.22177852401466502,0.0013650272995446855,0.0,0.0,0.5,10.0,5000,per_query,3779143768,0.0009060926029746398,6.045950248383128e-05,324.88736476113866,1.0109498939437829,179.66856115430485,0.0634,instanton_2007-01-08_T60_delta0.20_tau60_am200.npz
2007-01-08,60,0.3,0.35667494393873245,60,200.0,11.386116825016794,0.35667494393873245,0.3555437047564798,0.0011312391822526635,0.0,0.0,0.5,10.0,5000,per_query,307924187,1.4576989117581675e-06,2.734211594581855e-07,82.51747278848073,0.9627312367857627,236.76122480289473,0.0088,instanton_2007-01-08_T60_delta0.30_tau60_am200.npz
2007-01-09,20,0.2,0.2231435513142097,20,200.0,15.462083143782522,0.2231435513142097,0.22294932370887643,0.00019422760533327477,0.0,0.0,0.5,10.0,5000,per_query,185977586,2.6239435438822952e-08,9.729827397654627e-09,3.16686184773813,1.7864967150747675,4998.100002096866,0.003,instanton_2007-01-09_T20_delta0.20_tau20_am200.npz
2007-01-09,20,0.3,0.35667494393873245,20,200.0,33.37044568671113,0.35667494393873245,0.3565379975331062,0.00013694640562622595,0.0,0.0,0.5,10.0,5000,per_query,2920513341,0.0,0.0,30.37655341883416,0.8729970981306393,641.4147691868027,0.0,instanton_2007-01-09_T20_delta0.30_tau20_am200.npz
2007-01-09,60,0.2,0.2231435513142097,60,200.0,5.436085138233059,0.2231435513142097,0.2219949695795158,0.0011485817346938987,0.0,0.0,0.5,10.0,5000,per_query,489988406,0.0010429796415303131,7.660851191889518e-05,530.6452899269431,0.9797368787951102,76.18684916081241,0.0666,instanton_2007-01-09_T60_delta0.20_tau60_am200.npz
2007-01-09,60,0.3,0.35667494393873245,60,200.0,11.40505488316807,0.35667494393873245,0.3557501223826627,0.0009248215560697659,0.0,0.0,0.5,10.0,5000,per_query,3807622510,1.0636272789823047e-06,1.8762569173064025e-07,56.08928679358483,0.9067240906808071,366.32048272346987,0.0088,instanton_2007-01-09_T60_delta0.30_tau60_am200.npz
2007-01-10,20,0.2,0.2231435513142097,20,200.0,15.801191353576591,0.2231435513142097,0.2227566414062343,0.0003869099079754079,0.0,0.0,0.5,10.0,5000,per_query,790359417,6.0411055591531355e-09,2.329506289339963e-09,18.946006556906372,0.9793910330385428,878.34261841888,0.0016,instanton_2007-01-10_T20_delta0.20_tau20_am200.npz
2007-01-10,20,0.3,0.35667494393873245,20,200.0,33.74701455358897,0.35667494393873245,0.3564007547583614,0.0002741891803710317,0.0,0.0,0.5,10.0,5000,per_query,996194252,0.0,0.0,26.754853710130966,0.714631766634508,621.9604212582987,0.0,instanton_2007-01-10_T20_delta0.30_tau20_am200.npz
2007-01-10,60,0.2,0.2231435513142097,60,200.0,5.541071960432708,0.2231435513142097,0.22041335752782398,0.002730193786385726,0.0,0.0,0.5,10.0,5000,per_query,908255503,0.0008181276132777856,5.72043127274283e-05,262.71527716664673,1.0885292366123496,207.2400969255913,0.0626,instanton_2007-01-10_T60_delta0.20_tau60_am200.npz
2007-01-10,60,0.3,0.35667494393873245,60,200.0,11.507808261098708,0.35667494393873245,0.35467689620080467,0.0019980477379277772,0.0,0.0,0.5,10.0,5000,per_query,4204828745,9.411419260574829e-07,1.9080151745272771e-07,158.48497513818364,0.8607073148039619,144.4690267230868,0.0074,instanton_2007-01-10_T60_delta0.30_tau60_am200.npz
2007-01-11,20,0.2,0.2231435513142097,20,200.0,16.20934429109487,0.2231435513142097,0.22212251245488002,0.0010210388593296926,0.0,0.0,0.5,10.0,5000,per_query,2962314935,4.7010511907411465e-09,1.6870409127026095e-09,18.781663593094382,1.053614139426998,1025.1456427086268,0.002,instanton_2007-01-11_T20_delta0.20_tau20_am200.npz
2007-01-11,20,0.3,0.35667494393873245,20,200.0,34.20430375549,0.35667494393873245,0.3559521328644575,0.0007228110742749649,0.0,0.0,0.5,10.0,5000,per_query,3885656859,0.0,0.0,9.216829499404097,1.1290663922894746,1789.1080655683966,0.0,instanton_2007-01-11_T20_delta0.30_tau20_am200.npz
2007-01-11,60,0.2,0.2231435513142097,60,200.0,5.599863766257852,0.2231435513142097,0.2172812278646994,0.0058623234495103205,0.0,0.0,0.5,10.0,5000,per_query,2832529794,0.0006933289891981303,5.458858173855779e-05,479.56159497890815,0.9716291460986569,68.36906703726217,0.0564,instanton_2007-01-11_T60_delta0.20_tau60_am200.npz
2007-01-11,60,0.3,0.35667494393873245,60,200.0,11.5916444500264,0.35667494393873245,0.35186395416159133,0.004810989777141117,0.0,0.0,0.5,10.0,5000,per_query,1946298867,1.562338690001109e-06,3.522747720234644e-07,85.7946607940042,0.9026792775121653,223.5183015873526,0.0098,instanton_2007-01-11_T60_delta0.30_tau60_am200.npz
2007-01-12,20,0.2,0.2231435513142097,20,200.0,16.10817634770303,0.2231435513142097,0.22129485118440684,0.0018487001298028716,0.0,0.0,0.5,10.0,5000,per_query,3082974602,1.980587699666272e-09,1.17095391012012e-09,40.09727951754104,0.9668394719611598,413.8311805683389,0.0008,instanton_2007-01-12_T20_delta0.20_tau20_am200.npz
2007-01-12,20,0.3,0.35667494393873245,20,200.0,33.895687358564984,0.35667494393873245,0.3553713152880249,0.0013036286507075445,0.0,0.0,0.5,10.0,5000,per_query,3175815540,0.0,0.0,28.658500247246835,0.7955551539824465,514.1902708967355,0.0,instanton_2007-01-12_T20_delta0.30_tau20_am200.npz
2007-01-12,60,0.2,0.2231435513142097,60,200.0,5.518387177900886,0.2231435513142097,0.21474832761099183,0.00839522370321788,0.0,0.0,0.5,10.0,5000,per_query,59177514,0.0007862788750823188,5.70317786137265e-05,487.1125114102029,1.011048519538201,64.34554983123981,0.0576,instanton_2007-01-12_T60_delta0.20_tau60_am200.npz
2007-01-12,60,0.3,0.35667494393873245,60,200.0,11.438257152438007,0.35667494393873245,0.34964384194158615,0.007031101997146294,0.0,0.0,0.5,10.0,5000,per_query,1112714132,1.3324084004157324e-06,2.263397355946949e-07,118.1661472824542,0.8980702654573112,212.26529134238692,0.0096,instanton_2007-01-12_T60_delta0.30_tau60_am200.npz
2007-01-16,20,0.2,0.2231435513142097,20,200.0,15.915536244616632,0.2231435513142097,0.22200890881023128,0.0011346425039784336,0.0,0.0,0.5,10.0,5000,per_query,598361535,1.2456613204126613e-08,4.359023720077189e-09,17.821735956288286,0.8979873289015864,900.8130333021988,0.0024,instanton_2007-01-16_T20_delta0.20_tau20_am200.npz
2007-01-16,20,0.3,0.35667494393873245,20,200.0,33.64189881288255,0.35667494393873245,0.35588046875134705,0.0007944751873854017,0.0,0.0,0.5,10.0,5000,per_query,3719500400,0.0,0.0,54.56701801594343,0.8056368683195385,315.41039258225345,0.0,instanton_2007-01-16_T20_delta0.30_tau20_am200.npz
2007-01-16,60,0.2,0.2231435513142097,60,200.0,5.502884044728662,0.2231435513142097,0.2166274424508794,0.006516108863330317,0.0,0.0,0.5,10.0,5000,per_query,2267237622,0.0009268606723278689,6.446591093926612e-05,590.0367699606072,0.8892360759378305,52.37673014577386,0.0664,instanton_2007-01-16_T60_delta0.20_tau60_am200.npz
2007-01-16,60,0.3,0.35667494393873245,60,200.0,11.410643974106927,0.35667494393873245,0.35145329994744934,0.005221643991283109,0.0,0.0,0.5,10.0,5000,per_query,2581152919,1.4557612414072414e-06,2.3509808887173336e-07,109.28391893839205,0.9039598740963294,260.40582782012547,0.0112,instanton_2007-01-16_T60_delta0.30_tau60_am200.npz
2007-01-17,20,0.2,0.2231435513142097,20,200.0,16.4023285435057,0.2231435513142097,0.22186327464825606,0.0012802766659536502,0.0,0.0,0.5,10.0,5000,per_query,1155584838,1.045482257652683e-08,2.718645150493625e-09,15.110742069443878,1.21962216901096,1362.7421130010493,0.0036,instanton_2007-01-17_T20_delta0.20_tau20_am200.npz
2007-01-17,20,0.3,0.35667494393873245,20,200.0,34.502700570216106,0.35667494393873245,0.35576349391167916,0.0009114500270532844,0.0,0.0,0.5,10.0,5000,per_query,1086552114,0.0,0.0,38.06812950349845,0.8377460913785472,421.66306494445416,0.0,instanton_2007-01-17_T20_delta0.30_tau20_am200.npz
2007-01-17,60,0.2,0.2231435513142097,60,200.0,5.652331536676486,0.2231435513142097,0.21623462361024792,0.006908927703961787,0.0,0.0,0.5,10.0,5000,per_query,2629018313,0.0008747061734067464,6.013394789586166e-05,416.44509224185487,0.9977805955464486,81.22149536848376,0.0666,instanton_2007-01-17_T60_delta0.20_tau60_am200.npz
2007-01-17,60,0.3,0.35667494393873245,60,200.0,11.662701867595366,0.35667494393873245,0.35090013672423126,0.0057748072145011875,0.0,0.0,0.5,10.0,5000,per_query,596952939,1.25674702474948e-06,2.65056449151133e-07,115.02871855875472,0.9452187003694483,219.6883578423799,0.0102,instanton_2007-01-17_T60_delta0.30_tau60_am200.npz
2007-01-18,20,0.2,0.2231435513142097,20,200.0,15.988874388238916,0.2231435513142097,0.22255711308957604,0.0005864382246336675,0.0,0.0,0.5,10.0,5000,per_query,61698339,4.271746722039664e-09,1.8727527350505817e-09,80.99317016662648,0.6470379405479062,164.53983159695528,0.0016,instanton_2007-01-18_T20_delta0.20_tau20_am200.npz
2007-01-18,20,0.3,0.35667494393873245,20,200.0,33.956245795534876,0.35667494393873245,0.356259760297279,0.00041518364145343156,0.0,0.0,0.5,10.0,5000,per_query,829720617,0.0,0.0,34.89310197532175,0.8489229278970124,597.3958617911928,0.0,instanton_2007-01-18_T20_delta0.30_tau20_am200.npz
2007-01-18,60,0.2,0.2231435513142097,60,200.0,5.573489269225798,0.2231435513142097,0.21935001685279865,0.0037935344614110633,0.0,0.0,0.5,10.0,5000,per_query,941085492,0.0008555172873452847,6.575148739931976e-05,535.1646588406029,1.005185169203397,61.670660861313245,0.0594,instanton_2007-01-18_T60_delta0.20_tau60_am200.npz
2007-01-18,60,0.3,0.35667494393873245,60,200.0,11.557488887095017,0.35667494393873245,0.35362564199606705,0.0030493019426653944,0.0,0.0,0.5,10.0,5000,per_query,3356100140,1.1589250409373284e-06,2.063381818493933e-07,113.93987704991807,0.8928560926717842,249.5528909607664,0.0102,instanton_2007-01-18_T60_delta0.30_tau60_am200.npz
2007-01-19,20,0.2,0.2231435513142097,20,200.0,16.21825411591969,0.2231435513142097,0.22222915786838726,0.0009143934458224479,0.0,0.0,0.5,10.0,5000,per_query,2609861478,6.17717334036899e-09,2.368769607743738e-09,81.48252776228544,0.6375221361398046,160.46826494861605,0.002,instanton_2007-01-19_T20_delta0.20_tau20_am200.npz
2007-01-19,20,0.3,0.35667494393873245,20,200.0,34.24874208360414,0.35667494393873245,0.35602349104515874,0.0006514528935737118,0.0,0.0,0.5,10.0,5000,per_query,3663186270,0.0,0.0,28.717607470187783,0.9738509177150667,626.5779537434136,0.0,instanton_2007-01-19_T20_delta0.30_tau20_am200.npz
2007-01-19,60,0.2,0.2231435513142097,60,200.0,5.612019074310661,0.2231435513142097,0.21783739663077473,0.005306154683434983,0.0,0.0,0.5,10.0,5000,per_query,3271675429,0.0008640071218014352,6.013352568672174e-05,125.87916631788285,1.017587446476396,344.09593240275325,0.07,instanton_2007-01-19_T60_delta0.20_tau60_am200.npz
2007-01-19,60,0.3,0.35667494393873245,60,200.0,11.61548444081221,0.35667494393873245,0.3522895685945784,0.004385375344154063,0.0,0.0,0.5,10.0,5000,per_query,4113385911,1.1548761090062983e-06,2.030533368662431e-07,71.77325025316938,0.9698684446074761,361.0636966014607,0.0104,instanton_2007-01-19_T60_delta0.30_tau60_am200.npz
2007-01-22,20,0.2,0.2231435513142097,20,200.0,15.852231564472435,0.2231435513142097,0.22268468017857046,0.0004588711356392494,0.0,0.0,0.5,10.0,5000,per_query,572163269,4.5578163625915314e-09,2.3382829927271696e-09,32.356683492230474,1.0295503259427772,550.7300321095239,0.0008,instanton_2007-01-22_T20_delta0.20_tau20_am200.npz
2007-01-22,20,0.3,0.35667494393873245,20,200.0,33.78326135542855,0.35667494393873245,0.3563497674726923,0.0003251764660401335,0.0,0.0,0.5,10.0,5000,per_query,4151699458,0.0,0.0,46.7944169743722,0.7828773563715419,374.323861077739,0.0,instanton_2007-01-22_T20_delta0.30_tau20_am200.npz
2007-01-22,60,0.2,0.2231435513142097,60,200.0,5.542356123038529,0.2231435513142097,0.22044030136154014,0.002703249952669573,0.0,0.0,0.5,10.0,5000,per_query,3168214251,0.0008501700642529503,5.9099341269006406e-05,346.15617679714563,1.0122212171985983,134.4475137384953,0.0624,instanton_2007-01-22_T60_delta0.20_tau60_am200.npz
2007-01-22,60,0.3,0.35667494393873245,60,200.0,11.513098261494463,0.35667494393873245,0.3543084956752338,0.002366448263498633,0.0,0.0,0.5,10.0,5000,per_query,3372822781,9.326776091676373e-07,1.6466652999151944e-07,100.62953696284151,0.941394704191001,225.58070682867444,0.0088,instanton_2007-01-22_T60_delta0.30_tau60_am200.npz
2007-01-23,20,0.2,0.2231435513142097,20,200.0,16.1203806228564,0.2231435513142097,0.22226018857622698,0.0008833627379827291,0.0,0.0,0.5,10.0,5000,per_query,1482565694,6.776706023261423e-09,2.656076482411351e-09,62.61807886041806,0.7214758014316821,271.50892265019695,0.0018,instanton_2007-01-23_T20_delta0.20_tau20_am200.npz
2007-01-23,20,0.3,0.35667494393873245,20,200.0,34.07922820552492,0.35667494393873245,0.3560501599092625,0.0006247840294699714,0.0,0.0,0.5,10.0,5000,per_query,2465008683,0.0,0.0,71.31654691278453,0.7869899806008505,215.65561505652042,0.0,instanton_2007-01-23_T20_delta0.30_tau20_am200.npz
2007-01-23,60,0.2,0.2231435513142097,60,200.0,5.580693559395724,0.2231435513142097,0.21776510006321104,0.005378451250998673,0.0,0.0,0.5,10.0,5000,per_query,4027658755,0.0007542733412867108,5.210358053528548e-05,433.2505319103321,0.9961820757867099,83.58658030564777,0.059,instanton_2007-01-23_T60_delta0.20_tau60_am200.npz
2007-01-23,60,0.3,0.35667494393873245,60,200.0,11.560177862677786,0.35667494393873245,0.35232785204583905,0.0043470918928933955,0.0,0.0,0.5,10.0,5000,per_query,2758989604,1.2146438385104385e-06,2.0179986025166634e-07,104.04204817738409,0.8303070447139118,234.0752410742615,0.0104,instanton_2007-01-23_T60_delta0.30_tau60_am200.npz
2007-01-24,20,0.2,0.2231435513142097,20,200.0,16.11546396000387,0.2231435513142097,0.2212965545475809,0.0018469967666288056,0.0,0.0,0.5,10.0,5000,per_query,791126815,8.86433570643991e-09,3.9182045092688985e-09,16.091611940512987,0.9204620934524029,1037.5964107127882,0.0024,instanton_2007-01-24_T20_delta0.20_tau20_am200.npz
2007-01-24,20,0.3,0.35667494393873245,20,200.0,33.90889128608382,0.35667494393873245,0.35536581550229407,0.0013091284364383782,0.0,0.0,0.5,10.0,5000,per_query,3372098316,0.0,0.0,59.3537657780846,0.7745092812819429,261.18112197690067,0.0,instanton_2007-01-24_T20_delta0.30_tau20_am200.npz
2007-01-24,60,0.2,0.2231435513142097,60,200.0,5.523533374155488,0.2231435513142097,0.2148688729550976,0.008274678359112109,0.0,0.0,0.5,10.0,5000,per_query,3510644194,0.0009678517351665811,8.3919184993084e-05,293.80837951247895,0.9730430657840167,191.79526520158205,0.0644,instanton_2007-01-24_T60_delta0.20_tau60_am200.npz
2007-01-24,60,0.3,0.35667494393873245,60,200.0,11.448401871045965,0.35667494393873245,0.3494510589090529,0.007223885029679522,0.0,0.0,0.5,10.0,5000,per_query,1020293880,1.0284083989828167e-06,1.996883217558838e-07,160.03772950782718,0.7434245452305138,184.19035901316374,0.0084,instanton_2007-01-24_T60_delta0.30_tau60_am200.npz
2007-01-25,20,0.2,0.2231435513142097,20,200.0,14.328352014293515,0.2231435513142097,0.22301010803670795,0.00013344327750175466,0.0,0.0,0.5,10.0,5000,per_query,1896827881,4.329403811935098e-08,1.0513053615302722e-08,20.525657413679735,1.1773784936025993,937.7906024910736,0.0042,instanton_2007-01-25_T20_delta0.20_tau20_am200.npz
2007-01-25,20,0.3,0.35667494393873245,20,200.0,31.37526655241145,0.35667494393873245,0.3565841120444331,9.083189429937022e-05,0.0,0.0,0.5,10.0,5000,per_query,2956109954,0.0,0.0,85.13662986654332,0.7248799915501333,148.1427800949296,0.0,instanton_2007-01-25_T20_delta0.30_tau20_am200.npz
2007-01-25,60,0.2,0.2231435513142097,60,200.0,5.075380810290675,0.2231435513142097,0.2223261335494131,0.0008174177647966019,0.0,0.0,0.5,10.0,5000,per_query,1137785460,0.0011093493117504607,7.504009453667326e-05,794.7217940473334,0.92599126652705,40.8498504680028,0.0638,instanton_2007-01-25_T60_delta0.20_tau60_am200.npz
2007-01-25,60,0.3,0.35667494393873245,60,200.0,10.78258764308045,0.35667494393873245,0.3560895552254353,0.0005853887132971636,0.0,0.0,0.5,10.0,5000,per_query,3700622522,2.0050274555770154e-06,3.42330520381977e-07,148.1130280472498,0.8307499005040782,136.5849437984278,0.0096,instanton_2007-01-25_T60_delta0.30_tau60_am200.npz
2007-01-26,20,0.2,0.2231435513142097,20,200.0,14.399549473923551,0.2231435513142097,0.22303160700126856,0.00011194431294114793,0.0,0.0,0.5,10.0,5000,per_query,3879511957,5.1682741275126195e-08,1.528786867262232e-08,60.46372764335237,0.732201320121706,362.7207409695994,0.0036,instanton_2007-01-26_T20_delta0.20_tau20_am200.npz
2007-01-26,20,0.3,0.35667494393873245,20,100.0,31.344430094436063,0.35667494393873245,0.3547232779606677,0.0019516659780647316,0.0,0.0,0.5,10.0,5000,per_query,3611980156,0.0,0.0,43.28762651393254,0.8293443578507189,351.73669665511267,0.0,instanton_2007-01-26_T20_delta0.30_tau20_am100.npz
2007-01-26,60,0.2,0.2231435513142097,60,200.0,5.099961996722855,0.2231435513142097,0.22241967571956156,0.000723875594648149,0.0,0.0,0.5,10.0,5000,per_query,735921743,0.0013443913007225217,8.537115331000956e-05,537.0134839716155,1.0033109240602254,76.79732120764741,0.073,instanton_2007-01-26_T60_delta0.20_tau60_am200.npz
2007-01-26,60,0.3,0.35667494393873245,60,200.0,10.842435750058101,0.35667494393873245,0.35617353731319934,0.0005014066255331073,0.0,0.0,0.5,10.0,5000,per_query,3177794586,1.6842260298188905e-06,2.8848044859350374e-07,77.06309037964462,1.0213420867391756,353.6939168670867,0.0094,instanton_2007-01-26_T60_delta0.30_tau60_am200.npz
2007-01-29,20,0.2,0.2231435513142097,20,200.0,14.5579712943623,0.2231435513142097,0.2230423987556316,0.00010115255857812144,0.0,0.0,0.5,10.0,5000,per_query,2027917497,3.13249145168064e-08,9.931535476974189e-09,46.221677094951026,0.9109447294183348,387.86777430473927,0.0026,instanton_2007-01-29_T20_delta0.20_tau20_am200.npz
2007-01-29,20,0.3,0.35667494393873245,20,100.0,31.695133706998963,0.35667494393873245,0.35481995912762176,0.0018549848111106826,0.0,0.0,0.5,10.0,5000,per_query,585947253,0.0,0.0,8.957988219124495,1.1951321345780572,1931.7820678690314,0.0,instanton_2007-01-29_T20_delta0.30_tau20_am100.npz
2007-01-29,60,0.2,0.2231435513142097,60,200.0,5.148605851055851,0.2231435513142097,0.22254882439444845,0.000594726919761257,0.0,0.0,0.5,10.0,5000,per_query,653465882,0.001173398008801519,7.766105789766739e-05,395.9194179933714,1.0130277209074237,159.8913547614734,0.0694,instanton_2007-01-29_T60_delta0.20_tau60_am200.npz
2007-01-29,60,0.3,0.35667494393873245,60,200.0,10.94838069847485,0.35667494393873245,0.35621103557673983,0.0004639083619926154,0.0,0.0,0.5,10.0,5000,per_query,2710474247,2.1222314084023413e-06,3.6113757851196605e-07,164.98110969118446,0.8265773107295792,132.6747441375078,0.0118,instanton_2007-01-29_T60_delta0.30_tau60_am200.npz
2007-01-30,20,0.2,0.2231435513142097,20,200.0,15.025029332485806,0.2231435513142097,0.22285453622005935,0.00028901509415035775,0.0,0.0,0.5,10.0,5000,per_query,1137421152,1.6452425567902534e-08,5.070908048449931e-09,21.513101685581706,0.9749754146777375,958.4451155541148,0.0028,instanton_2007-01-30_T20_delta0.20_tau20_am200.npz
2007-01-30,20,0.3,0.35667494393873245,20,200.0,32.404116639638346,0.35667494393873245,0.3564753780882688,0.0001995658504636566,0.0,0.0,0.5,10.0,5000,per_query,282032850,0.0,0.0,15.297176940679662,1.1181801417923471,1307.649922209553,0.0,instanton_2007-01-30_T20_delta0.30_tau20_am200.npz
2007-01-30,60,0.2,0.2231435513142097,60,200.0,5.2839853778710895,0.2231435513142097,0.22136572219178685,0.0017778291224228582,0.0,0.0,0.5,10.0,5000,per_query,2167252741,0.0010524141054697367,8.182596284969529e-05,122.23843934245777,1.0728892373829677,415.1600771869705,0.0636,instanton_2007-01-30_T60_delta0.20_tau60_am200.npz
2007-01-30,60,0.3,0.35667494393873245,60,200.0,11.093246646476983,0.35667494393873245,0.35523225030389405,0.001442693634838399,0.0,0.0,0.5,10.0,5000,per_query,428357095,1.7073375399344466e-06,2.705164333829141e-07,99.00542664890699,0.8780720314482237,223.61889505367503,0.0114,instanton_2007-01-30_T60_delta0.30_tau60_am200.npz
2007-01-31,20,0.2,0.2231435513142097,20,200.0,15.568683656946755,0.2231435513142097,0.22186374111262985,0.0012798102015798563,0.0,0.0,0.5,10.0,5000,per_query,3589240058,1.8911780115564993e-08,5.1313523627438386e-09,52.59351197333559,0.8232012349384943,301.2661647437311,0.0034,instanton_2007-01-31_T20_delta0.20_tau20_am200.npz
2007-01-31,20,0.3,0.35667494393873245,20,200.0,32.97998021555023,0.35667494393873245,0.35579307603171806,0.0008818679070143887,0.0,0.0,0.5,10.0,5000,per_query,3238209765,0.0,0.0,36.914818150403455,0.8165713519964867,408.7117719670434,0.0,instanton_2007-01-31_T20_delta0.30_tau20_am200.npz
2007-01-31,60,0.2,0.2231435513142097,60,200.0,5.381558053134439,0.2231435513142097,0.21596522917434946,0.007178322139860249,0.0,0.0,0.5,10.0,5000,per_query,2271902370,0.0009576140772450181,6.456068463152137e-05,439.71388250291676,0.9588529038051565,91.46950516698891,0.0642,instanton_2007-01-31_T60_delta0.20_tau60_am200.npz
2007-01-31,60,0.3,0.35667494393873245,60,200.0,11.190408908743313,0.35667494393873245,0.3508890393163302,0.005785904622402249,0.0,0.0,0.5,10.0,5000,per_query,131885995,1.3633262028324878e-06,2.677161428985417e-07,131.65276706356283,0.8786855884356312,164.27796178480352,0.0078,instanton_2007-01-31_T60_delta0.30_tau60_am200.npz
2007-02-01,20,0.2,0.2231435513142097,20,200.0,15.511961518994477,0.2231435513142097,0.22134210499397522,0.00180144632023449,0.0,0.0,0.5,10.0,5000,per_query,208277659,2.456043558455596e-08,1.2695225856751462e-08,14.817620451578883,1.0174509560182257,1225.1456096437732,0.0034,instanton_2007-02-01_T20_delta0.20_tau20_am200.npz
2007-02-01,20,0.3,0.35667494393873245,20,200.0,32.812216180442405,0.35667494393873245,0.3554345220812154,0.001240421857517049,0.0,0.0,0.5,10.0,5000,per_query,616360508,0.0,0.0,31.926676970311338,0.9850371119823099,530.6615362118799,0.0,instanton_2007-02-01_T20_delta0.30_tau20_am200.npz
2007-02-01,60,0.2,0.2231435513142097,60,200.0,5.3334337746839715,0.2231435513142097,0.21488311159825635,0.00826043971595336,0.0,0.0,0.5,10.0,5000,per_query,3000712854,0.0010279853300964395,7.293819001576309e-05,622.3939570034487,0.9271469686610191,64.27251052097631,0.0648,instanton_2007-02-01_T60_delta0.20_tau60_am200.npz
2007-02-01,60,0.3,0.35667494393873245,60,200.0,11.107073150951116,0.35667494393873245,0.3496889203046054,0.0069860236341270365,0.0,0.0,0.5,10.0,5000,per_query,3189246738,1.2663370794097636e-06,2.3450448089028183e-07,40.48794622677254,1.0318709411666371,720.2241854360302,0.008,instanton_2007-02-01_T60_delta0.30_tau60_am200.npz
2007-02-02,20,0.2,0.2231435513142097,20,200.0,15.526029856323351,0.2231435513142097,0.22134059034079545,0.0018029609734142582,0.0,0.0,0.5,10.0,5000,per_query,767773159,1.9592079317576855e-08,8.944063561099862e-09,18.582151652954984,1.0592944684998036,821.4483239974439,0.0022,instanton_2007-02-02_T20_delta0.20_tau20_am200.npz
2007-02-02,20,0.3,0.35667494393873245,20,200.0,32.83785960865045,0.35667494393873245,0.35543217133706495,0.0012427726016674967,0.0,0.0,0.5,10.0,5000,per_query,3440336286,0.0,0.0,77.64993785258524,0.7299803396293116,165.97877407195747,0.0,instanton_2007-02-02_T20_delta0.30_tau20_am200.npz
2007-02-02,60,0.2,0.2231435513142097,60,200.0,5.345391352036236,0.2231435513142097,0.21464203160244377,0.008501519711765937,0.0,0.0,0.5,10.0,5000,per_query,3063089602,0.0010031606454927978,7.420050054232249e-05,316.32507467371,1.0672600277644413,159.52990830695072,0.0622,instanton_2007-02-02_T60_delta0.20_tau60_am200.npz
2007-02-02,60,0.3,0.35667494393873245,60,200.0,11.117931295500487,0.35667494393873245,0.3496563426161243,0.00701860132260812,0.0,0.0,0.5,10.0,5000,per_query,1984140407,1.1588540566916903e-06,2.3284890642963226e-07,67.09595404436232,0.9742196993264403,290.9810819693522,0.0074,instanton_2007-02-02_T60_delta0.30_tau60_am200.npz
2007-02-05,20,0.2,0.2231435513142097,20,200.0,15.880919030290325,0.2231435513142097,0.22131110571806278,0.0018324455961469255,0.0,0.0,0.5,10.0,5000,per_query,3195845587,5.7413323527374525e-09,2.385148485529197e-09,20.837812171771926,0.9428689188191435,917.7851291266487,0.0014,instanton_2007-02-05_T20_delta0.20_tau20_am200.npz
2007-02-05,20,0.3,0.35667494393873245,20,200.0,33.48349729248627,0.35667494393873245,0.3553958760508502,0.0012790678878822348,0.0,0.0,0.5,10.0,5000,per_query,2959197485,0.0,0.0,13.231064671586292,1.0495659254333571,1297.9094617253104,0.0,instanton_2007-02-05_T20_delta0.30_tau20_am200.npz
2007-02-05,60,0.2,0.2231435513142097,60,200.0,5.4573379896232055,0.2231435513142097,0.21492047455621766,0.008223076757992054,0.0,0.0,0.5,10.0,5000,per_query,3557426825,0.0009725691470001064,6.736240360149337e-05,525.6897866995138,0.946985097028931,92.28741163956643,0.0674,instanton_2007-02-05_T60_delta0.20_tau60_am200.npz
2007-02-05,60,0.3,0.35667494393873245,60,200.0,11.31798579765649,0.35667494393873245,0.3496383224772597,0.00703662146147277,0.0,0.0,0.5,10.0,5000,per_query,4007479116,1.2624332315665864e-06,2.2010225838704787e-07,60.81445885892107,1.2330426393441378,516.4324257950232,0.0094,instanton_2007-02-05_T60_delta0.30_tau60_am200.npz
2007-02-06,20,0.2,0.2231435513142097,20,200.0,16.001046332292653,0.2231435513142097,0.221299472224203,0.0018440790900067228,0.0,0.0,0.5,10.0,5000,per_query,1307820129,1.0798272157917755e-08,4.061540127029713e-09,23.86802392254305,0.9508686964111177,870.5521260400467,0.0026,instanton_2007-02-06_T20_delta0.20_tau20_am200.npz
2007-02-06,20,0.3,0.35667494393873245,20,200.0,33.70149460023962,0.35667494393873245,0.3553806489724698,0.0012942949662626546,0.0,0.0,0.5,10.0,5000,per_query,1251549255,0.0,0.0,46.30083875394232,0.7597493676727355,354.84125142072213,0.0,instanton_2007-02-06_T20_delta0.30_tau20_am200.npz
2007-02-06,60,0.2,0.2231435513142097,60,200.0,5.493657996240711,0.2231435513142097,0.21474613324361602,0.008397418070593687,0.0,0.0,0.5,10.0,5000,per_query,2232803582,0.0008870891312460664,6.962599296392431e-05,461.4870113435339,0.9854828899752797,117.76266498215816,0.0616,instanton_2007-02-06_T60_delta0.20_tau60_am200.npz
2007-02-06,60,0.3,0.35667494393873245,60,200.0,11.385602295361423,0.35667494393873245,0.34957212796752213,0.007102815971210319,0.0,0.0,0.5,10.0,5000,per_query,3409943687,1.3600988010222762e-06,2.594161490168479e-07,96.61505657427323,1.0127602346132636,247.47055275027114,0.0088,instanton_2007-02-06_T60_delta0.30_tau60_am200.npz
2007-02-07,20,0.2,0.2231435513142097,20,200.0,15.977486616299675,0.2231435513142097,0.22130746068574592,0.0018360906284637935,0.0,0.0,0.5,10.0,5000,per_query,4254825354,6.513565483780764e-09,2.7860792550253407e-09,67.99599143361483,0.8252107831153306,259.5691590707613,0.0014,instanton_2007-02-07_T20_delta0.20_tau20_am200.npz
2007-02-07,20,0.3,0.35667494393873245,20,200.0,33.65876773119687,0.35667494393873245,0.3553870817519069,0.001287862186825528,0.0,0.0,0.5,10.0,5000,per_query,571553577,0.0,0.0,15.776315953491556,1.0603298113022228,1174.9571625643844,0.0,instanton_2007-02-07_T20_delta0.30_tau20_am200.npz
2007-02-07,60,0.2,0.2231435513142097,60,200.0,5.48189716623815,0.2231435513142097,0.2146655725082134,0.008477978805996322,0.0,0.0,0.5,10.0,5000,per_query,3460430854,0.0008793643470276033,5.876814900446436e-05,492.10150120861005,0.949403113934378,98.39418474598737,0.0606,instanton_2007-02-07_T60_delta0.20_tau60_am200.npz
2007-02-07,60,0.3,0.35667494393873245,60,200.0,11.371479840502928,0.35667494393873245,0.3496321723991649,0.0070427715395675605,0.0,0.0,0.5,10.0,5000,per_query,4146013870,1.0838717656487157e-06,1.995678612468698e-07,82.35280120592647,1.0090399674421286,272.13833625770496,0.0086,instanton_2007-02-07_T60_delta0.30_tau60_am200.npz
2007-02-08,20,0.2,0.2231435513142097,20,200.0,15.915093916973419,0.2231435513142097,0.22181764108438884,0.0013259102298208703,0.0,0.0,0.5,10.0,5000,per_query,728209025,1.1074352513549507e-08,4.66020301924182e-09,24.33341609558689,1.2839913933669376,978.0574022469749,0.0024,instanton_2007-02-08_T20_delta0.20_tau20_am200.npz
2007-02-08,20,0.3,0.35667494393873245,20,200.0,33.606906090767346,0.35667494393873245,0.3557477353792011,0.0009272085595313229,0.0,0.0,0.5,10.0,5000,per_query,1015421045,0.0,0.0,19.19237153528764,1.0950690641821086,1064.0794704272619,0.0,instanton_2007-02-08_T20_delta0.30_tau20_am200.npz
2007-02-08,60,0.2,0.2231435513142097,60,200.0,5.49642406511003,0.2231435513142097,0.21611135893245148,0.007032192381758229,0.0,0.0,0.5,10.0,5000,per_query,321835855,0.000905699400277288,6.170062792898996e-05,304.8122326136462,1.0008939280921907,199.54480962181862,0.0642,instanton_2007-02-08_T60_delta0.20_tau60_am200.npz
2007-02-08,60,0.3,0.35667494393873245,60,200.0,11.38336029371622,0.35667494393873245,0.3508096274924224,0.005865316446310054,0.0,0.0,0.5,10.0,5000,per_query,3638066787,1.738145877756931e-06,3.521412163542327e-07,35.10004406767726,1.242020762208307,670.7667250615131,0.0114,instanton_2007-02-08_T60_delta0.30_tau60_am200.npz
2007-02-09,20,0.2,0.2231435513142097,20,200.0,14.927592944639969,0.2231435513142097,0.22289371602827934,0.0002498352859303665,0.0,0.0,0.5,10.0,5000,per_query,258366864,2.7903840375706306e-08,7.3225874066954774e-09,39.62442968200001,0.8819467775222052,584.7723142422608,0.0032,instanton_2007-02-09_T20_delta0.20_tau20_am200.npz
2007-02-09,20,0.3,0.35667494393873245,20,200.0,32.27318120592614,0.35667494393873245,0.35650255730759817,0.00017238663113428032,0.0,0.0,0.5,10.0,5000,per_query,1176520743,0.0,0.0,27.151853434333827,1.0980339172801603,645.2071883696682,0.0,instanton_2007-02-09_T20_delta0.30_tau20_am200.npz
2007-02-09,60,0.2,0.2231435513142097,60,200.0,5.265008636518491,0.2231435513142097,0.22158994351924655,0.0015536077949631633,0.0,0.0,0.5,10.0,5000,per_query,2292624270,0.0010955820567654033,8.203515801893977e-05,103.42772837185491,1.1569908258466988,479.46075329018555,0.0622,instanton_2007-02-09_T60_delta0.20_tau60_am200.npz
2007-02-09,60,0.3,0.35667494393873245,60,200.0,11.053915022646231,0.35667494393873245,0.35551565223643333,0.0011592917022991145,0.0,0.0,0.5,10.0,5000,per_query,1324670515,2.2664057478641487e-06,5.193793264452299e-07,73.05226825587475,1.003215336549012,436.37060990029244,0.011,instanton_2007-02-09_T60_delta0.30_tau60_am200.npz
2007-02-12,20,0.2,0.2231435513142097,20,200.0,14.786015762716577,0.2231435513142097,0.22301725925322735,0.00012629206098235812,0.0,0.0,0.5,10.0,5000,per_query,4139461936,2.8488586756359385e-08,8.017330968382467e-09,9.109115926478403,1.2456662301182961,2009.6203170106721,0.0032,instanton_2007-02-12_T20_delta0.20_tau20_am200.npz
2007-02-12,20,0.3,0.35667494393873245,20,200.0,32.26660880301498,0.35667494393873245,0.3565875658451265,8.737809360592763e-05,0.0,0.0,0.5,10.0,5000,per_query,935144135,0.0,0.0,23.213286560055856,1.1151400827499034,699.3462838819603,0.0,instanton_2007-02-12_T20_delta0.30_tau20_am200.npz
2007-02-12,60,0.2,0.2231435513142097,60,200.0,5.2219632810952135,0.2231435513142097,0.22243381385002703,0.0007097374641826804,0.0,0.0,0.5,10.0,5000,per_query,1783845524,0.0011688183591843063,7.401420657710564e-05,701.3166892471545,0.92484292552107,37.12627751597515,0.0732,instanton_2007-02-12_T60_delta0.20_tau60_am200.npz
2007-02-12,60,0.3,0.35667494393873245,60,200.0,11.055199675067291,0.35667494393873245,0.3560763534499598,0.0005985904887726434,0.0,0.0,0.5,10.0,5000,per_query,2364979819,1.4293849012957354e-06,3.013799479011728e-07,95.7874910789253,0.9426182708815389,258.3113514340476,0.0078,instanton_2007-02-12_T60_delta0.30_tau60_am200.npz
2007-02-13,20,0.2,0.2231435513142097,20,200.0,15.350051647090238,0.2231435513142097,0.22241744595434643,0.0007261053598632827,0.0,0.0,0.5,10.0,5000,per_query,3147715561,1.6415876560492216e-08,4.972216765677452e-09,11.859396776532671,1.3231969585807606,1620.4471562820763,0.0028,instanton_2007-02-13_T20_delta0.20_tau20_am200.npz
2007-02-13,20,0.3,0.35667494393873245,20,200.0,32.71516071972839,0.35667494393873245,0.3561738705192372,0.0005010734194952349,0.0,0.0,0.5,10.0,5000,per_query,1591314931,0.0,0.0,10.618079458263,0.992106823001594,1445.828720137065,0.0,instanton_2007-02-13_T20_delta0.30_tau20_am200.npz
2007-02-13,60,0.2,0.2231435513142097,60,200.0,5.35316634401403,0.2231435513142097,0.2184908717005687,0.00465267961364102,0.0,0.0,0.5,10.0,5000,per_query,1061319234,0.0012516158113931308,7.63526362925617e-05,422.1019825286187,1.0390310829494025,83.34130446729806,0.0784,instanton_2007-02-13_T60_delta0.20_tau60_am200.npz
2007-02-13,60,0.3,0.35667494393873245,60,200.0,11.153387950498756,0.35667494393873245,0.3527976080359245,0.0038773359028079213,0.0,0.0,0.5,10.0,5000,per_query,955155334,1.7989042145370215e-06,2.741456515807704e-07,92.88645608163138,0.8436872913301164,352.830691697248,0.0114,instanton_2007-02-13_T60_delta0.30_tau60_am200.npz
2007-02-14,20,0.2,0.2231435513142097,20,200.0,15.471375173967303,0.2231435513142097,0.22134110806296814,0.00180244325124157,0.0,0.0,0.5,10.0,5000,per_query,670791634,2.6407838785462167e-08,7.522693638164928e-09,12.61901072586689,1.0801451227520833,1445.3018946676034,0.003,instanton_2007-02-14_T20_delta0.20_tau20_am200.npz
2007-02-14,20,0.3,0.35667494393873245,20,200.0,32.73821004464755,0.35667494393873245,0.35543826713761817,0.0012366768011142781,0.0,0.0,0.5,10.0,5000,per_query,2162588841,0.0,0.0,24.910081828804355,0.8985226523151275,645.6245125061304,0.0,instanton_2007-02-14_T20_delta0.30_tau20_am200.npz
2007-02-14,60,0.2,0.2231435513142097,60,200.0,5.321522678856782,0.2231435513142097,0.2148611389788071,0.008282412335402611,0.0,0.0,0.5,10.0,5000,per_query,3800289942,0.0010956634268991603,7.597441604132246e-05,480.1291204050269,1.018616689657251,104.71389322269131,0.0706,instanton_2007-02-14_T60_delta0.20_tau60_am200.npz
2007-02-14,60,0.3,0.35667494393873245,60,200.0,11.087232488244057,0.35667494393873245,0.3496040846127544,0.007070859325978063,0.0,0.0,0.5,10.0,5000,per_query,293642561,1.746786929136146e-06,3.9197541293787165e-07,177.0181161812842,0.8072238824105681,179.5127296322775,0.0084,instanton_2007-02-14_T60_delta0.30_tau60_am200.npz
2007-02-15,20,0.2,0.2231435513142097,20,200.0,15.52358220280167,0.2231435513142097,0.22134169853494434,0.0018018527792653671,0.0,0.0,0.5,10.0,5000,per_query,618733702,9.988984529971865e-09,3.4022045347881914e-09,5.643393239098236,1.0932047669605782,2267.2808417419396,0.0022,instanton_2007-02-15_T20_delta0.20_tau20_am200.npz
2007-02-15,20,0.3,0.35667494393873245,20,200.0,32.8333984771957,0.35667494393873245,0.35543384089109953,0.0012411030476329188,0.0,0.0,0.5,10.0,5000,per_query,3043071422,0.0,0.0,8.691429915387298,1.386656911920077,2042.024190522318,0.0,instanton_2007-02-15_T20_delta0.30_tau20_am200.npz
2007-02-15,60,0.2,0.2231435513142097,60,200.0,5.344917379757004,0.2231435513142097,0.21490028346725332,0.008243267846956392,0.0,0.0,0.5,10.0,5000,per_query,1355090815,0.001020393941224722,6.483775191024871e-05,311.5293795661571,0.955640365441828,175.836311256189,0.07,instanton_2007-02-15_T60_delta0.20_tau60_am200.npz
2007-02-15,60,0.3,0.35667494393873245,60,200.0,11.116934557736553,0.35667494393873245,0.3496195477644113,0.00705539617432116,0.0,0.0,0.5,10.0,5000,per_query,1075723523,1.7636548578969693e-06,3.2553173465511447e-07,129.74452138116132,0.8760514453031226,246.6026863606915,0.0088,instanton_2007-02-15_T60_delta0.30_tau60_am200.npz
2007-02-16,20,0.2,0.2231435513142097,20,200.0,15.503068053013438,0.2231435513142097,0.22154720575394826,0.0015963455602614474,0.0,0.0,0.5,10.0,5000,per_query,1269394811,1.2592634282089908e-08,4.438089317771773e-09,74.82310604823255,0.7330580448715818,231.5914786348355,0.0026,instanton_2007-02-16_T20_delta0.20_tau20_am200.npz
2007-02-16,20,0.3,0.35667494393873245,20,200.0,32.81676592741528,0.35667494393873245,0.3555777620528202,0.001097181885912235,0.0,0.0,0.5,10.0,5000,per_query,2426716658,0.0,0.0,20.557536642835807,0.8915738210534396,705.7038531846036,0.0,instanton_2007-02-16_T20_delta0.30_tau20_am200.npz
2007-02-16,60,0.2,0.2231435513142097,60,200.0,5.3438214861538365,0.2231435513142097,0.21529538477274102,0.007848166541468693,0.0,0.0,0.5,10.0,5000,per_query,1011405066,0.0010052409146449216,6.944419821259705e-05,430.9356542937409,1.0391273890822421,89.19153982903553,0.0656,instanton_2007-02-16_T60_delta0.20_tau60_am200.npz
2007-02-16,60,0.3,0.35667494393873245,60,200.0,11.122689309264818,0.35667494393873245,0.35011839536093703,0.006556548577795418,0.0,0.0,0.5,10.0,5000,per_query,5485808,1.5105844602072033e-06,2.5634590672103485e-07,70.46933255201003,1.05947166973828,428.1142565069364,0.0096,instanton_2007-02-16_T60_delta0.30_tau60_am200.npz
2007-02-20,20,0.2,0.2231435513142097,20,200.0,15.570698458607628,0.2231435513142097,0.22133656256267198,0.0018069887515377303,0.0,0.0,0.5,10.0,5000,per_query,3379845028,2.171625386545536e-08,5.734218620453444e-09,17.339476559201707,0.8972364306995394,1007.6469452962423,0.004,instanton_2007-02-20_T20_delta0.20_tau20_am200.npz
2007-02-20,20,0.3,0.35667494393873245,20,200.0,32.91925700536047,0.35667494393873245,0.35542898718012594,0.0012459567586065035,0.0,0.0,0.5,10.0,5000,per_query,1405867377,0.0,0.0,18.151085655472116,1.1609732651705797,1000.8298175294947,0.0,instanton_2007-02-20_T20_delta0.30_tau20_am200.npz
2007-02-20,60,0.2,0.2231435513142097,60,200.0,5.357125718689632,0.2231435513142097,0.21482235170570174,0.008321199608507968,0.0,0.0,0.5,10.0,5000,per_query,1080591904,0.0010950757976429162,8.59860334707245e-05,448.5725863537447,1.0319681421461169,70.88606354994445,0.0712,instanton_2007-02-20_T60_delta0.20_tau60_am200.npz
2007-02-20,60,0.3,0.35667494393873245,60,200.0,11.144391670637159,0.35667494393873245,0.349585675454942,0.007089268483790434,0.0,0.0,0.5,10.0,5000,per_query,239553046,1.960346393338673e-06,3.792120105732187e-07,105.67008810013346,0.8245396540697814,218.37593583783297,0.0086,instanton_2007-02-20_T60_delta0.30_tau60_am200.npz
2007-02-21,20,0.2,0.2231435513142097,20,200.0,15.582926826573454,0.2231435513142097,0.22151643878640748,0.0016271125278022325,0.0,0.0,0.5,10.0,5000,per_query,1138187109,1.7095898979749785e-08,4.744604226158582e-09,21.401379230917144,1.214172626708154,1004.7472272338908,0.0034,instanton_2007-02-21_T20_delta0.20_tau20_am200.npz
2007-02-21,20,0.3,0.35667494393873245,20,200.0,32.95927293768485,0.35667494393873245,0.35554799655456204,0.001126947384170407,0.0,0.0,0.5,10.0,5000,per_query,2246947984,0.0,0.0,29.908230327726884,1.2268416703137637,563.3881709072808,0.0,instanton_2007-02-21_T20_delta0.30_tau20_am200.npz
2007-02-21,60,0.2,0.2231435513142097,60,200.0,5.369274270773741,0.2231435513142097,0.21505256180901,0.008090989505199708,0.0,0.0,0.5,10.0,5000,per_query,526052012,0.0012667707660315812,9.623612036919228e-05,322.5471242317548,1.0490897148763507,151.24231620438917,0.0716,instanton_2007-02-21_T60_delta0.20_tau60_am200.npz
2007-02-21,60,0.3,0.35667494393873245,60,200.0,11.166879287003002,0.35667494393873245,0.3500354604903446,0.0066394834483878284,0.0,0.0,0.5,10.0,5000,per_query,1691752864,1.5433386988666967e-06,2.480224262355172e-07,99.03480764492717,0.939325405926488,247.41680575894446,0.0114,instanton_2007-02-21_T60_delta0.30_tau60_am200.npz
2007-02-22,20,0.2,0.2231435513142097,20,200.0,15.871642598593274,0.2231435513142097,0.22177422925489676,0.0013693220593129496,0.0,0.0,0.5,10.0,5000,per_query,2353986351,4.612417382449239e-09,1.7606707748265068e-09,40.353120252757314,0.7675426402528039,483.707320770682,0.0016,instanton_2007-02-22_T20_delta0.20_tau20_am200.npz
2007-02-22,20,0.3,0.35667494393873245,20,200.0,33.52057769593388,0.35667494393873245,0.35571962278943925,0.0009553211492931979,0.0,0.0,0.5,10.0,5000,per_query,1853884935,0.0,0.0,49.882503248846575,0.773713830723836,442.1037703997458,0.0,instanton_2007-02-22_T20_delta0.30_tau20_am200.npz
2007-02-22,60,0.2,0.2231435513142097,60,200.0,5.477244212608838,0.2231435513142097,0.21582640822749255,0.007317143086717159,0.0,0.0,0.5,10.0,5000,per_query,720793395,0.000934512944124579,6.858473399682847e-05,395.4351055455413,0.9645911803194518,104.38095359583144,0.065,instanton_2007-02-22_T60_delta0.20_tau60_am200.npz
2007-02-22,60,0.3,0.35667494393873245,60,200.0,11.35579713987693,0.35667494393873245,0.35067110418143077,0.006003839757301677,0.0,0.0,0.5,10.0,5000,per_query,96957093,1.5166448695391088e-06,4.7265700673757833e-07,39.46909733320819,1.068056757010431,734.5953593412991,0.0102,instanton_2007-02-22_T60_delta0.30_tau60_am200.npz
2007-02-23,20,0.2,0.2231435513142097,20,200.0,16.19084050583002,0.2231435513142097,0.2225736762445587,0.0005698750696510047,0.0,0.0,0.5,10.0,5000,per_query,1219097490,1.25724516119255e-08,3.641130307417875e-09,51.423798683106604,0.9230415060445681,424.8285106042722,0.0028,instanton_2007-02-23_T20_delta0.20_tau20_am200.npz
2007-02-23,20,0.3,0.35667494393873245,20,200.0,34.337257258561685,0.35667494393873245,0.35626888238595633,0.0004060615527761158,0.0,0.0,0.5,10.0,5000,per_query,3828139971,0.0,0.0,87.69745309173778,0.715968014463104,225.55604519210956,0.0,instanton_2007-02-23_T20_delta0.30_tau20_am200.npz
2007-02-23,60,0.2,0.2231435513142097,60,200.0,5.638416076649831,0.2231435513142097,0.21957364112446687,0.003569910189742842,0.0,0.0,0.5,10.0,5000,per_query,3153426536,0.000833896774840915,9.201740152237616e-05,453.96131239442116,1.005745265726673,106.68787321406721,0.059,instanton_2007-02-23_T60_delta0.20_tau60_am200.npz
2007-02-23,60,0.3,0.35667494393873245,60,200.0,11.680145186661925,0.35667494393873245,0.3538041080773322,0.002870835861400245,0.0,0.0,0.5,10.0,5000,per_query,4030584647,7.701584976621651e-07,1.534191276268014e-07,80.181754001576,1.0301306044065515,272.642929919153,0.0082,instanton_2007-02-23_T60_delta0.30_tau60_am200.npz
2007-02-26,20,0.2,0.2231435513142097,20,200.0,16.09120881437442,0.2231435513142097,0.22267549428687783,0.0004680570273318807,0.0,0.0,0.5,10.0,5000,per_query,4031042888,4.454784440686785e-09,2.0364282157322995e-09,37.19542627203289,1.030163937384148,613.7315167122847,0.0012,instanton_2007-02-26_T20_delta0.20_tau20_am200.npz
2007-02-26,20,0.3,0.35667494393873245,20,200.0,34.21760964844947,0.35667494393873245,0.35634089024269056,0.0003340536960418916,0.0,0.0,0.5,10.0,5000,per_query,2259578467,0.0,0.0,17.170511194666698,1.2076250292999782,1173.3392137264984,0.0,instanton_2007-02-26_T20_delta0.30_tau20_am200.npz
2007-02-26,60,0.2,0.2231435513142097,60,200.0,5.612606047132605,0.2231435513142097,0.21995141826971754,0.0031921330444921736,0.0,0.0,0.5,10.0,5000,per_query,3847888921,0.0006645219384693571,4.934672896138199e-05,363.3219562166396,0.9742109280348079,93.90246477945668,0.0558,instanton_2007-02-26_T60_delta0.20_tau60_am200.npz
2007-02-26,60,0.3,0.35667494393873245,60,200.0,11.649107734040903,0.35667494393873245,0.3542923310644035,0.0023826128743289487,0.0,0.0,0.5,10.0,5000,per_query,2725164039,8.358368673414152e-07,1.9052824215363145e-07,77.30947362219395,1.0696085448414279,392.59158553983,0.0082,instanton_2007-02-26_T60_delta0.30_tau60_am200.npz
2007-02-27,20,0.2,0.2231435513142097,20,100.0,6.703621812848875,0.2231435513142097,0.2230562781155072,8.727319870249772e-05,0.0,0.0,0.5,10.0,5000,per_query,416649324,0.00015674374665957018,1.5741449206845522e-05,381.9445316283762,0.950988949992913,96.00692014729088,0.035,instanton_2007-02-27_T20_delta0.20_tau20_am100.npz
2007-02-27,20,0.3,0.35667494393873245,20,100.0,17.941568553648448,0.35667494393873245,0.35662498901570494,4.995492302750648e-05,0.0,0.0,0.5,10.0,5000,per_query,868831086,4.428597780723141e-10,2.7842513461887274e-10,12.048486477494695,1.5868895484964465,1540.521828128654,0.0006,instanton_2007-02-27_T20_delta0.30_tau20_am100.npz
2007-02-27,60,0.2,0.2231435513142097,60,100.0,2.520068535795953,0.2231435513142106,0.22277514189841607,0.00036840941579363573,0.0,8.881784197001252e-16,0.5,10.0,5000,per_query,905860457,0.02155243265852774,0.0007913588983859069,1333.7430017681788,1.008901053135507,54.20376309079378,0.173,instanton_2007-02-27_T60_delta0.20_tau60_am100.npz
2007-02-27,60,0.3,0.35667494393873245,60,100.0,6.4026847900295865,0.35667494393873245,0.3564116364922807,0.00026330744645175486,0.0,0.0,0.5,10.0,5000,per_query,2278876225,0.0002639678141171429,2.342109907994848e-05,375.12888892892204,0.9588784626236986,96.05867940071535,0.0434,instanton_2007-02-27_T60_delta0.30_tau60_am100.npz
2007-02-28,20,0.2,0.2231435513142097,20,100.0,7.243282094838045,0.2231435513142106,0.22291576914646605,0.000227782167743662,0.0,8.881784197001252e-16,0.5,10.0,5000,per_query,650592516,7.722310713077788e-05,9.487287972923908e-06,207.6007785466292,0.9614583254505473,186.27740822716615,0.0258,instanton_2007-02-28_T20_delta0.20_tau20_am100.npz
2007-02-28,20,0.3,0.35667494393873245,20,100.0,18.561849457056294,0.35667494393873245,0.3565411268276346,0.00013381711109783367,0.0,0.0,0.5,10.0,5000,per_query,2533680815,1.8470649594475573e-11,1.8470649594475576e-11,57.070305075743384,0.8327475635792911,339.2985510867985,0.0002,instanton_2007-02-28_T20_delta0.30_tau20_am100.npz
2007-02-28,60,0.2,0.2231435513142097,60,100.0,2.693234085477854,0.2231435513142097,0.22208295140139622,0.0010605999128134869,0.0,0.0,0.5,10.0,5000,per_query,2650575968,0.017046914381826872,0.0007027737111911743,1361.5435417786318,1.0141145388928905,32.775493428313965,0.1524,instanton_2007-02-28_T60_delta0.20_tau60_am100.npz
2007-02-28,60,0.3,0.35667494393873245,60,100.0,6.607776102890429,0.35667494393873245,0.3560618841816945,0.0006130597570379592,0.0,0.0,0.5,10.0,5000,per_query,1492979199,0.00016292941441392635,1.4726030626337328e-05,300.66701326863915,0.9688362249096938,109.08740295520973,0.0342,instanton_2007-02-28_T60_delta0.30_tau60_am100.npz
2007-03-01,20,0.2,0.2231435513142097,20,100.0,7.113594399971069,0.2231435513142097,0.2229715953689464,0.00017195594526331348,0.0,0.0,0.5,10.0,5000,per_query,1668055161,9.582404809688965e-05,9.423819832923635e-06,85.83565662939101,1.1612181478676322,420.6976754398096,0.0304,instanton_2007-03-01_T20_delta0.20_tau20_am100.npz
2007-03-01,20,0.3,0.35667494393873245,20,100.0,18.445003655360633,0.35667494393873245,0.3565744953018113,0.00010044863692115769,0.0,0.0,0.5,10.0,5000,per_query,2550718015,2.161241941928364e-10,2.1612419419283643e-10,59.4848417688357,0.8495075424854643,322.7459700783472,0.0002,instanton_2007-03-01_T20_delta0.30_tau20_am100.npz
2007-03-01,60,0.2,0.2231435513142097,60,100.0,2.648372388377211,0.2231435513142097,0.22235699267754683,0.0007865586366628818,0.0,0.0,0.5,10.0,5000,per_query,4195107521,0.018086799676633774,0.0007450776559438433,1240.3421992231686,0.988541698247696,42.54531439472406,0.1596,instanton_2007-03-01_T60_delta0.20_tau60_am100.npz
2007-03-01,60,0.3,0.35667494393873245,60,100.0,6.564653442275147,0.35667494393873245,0.356183676833548,0.0004912671051844342,0.0,0.0,0.5,10.0,5000,per_query,4118269388,0.00016826038093307427,1.5082999766641054e-05,223.65134928720335,0.9877493297010338,227.72732898381273,0.0366,instanton_2007-03-01_T60_delta0.30_tau60_am100.npz
2007-03-02,20,0.2,0.2231435513142097,20,100.0,5.981958505896512,0.2231435513142106,0.22309443148569752,4.9119828512189656e-05,0.0,8.881784197001252e-16,0.5,10.0,5000,per_query,423362789,0.00036320357256728795,2.7052977618522537e-05,220.5654873525356,1.0373530537184783,225.41897466192063,0.0474,instanton_2007-03-02_T20_delta0.20_tau20_am100.npz
2007-03-02,20,0.3,0.35667494393873245,20,50.0,16.413562170672893,0.35667494393873245,0.3547247153978459,0.001950228540886556,0.0,0.0,0.5,10.0,5000,per_query,1293537244,8.166724658907996e-09,2.463460955580152e-09,17.55157144663475,1.031461401106235,1017.6047891321414,0.0026,instanton_2007-03-02_T20_delta0.30_tau20_am50.npz
2007-03-02,60,0.2,0.2231435513142097,60,100.0,2.2548515671139184,0.2231435513142106,0.2229362466505611,0.00020730466364859979,0.0,8.881784197001252e-16,0.5,10.0,5000,per_query,2809347695,0.029207222341958924,0.001011887287328708,1768.6461930251353,0.9728250076348595,16.47410821282223,0.1904,instanton_2007-03-02_T60_delta0.20_tau60_am100.npz
2007-03-02,60,0.3,0.35667494393873245,60,100.0,5.939630002613839,0.35667494393873245,0.35654738694942534,0.00012755698930710935,0.0,0.0,0.5,10.0,5000,per_query,2162206030,0.0004671561841405522,3.706605232360285e-05,279.3524103044594,1.061344822567328,177.7939641764159,0.0524,instanton_2007-03-02_T60_delta0.30_tau60_am100.npz
2007-03-05,20,0.2,0.2231435513142097,20,100.0,5.251194205457318,0.2231435513142097,0.22312355586227994,1.999545192976626e-05,0.0,0.0,0.5,10.0,5000,per_query,3475840562,0.0008279159989838139,5.1376496449596104e-05,548.822348477911,0.9955986621802083,56.58224881296986,0.0632,instanton_2007-03-05_T20_delta0.20_tau20_am100.npz
2007-03-05,20,0.3,0.35667494393873245,20,50.0,15.250737946096688,0.35667494393873245,0.35546073200084294,0.0012142119378895089,0.0,0.0,0.5,10.0,5000,per_query,473213045,1.570684123468387e-08,4.737950261527532e-09,29.310991398732323,0.8306256309849523,694.648501566792,0.0028,instanton_2007-03-05_T20_delta0.30_tau20_am50.npz
2007-03-05,60,0.2,0.2231435513142097,60,100.0,1.9966135497662019,0.2231435513142097,0.2230621033211495,8.14479930602019e-05,0.0,0.0,0.5,10.0,5000,per_query,47734590,0.038683316103740435,0.0012480493142108873,1874.778353984232,0.9955161241427959,25.23199606097419,0.2078,instanton_2007-03-05_T60_delta0.20_tau60_am100.npz
2007-03-05,60,0.3,0.35667494393873245,60,100.0,5.521121043637347,0.35667494393873245,0.35662609686773905,4.884707099339636e-05,0.0,0.0,0.5,10.0,5000,per_query,3642493508,0.0006013821031750046,4.257721797176166e-05,510.9675677124541,0.9753136834482924,62.532154303826715,0.0538,instanton_2007-03-05_T60_delta0.30_tau60_am100.npz
2007-03-06,20,0.2,0.2231435513142097,20,100.0,5.818948562390044,0.2231435513142106,0.22304780211614084,9.574919806887294e-05,0.0,8.881784197001252e-16,0.5,10.0,5000,per_query,816723196,0.00033909812413299194,2.6451107715347216e-05,193.01572019922142,1.0736881549832011,295.75908475159343,0.0454,instanton_2007-03-06_T20_delta0.20_tau20_am100.npz
2007-03-06,20,0.3,0.35667494393873245,20,100.0,15.747115185360677,0.35667494393873245,0.3566228164758565,5.2127462875972697e-05,0.0,0.0,0.5,10.0,5000,per_query,794348985,1.2336796308335973e-08,3.670030967317861e-09,42.1705275458685,0.888617979600559,403.9089699745337,0.0028,instanton_2007-03-06_T20_delta0.30_tau20_am100.npz
2007-03-06,60,0.2,0.2231435513142097,60,100.0,2.195304172828757,0.2231435513142106,0.22275357306486132,0.0003899782493483883,0.0,8.881784197001252e-16,0.5,10.0,5000,per_query,2277313453,0.032631346124777826,0.001199155732318563,1551.4449671795414,1.0225307346834742,25.39088032095948,0.1918,instanton_2007-03-06_T60_delta0.20_tau60_am100.npz
2007-03-06,60,0.3,0.35667494393873245,60,100.0,5.665509379543633,0.35667494393873245,0.35642930831318065,0.00024563562555179885,0.0,0.0,0.5,10.0,5000,per_query,3643772955,0.0004926947654812862,3.4976254806529926e-05,390.6423656371584,1.041814029553533,119.66258285978529,0.0522,instanton_2007-03-06_T60_delta0.30_tau60_am100.npz
2007-03-07,20,0.2,0.2231435513142097,20,100.0,5.758326384281532,0.2231435513142106,0.22305636004358487,8.719127062484233e-05,0.0,8.881784197001252e-16,0.5,10.0,5000,per_query,998630695,0.0004756359032540219,3.9209554769457535e-05,291.70328715365196,0.967798771256922,201.31388113823127,0.051,instanton_2007-03-07_T20_delta0.20_tau20_am100.npz
2007-03-07,20,0.3,0.35667494393873245,20,100.0,15.657166207386165,0.35667494393873245,0.3566276627287275,4.728121000496799e-05,0.0,0.0,0.5,10.0,5000,per_query,464835857,1.188176670127257e-08,4.4822757885308234e-09,66.05738648831534,0.7600006381766842,230.42156966472547,0.0024,instanton_2007-03-07_T20_delta0.30_tau20_am100.npz
2007-03-07,60,0.2,0.2231435513142097,60,100.0,2.1780154656032296,0.2231435513142106,0.22275312094758437,0.00039043036662533837,0.0,8.881784197001252e-16,0.5,10.0,5000,per_query,2389044581,0.03193302723286111,0.0011304140118376823,1935.6171500584794,0.9926061643427991,20.881545339946836,0.1904,instanton_2007-03-07_T60_delta0.20_tau60_am100.npz
2007-03-07,60,0.3,0.35667494393873245,60,100.0,5.636321378344233,0.35667494393873245,0.3564431257564049,0.0002318181823275367,0.0,0.0,0.5,10.0,5000,per_query,1545691011,0.000601635868991966,4.555509133502755e-05,376.74364686745156,0.9701275785339508,99.62139536743612,0.0562,instanton_2007-03-07_T60_delta0.30_tau60_am100.npz
2007-03-08,20,0.2,0.2231435513142097,20,100.0,6.152861325434649,0.2231435513142106,0.2229517650567585,0.0001917862574511986,0.0,8.881784197001252e-16,0.5,10.0,5000,per_query,237564853,0.0002506041248819036,1.997268684142284e-05,314.15735752924394,0.951566740067166,147.76569134759114,0.0416,instanton_2007-03-08_T20_delta0.20_tau20_am100.npz
2007-03-08,20,0.3,0.35667494393873245,20,100.0,16.134238366613587,0.35667494393873245,0.3565687588605808,0.0001061850781516327,0.0,0.0,0.5,10.0,5000,per_query,3575408772,2.4922770380565835e-09,1.1574038869548602e-09,12.719165654693438,1.3442140995569938,1482.7343463924183,0.0012,instanton_2007-03-08_T20_delta0.30_tau20_am100.npz
2007-03-08,60,0.2,0.2231435513142097,60,100.0,2.3182641488650644,0.2231435513142097,0.2222596302845261,0.0008839210296835986,0.0,0.0,0.5,10.0,5000,per_query,3147177100,0.028592103990236546,0.0010621713342555167,1401.435153572847,1.0226100689608992,52.91404716801417,0.1842,instanton_2007-03-08_T60_delta0.20_tau60_am100.npz
2007-03-08,60,0.3,0.35667494393873245,60,100.0,5.799248242722813,0.35667494393873245,0.35617345698525504,0.0005014869534774036,0.0,0.0,0.5,10.0,5000,per_query,18915175,0.0004781221581206385,3.5668449723613186e-05,214.54574277923544,0.9984915823577661,222.1417412595056,0.049,instanton_2007-03-08_T60_delta0.30_tau60_am100.npz
2007-03-09,20,0.2,0.2231435513142097,20,100.0,6.172416156514201,0.2231435513142097,0.22294656954569003,0.0001969817685196773,0.0,0.0,0.5,10.0,5000,per_query,469989822,0.00031433104670815833,3.3961234275906504e-05,366.3611453103101,0.9385276542241625,104.01785936708234,0.0426,instanton_2007-03-09_T20_delta0.20_tau20_am100.npz
2007-03-09,20,0.3,0.35667494393873245,20,100.0,16.16482470864135,0.35667494393873245,0.35656567059143995,0.00010927334729249338,0.0,0.0,0.5,10.0,5000,per_query,3488333583,6.626615688488664e-09,2.2555309888020043e-09,51.77861853908533,0.706898332340936,330.7794069465017,0.002,instanton_2007-03-09_T20_delta0.30_tau20_am100.npz
2007-03-09,60,0.2,0.2231435513142097,60,100.0,2.3225336240122165,0.2231435513142097,0.22221314045606722,0.0009304108581424941,0.0,0.0,0.5,10.0,5000,per_query,683739407,0.027020479176243596,0.0010177455709812098,1640.0868466270142,1.0011551907752563,22.721657687781825,0.1786,instanton_2007-03-09_T60_delta0.20_tau60_am100.npz
2007-03-09,60,0.3,0.35667494393873245,60,100.0,5.810184275393295,0.35667494393873245,0.35614975799664617,0.0005251859420862814,0.0,0.0,0.5,10.0,5000,per_query,4260728370,0.00044855441761452574,3.397156293933923e-05,293.26968332217245,1.061304822722622,216.04538801392022,0.0504,instanton_2007-03-09_T60_delta0.30_tau60_am100.npz
2007-03-12,20,0.2,0.2231435513142097,20,100.0,6.35042939054016,0.2231435513142097,0.22291552449346952,0.00022802682074019032,0.0,0.0,0.5,10.0,5000,per_query,2406500854,0.00018937692040651885,1.5700258419906444e-05,402.9496122612228,1.0016088339575062,99.59196210024159,0.036,instanton_2007-03-12_T20_delta0.20_tau20_am100.npz
2007-03-12,20,0.3,0.35667494393873245,20,100.0,16.49915973759873,0.35667494393873245,0.3565472668390326,0.0001276770996998522,0.0,0.0,0.5,10.0,5000,per_query,1732216277,2.678732442754175e-09,1.3572089157911852e-09,2.1908048460246095,3.0454455097874695,10240.011030918991,0.001,instanton_2007-03-12_T20_delta0.30_tau20_am100.npz
2007-03-12,60,0.2,0.2231435513142097,60,100.0,2.385175512264114,0.2231435513142097,0.22205577396660026,0.0010877773476094532,0.0,0.0,0.5,10.0,5000,per_query,3974986093,0.027313930958269315,0.0010422527413388055,1311.2417858727695,1.0089745204303118,54.081159520294165,0.1866,instanton_2007-03-12_T60_delta0.20_tau60_am100.npz
2007-03-12,60,0.3,0.35667494393873245,60,100.0,5.9243153062425495,0.35667494393873245,0.35601633502720187,0.0006586089115305782,0.0,0.0,0.5,10.0,5000,per_query,1805153730,0.0003796725302619394,3.0312774128798716e-05,148.0601849101997,1.0549323933180892,329.75149376998917,0.0452,instanton_2007-03-12_T60_delta0.30_tau60_am100.npz
2007-03-13,20,0.2,0.2231435513142097,20,100.0,4.715940814638291,0.2231435513142106,0.22310830593151554,3.524538269417121e-05,0.0,8.881784197001252e-16,0.5,10.0,5000,per_query,1508173430,0.0015123517004767657,9.048049921885651e-05,433.37397850834304,0.9582189472072811,139.97209845221752,0.0724,instanton_2007-03-13_T20_delta0.20_tau20_am100.npz
2007-03-13,20,0.3,0.35667494393873245,20,50.0,13.460049945960886,0.35667494393873245,0.3551238029631367,0.0015511409755957217,0.0,0.0,0.5,10.0,5000,per_query,2785938869,1.2122174168329432e-07,2.6389880818071668e-08,111.38832461202179,0.784971313561905,148.6358761162563,0.005,instanton_2007-03-13_T20_delta0.30_tau20_am50.npz
2007-03-13,60,0.2,0.2231435513142097,60,100.0,1.8081589699398088,0.2231435513142097,0.22299615977557252,0.00014739153863718713,0.0,0.0,0.5,10.0,5000,per_query,805724172,0.05219797518280855,0.0015530222642544966,1948.677923680753,1.0075555445590534,34.637043519030016,0.2326,instanton_2007-03-13_T60_delta0.20_tau60_am100.npz
2007-03-13,60,0.3,0.35667494393873245,60,100.0,4.932544047358458,0.35667494393873245,0.3565849693375016,8.997460123083556e-05,0.0,0.0,0.5,10.0,5000,per_query,2530309478,0.001168305788960017,7.974019782638854e-05,521.8977261921003,1.03218606962712,78.2071305343968,0.0614,instanton_2007-03-13_T60_delta0.30_tau60_am100.npz
2007-03-14,20,0.2,0.2231435513142097,20,100.0,5.125676558980357,0.2231435513142106,0.22307298003995246,7.05712742572473e-05,0.0,8.881784197001252e-16,0.5,10.0,5000,per_query,670744357,0.0009238340428612725,5.9593842066110264e-05,581.3070285393875,0.9559758787550163,71.78224477418215,0.0616,instanton_2007-03-14_T20_delta0.20_tau20_am100.npz
2007-03-14,20,0.3,0.35667494393873245,20,100.0,14.21522016904774,0.35667494393873245,0.3566381962719003,3.6747666832148695e-05,0.0,0.0,0.5,10.0,5000,per_query,2694531273,8.614655844013286e-08,1.7756390454542982e-08,41.86358610474886,0.8678168291938259,557.5305375264242,0.0058,instanton_2007-03-14_T20_delta0.30_tau20_am100.npz
2007-03-14,60,0.2,0.2231435513142097,60,100.0,1.953812651777311,0.2231435513142106,0.22284613707782608,0.00029741423638363074,0.0,8.881784197001252e-16,0.5,10.0,5000,per_query,3202247273,0.04296496215748185,0.0013791867990406124,1749.4022701893082,1.0002593498862047,28.184792882632976,0.2208,instanton_2007-03-14_T60_delta0.20_tau60_am100.npz
2007-03-14,60,0.3,0.35667494393873245,60,100.0,5.151505191665724,0.35667494393873245,0.356502949695499,0.00017199424323344203,0.0,0.0,0.5,10.0,5000,per_query,1175930039,0.0009550990272214765,6.761948978967916e-05,582.0851718130393,0.9593346443531771,70.7388969527686,0.0588,instanton_2007-03-14_T60_delta0.30_tau60_am100.npz
2007-03-15,20,0.2,0.2231435513142097,20,100.0,5.252805967647861,0.2231435513142106,0.2230632352182722,8.031609593750488e-05,0.0,8.881784197001252e-16,0.5,10.0,5000,per_query,3502244807,0.0007993752868539551,5.3767920361627387e-05,333.7171007884491,1.0238654377138443,185.824329961661,0.0594,instanton_2007-03-15_T20_delta0.20_tau20_am100.npz
2007-03-15,20,0.3,0.35667494393873245,20,100.0,14.457623103822003,0.35667494393873245,0.3566327490771739,4.219486155854213e-05,0.0,0.0,0.5,10.0,5000,per_query,2290641964,3.3820090654287864e-08,1.039922515877176e-08,73.09210376477105,0.9604440401630698,286.1300702303617,0.0026,instanton_2007-03-15_T20_delta0.30_tau20_am100.npz
2007-03-15,60,0.2,0.2231435513142097,60,100.0,1.9992517663692364,0.2231435513142106,0.22279051860812782,0.0003530327060818905,0.0,8.881784197001252e-16,0.5,10.0,5000,per_query,2456529129,0.042415491780919114,0.0013874750963284038,1903.9776945698077,0.9857285190290446,16.021786821118305,0.2136,instanton_2007-03-15_T60_delta0.20_tau60_am100.npz
2007-03-15,60,0.3,0.35667494393873245,60,100.0,5.233816720114109,0.35667494393873245,0.3564722548484829,0.00020268909024956372,0.0,0.0,0.5,10.0,5000,per_query,4069700306,0.0008730306253341087,5.819123275371489e-05,284.5814074955354,1.0751879220285194,175.06771545802613,0.0624,instanton_2007-03-15_T60_delta0.30_tau60_am100.npz
2007-03-16,20,0.2,0.2231435513142097,20,100.0,5.093345751351056,0.2231435513142106,0.2230817339538591,6.181736035060226e-05,0.0,8.881784197001252e-16,0.5,10.0,5000,per_query,128917228,0.0010017323064837435,7.228928890333603e-05,349.65249614820203,0.9961299862873925,177.2899362558078,0.0662,instanton_2007-03-16_T20_delta0.20_tau20_am100.npz
2007-03-16,20,0.3,0.35667494393873245,20,100.0,14.211611049741707,0.35667494393873245,0.3566428218341766,3.2122104555831754e-05,0.0,0.0,0.5,10.0,5000,per_query,2614668052,3.2728076872118633e-08,9.442850165906164e-09,40.16933693574967,0.9936958602228874,607.7721630798634,0.003,instanton_2007-03-16_T20_delta0.30_tau20_am100.npz
2007-03-16,60,0.2,0.2231435513142097,60,100.0,1.942522083650407,0.2231435513142106,0.22287639156434036,0.0002671597498693501,0.0,8.881784197001252e-16,0.5,10.0,5000,per_query,4259896838,0.04405228160352566,0.0014351016721128233,2059.8939828544585,0.9784662609498117,15.168031072467986,0.216,instanton_2007-03-16_T60_delta0.20_tau60_am100.npz
2007-03-16,60,0.3,0.35667494393873245,60,100.0,5.148797173786207,0.35667494393873245,0.35651891153586224,0.0001560324028702098,0.0,0.0,0.5,10.0,5000,per_query,824124747,0.0009290445390172685,6.006492225528352e-05,97.28626861123158,1.0481837443939879,502.8698488586744,0.0622,instanton_2007-03-16_T60_delta0.30_tau60_am100.npz
2007-03-19,20,0.2,0.2231435513142097,20,100.0,5.549427428997323,0.2231435513142097,0.22295481368650094,0.00018873762770876823,0.0,0.0,0.5,10.0,5000,per_query,3215192953,0.0005316645525660675,3.866080536435826e-05,512.432540151592,0.9353666068961,73.08274057976244,0.0508,instanton_2007-03-19_T20_delta0.20_tau20_am100.npz
2007-03-19,20,0.3,0.35667494393873245,20,100.0,14.70720061925946,0.35667494393873245,0.35657419269653534,0.00010075124219710574,0.0,0.0,0.5,10.0,5000,per_query,411898943,3.5464459157836937e-08,9.116491090259778e-09,10.33926053202171,1.672367254685195,2439.511037784272,0.0038,instanton_2007-03-19_T20_delta0.30_tau20_am100.npz
2007-03-19,60,0.2,0.2231435513142097,60,100.0,2.1009784990897615,0.2231435513142106,0.22233972290173565,0.0008038284124740613,0.0,8.881784197001252e-16,0.5,10.0,5000,per_query,1779710104,0.039289964487934155,0.0013545211712930121,1772.6061483260082,0.9725265298434873,22.06309592265031,0.213,instanton_2007-03-19_T60_delta0.20_tau60_am100.npz
2007-03-19,60,0.3,0.35667494393873245,60,100.0,5.322191939940094,0.35667494393873245,0.3561880206710537,0.0004869232676787405,0.0,0.0,0.5,10.0,5000,per_query,1982141349,0.0008092575933039438,5.7997026379676107e-05,541.4648221467015,0.9437685500414417,85.47920360518022,0.0578,instanton_2007-03-19_T60_delta0.30_tau60_am100.npz
2007-03-20,20,0.2,0.2231435513142097,20,100.0,5.810842665702962,0.2231435513142097,0.22282691841033575,0.00031663290387395904,0.0,0.0,0.5,10.0,5000,per_query,3767359778,0.00041688312166273815,3.0986684015863086e-05,324.0061607308315,0.9730109429636704,123.2048571069318,0.0494,instanton_2007-03-20_T20_delta0.20_tau20_am100.npz
2007-03-20,20,0.3,0.35667494393873245,20,100.0,15.05952918981152,0.35667494393873245,0.3565035137908321,0.00017143014790033106,0.0,0.0,0.5,10.0,5000,per_query,1036752280,1.6258884751003948e-08,5.2505388265150326e-09,19.664428536429032,1.173418402817458,847.8569824470933,0.003,instanton_2007-03-20_T20_delta0.30_tau20_am100.npz
2007-03-20,60,0.2,0.2231435513142097,60,100.0,2.194014718149401,0.2231435513142106,0.22161050292376228,0.0015330483904474335,0.0,8.881784197001252e-16,0.5,10.0,5000,per_query,3300220033,0.03449741135363057,0.001156916999248931,1778.0422857677422,1.0040904264879658,27.38576369664272,0.2048,instanton_2007-03-20_T60_delta0.20_tau60_am100.npz
2007-03-20,60,0.3,0.35667494393873245,60,100.0,5.440206617714249,0.35667494393873245,0.35582758733316666,0.0008473566055657855,0.0,0.0,0.5,10.0,5000,per_query,2845713044,0.000738064429572674,5.4192337914253815e-05,270.9200014326222,1.0735798689111284,191.82126182273527,0.0596,instanton_2007-03-20_T60_delta0.30_tau60_am100.npz
2007-03-21,20,0.2,0.2231435513142097,20,100.0,6.280803512129056,0.2231435513142097,0.2216045286899071,0.0015390226243026106,0.0,0.0,0.5,10.0,5000,per_query,2047500866,0.00021797523323663235,1.9255063073358454e-05,396.76607205500443,1.10665725680406,88.34899664287565,0.037,instanton_2007-03-21_T20_delta0.20_tau20_am100.npz
2007-03-21,20,0.3,0.35667494393873245,20,100.0,15.45191840995202,0.35667494393873245,0.3558277196223134,0.0008472243164190374,0.0,0.0,0.5,10.0,5000,per_query,2807329021,1.2308669300410672e-08,3.994332332520818e-09,36.4342390975317,0.782610981966077,565.4819219848654,0.0024,instanton_2007-03-21_T20_delta0.30_tau20_am100.npz
2007-03-21,60,0.2,0.2231435513142097,60,200.0,2.3977969023259185,0.2231435513142097,0.2228675881754958,0.0002759631387139194,0.0,0.0,0.5,10.0,5000,per_query,3140494964,0.03098272808039952,0.0011470324872140823,1305.5888134408196,1.0474579488378926,47.10599757826636,0.199,instanton_2007-03-21_T60_delta0.20_tau60_am200.npz
2007-03-21,60,0.3,0.35667494393873245,60,200.0,5.617905857032272,0.35667494393873245,0.35650381513764007,0.0001711288010923795,0.0,0.0,0.5,10.0,5000,per_query,1823127927,0.0006433348221127558,4.903495586012407e-05,412.0234242004933,0.9841137027961675,85.56553108096189,0.057,instanton_2007-03-21_T60_delta0.30_tau60_am200.npz
2007-03-22,20,0.2,0.2231435513142097,20,100.0,6.243425107574758,0.2231435513142106,0.22172204286736186,0.0014215084468478523,0.0,8.881784197001252e-16,0.5,10.0,5000,per_query,782921715,0.00021301132607953432,1.791096386594998e-05,416.00343353784484,0.9441783105103233,88.22553029545719,0.0354,instanton_2007-03-22_T20_delta0.20_tau20_am100.npz
2007-03-22,20,0.3,0.35667494393873245,20,100.0,15.395641028524357,0.35667494393873245,0.35589287816055926,0.000782065778173191,0.0,0.0,0.5,10.0,5000,per_query,3850350741,1.9944809702495546e-08,5.758298253926202e-09,100.56367711165561,0.543626954214742,135.08036069236562,0.003,instanton_2007-03-22_T20_delta0.30_tau20_am100.npz
2007-03-22,60,0.2,0.2231435513142097,60,200.0,2.380810085991157,0.2231435513142097,0.22290035724268087,0.00024319407152884054,0.0,0.0,0.5,10.0,5000,per_query,3527460705,0.03213036710280011,0.0011742010317633963,1580.680786322451,1.0173244899133889,23.44227220090233,0.1962,instanton_2007-03-22_T60_delta0.20_tau60_am200.npz
2007-03-22,60,0.3,0.35667494393873245,60,200.0,5.598824320144332,0.35667494393873245,0.3565305133668879,0.00014443057184454489,0.0,0.0,0.5,10.0,5000,per_query,2043374391,0.0007019773646621592,5.447819676026541e-05,191.16754486168512,1.1255358262184727,249.36133796763744,0.0548,instanton_2007-03-22_T60_delta0.30_tau60_am200.npz
2007-03-23,20,0.2,0.2231435513142097,20,100.0,6.333502252797203,0.2231435513142097,0.2214918231903127,0.0016517281238970227,0.0,0.0,0.5,10.0,5000,per_query,3826282516,0.00021604889628256565,1.8107499235829002e-05,313.1784484883237,1.0357635468797302,109.26891460724609,0.037,instanton_2007-03-23_T20_delta0.20_tau20_am100.npz
2007-03-23,20,0.3,0.35667494393873245,20,100.0,15.544803734385926,0.35667494393873245,0.3557621359867822,0.0009128079519502563,0.0,0.0,0.5,10.0,5000,per_query,2655422368,1.0410197896752963e-08,4.218843129610766e-09,12.403746364583215,1.2301795638310862,1558.9899118248236,0.0016,instanton_2007-03-23_T20_delta0.30_tau20_am100.npz
2007-03-23,60,0.2,0.2231435513142097,60,200.0,2.4161211804912783,0.2231435513142097,0.2228142682616827,0.0003292830525269963,0.0,0.0,0.5,10.0,5000,per_query,1777998870,0.02967694705149039,0.0010553393429692532,1287.813440537912,1.0280085596305406,62.50244028408869,0.194,instanton_2007-03-23_T60_delta0.20_tau60_am200.npz
2007-03-23,60,0.3,0.35667494393873245,60,200.0,5.653817547326179,0.35667494393873245,0.3564767383130274,0.00019820562570505018,0.0,0.0,0.5,10.0,5000,per_query,3048585575,0.0006700099354280666,5.3072402479288486e-05,479.87420607525104,0.9869371744433906,90.16070694091195,0.054,instanton_2007-03-23_T60_delta0.30_tau60_am200.npz
2007-03-26,20,0.2,0.2231435513142097,20,100.0,6.26782314240237,0.2231435513142097,0.22170003330442078,0.0014435180097889244,0.0,0.0,0.5,10.0,5000,per_query,2940563654,0.00026526453685721355,2.0332587201533997e-05,275.8032207672832,1.0725660869628002,142.15171079781146,0.0448,instanton_2007-03-26_T20_delta0.20_tau20_am100.npz
2007-03-26,20,0.3,0.35667494393873245,20,100.0,15.444837516515012,0.35667494393873245,0.3558810199361284,0.0007939240026040295,0.0,0.0,0.5,10.0,5000,per_query,2902483431,2.032435604618296e-08,8.051868609148715e-09,46.05651035146154,0.7053200121712354,421.6835856692195,0.0022,instanton_2007-03-26_T20_delta0.30_tau20_am100.npz
2007-03-26,60,0.2,0.2231435513142097,60,200.0,2.3917378262633417,0.2231435513142097,0.22289427371362347,0.0002492776005862396,0.0,0.0,0.5,10.0,5000,per_query,1993661495,0.03208627557188881,0.0012023589399113347,1340.5370340325405,1.0395071882681655,46.88658202878471,0.1982,instanton_2007-03-26_T60_delta0.20_tau60_am200.npz
2007-03-26,60,0.3,0.35667494393873245,60,200.0,5.616299135173322,0.35667494393873245,0.35651936580838406,0.0001555781303483883,0.0,0.0,0.5,10.0,5000,per_query,1919135475,0.0007141306314307396,4.903187029359187e-05,489.6743850064374,0.9262654169701434,70.9036863454861,0.0608,instanton_2007-03-26_T60_delta0.30_tau60_am200.npz
2007-03-27,20,0.2,0.2231435513142097,20,100.0,9.328412655979761,0.2231435513142097,0.2218395218692466,0.0013040294449631062,0.0,0.0,0.5,10.0,5000,per_query,591864148,1.030581391121682e-05,1.3123510758698313e-06,157.33010313966614,0.9190028072548379,158.3773161604344,0.0186,instanton_2007-03-27_T20_delta0.20_tau20_am100.npz
2007-03-27,20,0.3,0.35667494393873245,20,100.0,22.08663515798317,0.35667494393873245,0.3558401615915452,0.0008347823471872573,0.0,0.0,0.5,10.0,5000,per_query,3059568628,0.0,0.0,33.32331221063641,0.9256226826338713,479.52435075381123,0.0,instanton_2007-03-27_T20_delta0.30_tau20_am100.npz
2007-03-27,60,0.2,0.2231435513142097,60,200.0,3.4505496164252474,0.2231435513142097,0.22294957435605678,0.00019397695815293048,0.0,0.0,0.5,10.0,5000,per_query,194182701,0.00873507493052186,0.0003921557051905803,973.0192725033194,0.9857723453951619,50.51913000657576,0.1336,instanton_2007-03-27_T60_delta0.20_tau60_am200.npz
2007-03-27,60,0.3,0.35667494393873245,60,200.0,7.8216068478193,0.35667494393873245,0.35654533580050085,0.00012960813823159612,0.0,0.0,0.5,10.0,5000,per_query,3438636562,4.82385783863014e-05,4.9060484906257545e-06,260.6892498916839,0.7634971253287142,141.01457253540437,0.0252,instanton_2007-03-27_T60_delta0.30_tau60_am200.npz
2007-03-28,20,0.2,0.2231435513142097,20,100.0,8.927652172471117,0.2231435513142106,0.22250869950626306,0.0006348518079466459,0.0,8.881784197001252e-16,0.5,10.0,5000,per_query,54307063,1.2354012747105767e-05,1.5155042904088152e-06,186.76286768971957,0.9955358245858632,208.8707713941719,0.0184,instanton_2007-03-28_T20_delta0.20_tau20_am100.npz
2007-03-28,20,0.3,0.35667494393873245,20,100.0,21.64306016031998,0.35667494393873245,0.35627353174631793,0.00040141219241451864,0.0,0.0,0.5,10.0,5000,per_query,2734966265,0.0,0.0,86.59925206358558,0.8380479766024015,239.25046285579313,0.0,instanton_2007-03-28_T20_delta0.30_tau20_am100.npz
2007-03-28,60,0.2,0.2231435513142097,60,200.0,3.296586370363991,0.2231435513142097,0.22310019895310962,4.3352361100090775e-05,0.0,0.0,0.5,10.0,5000,per_query,4016410101,0.008781620673507786,0.0004120579492426387,1055.6782534058596,0.9724541196093898,43.319609003490854,0.1204,instanton_2007-03-28_T60_delta0.20_tau60_am200.npz
2007-03-28,60,0.3,0.35667494393873245,60,200.0,7.65502116335962,0.35667494393873245,0.35664527817335046,2.966576538199206e-05,0.0,0.0,0.5,10.0,5000,per_query,1103317916,5.6531579791460574e-05,6.032296739139223e-06,294.94805372259344,0.9169050968722781,123.2728894684067,0.0264,instanton_2007-03-28_T60_delta0.30_tau60_am200.npz
2007-03-29,20,0.2,0.2231435513142097,20,100.0,9.028994298702548,0.2231435513142106,0.2224385053639777,0.0007050459502320194,0.0,8.881784197001252e-16,0.5,10.0,5000,per_query,1798854103,1.1316600806160007e-05,1.4162278073411837e-06,113.05064752059256,0.9437418491082562,293.9574448853667,0.017,instanton_2007-03-29_T20_delta0.20_tau20_am100.npz
2007-03-29,20,0.3,0.35667494393873245,20,100.0,21.796659743766806,0.35667494393873245,0.3562277743735649,0.0004471695651675489,0.0,0.0,0.5,10.0,5000,per_query,1516175745,0.0,0.0,47.58994750649299,0.8099251253145896,358.5726622924549,0.0,instanton_2007-03-29_T20_delta0.30_tau20_am100.npz
2007-03-29,60,0.2,0.2231435513142097,60,200.0,3.3331979171563932,0.2231435513142097,0.22308712642629214,5.6424887917572164e-05,0.0,0.0,0.5,10.0,5000,per_query,2848722171,0.008163303153253431,0.00037843501360780774,1039.8058407845706,0.9857869902020578,60.88057468042426,0.1224,instanton_2007-03-29_T60_delta0.20_tau60_am200.npz
2007-03-29,60,0.3,0.35667494393873245,60,200.0,7.708262353591133,0.35667494393873245,0.3566391769710302,3.57669677022443e-05,0.0,0.0,0.5,10.0,5000,per_query,2785748236,5.443525106222451e-05,5.816610573143547e-06,213.25332393462654,0.9825679154675049,184.42191692534783,0.0268,instanton_2007-03-29_T60_delta0.30_tau60_am200.npz
2007-03-30,20,0.2,0.2231435513142097,20,100.0,9.543776588875195,0.2231435513142097,0.22240982563986833,0.0007337256743413789,0.0,0.0,0.5,10.0,5000,per_query,3106101947,5.0320855206629876e-06,7.301504217665672e-07,158.97706627501185,0.9547673844912941,216.22606567140667,0.0124,instanton_2007-03-30_T20_delta0.20_tau20_am100.npz
2007-03-30,20,0.3,0.35667494393873245,20,100.0,22.86544665850759,0.35667494393873245,0.35619924332477293,0.0004757006139595177,0.0,0.0,0.5,10.0,5000,per_query,2745215280,0.0,0.0,71.36239762993456,0.7714968315568662,254.83857321433237,0.0,instanton_2007-03-30_T20_delta0.30_tau20_am100.npz
2007-03-30,60,0.2,0.2231435513142097,60,200.0,3.5102813166830593,0.2231435513142097,0.22308396537761865,5.95859365910556e-05,0.0,0.0,0.5,10.0,5000,per_query,1761240652,0.006807455752981427,0.0003333583825841946,797.001473914621,1.0184411787463934,86.48633852774819,0.115,instanton_2007-03-30_T60_delta0.20_tau60_am200.npz
2007-03-30,60,0.3,0.35667494393873245,60,200.0,8.057768154162215,0.35667494393873245,0.3566357824328019,3.916150593052947e-05,0.0,0.0,0.5,10.0,5000,per_query,2068495165,4.940226890216516e-05,6.401249055636032e-06,232.50629413206246,0.945498041355909,166.2659657799151,0.0256,instanton_2007-03-30_T60_delta0.30_tau60_am200.npz
2007-04-02,20,0.2,0.2231435513142097,20,100.0,9.91081620948082,0.2231435513142106,0.22231528228844066,0.0008282690257690462,0.0,8.881784197001252e-16,0.5,10.0,5000,per_query,318185247,4.0772000620221306e-06,6.4311055292111e-07,114.03947676471225,0.9246080847780768,284.37073855090676,0.0116,instanton_2007-04-02_T20_delta0.20_tau20_am100.npz
2007-04-02,20,0.3,0.35667494393873245,20,100.0,23.561844513516217,0.35667494393873245,0.35613201166135244,0.0005429322773800038,0.0,0.0,0.5,10.0,5000,per_query,454421637,0.0,0.0,48.752878156793976,0.675678340556027,335.4122138571716,0.0,instanton_2007-04-02_T20_delta0.30_tau20_am100.npz
2007-04-02,60,0.2,0.2231435513142097,60,200.0,3.6373212231124494,0.2231435513142097,0.22307080072875873,7.275058545097579e-05,0.0,0.0,0.5,10.0,5000,per_query,3616765426,0.006338403251471436,0.0003516211724025381,480.0902799423754,1.0124488198428676,160.94940168770933,0.1112,instanton_2007-04-02_T60_delta0.20_tau60_am200.npz
2007-04-02,60,0.3,0.35667494393873245,60,200.0,8.28854424508398,0.35667494393873245,0.356623911700229,5.1032238503445626e-05,0.0,0.0,0.5,10.0,5000,per_query,3556152247,3.05205570344565e-05,3.3304162278796145e-06,226.5477261479383,0.9889468737444371,127.87789090392823,0.0232,instanton_2007-04-02_T60_delta0.30_tau60_am200.npz
2007-04-03,20,0.2,0.2231435513142097,20,200.0,11.546313376021178,0.2231435513142097,0.22303626576955882,0.00010728554465089246,0.0,0.0,0.5,10.0,5000,per_query,3461895416,7.018971051727329e-07,1.3955228664552684e-07,78.9176330773506,0.9730702569038727,283.2190412834342,0.0064,instanton_2007-04-03_T20_delta0.20_tau20_am200.npz
2007-04-03,20,0.3,0.35667494393873245,20,100.0,25.880981648694615,0.35667494393873245,0.35494395392352107,0.0017309900152113755,0.0,0.0,0.5,10.0,5000,per_query,3127395106,0.0,0.0,22.837161647921572,0.9753203951452942,705.9087367671929,0.0,instanton_2007-04-03_T20_delta0.30_tau20_am100.npz
2007-04-03,60,0.2,0.2231435513142097,60,200.0,4.158003801761235,0.2231435513142097,0.2225022976072033,0.0006412537070064062,0.0,0.0,0.5,10.0,5000,per_query,112558830,0.003926222413421885,0.0002128968820848339,607.0782808976143,1.0473018748301994,79.4985239865635,0.1002,instanton_2007-04-03_T60_delta0.20_tau60_am200.npz
2007-04-03,60,0.3,0.35667494393873245,60,200.0,9.082962356668695,0.35667494393873245,0.35624276125288734,0.0004321826858451061,0.0,0.0,0.5,10.0,5000,per_query,3921263592,1.377077817257003e-05,1.8652386481117624e-06,208.23016268318594,0.8938685645673128,186.5024742704624,0.0172,instanton_2007-04-03_T60_delta0.30_tau60_am200.npz
2007-04-04,20,0.2,0.2231435513142097,20,200.0,11.64882960653952,0.2231435513142097,0.22300960313913176,0.00013394817507794698,0.0,0.0,0.5,10.0,5000,per_query,132800565,6.829502305214353e-07,1.3344634276261999e-07,37.58217737111314,1.2322159924501044,727.5166913178427,0.0066,instanton_2007-04-04_T20_delta0.20_tau20_am200.npz
2007-04-04,20,0.3,0.35667494393873245,20,100.0,25.99000167719288,0.35667494393873245,0.3547266213988909,0.0019483225398415627,0.0,0.0,0.5,10.0,5000,per_query,287534325,0.0,0.0,30.380160833768286,0.8325385217875267,629.0163199104226,0.0,instanton_2007-04-04_T20_delta0.30_tau20_am100.npz
2007-04-04,60,0.2,0.2231435513142097,60,200.0,4.192442754988183,0.2231435513142097,0.22229592098619566,0.0008476303280140485,0.0,0.0,0.5,10.0,5000,per_query,3808243065,0.003821637170340136,0.00022693941528840328,846.0721234334205,0.9696442643296319,34.311932969559805,0.0948,instanton_2007-04-04_T60_delta0.20_tau60_am200.npz
2007-04-04,60,0.3,0.35667494393873245,60,200.0,9.122105459023157,0.35667494393873245,0.3561188007186775,0.0005561432200549277,0.0,0.0,0.5,10.0,5000,per_query,2648422023,1.4821545492001703e-05,2.037502254921939e-06,26.118369457825544,1.100579105121171,1023.2125045105903,0.0184,instanton_2007-04-04_T60_delta0.30_tau60_am200.npz
2007-04-05,20,0.2,0.2231435513142097,20,200.0,12.14650185840837,0.2231435513142097,0.2229079659456632,0.00023558536854650924,0.0,0.0,0.5,10.0,5000,per_query,2516920929,5.505664850723751e-07,1.2009161550270253e-07,25.39565695028951,1.064913583889708,928.1207503854981,0.008,instanton_2007-04-05_T20_delta0.20_tau20_am200.npz
2007-04-05,20,0.3,0.35667494393873245,20,200.0,26.986332292505487,0.35667494393873245,0.356531321989471,0.0001436219492614299,0.0,0.0,0.5,10.0,5000,per_query,3129156550,0.0,0.0,26.71223905956454,0.6862830129250217,606.041318225169,0.0,instanton_2007-04-05_T20_delta0.30_tau20_am200.npz
2007-04-05,60,0.2,0.2231435513142097,60,200.0,4.348624847919567,0.2231435513142097,0.22170388118111006,0.0014396701330996464,0.0,0.0,0.5,10.0,5000,per_query,1388777433,0.003115561223020581,0.00017727109971705574,378.30714177251684,1.0262658860482912,169.23787662518873,0.092,instanton_2007-04-05_T60_delta0.20_tau60_am200.npz
2007-04-05,60,0.3,0.35667494393873245,60,200.0,9.371953585449212,0.35667494393873245,0.35558827378883606,0.0010866701498963849,0.0,0.0,0.5,10.0,5000,per_query,2483635469,1.2303882679118855e-05,2.0951525596051185e-06,65.79150948837386,1.0073412655316303,498.7776926166536,0.0172,instanton_2007-04-05_T60_delta0.30_tau60_am200.npz
2007-04-09,20,0.2,0.2231435513142097,20,200.0,12.267671204541966,0.2231435513142097,0.22283007928778975,0.00031347202641995864,0.0,0.0,0.5,10.0,5000,per_query,991913309,3.629059666073595e-07,7.327538233635954e-08,26.45639052785283,0.9782980836193088,905.632309253608,0.0058,instanton_2007-04-09_T20_delta0.20_tau20_am200.npz
2007-04-09,20,0.3,0.35667494393873245,20,200.0,27.13513428803771,0.35667494393873245,0.3564835182327144,0.00019142570601804465,0.0,0.0,0.5,10.0,5000,per_query,2274131128,0.0,0.0,19.05633701494838,0.8094882869499471,839.5472304963901,0.0,instanton_2007-04-09_T20_delta0.30_tau20_am200.npz
2007-04-09,60,0.2,0.2231435513142097,60,200.0,4.379772110944341,0.2231435513142097,0.22114978028189203,0.0019937710323176816,0.0,0.0,0.5,10.0,5000,per_query,651839775,0.003275602330587546,0.00017265246260902918,212.74089046500546,1.051758485042678,242.170440292951,0.1006,instanton_2007-04-09_T60_delta0.20_tau60_am200.npz
2007-04-09,60,0.3,0.35667494393873245,60,200.0,9.4182848588966,0.35667494393873245,0.3551174324747244,0.0015575114640080656,0.0,0.0,0.5,10.0,5000,per_query,964391191,1.0377824440083572e-05,1.5863676375801297e-06,89.68664696446184,1.0729169278056077,314.25780747303963,0.0158,instanton_2007-04-09_T60_delta0.30_tau60_am200.npz
2007-04-10,20,0.2,0.2231435513142097,20,200.0,12.378707897680341,0.2231435513142097,0.22274168670854166,0.00040186460566804527,0.0,0.0,0.5,10.0,5000,per_query,3117388709,3.2971758382649027e-07,6.786568572692691e-08,23.621396557701,1.3998693872585808,1180.9775123182342,0.0062,instanton_2007-04-10_T20_delta0.20_tau20_am200.npz
2007-04-10,20,0.3,0.35667494393873245,20,200.0,27.278632118962786,0.35667494393873245,0.3564290092355291,0.0002459347032033321,0.0,0.0,0.5,10.0,5000,per_query,2768695134,0.0,0.0,19.147164067673565,0.9096983658297307,920.4442824223074,0.0,instanton_2007-04-10_T20_delta0.30_tau20_am200.npz
2007-04-10,60,0.2,0.2231435513142097,60,200.0,4.409992289169634,0.2231435513142097,0.2204322246412218,0.0027113266729879015,0.0,0.0,0.5,10.0,5000,per_query,2336399981,0.0031331326504695487,0.00018853467304721298,759.8425705425686,1.0162423855965796,41.18449289624296,0.0922,instanton_2007-04-10_T60_delta0.20_tau60_am200.npz
2007-04-10,60,0.3,0.35667494393873245,60,200.0,9.45543005153542,0.35667494393873245,0.3546484679897244,0.0020264759490080664,0.0,0.0,0.5,10.0,5000,per_query,709668924,1.1020560466262172e-05,2.145569215440278e-06,128.61981508772553,1.0555829448452168,203.5508469598348,0.014,instanton_2007-04-10_T60_delta0.30_tau60_am200.npz
2007-04-11,20,0.2,0.2231435513142097,20,200.0,13.582146114364441,0.2231435513142097,0.2229574749945309,0.00018607631967881844,0.0,0.0,0.5,10.0,5000,per_query,3798799927,1.1216317971458386e-07,2.5329044974564708e-08,106.193057937711,0.7638303379142164,235.5641189580303,0.0052,instanton_2007-04-11_T20_delta0.20_tau20_am200.npz
2007-04-11,20,0.3,0.35667494393873245,20,200.0,29.829999813565326,0.35667494393873245,0.3565531655948533,0.0001217783438791642,0.0,0.0,0.5,10.0,5000,per_query,3817044673,0.0,0.0,72.78921017979027,0.7750102536679537,235.81904511296906,0.0,instanton_2007-04-11_T20_delta0.30_tau20_am200.npz
2007-04-11,60,0.2,0.2231435513142097,60,200.0,4.819692961750598,0.2231435513142097,0.22202777137957863,0.0011157799346310782,0.0,0.0,0.5,10.0,5000,per_query,2168065995,0.001934105810937747,0.00013777309539777212,466.9623034842421,1.0274103462986843,88.08024526910329,0.0772,instanton_2007-04-11_T60_delta0.20_tau60_am200.npz
2007-04-11,60,0.3,0.35667494393873245,60,200.0,10.283362250469608,0.35667494393873245,0.35577552178213345,0.0008994221565989946,0.0,0.0,0.5,10.0,5000,per_query,2481759153,3.7816062610469164e-06,5.401481449867336e-07,239.9663031594844,0.7998545923091476,84.57459552882734,0.0144,instanton_2007-04-11_T60_delta0.30_tau60_am200.npz
2007-04-12,20,0.2,0.2231435513142097,20,200.0,14.209905120681473,0.2231435513142097,0.22267007377522408,0.00047347753898563383,0.0,0.0,0.5,10.0,5000,per_query,3246648809,4.661410297908213e-08,1.2474183652461272e-08,65.07139269158283,0.8202016420888183,288.5429474946753,0.0036,instanton_2007-04-12_T20_delta0.20_tau20_am200.npz
2007-04-12,20,0.3,0.35667494393873245,20,200.0,30.713940400633767,0.35667494393873245,0.3563613512008841,0.00031359273784836716,0.0,0.0,0.5,10.0,5000,per_query,3272711504,0.0,0.0,22.06463487006464,1.0464474589068662,917.7942368914938,0.0,instanton_2007-04-12_T20_delta0.30_tau20_am200.npz
2007-04-12,60,0.2,0.2231435513142097,60,200.0,5.004152849328996,0.2231435513142097,0.22028050940216826,0.002863041912041453,0.0,0.0,0.5,10.0,5000,per_query,1302456322,0.0014953098908825752,9.25063085368788e-05,376.6960739890502,1.0788171193881808,146.36405261352533,0.0756,instanton_2007-04-12_T60_delta0.20_tau60_am200.npz
2007-04-12,60,0.3,0.35667494393873245,60,200.0,10.540514170957085,0.35667494393873245,0.3543512491774097,0.00232369476132277,0.0,0.0,0.5,10.0,5000,per_query,4117027673,4.035740834687044e-06,5.748528888312474e-07,165.76264556857035,0.9410709320303154,140.99183367638915,0.0146,instanton_2007-04-12_T60_delta0.30_tau60_am200.npz
2007-04-13,20,0.2,0.2231435513142097,20,200.0,14.54600091491158,0.2231435513142097,0.2218006375811532,0.0013429137330565055,0.0,0.0,0.5,10.0,5000,per_query,2706132967,4.7082269188175325e-08,1.0824744889707695e-08,56.556293074238184,0.809400305861699,373.80530334224784,0.0048,instanton_2007-04-13_T20_delta0.20_tau20_am200.npz
2007-04-13,20,0.3,0.35667494393873245,20,200.0,31.083975595089406,0.35667494393873245,0.35578681950454616,0.0008881244341862882,0.0,0.0,0.5,10.0,5000,per_query,212783036,0.0,0.0,22.18395823498415,0.8269539876268609,824.9888911130432,0.0,instanton_2007-04-13_T20_delta0.30_tau20_am200.npz
2007-04-13,60,0.2,0.2231435513142097,60,200.0,5.043385173112323,0.2231435513142097,0.21605456440337445,0.00708898691083526,0.0,0.0,0.5,10.0,5000,per_query,1231746910,0.001586633771759642,9.423705118370776e-05,194.69331157049697,1.127567918909455,293.57902138296504,0.0762,instanton_2007-04-13_T60_delta0.20_tau60_am200.npz
2007-04-13,60,0.3,0.35667494393873245,60,200.0,10.587673137863113,0.35667494393873245,0.35101967614794205,0.005655267790790397,0.0,0.0,0.5,10.0,5000,per_query,1938358346,4.037289329231273e-06,1.176025212755794e-06,9.607192204445896,1.1432599488937367,1805.7683328445364,0.0126,instanton_2007-04-13_T60_delta0.30_tau60_am200.npz
2007-04-16,20,0.2,0.2231435513142097,20,200.0,14.22763236633684,0.2231435513142097,0.22144835328267742,0.0016951980315322857,0.0,0.0,0.5,10.0,5000,per_query,1788445917,6.530147956002178e-08,1.4584280455730483e-08,33.19872886872546,0.9190554497879492,530.7303405834356,0.0052,instanton_2007-04-16_T20_delta0.20_tau20_am200.npz
2007-04-16,20,0.3,0.35667494393873245,20,200.0,30.454217367936735,0.35667494393873245,0.35557362289014005,0.0011013210485923963,0.0,0.0,0.5,10.0,5000,per_query,364040614,0.0,0.0,42.311521195681436,0.9969148297431908,447.72684503537585,0.0,instanton_2007-04-16_T20_delta0.30_tau20_am200.npz
2007-04-16,60,0.2,0.2231435513142097,60,200.0,4.925124545306539,0.2231435513142097,0.21509420774286703,0.008049343571342682,0.0,0.0,0.5,10.0,5000,per_query,1277396579,0.0019766619337738406,0.00011308526366394001,205.4642867638426,1.0408779075269148,298.24154159646207,0.091,instanton_2007-04-16_T60_delta0.20_tau60_am200.npz
2007-04-16,60,0.3,0.35667494393873245,60,200.0,10.372575020737935,0.35667494393873245,0.3499414714405997,0.00673347249813272,0.0,0.0,0.5,10.0,5000,per_query,1585144060,3.9436880839564545e-06,5.879682758645056e-07,76.2505779890571,0.945518714569461,389.5037122834977,0.013,instanton_2007-04-16_T60_delta0.30_tau60_am200.npz
2007-04-17,20,0.2,0.2231435513142097,20,200.0,14.906174997337102,0.2231435513142097,0.22139104437715762,0.0017525069370520896,0.0,0.0,0.5,10.0,5000,per_query,925538766,3.3537891389562034e-08,9.751467091637789e-09,68.91027664750969,0.7789055794745268,288.4311107322575,0.0032,instanton_2007-04-17_T20_delta0.20_tau20_am200.npz
2007-04-17,20,0.3,0.35667494393873245,20,200.0,31.704257162061054,0.35667494393873245,0.3554977498306897,0.001177194108042734,0.0,0.0,0.5,10.0,5000,per_query,3674220225,0.0,0.0,24.7551507046515,0.904642440617536,797.3466405555246,0.0,instanton_2007-04-17_T20_delta0.30_tau20_am200.npz
2007-04-17,60,0.2,0.2231435513142097,60,200.0,5.147962650336565,0.2231435513142097,0.21482932847773384,0.00831422283647587,0.0,0.0,0.5,10.0,5000,per_query,271361023,0.001194496246233949,8.466900850891811e-05,491.43161955339696,1.058935364924271,91.5167664450263,0.0656,instanton_2007-04-17_T60_delta0.20_tau60_am200.npz
2007-04-17,60,0.3,0.35667494393873245,60,200.0,10.763415604585083,0.35667494393873245,0.3499078258434887,0.006767118095243774,0.0,0.0,0.5,10.0,5000,per_query,4269524093,2.3440755813238063e-06,3.567397541136517e-07,182.25765228311423,0.7797496399503032,170.3967028346788,0.0106,instanton_2007-04-17_T60_delta0.30_tau60_am200.npz
2007-04-18,20,0.2,0.2231435513142097,20,200.0,15.053752533361722,0.2231435513142097,0.22137844100068627,0.0017651103135234436,0.0,0.0,0.5,10.0,5000,per_query,393452602,1.864672188830267e-08,5.83027502306675e-09,12.131235608638322,1.32898498144986,1659.3584463472137,0.0028,instanton_2007-04-18_T20_delta0.20_tau20_am200.npz
2007-04-18,20,0.3,0.35667494393873245,20,200.0,31.974849915622844,0.35667494393873245,0.355484422731406,0.0011905212073264337,0.0,0.0,0.5,10.0,5000,per_query,2691010116,0.0,0.0,93.77838591676482,0.7231941996289141,153.02719154429482,0.0,instanton_2007-04-18_T20_delta0.30_tau20_am200.npz
2007-04-18,60,0.2,0.2231435513142097,60,200.0,5.19490217931524,0.2231435513142097,0.215141927144475,0.008001624169734711,0.0,0.0,0.5,10.0,5000,per_query,1650761408,0.0011789577589600864,8.207960086144546e-05,446.6774353991474,1.0280840593307539,127.94194339721763,0.067,instanton_2007-04-18_T60_delta0.20_tau60_am200.npz
2007-04-18,60,0.3,0.35667494393873245,60,200.0,10.848493858279861,0.35667494393873245,0.3497570563712671,0.006917887567465364,0.0,0.0,0.5,10.0,5000,per_query,3293487728,2.3721099426122354e-06,4.208134371830898e-07,108.7260340515841,0.9499830418369369,232.349028816037,0.0114,instanton_2007-04-18_T60_delta0.30_tau60_am200.npz
2007-04-19,20,0.2,0.2231435513142097,20,200.0,16.516899151834387,0.2231435513142097,0.22138905447323598,0.0017544968409737294,0.0,0.0,0.5,10.0,5000,per_query,436022437,8.019488860121228e-10,8.019488860121224e-10,24.824915672544122,1.1972709864512268,660.6405237513961,0.0002,instanton_2007-04-19_T20_delta0.20_tau20_am200.npz
2007-04-19,20,0.3,0.35667494393873245,20,200.0,34.646818204676244,0.35667494393873245,0.3554171056748041,0.0012578382639283348,0.0,0.0,0.5,10.0,5000,per_query,938400075,0.0,0.0,42.86649643726566,0.9837133530172588,422.6836894660595,0.0,instanton_2007-04-19_T20_delta0.30_tau20_am200.npz
2007-04-19,60,0.2,0.2231435513142097,60,200.0,5.6620164973787865,0.2231435513142097,0.21494069796167814,0.00820285335253157,0.0,0.0,0.5,10.0,5000,per_query,2118986422,0.0008554029778340834,7.489618036033867e-05,163.65504121532086,1.0742340568970337,294.4868442871216,0.0612,instanton_2007-04-19_T60_delta0.20_tau60_am200.npz
2007-04-19,60,0.3,0.35667494393873245,60,200.0,11.679952114930376,0.35667494393873245,0.34976821555955695,0.006906728379175497,0.0,0.0,0.5,10.0,5000,per_query,578969072,9.153704907800986e-07,1.8344468014631373e-07,55.768116076745244,0.8942266979766664,377.01134695137216,0.0076,instanton_2007-04-19_T60_delta0.30_tau60_am200.npz
2007-04-20,20,0.2,0.2231435513142097,20,200.0,16.028557839865883,0.2231435513142097,0.22130318181419462,0.0018403695000150933,0.0,0.0,0.5,10.0,5000,per_query,3234698493,1.1000776296380622e-08,3.4233624571315174e-09,32.383037040305304,0.9355031528152508,590.4534131864259,0.0026,instanton_2007-04-20_T20_delta0.20_tau20_am200.npz
2007-04-20,20,0.3,0.35667494393873245,20,200.0,33.75138581580903,0.35667494393873245,0.35537720385470983,0.0012977400840226139,0.0,0.0,0.5,10.0,5000,per_query,3338772882,0.0,0.0,46.044239671673225,0.7999613227363843,318.11517130367446,0.0,instanton_2007-04-20_T20_delta0.30_tau20_am200.npz
2007-04-20,60,0.2,0.2231435513142097,60,200.0,5.495420585051516,0.2231435513142097,0.21488607082194733,0.008257480492262381,0.0,0.0,0.5,10.0,5000,per_query,3311328113,0.0008717454980598984,6.32699891342309e-05,310.305962540021,0.9729937448258792,194.01561242954523,0.061,instanton_2007-04-20_T60_delta0.20_tau60_am200.npz
2007-04-20,60,0.3,0.35667494393873245,60,200.0,11.392330698571206,0.35667494393873245,0.34968079453283707,0.006994149405895378,0.0,0.0,0.5,10.0,5000,per_query,180419135,1.304803900554297e-06,2.5579055377861337e-07,130.8127952822499,0.8894731430226297,212.52430568233066,0.0108,instanton_2007-04-20_T60_delta0.30_tau60_am200.npz
2007-04-23,20,0.2,0.2231435513142097,20,200.0,15.6024272752442,0.2231435513142097,0.22240524069372736,0.000738310620482352,0.0,0.0,0.5,10.0,5000,per_query,504797147,9.234551541834635e-09,3.845757574627559e-09,73.00130731501106,0.7092853158405784,158.53310533569586,0.0018,instanton_2007-04-23_T20_delta0.20_tau20_am200.npz
2007-04-23,20,0.3,0.35667494393873245,20,200.0,33.17672314849017,0.35667494393873245,0.35616086289209825,0.0005140810466341961,0.0,0.0,0.5,10.0,5000,per_query,3592764341,0.0,0.0,42.10635245620057,0.8410004888790383,431.9394904997913,0.0,instanton_2007-04-23_T20_delta0.30_tau20_am200.npz
2007-04-23,60,0.2,0.2231435513142097,60,200.0,5.434657169940728,0.2231435513142097,0.21836612481527062,0.004777426498939086,0.0,0.0,0.5,10.0,5000,per_query,1629550997,0.0010336522146782662,7.103867523384039e-05,319.4243134152929,1.002023991713392,131.90822637722798,0.0656,instanton_2007-04-23_T60_delta0.20_tau60_am200.npz
2007-04-23,60,0.3,0.35667494393873245,60,200.0,11.303559931889772,0.35667494393873245,0.3529967183574616,0.003678225581270844,0.0,0.0,0.5,10.0,5000,per_query,1729934272,1.6510773965831268e-06,3.652098196791897e-07,71.16730625926677,1.0953470160646221,431.8701453907336,0.0096,instanton_2007-04-23_T60_delta0.30_tau60_am200.npz
2007-04-24,20,0.2,0.2231435513142097,20,200.0,15.65276312590747,0.2231435513142097,0.22233444357759868,0.0008091077366110255,0.0,0.0,0.5,10.0,5000,per_query,3161476843,8.9469747739035e-09,2.9282169343691033e-09,9.3817816777412,1.4555908010364205,1992.6646563101892,0.0026,instanton_2007-04-24_T20_delta0.20_tau20_am200.npz
2007-04-24,20,0.3,0.35667494393873245,20,200.0,33.24406655895237,0.35667494393873245,0.35611071768572167,0.00056422625301078,0.0,0.0,0.5,10.0,5000,per_query,2501509996,0.0,0.0,51.901666810036204,0.6585386360022045,345.4895388929669,0.0,instanton_2007-04-24_T20_delta0.30_tau20_am200.npz
2007-04-24,60,0.2,0.2231435513142097,60,200.0,5.441681568737027,0.2231435513142097,0.21807346170132558,0.005070089612884132,0.0,0.0,0.5,10.0,5000,per_query,2315793522,0.00103568729258028,6.995043589552797e-05,523.2221038431194,0.9710148551780425,62.75380014314294,0.0684,instanton_2007-04-24_T60_delta0.20_tau60_am200.npz
2007-04-24,60,0.3,0.35667494393873245,60,200.0,11.30784836346423,0.35667494393873245,0.3526374543636672,0.004037489575065223,0.0,0.0,0.5,10.0,5000,per_query,1293475212,1.6906438734411805e-06,3.337558429848468e-07,168.35435737516556,0.8217470260695312,114.09974598656736,0.0092,instanton_2007-04-24_T60_delta0.30_tau60_am200.npz
2007-04-25,20,0.2,0.2231435513142097,20,200.0,15.535229655948314,0.2231435513142097,0.22133531168477205,0.001808239629437658,0.0,0.0,0.5,10.0,5000,per_query,1010308580,8.250225048736866e-09,3.1315013495490528e-09,17.367621719069867,0.8196483916438109,921.4186548741154,0.002,instanton_2007-04-25_T20_delta0.20_tau20_am200.npz
2007-04-25,20,0.3,0.35667494393873245,20,200.0,32.85462100251531,0.35667494393873245,0.35543083100594064,0.0012441129327918077,0.0,0.0,0.5,10.0,5000,per_query,772105708,0.0,0.0,24.6957694432446,0.9879384294444823,827.5623125068383,0.0,instanton_2007-04-25_T20_delta0.30_tau20_am200.npz
2007-04-25,60,0.2,0.2231435513142097,60,200.0,5.33759130154471,0.2231435513142097,0.21484601054059116,0.00829754077361855,0.0,0.0,0.5,10.0,5000,per_query,140636879,0.001044255406935546,6.968057031876615e-05,631.220222483007,0.9571991172071838,43.77165283328425,0.0676,instanton_2007-04-25_T60_delta0.20_tau60_am200.npz
2007-04-25,60,0.3,0.35667494393873245,60,200.0,11.114647921801712,0.35667494393873245,0.3498044625472625,0.006870481391469951,0.0,0.0,0.5,10.0,5000,per_query,3248904829,1.6233549480357453e-06,2.5603262435801906e-07,112.19334646112607,1.0230252275836462,256.1919248149158,0.0118,instanton_2007-04-25_T60_delta0.30_tau60_am200.npz
2007-04-26,20,0.2,0.2231435513142097,20,200.0,15.823272447714208,0.2231435513142097,0.2213195662065175,0.0018239851076922164,0.0,0.0,0.5,10.0,5000,per_query,3162400313,1.0336986536603964e-08,3.372646149804963e-09,51.00819100884661,1.0098335722448062,330.74118429069904,0.0028,instanton_2007-04-26_T20_delta0.20_tau20_am200.npz
2007-04-26,20,0.3,0.35667494393873245,20,200.0,33.37878703573254,0.35667494393873245,0.35540362922028557,0.001271314718446881,0.0,0.0,0.5,10.0,5000,per_query,2970221515,0.0,0.0,34.835871587378634,0.9518383630481523,603.2310645437726,0.0,instanton_2007-04-26_T20_delta0.30_tau20_am200.npz
2007-04-26,60,0.2,0.2231435513142097,60,200.0,5.455094531031829,0.2231435513142097,0.21488283926885554,0.008260712045354168,0.0,0.0,0.5,10.0,5000,per_query,3563969938,0.001094986486072584,7.030359820173166e-05,214.18270586235985,1.029642109170665,271.8486000174017,0.0712,instanton_2007-04-26_T60_delta0.20_tau60_am200.npz
2007-04-26,60,0.3,0.35667494393873245,60,200.0,11.277084619524185,0.35667494393873245,0.3497984160055134,0.006876527933219023,0.0,0.0,0.5,10.0,5000,per_query,2503444518,1.4840479391132301e-06,2.5597430394109455e-07,160.42476841089967,0.7861924191565897,153.53425873599443,0.0086,instanton_2007-04-26_T60_delta0.30_tau60_am200.npz
2007-04-27,20,0.2,0.2231435513142097,20,200.0,15.756969103184064,0.2231435513142097,0.22165366945856757,0.001489881855642139,0.0,0.0,0.5,10.0,5000,per_query,30979563,5.30490341852318e-09,2.5400400216486242e-09,37.2706329740429,0.8273894293494355,564.5650153639543,0.0012,instanton_2007-04-27_T20_delta0.20_tau20_am200.npz
2007-04-27,20,0.3,0.35667494393873245,20,200.0,33.2942929938662,0.35667494393873245,0.35563765124571045,0.0010372926930219961,0.0,0.0,0.5,10.0,5000,per_query,669535395,0.0,0.0,47.8874477929617,1.0774791021375676,372.89882190083654,0.0,instanton_2007-04-27_T20_delta0.30_tau20_am200.npz
2007-04-27,60,0.2,0.2231435513142097,60,200.0,5.431625579406632,0.2231435513142097,0.2154975611712766,0.007645990142933101,0.0,0.0,0.5,10.0,5000,per_query,540387917,0.0009902050478534465,7.38507262908637e-05,571.6695432681635,0.9614936984035881,49.342312185518935,0.0652,instanton_2007-04-27_T60_delta0.20_tau60_am200.npz
2007-04-27,60,0.3,0.35667494393873245,60,200.0,11.276955551061583,0.35667494393873245,0.3503811294036039,0.006293814535128561,0.0,0.0,0.5,10.0,5000,per_query,600275058,1.1726119467725692e-06,2.052744706681664e-07,47.53875538384249,1.0289047718830395,603.3181250444524,0.01,instanton_2007-04-27_T60_delta0.30_tau60_am200.npz
2007-04-30,20,0.2,0.2231435513142097,20,200.0,14.527960257306137,0.2231435513142097,0.22291394668915832,0.0002296046250513939,0.0,0.0,0.5,10.0,5000,per_query,3759334251,3.87388680626911e-08,1.0372530428127081e-08,26.86080655855671,1.039573177767669,558.3288794933263,0.0036,instanton_2007-04-30_T20_delta0.20_tau20_am200.npz
2007-04-30,20,0.3,0.35667494393873245,20,200.0,31.55215044328338,0.35667494393873245,0.3565186843571819,0.0001562595815505219,0.0,0.0,0.5,10.0,5000,per_query,639260277,0.0,0.0,63.5696928282567,0.7270921684724899,249.73884358446549,0.0,instanton_2007-04-30_T20_delta0.30_tau20_am200.npz
2007-04-30,60,0.2,0.2231435513142097,60,200.0,5.131893856518995,0.2231435513142097,0.2218192020945784,0.0013243492196313156,0.0,0.0,0.5,10.0,5000,per_query,2550381705,0.001343513865892876,8.295836299129109e-05,477.124942388996,0.9671637976722685,111.69531095383672,0.0758,instanton_2007-04-30_T60_delta0.20_tau60_am200.npz
2007-04-30,60,0.3,0.35667494393873245,60,200.0,10.829838931448887,0.35667494393873245,0.3556304803894328,0.0010444635492996568,0.0,0.0,0.5,10.0,5000,per_query,762678283,1.946661971974533e-06,3.6453365054621253e-07,47.24018322240762,1.0821906755010113,617.9129244579096,0.0094,instanton_2007-04-30_T60_delta0.30_tau60_am200.npz
2007-05-01,20,0.2,0.2231435513142097,20,200.0,14.777159514018958,0.2231435513142097,0.22275257455551678,0.00039097675869292914,0.0,0.0,0.5,10.0,5000,per_query,1945928046,3.375169224291005e-08,9.53343088738759e-09,17.50123511177888,1.2570449243994521,1033.5978091902355,0.0028,instanton_2007-05-01_T20_delta0.20_tau20_am200.npz
2007-05-01,20,0.3,0.35667494393873245,20,200.0,31.837365478466655,0.35667494393873245,0.35640818412561526,0.00026675981311719,0.0,0.0,0.5,10.0,5000,per_query,2774001161,0.0,0.0,54.38852921230302,0.9254367751303072,430.2195350506542,0.0,instanton_2007-05-01_T20_delta0.30_tau20_am200.npz
2007-05-01,60,0.2,0.2231435513142097,60,200.0,5.200573614285402,0.2231435513142097,0.22076770670880475,0.0023758446054049642,0.0,0.0,0.5,10.0,5000,per_query,3943412110,0.0012147801824388225,8.443027935911988e-05,340.6290679872779,0.9912985500545938,200.49492229980237,0.0714,instanton_2007-05-01_T60_delta0.20_tau60_am200.npz
2007-05-01,60,0.3,0.35667494393873245,60,200.0,10.905997309525464,0.35667494393873245,0.3547725513669304,0.0019023925718020251,0.0,0.0,0.5,10.0,5000,per_query,2208495876,1.6702202019636785e-06,3.175573214509308e-07,4.741163156258364,1.7358420082914718,3945.6337515615282,0.0094,instanton_2007-05-01_T60_delta0.30_tau60_am200.npz
2007-05-02,20,0.2,0.2231435513142097,20,200.0,15.796371537934423,0.2231435513142097,0.22162652883957445,0.0015170224746352545,0.0,0.0,0.5,10.0,5000,per_query,2483410064,8.505755820105733e-09,3.175682574150888e-09,19.332619122585427,1.0613474498420252,956.1060417283508,0.0022,instanton_2007-05-02_T20_delta0.20_tau20_am200.npz
2007-05-02,20,0.3,0.35667494393873245,20,200.0,33.36281824671685,0.35667494393873245,0.35562051509745896,0.0010544288412734915,0.0,0.0,0.5,10.0,5000,per_query,2831554068,0.0,0.0,1.3283231125417068,5.563668892541311,24132.61142332343,0.0,instanton_2007-05-02_T20_delta0.30_tau20_am200.npz
2007-05-02,60,0.2,0.2231435513142097,60,200.0,5.438750179806559,0.2231435513142097,0.21552154899132958,0.007622002322880128,0.0,0.0,0.5,10.0,5000,per_query,529443084,0.0010569797508048105,7.281930981907724e-05,593.38481496232,0.9223774278637866,66.00341535549252,0.0682,instanton_2007-05-02_T60_delta0.20_tau60_am200.npz
2007-05-02,60,0.3,0.35667494393873245,60,200.0,11.290852129526936,0.35667494393873245,0.35044792456825924,0.006227019370473208,0.0,0.0,0.5,10.0,5000,per_query,2212261501,1.5519197121719287e-06,2.95545906378694e-07,68.64366786494595,1.1018437334498388,444.0600949695965,0.009,instanton_2007-05-02_T60_delta0.30_tau60_am200.npz
2007-05-03,20,0.2,0.2231435513142097,20,200.0,15.703574601091054,0.2231435513142097,0.22133185264110722,0.0018116986731024909,0.0,0.0,0.5,10.0,5000,per_query,299041324,1.1977150121336151e-08,3.928766847058449e-09,31.54849869884752,0.9356854617704162,587.9507516882096,0.0024,instanton_2007-05-03_T20_delta0.20_tau20_am200.npz
2007-05-03,20,0.3,0.35667494393873245,20,200.0,33.161156216935744,0.35667494393873245,0.3554158357486479,0.001259108190084568,0.0,0.0,0.5,10.0,5000,per_query,342964264,0.0,0.0,10.820470614708327,0.8998311455115982,1309.9721506385274,0.0,instanton_2007-05-03_T20_delta0.30_tau20_am200.npz
2007-05-03,60,0.2,0.2231435513142097,60,200.0,5.394928476372606,0.2231435513142097,0.21477355679755838,0.008369994516651325,0.0,0.0,0.5,10.0,5000,per_query,2594384945,0.001040430817860771,7.410986514658572e-05,498.82731103184415,0.9942659310910381,73.78102596741297,0.0686,instanton_2007-05-03_T60_delta0.20_tau60_am200.npz
2007-05-03,60,0.3,0.35667494393873245,60,200.0,11.218001090666077,0.35667494393873245,0.34963941558661293,0.007035528352119513,0.0,0.0,0.5,10.0,5000,per_query,3785241583,1.52855244295512e-06,3.9100395659655106e-07,97.0528636181075,0.8955976052433405,307.0766546253509,0.0088,instanton_2007-05-03_T60_delta0.30_tau60_am200.npz
2007-05-04,20,0.2,0.2231435513142097,20,200.0,15.664901160401115,0.2231435513142097,0.2213251960907412,0.0018183552234685152,0.0,0.0,0.5,10.0,5000,per_query,2112281925,9.776094797814451e-09,3.174889397906406e-09,24.78790713516932,1.16305633500578,701.2040671789955,0.0024,instanton_2007-05-04_T20_delta0.20_tau20_am200.npz
2007-05-04,20,0.3,0.35667494393873245,20,200.0,33.090788222009806,0.35667494393873245,0.35541946970817406,0.0012554742305583844,0.0,0.0,0.5,10.0,5000,per_query,3297529520,0.0,0.0,35.62155849091509,0.8206689101487926,492.6940799788773,0.0,instanton_2007-05-04_T20_delta0.30_tau20_am200.npz
2007-05-04,60,0.2,0.2231435513142097,60,200.0,5.387628612021192,0.2231435513142097,0.21486438440686317,0.008279166907346536,0.0,0.0,0.5,10.0,5000,per_query,3987280832,0.0009216704542766205,6.757113328788912e-05,454.55024576971255,0.967729735612022,115.13172680361349,0.058,instanton_2007-05-04_T60_delta0.20_tau60_am200.npz
2007-05-04,60,0.3,0.35667494393873245,60,200.0,11.192638508954124,0.35667494393873245,0.3497197658213107,0.006955178117421745,0.0,0.0,0.5,10.0,5000,per_query,1893675717,1.291944485234605e-06,2.2715089600268627e-07,25.198172459180043,1.0332642370567788,720.9783356217748,0.0086,instanton_2007-05-04_T60_delta0.30_tau60_am200.npz
2007-05-07,20,0.2,0.2231435513142097,20,200.0,15.67528062424185,0.2231435513142097,0.2213295620736382,0.001813989240571523,0.0,0.0,0.5,10.0,5000,per_query,1901131844,8.32833603608568e-09,3.5239441325778506e-09,23.58222914158343,0.8399574454829837,602.0232069477225,0.0014,instanton_2007-05-07_T20_delta0.20_tau20_am200.npz
2007-05-07,20,0.3,0.35667494393873245,20,200.0,33.10967926904755,0.35667494393873245,0.35541587194168756,0.0012590719970448916,0.0,0.0,0.5,10.0,5000,per_query,2500556680,0.0,0.0,43.09344503866004,0.8093544346704421,440.54680953876,0.0,instanton_2007-05-07_T20_delta0.30_tau20_am200.npz
2007-05-07,60,0.2,0.2231435513142097,60,200.0,5.391007899240994,0.2231435513142097,0.21500696746743841,0.008136583846771295,0.0,0.0,0.5,10.0,5000,per_query,1133828952,0.0012234197106663334,7.467633944721302e-05,182.51780336375884,1.1022159193386616,267.55925013487325,0.0782,instanton_2007-05-07_T60_delta0.20_tau60_am200.npz
2007-05-07,60,0.3,0.35667494393873245,60,200.0,11.203742858523098,0.35667494393873245,0.34959739820006774,0.007077545738664703,0.0,0.0,0.5,10.0,5000,per_query,663696012,1.7743447918396587e-06,2.919907642907494e-07,153.1382885874207,0.8525436799660969,163.01513619061373,0.0102,instanton_2007-05-07_T60_delta0.30_tau60_am200.npz
2007-05-08,20,0.2,0.2231435513142097,20,200.0,15.557730964658283,0.2231435513142097,0.22184542298317478,0.0012981283310349312,0.0,0.0,0.5,10.0,5000,per_query,3186592244,1.0683910981794365e-08,3.4976647456478276e-09,17.899440358895642,0.9920390472855263,865.7757253757543,0.0024,instanton_2007-05-08_T20_delta0.20_tau20_am200.npz
2007-05-08,20,0.3,0.35667494393873245,20,200.0,32.95675091074075,0.35667494393873245,0.355779142691488,0.000895801247244421,0.0,0.0,0.5,10.0,5000,per_query,2944669092,0.0,0.0,30.6105554123109,0.7858740198610015,414.6116142780688,0.0,instanton_2007-05-08_T20_delta0.30_tau20_am200.npz
2007-05-08,60,0.2,0.2231435513142097,60,200.0,5.380002309713948,0.2231435513142097,0.2160461788488659,0.00709737246534381,0.0,0.0,0.5,10.0,5000,per_query,257345885,0.0009529448319980993,6.532500928242364e-05,474.2170607441933,1.001638020657056,67.08376195812899,0.0656,instanton_2007-05-08_T60_delta0.20_tau60_am200.npz
2007-05-08,60,0.3,0.35667494393873245,60,200.0,11.186217650649,0.35667494393873245,0.35095533890857755,0.005719605030154895,0.0,0.0,0.5,10.0,5000,per_query,2926637284,1.3676736323685566e-06,2.3586378307008905e-07,165.03636126683782,0.8126771067183928,117.70477877045761,0.0098,instanton_2007-05-08_T60_delta0.30_tau60_am200.npz
2007-05-09,20,0.2,0.2231435513142097,20,200.0,15.724906607245973,0.2231435513142097,0.2213200576174783,0.0018234936967314042,0.0,0.0,0.5,10.0,5000,per_query,2845586795,1.3846987175467778e-08,3.877644909592122e-09,26.486263703243587,0.9373570774795373,523.2989969119043,0.0032,instanton_2007-05-09_T20_delta0.20_tau20_am200.npz
2007-05-09,20,0.3,0.35667494393873245,20,200.0,33.19996106616858,0.35667494393873245,0.3554101566060499,0.0012647873326825376,0.0,0.0,0.5,10.0,5000,per_query,3002597696,0.0,0.0,17.19438818237589,1.0720544587874288,870.8742727003144,0.0,instanton_2007-05-09_T20_delta0.30_tau20_am200.npz
2007-05-09,60,0.2,0.2231435513142097,60,200.0,5.405881125500868,0.2231435513142097,0.21470241184530892,0.008441139468900793,0.0,0.0,0.5,10.0,5000,per_query,2604492181,0.0009499525840898212,6.331016357653181e-05,426.7633358701519,1.0806459117649831,92.07098569224374,0.0642,instanton_2007-05-09_T60_delta0.20_tau60_am200.npz
2007-05-09,60,0.3,0.35667494393873245,60,200.0,11.228917163006832,0.35667494393873245,0.34966099840020526,0.007013945538527189,0.0,0.0,0.5,10.0,5000,per_query,3216971949,1.7168882253317159e-06,2.4438627195219146e-07,164.4551329167265,0.892240090454765,108.53306567538097,0.0122,instanton_2007-05-09_T60_delta0.30_tau60_am200.npz
2007-05-10,20,0.2,0.2231435513142097,20,200.0,14.176055355314386,0.2231435513142097,0.22297188282524338,0.00017166848896632558,0.0,0.0,0.5,10.0,5000,per_query,2995833428,8.439462685088318e-08,1.841242564234375e-08,64.94484173460347,0.8609691585613407,304.46696392136164,0.0056,instanton_2007-05-10_T20_delta0.20_tau20_am200.npz
2007-05-10,20,0.3,0.35667494393873245,20,200.0,30.99123460339312,0.35667494393873245,0.35655947229093243,0.00011547164780001395,0.0,0.0,0.5,10.0,5000,per_query,3698562507,0.0,0.0,57.18799383776807,0.8484572627468209,359.7386525708583,0.0,instanton_2007-05-10_T20_delta0.30_tau20_am200.npz
2007-05-10,60,0.2,0.2231435513142097,60,200.0,5.023386367925715,0.2231435513142097,0.22209677035243125,0.0010467809617784596,0.0,0.0,0.5,10.0,5000,per_query,3518984580,0.0013013292959054568,8.892847108246987e-05,490.45015209761647,0.9499926977161501,85.32217141551277,0.067,instanton_2007-05-10_T60_delta0.20_tau60_am200.npz
2007-05-10,60,0.3,0.35667494393873245,60,200.0,10.658511931907464,0.35667494393873245,0.3559088687085801,0.0007660752301523743,0.0,0.0,0.5,10.0,5000,per_query,671995807,2.285245178942869e-06,3.6452336923062375e-07,233.64616366518015,0.9589912455696514,96.26548341722888,0.01,instanton_2007-05-10_T60_delta0.30_tau60_am200.npz
2007-05-11,20,0.2,0.2231435513142097,20,200.0,14.78924999314986,0.2231435513142097,0.22207248794461254,0.0010710633695971694,0.0,0.0,0.5,10.0,5000,per_query,1286490396,2.913548461832562e-08,8.15618713231031e-09,15.01942305464069,1.3072618523864958,1334.5007788537903,0.0034,instanton_2007-05-11_T20_delta0.20_tau20_am200.npz
2007-05-11,20,0.3,0.35667494393873245,20,200.0,31.58141151069538,0.35667494393873245,0.3559580903110664,0.0007168536276660475,0.0,0.0,0.5,10.0,5000,per_query,1913529076,0.0,0.0,30.423049337428637,0.8759504826984398,555.0709358613047,0.0,instanton_2007-05-11_T20_delta0.30_tau20_am200.npz
2007-05-11,60,0.2,0.2231435513142097,60,200.0,5.140083689877234,0.2231435513142097,0.216851710600662,0.006291840713547714,0.0,0.0,0.5,10.0,5000,per_query,1228471932,0.0013586474534473874,8.491755991200276e-05,282.08117099266804,1.0850194885414326,180.5159204402842,0.0756,instanton_2007-05-11_T60_delta0.20_tau60_am200.npz
2007-05-11,60,0.3,0.35667494393873245,60,200.0,10.772598655651754,0.35667494393873245,0.35160739935880336,0.005067544579929084,0.0,0.0,0.5,10.0,5000,per_query,632267342,3.515167887104833e-06,7.065560177531453e-07,91.36984636608655,1.015888917348555,328.4486233453348,0.0138,instanton_2007-05-11_T60_delta0.30_tau60_am200.npz
2007-05-14,20,0.2,0.2231435513142097,20,200.0,15.01787513537953,0.2231435513142097,0.2224851273758679,0.0006584239383418122,0.0,0.0,0.5,10.0,5000,per_query,291690143,1.4345254224908323e-08,5.515874861627832e-09,67.66423648966867,0.849944968458132,316.2799550914967,0.0026,instanton_2007-05-14_T20_delta0.20_tau20_am200.npz
2007-05-14,20,0.3,0.35667494393873245,20,200.0,32.12745746958605,0.35667494393873245,0.35622593175203576,0.0004490121866966845,0.0,0.0,0.5,10.0,5000,per_query,1584965909,0.0,0.0,30.727452755416053,1.2041815849129176,586.6221415985316,0.0,instanton_2007-05-14_T20_delta0.30_tau20_am200.npz
2007-05-14,60,0.2,0.2231435513142097,60,200.0,5.251386513344039,0.2231435513142097,0.21914407298179395,0.003999478332415762,0.0,0.0,0.5,10.0,5000,per_query,3438276207,0.0012786093874919441,9.052990004647157e-05,392.4975796905683,1.0685350803188876,81.8478689784041,0.0678,instanton_2007-05-14_T60_delta0.20_tau60_am200.npz
2007-05-14,60,0.3,0.35667494393873245,60,200.0,10.9708979578504,0.35667494393873245,0.3533313246858585,0.003343619252873964,0.0,0.0,0.5,10.0,5000,per_query,1766398132,1.9135164380821623e-06,2.888512870727944e-07,119.97504783033143,1.1061295898814723,221.23941488080814,0.0112,instanton_2007-05-14_T60_delta0.30_tau60_am200.npz
2007-05-15,20,0.2,0.2231435513142097,20,200.0,15.081816754017652,0.2231435513142097,0.22244318180334766,0.0007003695108620533,0.0,0.0,0.5,10.0,5000,per_query,1507283215,6.6067747019237055e-09,3.859730813007784e-09,47.41713746888379,0.850555052490279,381.45099120994166,0.0012,instanton_2007-05-15_T20_delta0.20_tau20_am200.npz
2007-05-15,20,0.3,0.35667494393873245,20,200.0,32.22901654777238,0.35667494393873245,0.356195558116986,0.0004793858217464475,0.0,0.0,0.5,10.0,5000,per_query,3503407916,0.0,0.0,115.00716531935522,0.6922425424301849,127.40007215580742,0.0,instanton_2007-05-15_T20_delta0.30_tau20_am200.npz
2007-05-15,60,0.2,0.2231435513142097,60,200.0,5.265140148111506,0.2231435513142097,0.21864911780946006,0.004494433504749651,0.0,0.0,0.5,10.0,5000,per_query,2012479980,0.0012005351863212297,7.51206342586304e-05,568.0149635834073,0.9073493842643042,73.65154892088141,0.0722,instanton_2007-05-15_T60_delta0.20_tau60_am200.npz
2007-05-15,60,0.3,0.35667494393873245,60,200.0,10.998677999618932,0.35667494393873245,0.3531517155665913,0.0035232283721411406,0.0,0.0,0.5,10.0,5000,per_query,447125158,2.1394558587240533e-06,3.8589856836017765e-07,46.35012801785851,1.041480643521535,587.336445892703,0.0104,instanton_2007-05-15_T60_delta0.30_tau60_am200.npz
2007-05-16,20,0.2,0.2231435513142097,20,200.0,15.204020638377424,0.2231435513142097,0.22136401051963883,0.0017795407945708774,0.0,0.0,0.5,10.0,5000,per_query,529504184,1.7447575964519083e-08,5.172786776240567e-09,6.055781520714767,1.616603935789253,3227.6122700740593,0.0028,instanton_2007-05-16_T20_delta0.20_tau20_am200.npz
2007-05-16,20,0.3,0.35667494393873245,20,200.0,32.24992066684616,0.35667494393873245,0.3554663547181445,0.0012085892205879745,0.0,0.0,0.5,10.0,5000,per_query,1230943212,0.0,0.0,52.67582243113946,0.6948045774036332,279.80882590238264,0.0,instanton_2007-05-16_T20_delta0.30_tau20_am200.npz
2007-05-16,60,0.2,0.2231435513142097,60,200.0,5.238620825077195,0.2231435513142097,0.21487529258634552,0.008268258727864186,0.0,0.0,0.5,10.0,5000,per_query,3278090813,0.00138646928885982,8.56548848447153e-05,526.5846833631385,0.9407928399316806,60.853197027433865,0.0778,instanton_2007-05-16_T60_delta0.20_tau60_am200.npz
2007-05-16,60,0.3,0.35667494393873245,60,200.0,10.929032247406933,0.35667494393873245,0.3498674325065734,0.006807511432159075,0.0,0.0,0.5,10.0,5000,per_query,1710340508,1.9778816756414274e-06,3.225479584338598e-07,160.3553635063549,0.8324258497792778,130.9960428699518,0.0106,instanton_2007-05-16_T60_delta0.30_tau60_am200.npz
2007-05-17,20,0.2,0.2231435513142097,20,200.0,15.011017310017031,0.2231435513142097,0.22205962215458808,0.0010839291596216327,0.0,0.0,0.5,10.0,5000,per_query,2271802119,2.122581295128265e-08,6.185417354550223e-09,27.860647316190306,1.0545231270363022,777.4111403933863,0.0032,instanton_2007-05-17_T20_delta0.20_tau20_am200.npz
2007-05-17,20,0.3,0.35667494393873245,20,200.0,31.98914382774443,0.35667494393873245,0.3559436723067684,0.00073127163196407,0.0,0.0,0.5,10.0,5000,per_query,4271045972,0.0,0.0,14.748701797163417,1.2107438342472054,1399.4531029361815,0.0,instanton_2007-05-17_T20_delta0.30_tau20_am200.npz
2007-05-17,60,0.2,0.2231435513142097,60,200.0,5.216185749203653,0.2231435513142097,0.21705011308395683,0.006093438230252879,0.0,0.0,0.5,10.0,5000,per_query,1572557852,0.001259949163285972,7.597017646510043e-05,429.1379913033026,1.0130976641335359,101.63617195479084,0.076,instanton_2007-05-17_T60_delta0.20_tau60_am200.npz
2007-05-17,60,0.3,0.35667494393873245,60,200.0,10.894653641336667,0.35667494393873245,0.3516119663697115,0.0050629775690209655,0.0,0.0,0.5,10.0,5000,per_query,2237169188,2.295971114847452e-06,4.0545315830879903e-07,144.52105081493303,0.8557059450047134,169.12967589070863,0.0098,instanton_2007-05-17_T60_delta0.30_tau60_am200.npz
2007-05-18,20,0.2,0.2231435513142097,20,200.0,15.25168376456814,0.2231435513142097,0.22136214485920735,0.0017814064550023545,0.0,0.0,0.5,10.0,5000,per_query,1957212863,2.1665336509525176e-08,5.901368288707632e-09,97.47345469603111,0.6866945933961268,130.21855169151604,0.0034,instanton_2007-05-18_T20_delta0.20_tau20_am200.npz
2007-05-18,20,0.3,0.35667494393873245,20,200.0,32.33707639386052,0.35667494393873245,0.3554625199188237,0.001212424019908731,0.0,0.0,0.5,10.0,5000,per_query,2041090858,0.0,0.0,15.071633804621385,0.9428335266413244,1153.4267502709797,0.0,instanton_2007-05-18_T20_delta0.30_tau20_am200.npz
2007-05-18,60,0.2,0.2231435513142097,60,200.0,5.244398755587072,0.2231435513142097,0.21509268873642462,0.00805086257778509,0.0,0.0,0.5,10.0,5000,per_query,3731221610,0.00131862639040029,8.931683218428135e-05,253.93132580869602,1.0839453215870127,196.12224627942047,0.0712,instanton_2007-05-18_T60_delta0.20_tau60_am200.npz
2007-05-18,60,0.3,0.35667494393873245,60,200.0,10.957177694352142,0.35667494393873245,0.3498168603903826,0.006858083548349825,0.0,0.0,0.5,10.0,5000,per_query,2546451605,2.1741114009924976e-06,5.582995629348966e-07,125.0010280506156,0.9689509967798622,180.31003017618914,0.0112,instanton_2007-05-18_T60_delta0.30_tau60_am200.npz
2007-05-21,20,0.2,0.2231435513142097,20,200.0,15.282504354204985,0.2231435513142097,0.2215810479700684,0.0015625033441413194,0.0,0.0,0.5,10.0,5000,per_query,1444697603,1.1506620824171051e-08,4.163207914032933e-09,78.96672023238797,0.9006330634310823,199.43656867960806,0.0024,instanton_2007-05-21_T20_delta0.20_tau20_am200.npz
2007-05-21,20,0.3,0.35667494393873245,20,200.0,32.41592442886479,0.35667494393873245,0.3556111618656006,0.001063782073131847,0.0,0.0,0.5,10.0,5000,per_query,2830852095,0.0,0.0,99.0659097697248,0.7916083101611193,177.16495255498728,0.0,instanton_2007-05-21_T20_delta0.30_tau20_am200.npz
2007-05-21,60,0.2,0.2231435513142097,60,200.0,5.2771861511530656,0.2231435513142097,0.21520064756742396,0.007942903746785746,0.0,0.0,0.5,10.0,5000,per_query,1502272964,0.0011405448608381638,7.259247791925869e-05,269.376992100252,1.1431872291696528,161.19178297774673,0.0708,instanton_2007-05-21_T60_delta0.20_tau60_am200.npz
2007-05-21,60,0.3,0.35667494393873245,60,200.0,10.996908652652987,0.35667494393873245,0.35037076827387104,0.006304175664861411,0.0,0.0,0.5,10.0,5000,per_query,2881503881,2.8045139795948577e-06,4.922545327217819e-07,40.16099779719136,1.0566197660313803,563.9668569496263,0.0128,instanton_2007-05-21_T60_delta0.30_tau60_am200.npz
2007-05-22,20,0.2,0.2231435513142097,20,200.0,15.211301408702285,0.2231435513142097,0.2218593233737609,0.001284227940448801,0.0,0.0,0.5,10.0,5000,per_query,1286894286,2.1470008942863475e-08,5.809354845730788e-09,10.831571281915146,1.4184537411514826,1532.4466551217,0.0038,instanton_2007-05-22_T20_delta0.20_tau20_am200.npz
2007-05-22,20,0.3,0.35667494393873245,20,200.0,32.32256648884941,0.35667494393873245,0.35580262033711296,0.0008723236016194846,0.0,0.0,0.5,10.0,5000,per_query,941544783,0.0,0.0,13.465639056451682,1.3503153561514296,1680.4626336616607,0.0,instanton_2007-05-22_T20_delta0.30_tau20_am200.npz
2007-05-22,60,0.2,0.2231435513142097,60,200.0,5.26808453324252,0.2231435513142097,0.21613812596299198,0.007005425351217731,0.0,0.0,0.5,10.0,5000,per_query,1748235943,0.0013376865846336937,8.473344832977777e-05,118.77569110676775,1.0915600395401241,451.6525020178504,0.0746,instanton_2007-05-22_T60_delta0.20_tau60_am200.npz
2007-05-22,60,0.3,0.35667494393873245,60,200.0,10.983868116865349,0.35667494393873245,0.3510824253202989,0.005592518618433573,0.0,0.0,0.5,10.0,5000,per_query,1838284322,1.8989475679733379e-06,2.8435850792954875e-07,18.9715378614308,1.277041863846585,1096.4739692769701,0.0116,instanton_2007-05-22_T60_delta0.30_tau60_am200.npz
2007-05-23,20,0.2,0.2231435513142097,20,200.0,15.67753994211264,0.2231435513142097,0.22178998775177217,0.001353563562437543,0.0,0.0,0.5,10.0,5000,per_query,268417821,2.338001256046209e-08,6.300086491595965e-09,85.32073011927177,0.6916669961128319,258.570956837144,0.0044,instanton_2007-05-23_T20_delta0.20_tau20_am200.npz
2007-05-23,20,0.3,0.35667494393873245,20,200.0,33.1679665998146,0.35667494393873245,0.3557363367572801,0.0009386071814523334,0.0,0.0,0.5,10.0,5000,per_query,2221456674,0.0,0.0,24.95554618934209,0.7789714782567455,613.1712548002187,0.0,instanton_2007-05-23_T20_delta0.30_tau20_am200.npz
2007-05-23,60,0.2,0.2231435513142097,60,200.0,5.413088311323095,0.2231435513142097,0.2161211300084096,0.007022421305800108,0.0,0.0,0.5,10.0,5000,per_query,355647184,0.0009743239347310358,6.378640535979073e-05,33.67276253154872,1.2681846081342205,1065.8665585938497,0.0674,instanton_2007-05-23_T60_delta0.20_tau60_am200.npz
2007-05-23,60,0.3,0.35667494393873245,60,200.0,11.246901316137638,0.35667494393873245,0.35080368870609924,0.00587125523263321,0.0,0.0,0.5,10.0,5000,per_query,3802584413,1.3714017052180263e-06,2.402194565515805e-07,20.64503209977097,1.3219825222388233,1310.6936811642338,0.0086,instanton_2007-05-23_T60_delta0.30_tau60_am200.npz
2007-05-24,20,0.2,0.2231435513142097,20,200.0,14.298796833484499,0.2231435513142097,0.2229630150423514,0.00018053627185832255,0.0,0.0,0.5,10.0,5000,per_query,3048949190,4.118940446437675e-08,1.094580584221204e-08,78.57053140727055,0.8808550707176405,285.20902634946503,0.0032,instanton_2007-05-24_T20_delta0.20_tau20_am200.npz
2007-05-24,20,0.3,0.35667494393873245,20,200.0,31.205296096703197,0.35667494393873245,0.35655275319802016,0.0001221907407122913,0.0,0.0,0.5,10.0,5000,per_query,2542856224,0.0,0.0,22.06101195102986,0.943590411508519,893.8816069212608,0.0,instanton_2007-05-24_T20_delta0.30_tau20_am200.npz
2007-05-24,60,0.2,0.2231435513142097,60,200.0,5.0634686502977635,0.2231435513142097,0.2219546107026762,0.0011889406115335177,0.0,0.0,0.5,10.0,5000,per_query,4253157251,0.0013301480285120935,8.847011151770871e-05,450.464957273192,1.0524206117933943,96.14314972785976,0.0712,instanton_2007-05-24_T60_delta0.20_tau60_am200.npz
2007-05-24,60,0.3,0.35667494393873245,60,200.0,10.721821896640645,0.35667494393873245,0.3558961233374056,0.0007788206013268351,0.0,0.0,0.5,10.0,5000,per_query,1830718854,1.949096295621916e-06,3.457793609644077e-07,130.20884579997275,0.8119357543203121,150.3712813488549,0.0094,instanton_2007-05-24_T60_delta0.30_tau60_am200.npz
2007-05-25,20,0.2,0.2231435513142097,20,200.0,14.660912113013262,0.2231435513142097,0.2227153842762144,0.0004281670379953084,0.0,0.0,0.5,10.0,5000,per_query,2282932315,3.5330868604160555e-08,9.971044169909998e-09,50.268810379436026,0.8318086265271666,286.0297545291288,0.0034,instanton_2007-05-25_T20_delta0.20_tau20_am200.npz
2007-05-25,20,0.3,0.35667494393873245,20,200.0,31.590796924767307,0.35667494393873245,0.35638495094156575,0.00028999299716669924,0.0,0.0,0.5,10.0,5000,per_query,964501908,0.0,0.0,97.80242942903641,0.7543576232978448,202.3248778882495,0.0,instanton_2007-05-25_T20_delta0.30_tau20_am200.npz
2007-05-25,60,0.2,0.2231435513142097,60,200.0,5.160190132848305,0.2231435513142097,0.2205623101148566,0.0025812411993531015,0.0,0.0,0.5,10.0,5000,per_query,326285083,0.00133247544212308,0.0001104821259615437,477.2689548624712,0.9818501463833352,135.54544797989075,0.0668,instanton_2007-05-25_T60_delta0.20_tau60_am200.npz
2007-05-25,60,0.3,0.35667494393873245,60,200.0,10.82524956694778,0.35667494393873245,0.3545047753188131,0.002170168619919366,0.0,0.0,0.5,10.0,5000,per_query,587645610,2.3578938070975346e-06,4.185774100578822e-07,90.34566715209685,0.8749301520272078,305.6485427764845,0.0102,instanton_2007-05-25_T60_delta0.30_tau60_am200.npz
2007-05-29,20,0.2,0.2231435513142097,20,200.0,15.324967543834141,0.2231435513142097,0.22216739704354893,0.0009761542706607784,0.0,0.0,0.5,10.0,5000,per_query,1104366432,2.0432881993031163e-08,6.898286993214341e-09,48.59657099243284,0.8205490266612409,309.22279659478716,0.0026,instanton_2007-05-29_T20_delta0.20_tau20_am200.npz
2007-05-29,20,0.3,0.35667494393873245,20,200.0,32.59294121714367,0.35667494393873245,0.35600605079744163,0.0006688931412908161,0.0,0.0,0.5,10.0,5000,per_query,1559198987,0.0,0.0,22.634797415214408,0.6026077692048433,600.7822213000668,0.0,instanton_2007-05-29_T20_delta0.30_tau20_am200.npz
2007-05-29,60,0.2,0.2231435513142097,60,200.0,5.3279083639249984,0.2231435513142097,0.2168629287790722,0.006280622535137503,0.0,0.0,0.5,10.0,5000,per_query,209443963,0.0011445460847246491,7.436682959479454e-05,570.4785010022806,0.999345176292352,69.24804432754294,0.072,instanton_2007-05-29_T60_delta0.20_tau60_am200.npz
2007-05-29,60,0.3,0.35667494393873245,60,200.0,11.08643067917777,0.35667494393873245,0.352037927348662,0.004637016590070431,0.0,0.0,0.5,10.0,5000,per_query,2005222962,2.5108754270500426e-06,6.345712441432549e-07,32.5294646511139,1.0972588637204201,868.9281437407022,0.0098,instanton_2007-05-29_T60_delta0.30_tau60_am200.npz
2007-05-30,20,0.2,0.2231435513142097,20,200.0,15.23021278018013,0.2231435513142097,0.22136211858455024,0.0017814327296594712,0.0,0.0,0.5,10.0,5000,per_query,654965402,1.4494188547156216e-08,4.483091697270792e-09,17.54969817631172,1.1368417436939036,1066.6424155679579,0.0024,instanton_2007-05-30_T20_delta0.20_tau20_am200.npz
2007-05-30,20,0.3,0.35667494393873245,20,200.0,32.29782056630703,0.35667494393873245,0.35546399128816386,0.0012109526505685864,0.0,0.0,0.5,10.0,5000,per_query,1628739267,0.0,0.0,51.58735010524177,0.7791247132709594,400.2214279429829,0.0,instanton_2007-05-30_T20_delta0.30_tau20_am200.npz
2007-05-30,60,0.2,0.2231435513142097,60,200.0,5.240499524288897,0.2231435513142097,0.21495330370740717,0.008190247606802536,0.0,0.0,0.5,10.0,5000,per_query,75785975,0.0011876504950674267,8.186237144064138e-05,470.53700762544565,0.9764937373528155,82.21161243838345,0.069,instanton_2007-05-30_T60_delta0.20_tau60_am200.npz
2007-05-30,60,0.3,0.35667494393873245,60,200.0,10.947113446119442,0.35667494393873245,0.3497343125622532,0.006940631376479267,0.0,0.0,0.5,10.0,5000,per_query,2511150749,1.8264576178899924e-06,3.268278400956853e-07,59.221333261382966,0.8823802456616541,369.43752940443886,0.0102,instanton_2007-05-30_T60_delta0.30_tau60_am200.npz
2007-05-31,20,0.2,0.2231435513142097,20,200.0,15.317509520027789,0.2231435513142097,0.22176566599255398,0.0013778853216557252,0.0,0.0,0.5,10.0,5000,per_query,1167667923,1.3334638645157585e-08,4.332980322087068e-09,10.804046840391772,1.040607455307882,1483.9697197829405,0.0024,instanton_2007-05-31_T20_delta0.20_tau20_am200.npz
2007-05-31,20,0.3,0.35667494393873245,20,200.0,32.503949374366115,0.35667494393873245,0.35573602083807465,0.0009389231006577958,0.0,0.0,0.5,10.0,5000,per_query,1188920187,0.0,0.0,28.571065455173557,0.9103484278540218,626.3057548587171,0.0,instanton_2007-05-31_T20_delta0.30_tau20_am200.npz
2007-05-31,60,0.2,0.2231435513142097,60,200.0,5.294434763207369,0.2231435513142097,0.215881402106068,0.007262149208141722,0.0,0.0,0.5,10.0,5000,per_query,927394818,0.001161894517147449,7.438602508747347e-05,336.16374623287925,1.046126312949519,109.55230585795054,0.0714,instanton_2007-05-31_T60_delta0.20_tau60_am200.npz
2007-05-31,60,0.3,0.35667494393873245,60,200.0,11.038688882576357,0.35667494393873245,0.3506054312124247,0.006069512726307735,0.0,0.0,0.5,10.0,5000,per_query,2726831553,2.222714055800652e-06,3.3259891966575873e-07,137.81273529838847,0.9056348984368083,158.5727110950336,0.0132,instanton_2007-05-31_T60_delta0.30_tau60_am200.npz
2007-06-01,20,0.2,0.2231435513142097,20,200.0,15.431939248557766,0.2231435513142097,0.22135279847587164,0.0017907528383380722,0.0,0.0,0.5,10.0,5000,per_query,928919118,7.226348740208371e-09,3.505197410848605e-09,116.10526882763386,0.7075743372067361,150.72518780484873,0.0014,instanton_2007-06-01_T20_delta0.20_tau20_am200.npz
2007-06-01,20,0.3,0.35667494393873245,20,200.0,32.666274867108676,0.35667494393873245,0.35544578116460723,0.0012291627741252142,0.0,0.0,0.5,10.0,5000,per_query,676656432,0.0,0.0,27.187917484655006,0.7963352581655392,536.2998206898297,0.0,instanton_2007-06-01_T20_delta0.30_tau20_am200.npz
2007-06-01,60,0.2,0.2231435513142097,60,200.0,5.311200368987211,0.2231435513142097,0.21489820921439584,0.008245342099813868,0.0,0.0,0.5,10.0,5000,per_query,2976784894,0.0011398511432558762,7.679630110219435e-05,391.4355478345135,1.0392281877939855,107.4031274514023,0.0686,instanton_2007-06-01_T60_delta0.20_tau60_am200.npz
2007-06-01,60,0.3,0.35667494393873245,60,200.0,11.05926205735978,0.35667494393873245,0.34976737151339865,0.006907572425333797,0.0,0.0,0.5,10.0,5000,per_query,853488307,2.5592874406242217e-06,4.083539477671018e-07,44.52457462649401,0.9077406390957145,614.0830924019482,0.0128,instanton_2007-06-01_T60_delta0.30_tau60_am200.npz
2007-06-04,20,0.2,0.2231435513142097,20,200.0,15.509516949212518,0.2231435513142097,0.2213427491545108,0.001800802159698911,0.0,0.0,0.5,10.0,5000,per_query,164031422,9.654022903822482e-09,3.468411145827693e-09,29.68603451755009,0.940070061904229,730.8716067932073,0.002,instanton_2007-06-04_T20_delta0.20_tau20_am200.npz
2007-06-04,20,0.3,0.35667494393873245,20,200.0,32.8077613324159,0.35667494393873245,0.35543212003681113,0.0012428239019213194,0.0,0.0,0.5,10.0,5000,per_query,4077708479,0.0,0.0,21.382969201311237,0.961754385239054,602.5583547460081,0.0,instanton_2007-06-04_T20_delta0.30_tau20_am200.npz
2007-06-04,60,0.2,0.2231435513142097,60,200.0,5.340067884582386,0.2231435513142097,0.2147091128312919,0.008434438482917805,0.0,0.0,0.5,10.0,5000,per_query,929141372,0.0011420792724377564,8.18351541810959e-05,292.0080913006228,1.0844197677218328,146.60589471302197,0.0734,instanton_2007-06-04_T60_delta0.20_tau60_am200.npz
2007-06-04,60,0.3,0.35667494393873245,60,200.0,11.109237994496324,0.35667494393873245,0.3496241675176126,0.007050776421119842,0.0,0.0,0.5,10.0,5000,per_query,3160144800,1.6632876506951382e-06,3.57844667784639e-07,24.914577622451162,1.1741740666335823,950.4284323628927,0.0086,instanton_2007-06-04_T60_delta0.30_tau60_am200.npz
2007-06-05,20,0.2,0.2231435513142097,20,200.0,15.05636480855161,0.2231435513142097,0.22245257451670497,0.0006909767975047387,0.0,0.0,0.5,10.0,5000,per_query,3891901335,1.6119944263811313e-08,4.5290870273025495e-09,87.34356746518597,0.6361070261855833,195.3496641256425,0.0032,instanton_2007-06-05_T20_delta0.20_tau20_am200.npz
2007-06-05,20,0.3,0.35667494393873245,20,200.0,32.185498752617185,0.35667494393873245,0.35620340645792226,0.0004715374808101913,0.0,0.0,0.5,10.0,5000,per_query,1654766331,0.0,0.0,70.67086733283445,0.7411767887239835,223.8963816864547,0.0,instanton_2007-06-05_T20_delta0.30_tau20_am200.npz
2007-06-05,60,0.2,0.2231435513142097,60,200.0,5.267949259522176,0.2231435513142097,0.21901327830273942,0.004130273011470287,0.0,0.0,0.5,10.0,5000,per_query,3967061339,0.0012201777553141968,7.854289570312552e-05,299.7946403909305,1.0973372983583705,158.1027290253618,0.0726,instanton_2007-06-05_T60_delta0.20_tau60_am200.npz
2007-06-05,60,0.3,0.35667494393873245,60,200.0,10.993225121908864,0.35667494393873245,0.3531629418137445,0.003512002124987923,0.0,0.0,0.5,10.0,5000,per_query,2765750098,2.043561798082334e-06,3.1695280691822183e-07,75.61321600732734,0.9889160753848948,420.94727852463853,0.011,instanton_2007-06-05_T60_delta0.30_tau60_am200.npz
2007-06-06,20,0.2,0.2231435513142097,20,200.0,13.330096807393433,0.2231435513142097,0.22307174671121377,7.18046029959396e-05,0.0,0.0,0.5,10.0,5000,per_query,1579163208,1.4821404801680153e-07,3.5685624810863435e-08,52.90930807514591,0.9409645953956699,423.7212158090373,0.0052,instanton_2007-06-06_T20_delta0.20_tau20_am200.npz
2007-06-06,20,0.3,0.35667494393873245,20,100.0,29.51956162010983,0.35667494393873245,0.3551784974219121,0.001496446516820349,0.0,0.0,0.5,10.0,5000,per_query,1375878984,0.0,0.0,23.551844285397625,1.0255693653244715,836.5464302732811,0.0,instanton_2007-06-06_T20_delta0.30_tau20_am100.npz
2007-06-06,60,0.2,0.2231435513142097,60,200.0,4.748035482416177,0.2231435513142097,0.22272986739576872,0.00041368391844098795,0.0,0.0,0.5,10.0,5000,per_query,2634887323,0.0017597442044087423,0.0001184120945912618,369.1669508134079,1.0374896872643493,169.05296744609655,0.077,instanton_2007-06-06_T60_delta0.20_tau60_am200.npz
2007-06-06,60,0.3,0.35667494393873245,60,200.0,10.244441687062368,0.35667494393873245,0.35637163146870154,0.0003033124700309031,0.0,0.0,0.5,10.0,5000,per_query,869852915,3.900942325477455e-06,6.335747610241959e-07,141.40829597294137,0.9546107479805546,180.64019895907833,0.0116,instanton_2007-06-06_T60_delta0.30_tau60_am200.npz
2007-06-07,20,0.2,0.2231435513142097,20,100.0,10.153196320167439,0.2231435513142106,0.2228198228819167,0.0003237284322930023,0.0,8.881784197001252e-16,0.5,10.0,5000,per_query,3426058395,4.2193167607425025e-06,5.726473885522093e-07,69.27947294118104,0.9473744111239059,462.56878407659804,0.014,instanton_2007-06-07_T20_delta0.20_tau20_am100.npz
2007-06-07,20,0.3,0.35667494393873245,20,100.0,24.735502680477868,0.35667494393873245,0.35645976768428156,0.0002151762544508884,0.0,0.0,0.5,10.0,5000,per_query,2390357151,0.0,0.0,82.46747612760622,0.6683064392476512,187.04425392381182,0.0,instanton_2007-06-07_T20_delta0.30_tau20_am100.npz
2007-06-07,60,0.2,0.2231435513142097,60,100.0,3.679475997699491,0.2231435513142097,0.22158336069325113,0.0015601906209585792,0.0,0.0,0.5,10.0,5000,per_query,1301057496,0.005177191840272121,0.0002637467178390368,950.2540276169818,0.9536277262371319,41.549335485011795,0.1014,instanton_2007-06-07_T60_delta0.20_tau60_am100.npz
2007-06-07,60,0.3,0.35667494393873245,60,100.0,8.614325019765314,0.35667494393873245,0.35567146261187954,0.0010034813268529064,0.0,0.0,0.5,10.0,5000,per_query,2161738147,1.835255395533546e-05,2.3261714587130225e-06,124.50445559839031,0.9382552682501926,324.5974662463203,0.0176,instanton_2007-06-07_T60_delta0.30_tau60_am100.npz
2007-06-08,20,0.2,0.2231435513142097,20,100.0,11.100266571826774,0.2231435513142106,0.22199985980619097,0.0011436915080187404,0.0,8.881784197001252e-16,0.5,10.0,5000,per_query,1554274443,1.3965023109995349e-06,2.2889449656068908e-07,73.35595959101158,0.9809873533459166,359.3995454029177,0.011,instanton_2007-06-08_T20_delta0.20_tau20_am100.npz
2007-06-08,20,0.3,0.35667494393873245,20,100.0,25.816945074765883,0.35667494393873245,0.35589262312415837,0.0007823208145740779,0.0,0.0,0.5,10.0,5000,per_query,830023859,0.0,0.0,49.568971761082736,0.6826808604338926,364.04226651129323,0.0,instanton_2007-06-08_T20_delta0.30_tau20_am100.npz
2007-06-08,60,0.2,0.2231435513142097,60,200.0,4.047546971867818,0.2231435513142097,0.22301672377967208,0.0001268275345376324,0.0,0.0,0.5,10.0,5000,per_query,3703440830,0.004068038367835335,0.00021418373483656392,724.279168139252,1.0029986457985955,62.639589829925804,0.1008,instanton_2007-06-08_T60_delta0.20_tau60_am200.npz
2007-06-08,60,0.3,0.35667494393873245,60,200.0,9.02821031224248,0.35667494393873245,0.35658278653413955,9.215740459289634e-05,0.0,0.0,0.5,10.0,5000,per_query,3608382471,1.5785806447559955e-05,2.039117626902334e-06,64.41872859430708,1.2250151865506835,471.01405301508623,0.0186,instanton_2007-06-08_T60_delta0.30_tau60_am200.npz
2007-06-11,20,0.2,0.2231435513142097,20,100.0,11.50987426147238,0.2231435513142097,0.22177277409625784,0.0013707772179518685,0.0,0.0,0.5,10.0,5000,per_query,2842138739,9.006402931183065e-07,1.616322558552011e-07,77.83567629802292,0.9467165685470398,388.32577589184746,0.0082,instanton_2007-06-11_T20_delta0.20_tau20_am100.npz
2007-06-11,20,0.3,0.35667494393873245,20,100.0,26.536068990126495,0.35667494393873245,0.3557256989368769,0.0009492450018555587,0.0,0.0,0.5,10.0,5000,per_query,3427954334,0.0,0.0,74.78157781056402,0.8731517008204304,230.37041527082445,0.0,instanton_2007-06-11_T20_delta0.30_tau20_am100.npz
2007-06-11,60,0.2,0.2231435513142097,60,200.0,4.193512963343682,0.2231435513142097,0.22295445367411482,0.00018909764009489294,0.0,0.0,0.5,10.0,5000,per_query,3453789648,0.0032357459919942185,0.0001932790841103815,655.4005722450114,0.9745630997500455,84.82791328907881,0.0916,instanton_2007-06-11_T60_delta0.20_tau60_am200.npz
2007-06-11,60,0.3,0.35667494393873245,60,200.0,9.268807119413607,0.35667494393873245,0.35654246656316424,0.00013247737556820738,0.0,0.0,0.5,10.0,5000,per_query,739153211,9.115194219093234e-06,1.2194126308780335e-06,62.852980830522284,1.0736695191431616,510.0530795082365,0.0176,instanton_2007-06-11_T60_delta0.30_tau60_am200.npz
2007-06-12,20,0.2,0.2231435513142097,20,100.0,10.132852408043211,0.2231435513142097,0.22268630083077223,0.0004572504834374769,0.0,0.0,0.5,10.0,5000,per_query,1075544813,3.5101835976801873e-06,5.207318690054527e-07,42.340952084956726,1.1580245028944334,505.8551665218999,0.0132,instanton_2007-06-12_T20_delta0.20_tau20_am100.npz
2007-06-12,20,0.3,0.35667494393873245,20,100.0,24.430959705225025,0.35667494393873245,0.356371143783071,0.0003038001556614489,0.0,0.0,0.5,10.0,5000,per_query,3389930050,0.0,0.0,33.98447100083018,1.0863640631603926,566.0223211308821,0.0,instanton_2007-06-12_T20_delta0.30_tau20_am100.npz
2007-06-12,60,0.2,0.2231435513142097,60,200.0,3.698579351646856,0.2231435513142097,0.22312026808233298,2.3283231876725097e-05,0.0,0.0,0.5,10.0,5000,per_query,3654692668,0.005407617999260521,0.00026538320204972033,806.9587745022174,1.008845918651568,83.58909232595425,0.1096,instanton_2007-06-12_T60_delta0.20_tau60_am200.npz
2007-06-12,60,0.3,0.35667494393873245,60,100.0,8.509007937568073,0.35667494393873245,0.35523252308035236,0.001442420858380089,0.0,0.0,0.5,10.0,5000,per_query,2178643391,2.6875106439204465e-05,3.461500831633447e-06,206.2722371468599,0.9501946563867124,109.56472196217699,0.0226,instanton_2007-06-12_T60_delta0.30_tau60_am100.npz
2007-06-13,20,0.2,0.2231435513142097,20,100.0,10.614620910566922,0.2231435513142106,0.2211854433403424,0.001958107973867307,0.0,8.881784197001252e-16,0.5,10.0,5000,per_query,3911914185,1.985543496042951e-06,3.359350705058085e-07,12.87929119334223,1.077512269711569,1475.64473553522,0.0104,instanton_2007-06-13_T20_delta0.20_tau20_am100.npz
2007-06-13,20,0.3,0.35667494393873245,20,100.0,24.53203509736413,0.35667494393873245,0.3553576417174238,0.0013173022213086583,0.0,0.0,0.5,10.0,5000,per_query,1640108923,0.0,0.0,35.56731865745805,1.069953047679605,495.5614533999674,0.0,instanton_2007-06-13_T20_delta0.30_tau20_am100.npz
2007-06-13,60,0.2,0.2231435513142097,60,200.0,3.90449961131536,0.2231435513142097,0.22275439237093853,0.00038915894327118394,0.0,0.0,0.5,10.0,5000,per_query,986170581,0.0047790520450256314,0.00025907796988493595,509.75736991626394,1.0286001531218194,93.92370064184753,0.1038,instanton_2007-06-13_T60_delta0.20_tau60_am200.npz
2007-06-13,60,0.3,0.35667494393873245,60,200.0,8.634466665980344,0.35667494393873245,0.35639725917659604,0.0002776847621364098,0.0,0.0,0.5,10.0,5000,per_query,497266875,2.744804536268169e-05,3.4316395050769533e-06,19.566684407312973,1.3987167032573604,1322.3486627818825,0.0228,instanton_2007-06-13_T60_delta0.30_tau60_am200.npz
2007-06-14,20,0.2,0.2231435513142097,20,200.0,11.35581584013049,0.2231435513142097,0.22290069588945371,0.00024285542475599442,0.0,0.0,0.5,10.0,5000,per_query,1193249948,1.2566289360477927e-06,2.1661893943742463e-07,135.5574867988981,0.8294925214699459,180.10426575642242,0.0088,instanton_2007-06-14_T20_delta0.20_tau20_am200.npz
2007-06-14,20,0.3,0.35667494393873245,20,200.0,25.43302521287219,0.35667494393873245,0.3565331503219049,0.00014179361682753466,0.0,0.0,0.5,10.0,5000,per_query,726394921,0.0,0.0,77.45408900063217,0.7215774822934924,206.51253425193843,0.0,instanton_2007-06-14_T20_delta0.30_tau20_am200.npz
2007-06-14,60,0.2,0.2231435513142097,60,200.0,4.08598156212593,0.2231435513142097,0.22178907550151372,0.0013544758126959877,0.0,0.0,0.5,10.0,5000,per_query,1287407612,0.004534286314113341,0.00022808260553099945,904.0841764549525,0.9419853895469943,30.359942218817583,0.112,instanton_2007-06-14_T60_delta0.20_tau60_am200.npz
2007-06-14,60,0.3,0.35667494393873245,60,200.0,8.876244742999141,0.35667494393873245,0.35564132485861677,0.0010336190801156775,0.0,0.0,0.5,10.0,5000,per_query,2724762571,2.149309902576815e-05,2.7749216332437866e-06,187.59600066872332,1.0282603526251497,173.35784348071107,0.0208,instanton_2007-06-14_T60_delta0.30_tau60_am200.npz
2007-06-15,20,0.2,0.2231435513142097,20,200.0,11.731452772792744,0.2231435513142097,0.2223166584407137,0.0008268928734960213,0.0,0.0,0.5,10.0,5000,per_query,1239732186,6.90268522385073e-07,1.327823077944555e-07,88.23650186745978,1.0314379058550256,243.3909942107357,0.008,instanton_2007-06-15_T20_delta0.20_tau20_am200.npz
2007-06-15,20,0.3,0.35667494393873245,20,200.0,25.859147824018688,0.35667494393873245,0.35619713474043735,0.00047780919829509827,0.0,0.0,0.5,10.0,5000,per_query,2629152913,0.0,0.0,15.586847513013334,1.245097310279915,1202.3165561451497,0.0,instanton_2007-06-15_T20_delta0.30_tau20_am200.npz
2007-06-15,60,0.2,0.2231435513142097,60,200.0,4.16120002234097,0.2231435513142097,0.21822669959870744,0.004916851715502268,0.0,0.0,0.5,10.0,5000,per_query,770819644,0.004391987340978347,0.0002267388825291468,802.3558682956718,0.9621378251377293,51.19008511922489,0.1082,instanton_2007-06-15_T60_delta0.20_tau60_am200.npz
2007-06-15,60,0.3,0.35667494393873245,60,200.0,8.962487718051307,0.35667494393873245,0.3528790195004472,0.0037959244382852475,0.0,0.0,0.5,10.0,5000,per_query,226144598,1.9716220142255332e-05,2.500680366333037e-06,132.62364553825748,0.9551736881093515,223.867668593799,0.0208,instanton_2007-06-15_T60_delta0.30_tau60_am200.npz
2007-06-18,20,0.2,0.2231435513142097,20,200.0,11.910045693284772,0.2231435513142097,0.22250229760740137,0.0006412537068083424,0.0,0.0,0.5,10.0,5000,per_query,1887491288,5.757037802847491e-07,1.0614607275109107e-07,89.3594385348113,1.0282696210397986,268.1021567336488,0.0072,instanton_2007-06-18_T20_delta0.20_tau20_am200.npz
2007-06-18,20,0.3,0.35667494393873245,20,200.0,26.25778048350166,0.35667494393873245,0.35629673528392125,0.00037820865481119625,0.0,0.0,0.5,10.0,5000,per_query,3071206997,0.0,0.0,18.485466586136553,1.0946559603909864,1006.9272982311352,0.0,instanton_2007-06-18_T20_delta0.30_tau20_am200.npz
2007-06-18,60,0.2,0.2231435513142097,60,200.0,4.230699566292647,0.2231435513142097,0.2188903182220212,0.004253233092188502,0.0,0.0,0.5,10.0,5000,per_query,1311802926,0.004082844603832717,0.00023272466306659554,508.5646486625006,1.0176534472497112,106.80563381334484,0.103,instanton_2007-06-18_T60_delta0.20_tau60_am200.npz
2007-06-18,60,0.3,0.35667494393873245,60,200.0,9.107819931055555,0.35667494393873245,0.3535157684628203,0.003159175475912157,0.0,0.0,0.5,10.0,5000,per_query,2536027019,1.481217059219357e-05,1.7459723118662654e-06,87.34743560880825,1.0965921442038162,394.2675211396415,0.0196,instanton_2007-06-18_T60_delta0.30_tau60_am200.npz
2007-06-19,20,0.2,0.2231435513142097,20,200.0,12.085618871619019,0.2231435513142097,0.221994676102379,0.0011488752118307133,0.0,0.0,0.5,10.0,5000,per_query,3090893980,4.706904487745477e-07,9.50376125214932e-08,47.1421512918476,1.0183683821387064,578.3951137203784,0.006,instanton_2007-06-19_T20_delta0.20_tau20_am200.npz
2007-06-19,20,0.3,0.35667494393873245,20,200.0,26.47957206758774,0.35667494393873245,0.35600218437176245,0.0006727595669699937,0.0,0.0,0.5,10.0,5000,per_query,384889427,0.0,0.0,33.5211943431298,0.8647536240458514,552.0719477987648,0.0,instanton_2007-06-19_T20_delta0.30_tau20_am200.npz
2007-06-19,60,0.2,0.2231435513142097,60,200.0,4.258875648851964,0.2231435513142097,0.21687593483977619,0.006267616474433524,0.0,0.0,0.5,10.0,5000,per_query,3300524779,0.004019165494278009,0.00021680292032734565,816.8294932235469,0.979392810021016,45.45838759409716,0.1048,instanton_2007-06-19_T60_delta0.20_tau60_am200.npz
2007-06-19,60,0.3,0.35667494393873245,60,200.0,9.139895376530164,0.35667494393873245,0.35169251034982185,0.004982433588910595,0.0,0.0,0.5,10.0,5000,per_query,3197248590,1.299454810635831e-05,1.7090539318619464e-06,89.94742242196342,1.096522764596969,377.15152477569313,0.0168,instanton_2007-06-19_T60_delta0.30_tau60_am200.npz
2007-06-20,20,0.2,0.2231435513142097,20,100.0,10.08563427500134,0.2231435513142106,0.22134414413985937,0.0017994071743503426,0.0,8.881784197001252e-16,0.5,10.0,5000,per_query,3515437071,2.9546589989725768e-06,4.31577280303906e-07,20.974889376134904,1.2943336600010584,1157.8117616607137,0.0114,instanton_2007-06-20_T20_delta0.20_tau20_am100.npz
2007-06-20,20,0.3,0.35667494393873245,20,100.0,23.494204113818984,0.35667494393873245,0.3554882067778795,0.0011867371608529353,0.0,0.0,0.5,10.0,5000,per_query,1658071568,0.0,0.0,7.514401022549696,1.2532691453289244,2228.5632273769897,0.0,instanton_2007-06-20_T20_delta0.30_tau20_am100.npz
2007-06-20,60,0.2,0.2231435513142097,60,200.0,3.719649549129235,0.2231435513142097,0.2228135601422201,0.0003299911719896187,0.0,0.0,0.5,10.0,5000,per_query,4071541346,0.006400820420236333,0.00034785664292478753,855.462722762896,0.994230024885206,44.097796806452855,0.1172,instanton_2007-06-20_T60_delta0.20_tau60_am200.npz
2007-06-20,60,0.3,0.35667494393873245,60,200.0,8.29532422117521,0.35667494393873245,0.3564380229327577,0.00023692100597472177,0.0,0.0,0.5,10.0,5000,per_query,2630564669,3.248546108011213e-05,3.7887836265486416e-06,160.32193856312827,1.073973301878254,217.1693505591924,0.0214,instanton_2007-06-20_T60_delta0.30_tau60_am200.npz
2007-06-21,20,0.2,0.2231435513142097,20,200.0,10.596714680781998,0.2231435513142097,0.22297027020406546,0.00017328111014425218,0.0,0.0,0.5,10.0,5000,per_query,1489292355,2.6890973435996354e-06,3.809260589127089e-07,196.29387474656247,0.8706837470221906,100.42227702146789,0.0136,instanton_2007-06-21_T20_delta0.20_tau20_am200.npz
2007-06-21,20,0.3,0.35667494393873245,20,200.0,24.028349669656542,0.35667494393873245,0.3565772461542176,9.769778451484967e-05,0.0,0.0,0.5,10.0,5000,per_query,3012810378,6.289360147697131e-11,6.28936014769713e-11,10.232440396594825,1.3179981807234427,1948.6817652475788,0.0002,instanton_2007-06-21_T20_delta0.30_tau20_am200.npz
2007-06-21,60,0.2,0.2231435513142097,60,200.0,3.8355153309399426,0.2231435513142097,0.22211556122188725,0.0010279900923224616,0.0,0.0,0.5,10.0,5000,per_query,4039499534,0.005792346155088167,0.00031529297486703096,417.91678391447084,1.06244383652812,156.21544818753355,0.1114,instanton_2007-06-21_T60_delta0.20_tau60_am200.npz
2007-06-21,60,0.3,0.35667494393873245,60,200.0,8.42854494148909,0.35667494393873245,0.3558302028884528,0.0008447410502796515,0.0,0.0,0.5,10.0,5000,per_query,2448312764,3.346802337113045e-05,5.062965170061516e-06,203.3912141420427,0.9610731878652728,200.1482209998596,0.0206,instanton_2007-06-21_T60_delta0.30_tau60_am200.npz
2007-06-22,20,0.2,0.2231435513142097,20,100.0,9.683277181394233,0.2231435513142106,0.22193870358348278,0.0012048477307269323,0.0,8.881784197001252e-16,0.5,10.0,5000,per_query,3084282780,4.829642853597495e-06,8.271480381056084e-07,129.35787217132355,0.8656685001241536,206.5257867611954,0.0116,instanton_2007-06-22_T20_delta0.20_tau20_am100.npz
2007-06-22,20,0.3,0.35667494393873245,20,100.0,22.868720126529176,0.35667494393873245,0.3558926278315644,0.0007823161071680573,0.0,0.0,0.5,10.0,5000,per_query,1343143963,0.0,0.0,31.273014707038673,1.1575951807784788,677.4349457592926,0.0,instanton_2007-06-22_T20_delta0.30_tau20_am100.npz
2007-06-22,60,0.2,0.2231435513142097,60,200.0,3.5710409264815337,0.2231435513142097,0.22298081111435675,0.00016274019985296206,0.0,0.0,0.5,10.0,5000,per_query,3689211946,0.0063287409486546325,0.0003140571720362051,808.2656881122248,1.0525467855156319,61.56429763529955,0.111,instanton_2007-06-22_T60_delta0.20_tau60_am200.npz
2007-06-22,60,0.3,0.35667494393873245,60,200.0,8.074946253091351,0.35667494393873245,0.3565716708039446,0.00010327313478786238,0.0,0.0,0.5,10.0,5000,per_query,352185930,4.1037629739357835e-05,4.321321230643207e-06,282.66282123661045,0.9295930642948855,104.00926654597431,0.0258,instanton_2007-06-22_T60_delta0.30_tau60_am200.npz
2007-06-25,20,0.2,0.2231435513142097,20,100.0,9.301189493666977,0.2231435513142097,0.2223957494224118,0.0007478018917979057,0.0,0.0,0.5,10.0,5000,per_query,2345454546,9.18564644910077e-06,1.0848045869654842e-06,165.4326241677051,0.9472019281223063,197.77566182219232,0.018,instanton_2007-06-25_T20_delta0.20_tau20_am100.npz
2007-06-25,20,0.3,0.35667494393873245,20,100.0,22.340302551353968,0.35667494393873245,0.35619579234932797,0.00047915158940448066,0.0,0.0,0.5,10.0,5000,per_query,1499655192,2.9073037598573044e-11,2.9073037598573047e-11,104.27105558961237,0.5616749179858466,118.49644088755537,0.0002,instanton_2007-06-25_T20_delta0.30_tau20_am100.npz
2007-06-25,60,0.2,0.2231435513142097,60,200.0,3.4282727678034908,0.2231435513142097,0.22308184038873602,6.171092547369028e-05,0.0,0.0,0.5,10.0,5000,per_query,4044759149,0.008509381341377869,0.00045829125732785823,877.4350919350504,0.9880783555746464,74.75962895877777,0.1252,instanton_2007-06-25_T60_delta0.20_tau60_am200.npz
2007-06-25,60,0.3,0.35667494393873245,60,200.0,7.88720163606949,0.35667494393873245,0.35663411134934364,4.0832589388806184e-05,0.0,0.0,0.5,10.0,5000,per_query,992342487,5.1939803974401036e-05,6.76363734524535e-06,124.37860786574142,1.0539145635824585,329.441773598177,0.0272,instanton_2007-06-25_T60_delta0.30_tau60_am200.npz
2007-06-26,20,0.2,0.2231435513142097,20,100.0,8.25297302995883,0.2231435513142106,0.22287142178240948,0.0002721295318002248,0.0,8.881784197001252e-16,0.5,10.0,5000,per_query,3887992147,2.894299964436184e-05,3.1381023444408426e-06,113.29794606109817,1.1043065314607428,270.22296902668404,0.0226,instanton_2007-06-26_T20_delta0.20_tau20_am100.npz
2007-06-26,20,0.3,0.35667494393873245,20,100.0,20.720372192813347,0.35667494393873245,0.3565072805972598,0.00016766334147266804,0.0,0.0,0.5,10.0,5000,per_query,2237569182,0.0,0.0,60.32343196596495,0.845439370192335,262.8035253952665,0.0,instanton_2007-06-26_T20_delta0.30_tau20_am100.npz
2007-06-26,60,0.2,0.2231435513142097,60,100.0,3.036530591196419,0.2231435513142097,0.22187561175751025,0.00126793955669946,0.0,0.0,0.5,10.0,5000,per_query,2277096382,0.0112848835014777,0.00048383888100711904,634.4320057688662,1.0525411477891837,139.08463768562098,0.1364,instanton_2007-06-26_T60_delta0.20_tau60_am100.npz
2007-06-26,60,0.3,0.35667494393873245,60,100.0,7.311429641410226,0.35667494393873245,0.35586948025595255,0.0008054636827798944,0.0,0.0,0.5,10.0,5000,per_query,2832421484,8.888042686255995e-05,8.519761745834302e-06,418.36343896746104,0.9244296810122381,71.5941232227177,0.032,instanton_2007-06-26_T60_delta0.30_tau60_am100.npz
2007-06-27,20,0.2,0.2231435513142097,20,100.0,8.955317481851289,0.2231435513142097,0.22208076089017137,0.0010627904240383401,0.0,0.0,0.5,10.0,5000,per_query,4065079570,9.774863708447253e-06,1.389567678351109e-06,274.26275819873894,0.8943380916776267,90.69791265972843,0.013,instanton_2007-06-27_T20_delta0.20_tau20_am100.npz
2007-06-27,20,0.3,0.35667494393873245,20,100.0,21.408260462362097,0.35667494393873245,0.35600452122444093,0.0006704227142915187,0.0,0.0,0.5,10.0,5000,per_query,3201562815,0.0,0.0,22.813367775543146,1.0657318085176983,749.7012487666303,0.0,instanton_2007-06-27_T20_delta0.30_tau20_am100.npz
2007-06-27,60,0.2,0.2231435513142097,60,200.0,3.3201445831853267,0.2231435513142097,0.22301581593919462,0.00012773537501509225,0.0,0.0,0.5,10.0,5000,per_query,4139560904,0.009597150713939406,0.00043964521309721415,1100.9578278412625,1.0460074448102379,53.48747003045299,0.1316,instanton_2007-06-27_T60_delta0.20_tau60_am200.npz
2007-06-27,60,0.3,0.35667494393873245,60,200.0,7.592417228485049,0.35667494393873245,0.35659090982498576,8.403411374668934e-05,0.0,0.0,0.5,10.0,5000,per_query,3420560248,7.537020307219023e-05,1.2195809652663986e-05,345.0984793759245,0.9073806103200617,103.9490256182261,0.0268,instanton_2007-06-27_T60_delta0.30_tau60_am200.npz
2007-06-28,20,0.2,0.2231435513142097,20,100.0,8.948668480424601,0.2231435513142106,0.222094332100367,0.0010492192138427114,0.0,8.881784197001252e-16,0.5,10.0,5000,per_query,3141751632,1.3199268702540517e-05,1.5767239413851264e-06,241.04573880442686,0.9482195513245383,130.48102501755056,0.0186,instanton_2007-06-28_T20_delta0.20_tau20_am100.npz
2007-06-28,20,0.3,0.35667494393873245,20,100.0,21.401169577722882,0.35667494393873245,0.35601294023682595,0.0006620037019064995,0.0,0.0,0.5,10.0,5000,per_query,205168005,0.0,0.0,28.622149457306627,0.9502717710417844,635.7712310462008,0.0,instanton_2007-06-28_T20_delta0.30_tau20_am100.npz
2007-06-28,60,0.2,0.2231435513142097,60,200.0,3.318048529882692,0.2231435513142097,0.2230213600655402,0.00012219124866952313,0.0,0.0,0.5,10.0,5000,per_query,1504592630,0.00979020316094424,0.0004430531985765628,1032.155712658985,0.9659220223236673,46.19428244420836,0.1364,instanton_2007-06-28_T60_delta0.20_tau60_am200.npz
2007-06-28,60,0.3,0.35667494393873245,60,200.0,7.593067148908874,0.35667494393873245,0.3565947288933984,8.021504533406443e-05,0.0,0.0,0.5,10.0,5000,per_query,3162742242,6.700583695625415e-05,7.1754461138715036e-06,261.7786460409764,0.9219009836495258,111.76564674696534,0.0274,instanton_2007-06-28_T60_delta0.30_tau60_am200.npz
2007-06-29,20,0.2,0.2231435513142097,20,100.0,9.037372656096624,0.2231435513142106,0.22205648195449612,0.0010870693597135883,0.0,8.881784197001252e-16,0.5,10.0,5000,per_query,2678123954,1.1278179185183116e-05,1.5162899495660658e-06,199.00129438058687,0.9388098931166627,148.94031873805727,0.0164,instanton_2007-06-29_T20_delta0.20_tau20_am100.npz
2007-06-29,20,0.3,0.35667494393873245,20,100.0,21.56970069852504,0.35667494393873245,0.35598588319253466,0.0006890607461977893,0.0,0.0,0.5,10.0,5000,per_query,3908681152,0.0,0.0,25.65877217536344,0.8609156593528036,563.9647396884344,0.0,instanton_2007-06-29_T20_delta0.30_tau20_am100.npz
2007-06-29,60,0.2,0.2231435513142097,60,200.0,3.346595115126067,0.2231435513142097,0.22301507492561878,0.0001284763885909257,0.0,0.0,0.5,10.0,5000,per_query,2050017123,0.009792756477963386,0.0004380831351702852,990.9985915366303,0.9786799129214966,40.58119083540025,0.134,instanton_2007-06-29_T60_delta0.20_tau60_am200.npz
2007-06-29,60,0.3,0.35667494393873245,60,200.0,7.648280787395691,0.35667494393873245,0.35658728945392415,8.765448480829718e-05,0.0,0.0,0.5,10.0,5000,per_query,2322190795,7.091532891678966e-05,7.059695860293647e-06,207.94903791304498,1.0696085188544866,201.840442034224,0.031,instanton_2007-06-29_T60_delta0.30_tau60_am200.npz
2007-07-02,20,0.2,0.2231435513142097,20,200.0,9.605759301646932,0.2231435513142097,0.22301577467854194,0.00012777663566776454,0.0,0.0,0.5,10.0,5000,per_query,4119172535,6.894381109365799e-06,9.145239555838035e-07,107.84007782178017,1.06494739346205,309.0115501254729,0.0146,instanton_2007-07-02_T20_delta0.20_tau20_am200.npz
2007-07-02,20,0.3,0.35667494393873245,20,100.0,21.960806605028957,0.35667494393873245,0.35492991832576326,0.0017450256129691866,0.0,0.0,0.5,10.0,5000,per_query,122175388,0.0,0.0,32.6010490489369,1.0083246993018424,648.931193710991,0.0,instanton_2007-07-02_T20_delta0.30_tau20_am100.npz
2007-07-02,60,0.2,0.2231435513142097,60,200.0,3.508591312430904,0.2231435513142097,0.22237341032322888,0.0007701409909808277,0.0,0.0,0.5,10.0,5000,per_query,1827471636,0.008749178721779466,0.0004324671840509885,977.3844272673257,1.0362985832894869,34.818700081187565,0.1292,instanton_2007-07-02_T60_delta0.20_tau60_am200.npz
2007-07-02,60,0.3,0.35667494393873245,60,200.0,7.8085443839640725,0.35667494393873245,0.35614152020322454,0.0005334237355079097,0.0,0.0,0.5,10.0,5000,per_query,2348811550,5.5576783909007e-05,5.802435225711829e-06,77.76848676138522,1.1433410496797332,488.7699140204979,0.0276,instanton_2007-07-02_T60_delta0.30_tau60_am200.npz
2007-07-03,20,0.2,0.2231435513142097,20,200.0,9.89454900714084,0.2231435513142097,0.2228772411403135,0.0002663101738962226,0.0,0.0,0.5,10.0,5000,per_query,2925165356,5.446115100625893e-06,8.012463874893557e-07,108.58259408511978,0.93767458067304,254.19331566630692,0.0136,instanton_2007-07-03_T20_delta0.20_tau20_am200.npz
2007-07-03,20,0.3,0.35667494393873245,20,200.0,22.50652578573072,0.35667494393873245,0.35653239396645997,0.00014254997227247657,0.0,0.0,0.5,10.0,5000,per_query,2606006173,0.0,0.0,71.01964915518037,0.7779000493245708,285.4666256318589,0.0,instanton_2007-07-03_T20_delta0.30_tau20_am200.npz
2007-07-03,60,0.2,0.2231435513142097,60,200.0,3.5927349601853935,0.2231435513142097,0.2213997452870453,0.0017438060271643963,0.0,0.0,0.5,10.0,5000,per_query,628094222,0.0078014184146148495,0.00036095847574062683,629.3303803313802,1.0340982361029436,99.57620877977055,0.1256,instanton_2007-07-03_T60_delta0.20_tau60_am200.npz
2007-07-03,60,0.3,0.35667494393873245,60,200.0,7.924700564118171,0.35667494393873245,0.3555309999673115,0.0011439439714209243,0.0,0.0,0.5,10.0,5000,per_query,3882925716,5.448875738567994e-05,5.356407475356111e-06,171.78488486850043,0.9232530623640262,193.86359723162155,0.0278,instanton_2007-07-03_T60_delta0.30_tau60_am200.npz
2007-07-05,20,0.2,0.2231435513142097,20,200.0,10.152196229278452,0.2231435513142097,0.2229244342332528,0.00021911708095689875,0.0,0.0,0.5,10.0,5000,per_query,4171511391,4.068663676370311e-06,5.870579463681312e-07,126.5343843954304,0.9189454566383165,192.25253095317728,0.0138,instanton_2007-07-05_T20_delta0.20_tau20_am200.npz
2007-07-05,20,0.3,0.35667494393873245,20,200.0,23.0743053190936,0.35667494393873245,0.35655548049370633,0.00011946344502611339,0.0,0.0,0.5,10.0,5000,per_query,2812802884,0.0,0.0,3.757019756135567,1.9712546238413677,5012.203373515905,0.0,instanton_2007-07-05_T20_delta0.30_tau20_am200.npz
2007-07-05,60,0.2,0.2231435513142097,60,200.0,3.6808524360686503,0.2231435513142097,0.22172896784857787,0.0014145834656318357,0.0,0.0,0.5,10.0,5000,per_query,3519290857,0.007205805818928747,0.0003615669188488563,859.8956715753451,1.0141466171536164,54.647748550724955,0.126,instanton_2007-07-05_T60_delta0.20_tau60_am200.npz
2007-07-05,60,0.3,0.35667494393873245,60,200.0,8.109981190858962,0.35667494393873245,0.35573585161388266,0.0009390923248497884,0.0,0.0,0.5,10.0,5000,per_query,1883228402,5.595012384799305e-05,5.996826825138832e-06,159.12911686552695,1.116117445197356,223.4390261697028,0.0284,instanton_2007-07-05_T60_delta0.30_tau60_am200.npz
2007-07-06,20,0.2,0.2231435513142097,20,200.0,11.574254239166399,0.2231435513142097,0.22242564568970735,0.0007179056245023574,0.0,0.0,0.5,10.0,5000,per_query,819034894,8.835007431591083e-07,1.6696491362370905e-07,31.672788730613647,0.9704717650153573,810.5454168087895,0.0084,instanton_2007-07-06_T20_delta0.20_tau20_am200.npz
2007-07-06,20,0.3,0.35667494393873245,20,200.0,25.584434941175463,0.35667494393873245,0.35626166493586275,0.0004132790028696931,0.0,0.0,0.5,10.0,5000,per_query,2401111888,0.0,0.0,13.422914978460659,0.9789937194947488,1289.7020867349804,0.0,instanton_2007-07-06_T20_delta0.30_tau20_am200.npz
2007-07-06,60,0.2,0.2231435513142097,60,200.0,4.1145526892256195,0.2231435513142097,0.21877893959721462,0.004364611716995093,0.0,0.0,0.5,10.0,5000,per_query,169469585,0.004649567834817713,0.00025430272886871374,531.9430129745693,1.036031827204614,122.40393211622607,0.1068,instanton_2007-07-06_T60_delta0.20_tau60_am200.npz
2007-07-06,60,0.3,0.35667494393873245,60,200.0,8.88814455250523,0.35667494393873245,0.3532993248495764,0.003375619089156068,0.0,0.0,0.5,10.0,5000,per_query,4287752979,2.3360919526146662e-05,2.996937030947553e-06,84.58506756454292,1.0846942927878183,340.10116775673623,0.0222,instanton_2007-07-06_T60_delta0.30_tau60_am200.npz
2007-07-09,20,0.2,0.2231435513142097,20,200.0,12.258676121946985,0.2231435513142097,0.22225015232167777,0.0008933989925319352,0.0,0.0,0.5,10.0,5000,per_query,3216777504,4.1610855041792253e-07,1.3211462035228046e-07,91.2851228938276,0.9886314410017365,247.91383389322482,0.0054,instanton_2007-07-09_T20_delta0.20_tau20_am200.npz
2007-07-09,20,0.3,0.35667494393873245,20,200.0,26.85726099266435,0.35667494393873245,0.3561434423276024,0.0005315016111300253,0.0,0.0,0.5,10.0,5000,per_query,2770033241,1.9803689814810976e-12,1.9803689814810976e-12,54.375342000027686,0.8836852844884842,326.14440425161024,0.0002,instanton_2007-07-09_T20_delta0.30_tau20_am200.npz
2007-07-09,60,0.2,0.2231435513142097,60,200.0,4.327907700047837,0.2231435513142097,0.21777208283886917,0.005371468475340535,0.0,0.0,0.5,10.0,5000,per_query,955787783,0.0034688641733568917,0.00018739339036840966,644.973563682809,1.0015894427633631,70.17053335509682,0.102,instanton_2007-07-09_T60_delta0.20_tau60_am200.npz
2007-07-09,60,0.3,0.35667494393873245,60,200.0,9.277748340787337,0.35667494393873245,0.3526667101176493,0.004008233821083174,0.0,0.0,0.5,10.0,5000,per_query,2411196341,1.4036621619101214e-05,1.8409235108835947e-06,43.66911065779675,1.2298498372561573,781.3527268401717,0.0188,instanton_2007-07-09_T60_delta0.30_tau60_am200.npz
2007-07-10,20,0.2,0.2231435513142097,20,100.0,10.166996590370054,0.2231435513142106,0.22158276834137602,0.0015607829728336853,0.0,8.881784197001252e-16,0.5,10.0,5000,per_query,3589120487,3.7217734605794277e-06,5.373848337539008e-07,102.29501336509178,1.0915358598762368,366.29361847170304,0.013,instanton_2007-07-10_T20_delta0.20_tau20_am100.npz
2007-07-10,20,0.3,0.35667494393873245,20,100.0,23.731625069506578,0.35667494393873245,0.3556429483378567,0.0010319956008757458,0.0,0.0,0.5,10.0,5000,per_query,1339364714,0.0,0.0,47.664298332071866,0.7528205765667455,355.3681406105442,0.0,instanton_2007-07-10_T20_delta0.30_tau20_am100.npz
2007-07-10,60,0.2,0.2231435513142097,60,200.0,3.748106219364412,0.2231435513142097,0.2228531752722649,0.0002903760419448176,0.0,0.0,0.5,10.0,5000,per_query,1867408617,0.005387307011871518,0.0002753421151264879,770.7931193445772,1.0208712891906753,87.51166989417118,0.1058,instanton_2007-07-10_T60_delta0.20_tau60_am200.npz
2007-07-10,60,0.3,0.35667494393873245,60,200.0,8.366575556568808,0.35667494393873245,0.35649821215738076,0.0001767317813516911,0.0,0.0,0.5,10.0,5000,per_query,3864129165,2.869933492763952e-05,3.455224716180951e-06,87.70897412195575,1.095904283432189,404.4247803188215,0.022,instanton_2007-07-10_T60_delta0.30_tau60_am200.npz
2007-07-11,20,0.2,0.2231435513142097,20,200.0,11.144685555646882,0.2231435513142097,0.22296251744903994,0.00018103386516976627,0.0,0.0,0.5,10.0,5000,per_query,2076772383,1.129051942297426e-06,1.9423615724700278e-07,30.878689266521466,1.143418310023614,869.907583988736,0.0084,instanton_2007-07-11_T20_delta0.20_tau20_am200.npz
2007-07-11,20,0.3,0.35667494393873245,20,200.0,25.103144417968636,0.35667494393873245,0.35656980644526826,0.00010513749346419132,0.0,0.0,0.5,10.0,5000,per_query,1619119871,0.0,0.0,30.560886528212727,0.94174728381305,484.01874008453825,0.0,instanton_2007-07-11_T20_delta0.30_tau20_am200.npz
2007-07-11,60,0.2,0.2231435513142097,60,200.0,4.016821224491615,0.2231435513142097,0.22205560926060297,0.0010879420536067386,0.0,0.0,0.5,10.0,5000,per_query,1568358165,0.005149985999772008,0.0002859571717874795,347.4350726562827,1.0694693242917401,213.0764856696742,0.1124,instanton_2007-07-11_T60_delta0.20_tau60_am200.npz
2007-07-11,60,0.3,0.35667494393873245,60,200.0,8.772874688782741,0.35667494393873245,0.3558693060829743,0.0008056378557581567,0.0,0.0,0.5,10.0,5000,per_query,4233628820,2.3924481659913004e-05,3.7792315393523313e-06,285.1927862673795,0.966882538418373,99.14176313582755,0.018,instanton_2007-07-11_T60_delta0.30_tau60_am200.npz
2007-07-12,20,0.2,0.2231435513142097,20,200.0,11.832766335988104,0.2231435513142097,0.2216559154938924,0.0014876358203173012,0.0,0.0,0.5,10.0,5000,per_query,2337318683,7.09380417247634e-07,1.247429597442642e-07,14.666350352673458,1.387375944301892,1680.9240439880366,0.0084,instanton_2007-07-12_T20_delta0.20_tau20_am200.npz
2007-07-12,20,0.3,0.35667494393873245,20,200.0,25.956145431484998,0.35667494393873245,0.35582586099197666,0.0008490829467557859,0.0,0.0,0.5,10.0,5000,per_query,1197258416,0.0,0.0,15.819551232942972,1.472657905958349,1349.689716447972,0.0,instanton_2007-07-12_T20_delta0.30_tau20_am200.npz
2007-07-12,60,0.2,0.2231435513142097,60,200.0,4.157237171888987,0.2231435513142097,0.21544185788079506,0.007701693433414647,0.0,0.0,0.5,10.0,5000,per_query,1696753979,0.005066381657227943,0.0002926969212317709,460.98287632840703,1.0085343127801238,142.03656072228148,0.1158,instanton_2007-07-12_T60_delta0.20_tau60_am200.npz
2007-07-12,60,0.3,0.35667494393873245,60,200.0,8.956386464165357,0.35667494393873245,0.35083067365625276,0.005844270282479691,0.0,0.0,0.5,10.0,5000,per_query,2273029891,2.0491471753361033e-05,2.4613262384448623e-06,121.42420071227998,0.9979769742076398,185.1333756569138,0.023,instanton_2007-07-12_T60_delta0.30_tau60_am200.npz
2007-07-13,20,0.2,0.2231435513142097,20,200.0,11.94915533421156,0.2231435513142097,0.22163954729148205,0.0015040040227276563,0.0,0.0,0.5,10.0,5000,per_query,2839921463,6.474440488590618e-07,1.1983056770292085e-07,102.14202259199295,0.8672788548684593,248.14524356679794,0.0072,instanton_2007-07-13_T20_delta0.20_tau20_am200.npz
2007-07-13,20,0.3,0.35667494393873245,20,200.0,26.178187872374455,0.35667494393873245,0.35581234056962874,0.0008626033691037094,0.0,0.0,0.5,10.0,5000,per_query,2318508294,0.0,0.0,41.23776657803693,1.0414050203910836,595.3172645734957,0.0,instanton_2007-07-13_T20_delta0.30_tau20_am200.npz
2007-07-13,60,0.2,0.2231435513142097,60,200.0,4.201560823542993,0.2231435513142097,0.21502407457635453,0.00811947673785518,0.0,0.0,0.5,10.0,5000,per_query,3953846262,0.004657658868428522,0.0002477747758535947,439.52371144633406,0.9566520783392042,127.1476204920235,0.1142,instanton_2007-07-13_T60_delta0.20_tau60_am200.npz
2007-07-13,60,0.3,0.35667494393873245,60,200.0,9.025809733299248,0.35667494393873245,0.3506066864365156,0.006068257502216845,0.0,0.0,0.5,10.0,5000,per_query,4143065540,1.8373181028915794e-05,2.661755214995584e-06,116.19309285686488,0.9740010025277753,343.58969575651776,0.0194,instanton_2007-07-13_T60_delta0.30_tau60_am200.npz
2007-07-16,20,0.2,0.2231435513142097,20,200.0,12.06010527994579,0.2231435513142097,0.22168280649993477,0.001460744814274939,0.0,0.0,0.5,10.0,5000,per_query,1823370322,5.989713387580763e-07,1.0820342297907617e-07,23.352962533271263,1.3856701360738466,1222.5807401679933,0.0078,instanton_2007-07-16_T20_delta0.20_tau20_am200.npz
2007-07-16,20,0.3,0.35667494393873245,20,200.0,26.393993980241472,0.35667494393873245,0.3558272510647038,0.0008476928740286382,0.0,0.0,0.5,10.0,5000,per_query,1833445091,0.0,0.0,84.44687998311528,0.7503857244546561,163.05783319909844,0.0,instanton_2007-07-16_T20_delta0.30_tau20_am200.npz
2007-07-16,60,0.2,0.2231435513142097,60,200.0,4.238002519317497,0.2231435513142097,0.21566119205516454,0.007482359259045168,0.0,0.0,0.5,10.0,5000,per_query,443420599,0.003778500780424679,0.0002040448910493719,808.3807005343316,1.002559887791171,70.3287109557339,0.1024,instanton_2007-07-16_T60_delta0.20_tau60_am200.npz
2007-07-16,60,0.3,0.35667494393873245,60,200.0,9.097467195705338,0.35667494393873245,0.3508288057750253,0.00584613816370716,0.0,0.0,0.5,10.0,5000,per_query,4261007153,1.4957775444768226e-05,1.7747098481822653e-06,146.165728684088,1.073450501867463,207.3286056199032,0.0196,instanton_2007-07-16_T60_delta0.30_tau60_am200.npz
2007-07-17,20,0.2,0.2231435513142097,20,200.0,12.027100275251685,0.2231435513142097,0.2218613991247791,0.0012821521894306187,0.0,0.0,0.5,10.0,5000,per_query,343654955,4.894063708958245e-07,9.91913013272381e-08,55.221644842133344,0.9937938330130616,467.39331316252225,0.0066,instanton_2007-07-17_T20_delta0.20_tau20_am200.npz
2007-07-17,20,0.3,0.35667494393873245,20,200.0,26.350168663707233,0.35667494393873245,0.35593367152425337,0.0007412724144790772,0.0,0.0,0.5,10.0,5000,per_query,2762622912,6.848972821679336e-12,6.848972821679335e-12,70.74179046895783,0.7492617255432257,304.3218601196094,0.0002,instanton_2007-07-17_T20_delta0.30_tau20_am200.npz
2007-07-17,60,0.2,0.2231435513142097,60,200.0,4.232741655833537,0.2231435513142097,0.21594904175211482,0.007194509562094886,0.0,0.0,0.5,10.0,5000,per_query,3882844258,0.004257783761487047,0.00021652335731382928,772.0313682481282,0.9306675099400898,45.379301081439316,0.1124,instanton_2007-07-17_T60_delta0.20_tau60_am200.npz
2007-07-17,60,0.3,0.35667494393873245,60,200.0,9.092166396579003,0.35667494393873245,0.35140125215956797,0.00527369177916448,0.0,0.0,0.5,10.0,5000,per_query,3405624642,1.876378541661789e-05,2.3292850671703663e-06,96.82047422250339,0.9907245318818386,366.18875328309144,0.0222,instanton_2007-07-17_T60_delta0.30_tau60_am200.npz
2007-07-18,20,0.2,0.2231435513142097,20,200.0,11.8990016857589,0.2231435513142097,0.22231563132497634,0.0008279199892333722,0.0,0.0,0.5,10.0,5000,per_query,3321645323,5.839246125388146e-07,1.2556024533530719e-07,38.1262761586859,0.9576216120304932,642.1727271797511,0.007,instanton_2007-07-18_T20_delta0.20_tau20_am200.npz
2007-07-18,20,0.3,0.35667494393873245,20,200.0,26.18242241434105,0.35667494393873245,0.35619267926158305,0.00048226467714940213,0.0,0.0,0.5,10.0,5000,per_query,4133396079,0.0,0.0,30.50370728966118,0.9350090855209053,563.2842570185956,0.0,instanton_2007-07-18_T20_delta0.30_tau20_am200.npz
2007-07-18,60,0.2,0.2231435513142097,60,200.0,4.216733396322604,0.2231435513142097,0.21812895415477485,0.005014597159434864,0.0,0.0,0.5,10.0,5000,per_query,3860346109,0.003809478784671681,0.00021230398823363683,788.705046824575,0.9614385711937339,48.250765263323316,0.0978,instanton_2007-07-18_T60_delta0.20_tau60_am200.npz
2007-07-18,60,0.3,0.35667494393873245,60,200.0,9.067706137962757,0.35667494393873245,0.35275037927094743,0.003924564667785013,0.0,0.0,0.5,10.0,5000,per_query,3346583948,1.6965821569022175e-05,2.1400442273017664e-06,69.92757675314026,1.1697236898138745,457.39424503898687,0.0206,instanton_2007-07-18_T60_delta0.30_tau60_am200.npz
2007-07-19,20,0.2,0.2231435513142097,20,200.0,12.795101473527383,0.2231435513142097,0.2215692789614252,0.0015742723527845115,0.0,0.0,0.5,10.0,5000,per_query,460775678,1.8555320161223023e-07,4.5037493901502185e-08,69.20809838961131,0.833743961056694,382.98679683483334,0.0052,instanton_2007-07-19_T20_delta0.20_tau20_am200.npz
2007-07-19,20,0.3,0.35667494393873245,20,200.0,27.780961728610418,0.35667494393873245,0.3557239834840251,0.000950960454707328,0.0,0.0,0.5,10.0,5000,per_query,4086817318,0.0,0.0,64.59472612865987,0.7082977351692474,213.00446787563362,0.0,instanton_2007-07-19_T20_delta0.30_tau20_am200.npz
2007-07-19,60,0.2,0.2231435513142097,60,200.0,4.469104418777953,0.2231435513142097,0.21536673919655414,0.007776812117655574,0.0,0.0,0.5,10.0,5000,per_query,1465990050,0.003009690428181746,0.000167657394741875,868.4211105215745,0.9410071155491467,40.41072235514939,0.096,instanton_2007-07-19_T60_delta0.20_tau60_am200.npz
2007-07-19,60,0.3,0.35667494393873245,60,200.0,9.531731916940059,0.35667494393873245,0.35049315095982614,0.006181792978906309,0.0,0.0,0.5,10.0,5000,per_query,4017381195,1.0794033026803906e-05,1.3292594824999304e-06,151.224547418507,0.8717245734838484,154.3824034664751,0.018,instanton_2007-07-19_T60_delta0.30_tau60_am200.npz
2007-07-20,20,0.2,0.2231435513142097,20,200.0,11.62928002604093,0.2231435513142097,0.2229812616336897,0.00016228968052001136,0.0,0.0,0.5,10.0,5000,per_query,2760121237,9.609224329870435e-07,1.5175320870771478e-07,123.8384092972757,0.9013371577949041,180.8891452303276,0.01,instanton_2007-07-20_T20_delta0.20_tau20_am200.npz
2007-07-20,20,0.3,0.35667494393873245,20,200.0,26.091789449416982,0.35667494393873245,0.35657811899764447,9.682494108798068e-05,0.0,0.0,0.5,10.0,5000,per_query,1668557747,0.0,0.0,88.77165703888613,0.6537091190637889,142.0147726862913,0.0,instanton_2007-07-20_T20_delta0.30_tau20_am200.npz
2007-07-20,60,0.2,0.2231435513142097,60,200.0,4.181227467740941,0.2231435513142097,0.22224562393005964,0.0008979273841500657,0.0,0.0,0.5,10.0,5000,per_query,1292192504,0.0037472094158658557,0.0001979102428848458,871.5985707604549,1.0403274958512079,43.346920375973106,0.1006,instanton_2007-07-20_T60_delta0.20_tau60_am200.npz
2007-07-20,60,0.3,0.35667494393873245,60,200.0,9.090863349621605,0.35667494393873245,0.3559431176008241,0.0007318263379083589,0.0,0.0,0.5,10.0,5000,per_query,2654675054,1.7275554840858004e-05,2.378843163455196e-06,233.88211210558129,0.9368770888505249,136.9902178905433,0.0202,instanton_2007-07-20_T60_delta0.30_tau60_am200.npz
2007-07-23,20,0.2,0.2231435513142097,20,200.0,12.218863398330674,0.2231435513142097,0.22283459527725036,0.00030895603695935137,0.0,0.0,0.5,10.0,5000,per_query,927827340,5.03442091951822e-07,9.164196340516914e-08,32.70815382691712,1.0005368356570292,680.1855615054129,0.0074,instanton_2007-07-23_T20_delta0.20_tau20_am200.npz
2007-07-23,20,0.3,0.35667494393873245,20,200.0,27.04512714981563,0.35667494393873245,0.3564869583072694,0.00018798563146305014,0.0,0.0,0.5,10.0,5000,per_query,3506699329,0.0,0.0,11.880793335713701,1.2105523382548065,1595.0968159424544,0.0,instanton_2007-07-23_T20_delta0.30_tau20_am200.npz
2007-07-23,60,0.2,0.2231435513142097,60,200.0,4.365332660864902,0.2231435513142097,0.2213112970320097,0.0018322542822000187,0.0,0.0,0.5,10.0,5000,per_query,3979362734,0.0029907541910260656,0.00016192434659333802,724.21575141812,1.0060786777137738,51.1673866495854,0.0942,instanton_2007-07-23_T60_delta0.20_tau60_am200.npz
2007-07-23,60,0.3,0.35667494393873245,60,200.0,9.389888438498803,0.35667494393873245,0.3551540584302604,0.0015208855084720696,0.0,0.0,0.5,10.0,5000,per_query,1063559792,1.0431510622134404e-05,1.4106264686033468e-06,59.61372873571942,1.06703639898655,467.8339956789966,0.017,instanton_2007-07-23_T60_delta0.30_tau60_am200.npz
2007-07-24,20,0.2,0.2231435513142097,20,100.0,9.595919066266253,0.2231435513142097,0.22244474426130445,0.0006988070529052592,0.0,0.0,0.5,10.0,5000,per_query,1466744530,6.314922473179566e-06,8.732921900652525e-07,90.13163528851797,1.0259260092849194,343.188496786297,0.0148,instanton_2007-07-24_T20_delta0.20_tau20_am100.npz
2007-07-24,20,0.3,0.35667494393873245,20,100.0,23.005310879675665,0.35667494393873245,0.3562204439124068,0.0004545000263256327,0.0,0.0,0.5,10.0,5000,per_query,30894140,0.0,0.0,34.00332468820932,1.0594590232630579,661.8424719148331,0.0,instanton_2007-07-24_T20_delta0.30_tau20_am100.npz
2007-07-24,60,0.2,0.2231435513142097,60,200.0,3.5264625113321832,0.2231435513142097,0.22309101841146006,5.253290274964684e-05,0.0,0.0,0.5,10.0,5000,per_query,3449298946,0.007426406027099024,0.0003616837911720203,1053.9747727342306,0.940513816344766,45.05440126067117,0.1224,instanton_2007-07-24_T60_delta0.20_tau60_am200.npz
2007-07-24,60,0.3,0.35667494393873245,60,200.0,8.102799388888782,0.35667494393873245,0.35663909183688247,3.585210184997578e-05,0.0,0.0,0.5,10.0,5000,per_query,3522030420,3.398363230372987e-05,4.046276221267409e-06,137.38195080123018,1.118521020873224,303.92824058226626,0.0202,instanton_2007-07-24_T60_delta0.30_tau60_am200.npz
2007-07-25,20,0.2,0.2231435513142097,20,100.0,10.081749462426217,0.2231435513142097,0.2222775217694828,0.0008660295447269206,0.0,0.0,0.5,10.0,5000,per_query,188107016,5.024596317684446e-06,7.094765014526119e-07,79.21413983805272,1.099720767653944,308.4531176050247,0.0142,instanton_2007-07-25_T20_delta0.20_tau20_am100.npz
2007-07-25,20,0.3,0.35667494393873245,20,100.0,23.89098766255574,0.35667494393873245,0.3561026150595419,0.0005723288791905645,0.0,0.0,0.5,10.0,5000,per_query,3437271119,0.0,0.0,85.85579467965628,0.7039349086978344,153.5062561674102,0.0,instanton_2007-07-25_T20_delta0.30_tau20_am100.npz
2007-07-25,60,0.2,0.2231435513142097,60,200.0,3.693694134430577,0.2231435513142097,0.22306596834846903,7.758296574067458e-05,0.0,0.0,0.5,10.0,5000,per_query,904145699,0.005677508349589538,0.00027751675053084716,1132.647713821657,0.9930952871234081,28.162680418350888,0.1134,instanton_2007-07-25_T60_delta0.20_tau60_am200.npz
2007-07-25,60,0.3,0.35667494393873245,60,200.0,8.396236591344254,0.35667494393873245,0.35662051935143424,5.442458729820743e-05,0.0,0.0,0.5,10.0,5000,per_query,3953757495,2.485569880629388e-05,3.952222269751778e-06,328.50792800536215,0.8327758884011388,64.7472735081797,0.0178,instanton_2007-07-25_T60_delta0.30_tau60_am200.npz
2007-07-26,20,0.2,0.2231435513142097,20,100.0,7.193460486138131,0.2231435513142097,0.22306022915620094,8.332215800876952e-05,0.0,0.0,0.5,10.0,5000,per_query,487633440,8.916076854434857e-05,7.852011774305649e-06,339.3432119278692,0.85607927102025,117.43533076978102,0.0326,instanton_2007-07-26_T20_delta0.20_tau20_am100.npz
2007-07-26,20,0.3,0.35667494393873245,20,100.0,19.138498655912844,0.35667494393873245,0.3566259526418518,4.899129688062942e-05,0.0,0.0,0.5,10.0,5000,per_query,1291328490,5.356041660094662e-10,3.79828992623136e-10,44.63772570151878,0.8948011645823953,446.09104401721953,0.0004,instanton_2007-07-26_T20_delta0.30_tau20_am100.npz
2007-07-26,60,0.2,0.2231435513142097,60,100.0,2.677129801047145,0.2231435513142106,0.22278455933599695,0.00035899197821276374,0.0,8.881784197001252e-16,0.5,10.0,5000,per_query,2086678844,0.01615633513902861,0.0006431702703311254,1519.926813924519,0.9565069948387196,25.131337831892232,0.1524,instanton_2007-07-26_T60_delta0.20_tau60_am100.npz
2007-07-26,60,0.3,0.35667494393873245,60,100.0,6.786665625506536,0.35667494393873245,0.35645213777605544,0.00022280616267700282,0.0,0.0,0.5,10.0,5000,per_query,4120972831,0.00015193083922280723,1.4142823221768046e-05,220.191817260242,1.0183708001046723,246.5441478016396,0.0344,instanton_2007-07-26_T60_delta0.30_tau60_am100.npz
2007-07-27,20,0.2,0.2231435513142097,20,50.0,5.051909317703937,0.2231435513142097,0.2214658279542263,0.0016777233599833963,0.0,0.0,0.5,10.0,5000,per_query,3003248666,0.0008768794666570754,5.837729559584611e-05,652.3722543899148,0.9614282212191483,89.93883019648685,0.0564,instanton_2007-07-27_T20_delta0.20_tau20_am50.npz
2007-07-27,20,0.3,0.35667494393873245,20,50.0,15.340521188607033,0.35667494393873245,0.35570645523808064,0.0009684887006518039,0.0,0.0,0.5,10.0,5000,per_query,1389578999,1.4787735836375992e-08,4.2490648705534725e-09,11.66117447457539,1.406895055013462,1775.8425844907304,0.0032,instanton_2007-07-27_T20_delta0.30_tau20_am50.npz
2007-07-27,60,0.2,0.2231435513142097,60,100.0,1.9603565180636418,0.2231435513142097,0.22309248335741572,5.106795679399312e-05,0.0,0.0,0.5,10.0,5000,per_query,3187421628,0.04225270460303774,0.0013787997277893715,1840.361875858269,0.9886359916003387,27.09621724040499,0.2106,instanton_2007-07-27_T60_delta0.20_tau60_am100.npz
2007-07-27,60,0.3,0.35667494393873245,60,100.0,5.540364051545218,0.35667494393873245,0.35664338821714736,3.1555721585085905e-05,0.0,0.0,0.5,10.0,5000,per_query,2405322653,0.0006029358544902442,4.455549382592151e-05,392.08822993320007,1.0340637210899786,101.36584511400429,0.055,instanton_2007-07-27_T60_delta0.30_tau60_am100.npz
2007-07-30,20,0.2,0.2231435513142097,20,100.0,5.713710634957491,0.2231435513142106,0.2230907493451495,5.280196906021217e-05,0.0,8.881784197001252e-16,0.5,10.0,5000,per_query,3839060193,0.0005131037067307052,3.7366985914248205e-05,265.82812782287454,0.9576709604112599,220.69104464451746,0.0544,instanton_2007-07-30_T20_delta0.20_tau20_am100.npz
2007-07-30,20,0.3,0.35667494393873245,20,50.0,15.699782661195826,0.35667494393873245,0.3546824421821162,0.0019925017566162495,0.0,0.0,0.5,10.0,5000,per_query,2726936424,1.0091559158744495e-08,3.165898641134389e-09,38.7148946098704,0.8406641455937075,402.03811106422705,0.003,instanton_2007-07-30_T20_delta0.30_tau20_am50.npz
2007-07-30,60,0.2,0.2231435513142097,60,100.0,2.159621221902864,0.2231435513142097,0.2229330589355527,0.0002104923786570012,0.0,0.0,0.5,10.0,5000,per_query,451198285,0.03552131359727475,0.0012567987475845697,1846.1292828744731,0.9997877140644945,27.710350735892366,0.201,instanton_2007-07-30_T60_delta0.20_tau60_am100.npz
2007-07-30,60,0.3,0.35667494393873245,60,100.0,5.701064629290404,0.35667494393873245,0.3565422741508826,0.0001326697878498706,0.0,0.0,0.5,10.0,5000,per_query,2680692264,0.0005031985645737267,3.6072900581587504e-05,276.82456653584165,0.9480305675570653,159.3507476411873,0.0524,instanton_2007-07-30_T60_delta0.30_tau60_am100.npz
2007-07-31,20,0.2,0.2231435513142097,20,50.0,4.870450680925955,0.2231435513142097,0.2211466514680076,0.001996899846202105,0.0,0.0,0.5,10.0,5000,per_query,622062092,0.0011542409119275406,7.209864826391111e-05,495.96445033856475,0.9596154573490417,94.19300044757192,0.0662,instanton_2007-07-31_T20_delta0.20_tau20_am50.npz
2007-07-31,20,0.3,0.35667494393873245,20,50.0,14.603825962295433,0.35667494393873245,0.3555286265663824,0.0011463173723500475,0.0,0.0,0.5,10.0,5000,per_query,916927992,2.524009454725244e-08,7.16575759820497e-09,42.81617061736256,0.752194576726971,487.92723881306455,0.003,instanton_2007-07-31_T20_delta0.30_tau20_am50.npz
2007-07-31,60,0.2,0.2231435513142097,60,100.0,1.9007801556123431,0.2231435513142097,0.2230686197537981,7.493156041160631e-05,0.0,0.0,0.5,10.0,5000,per_query,2336091275,0.047429900667491184,0.0015205749153394282,2046.3642668226203,0.97951750206736,16.23898115485135,0.2258,instanton_2007-07-31_T60_delta0.20_tau60_am100.npz
2007-07-31,60,0.3,0.35667494393873245,60,100.0,5.3016238264816264,0.35667494393873245,0.35663054039679576,4.4403541936688384e-05,0.0,0.0,0.5,10.0,5000,per_query,2827672514,0.0009069295759433526,6.510667949874947e-05,178.068433765146,1.0706298873945417,333.5478050470799,0.061,instanton_2007-07-31_T60_delta0.30_tau60_am100.npz
2007-08-01,20,0.2,0.2231435513142097,20,100.0,5.243526878531928,0.2231435513142106,0.22311477060114093,2.878071306877672e-05,0.0,8.881784197001252e-16,0.5,10.0,5000,per_query,1217579008,0.0008579968638838919,5.75533486945213e-05,489.2897152345573,0.9909421816540914,83.78256328903575,0.0608,instanton_2007-08-01_T20_delta0.20_tau20_am100.npz
2007-08-01,20,0.3,0.35667494393873245,20,50.0,14.960149537667396,0.35667494393873245,0.3552281236371648,0.0014468203015676195,0.0,0.0,0.5,10.0,5000,per_query,1507516482,2.3446762523633156e-08,1.396199578566553e-08,38.01492089968463,0.9748508446464405,519.0632926141748,0.0026,instanton_2007-08-01_T20_delta0.30_tau20_am50.npz
2007-08-01,60,0.2,0.2231435513142097,60,100.0,1.9941780700300358,0.2231435513142106,0.22302754182609164,0.00011600948811807399,0.0,8.881784197001252e-16,0.5,10.0,5000,per_query,42291468,0.03770617074456503,0.0012861723575635687,1842.6161233241146,1.0235483885142822,24.423846611723818,0.2,instanton_2007-08-01_T60_delta0.20_tau60_am100.npz
2007-08-01,60,0.3,0.35667494393873245,60,100.0,5.433656645089409,0.35667494393873245,0.35660501162526614,6.993231346630324e-05,0.0,0.0,0.5,10.0,5000,per_query,3687890537,0.0007391937793802981,5.7752623477775733e-05,301.656693335916,1.0969901022759767,137.7379931876203,0.0572,instanton_2007-08-01_T60_delta0.30_tau60_am100.npz
2007-08-02,20,0.2,0.2231435513142097,20,100.0,5.616393249604009,0.2231435513142097,0.22308332471309633,6.022660111337785e-05,0.0,0.0,0.5,10.0,5000,per_query,2520330555,0.0005581675611048513,3.8766332798961974e-05,212.23136790723314,1.0625218614424305,201.08480558779627,0.0566,instanton_2007-08-02_T20_delta0.20_tau20_am100.npz
2007-08-02,20,0.3,0.35667494393873245,20,100.0,15.539515282638911,0.35667494393873245,0.35664252310277966,3.2420835952784444e-05,0.0,0.0,0.5,10.0,5000,per_query,3347365454,4.592651629992283e-09,1.8054884031606983e-09,13.72016609346871,1.1957567439100933,1309.9876401407903,0.0016,instanton_2007-08-02_T20_delta0.30_tau20_am100.npz
2007-08-02,60,0.2,0.2231435513142097,60,100.0,2.1265876401485646,0.2231435513142106,0.22289782245657452,0.0002457288576351857,0.0,8.881784197001252e-16,0.5,10.0,5000,per_query,3108831938,0.033315359739748154,0.001137500073101633,1862.1970270447403,1.0060952053764325,18.960307654214454,0.198,instanton_2007-08-02_T60_delta0.20_tau60_am100.npz
2007-08-02,60,0.3,0.35667494393873245,60,100.0,5.593584984132804,0.35667494393873245,0.35652528493187496,0.00014965900685748323,0.0,0.0,0.5,10.0,5000,per_query,2533455170,0.00044288942654064966,3.336383799183077e-05,229.75591496398187,1.1188289627013774,240.25774683828323,0.047,instanton_2007-08-02_T60_delta0.30_tau60_am100.npz
2007-08-03,20,0.2,0.2231435513142097,20,50.0,3.465622439108208,0.2231435513142097,0.2220524366155301,0.0010911146986796183,0.0,0.0,0.5,10.0,5000,per_query,270334893,0.006103209644618625,0.0002917347721279142,755.0931319687922,1.0884787305904313,58.14576526665801,0.1138,instanton_2007-08-03_T20_delta0.20_tau20_am50.npz
2007-08-03,20,0.3,0.35667494393873245,20,50.0,11.393179598996875,0.35667494393873245,0.35610566484842376,0.0005692790903086831,0.0,0.0,0.5,10.0,5000,per_query,1377056861,8.894333458386668e-07,1.6433360212685351e-07,43.22885964807301,0.9681865252073669,532.7760837907014,0.0076,instanton_2007-08-03_T20_delta0.30_tau20_am50.npz
2007-08-03,60,0.2,0.2231435513142097,60,100.0,1.3748551219860574,0.2231435513142106,0.2231221085271029,2.1442787106806804e-05,0.0,8.881784197001252e-16,0.5,10.0,5000,per_query,4032849170,0.08709031449368523,0.0023941717014339167,2503.1589813793094,1.0024463495974139,12.07673571164311,0.2758,instanton_2007-08-03_T60_delta0.20_tau60_am100.npz
2007-08-03,60,0.3,0.35667494393873245,60,100.0,4.1889631713855096,0.35667494393873245,0.3566633667459538,1.1577192778666756e-05,0.0,0.0,0.5,10.0,5000,per_query,1249840560,0.002887926862504792,0.00016420043393561163,702.8920039618569,1.0485323740011008,65.1458203357457,0.0862,instanton_2007-08-03_T60_delta0.30_tau60_am100.npz
2007-08-06,20,0.2,0.2231435513142097,20,100.0,4.011114673241358,0.2231435513142097,0.2231198053192731,2.3745994936597015e-05,0.0,0.0,0.5,10.0,5000,per_query,776742047,0.002857993795040369,0.0001557671434077597,781.7181324454591,1.0377587517836173,56.322183312675214,0.0836,instanton_2007-08-06_T20_delta0.20_tau20_am100.npz
2007-08-06,20,0.3,0.35667494393873245,20,50.0,11.84523099013703,0.35667494393873245,0.355449570422949,0.0012253735157834456,0.0,0.0,0.5,10.0,5000,per_query,1318280978,4.2711916071458505e-07,8.863998454060356e-08,130.95876391917042,0.9540935662123525,210.64327192520403,0.006,instanton_2007-08-06_T20_delta0.30_tau20_am50.npz
2007-08-06,60,0.2,0.2231435513142097,60,100.0,1.5532104321819278,0.2231435513142097,0.22305011375885186,9.343755535784481e-05,0.0,0.0,0.5,10.0,5000,per_query,1481683978,0.06967360390458358,0.00201841633889157,2348.575665634002,0.9969615683552776,10.460359018937494,0.2542,instanton_2007-08-06_T60_delta0.20_tau60_am100.npz
2007-08-06,60,0.3,0.35667494393873245,60,100.0,4.368072932844422,0.35667494393873245,0.35662261375987825,5.233017885419855e-05,0.0,0.0,0.5,10.0,5000,per_query,2002434472,0.002478610311138358,0.00013682744497174067,716.646551496135,0.9947746294406469,44.861679533669275,0.0864,instanton_2007-08-06_T60_delta0.30_tau60_am100.npz
2007-08-07,20,0.2,0.2231435513142097,20,100.0,4.604185438089284,0.2231435513142097,0.22307963866769676,6.391264651295359e-05,0.0,0.0,0.5,10.0,5000,per_query,3773970749,0.0016735195407711887,9.779942314642429e-05,731.4530317412566,0.949441846687405,41.115715872636486,0.0768,instanton_2007-08-07_T20_delta0.20_tau20_am100.npz
2007-08-07,20,0.3,0.35667494393873245,20,100.0,12.946915328477717,0.35667494393873245,0.35664284468082297,3.2099257909479206e-05,0.0,0.0,0.5,10.0,5000,per_query,3160580583,2.1630779482421362e-07,4.487529610714321e-08,105.27747385143735,0.7523249299601552,139.4334106811945,0.0062,instanton_2007-08-07_T20_delta0.30_tau20_am100.npz
2007-08-07,60,0.2,0.2231435513142097,60,100.0,1.766741637635405,0.2231435513142097,0.22289306065363057,0.00025049066057913905,0.0,0.0,0.5,10.0,5000,per_query,3273702772,0.05635035261093682,0.001727521804587414,2098.3378595595077,0.9887538239004221,15.248071657417405,0.2392,instanton_2007-08-07_T60_delta0.20_tau60_am100.npz
2007-08-07,60,0.3,0.35667494393873245,60,100.0,4.721276878470544,0.35667494393873245,0.35652188099281634,0.0001530629459161048,0.0,0.0,0.5,10.0,5000,per_query,389810186,0.0017351795218940097,0.00011037959455070601,237.51732627299907,0.9849621956200754,268.09211398732793,0.0758,instanton_2007-08-07_T60_delta0.30_tau60_am100.npz
2007-08-08,20,0.2,0.2231435513142097,20,100.0,5.124766853313075,0.2231435513142106,0.2229109436427157,0.00023260767149402284,0.0,8.881784197001252e-16,0.5,10.0,5000,per_query,2209016453,0.0008658974472718283,5.54384151463742e-05,398.2308589449997,0.9763858942131863,150.1027508069825,0.0608,instanton_2007-08-08_T20_delta0.20_tau20_am100.npz
2007-08-08,20,0.3,0.35667494393873245,20,100.0,13.578495924367973,0.35667494393873245,0.35655423265269715,0.00012071128603530212,0.0,0.0,0.5,10.0,5000,per_query,3716764406,9.879338422897305e-08,2.5861314579243448e-08,119.30979522062573,0.7798576432376804,161.5188862598379,0.0048,instanton_2007-08-08_T20_delta0.30_tau20_am100.npz
2007-08-08,60,0.2,0.2231435513142097,60,100.0,1.948735081514854,0.2231435513142106,0.22222879926552697,0.0009147520486827432,0.0,8.881784197001252e-16,0.5,10.0,5000,per_query,2385410605,0.045859348742783974,0.0014200222925308406,1778.08391541387,0.9898009834624372,31.546519924664626,0.2248,instanton_2007-08-08_T60_delta0.20_tau60_am100.npz
2007-08-08,60,0.3,0.35667494393873245,60,100.0,4.939805953709492,0.35667494393873245,0.35608292960277943,0.0005920143359530172,0.0,0.0,0.5,10.0,5000,per_query,2130590118,0.001207781230707235,8.058046967170535e-05,500.72950403633007,0.9790358553495037,95.18172841480335,0.0666,instanton_2007-08-08_T60_delta0.30_tau60_am100.npz
2007-08-09,20,0.2,0.2231435513142097,20,50.0,3.153035818209207,0.2231435513142097,0.22142714366505878,0.0017164076491509306,0.0,0.0,0.5,10.0,5000,per_query,4231048966,0.007895923272542415,0.00035074807932806697,1282.7653959610439,0.9907150630406064,26.76469050063593,0.1166,instanton_2007-08-09_T20_delta0.20_tau20_am50.npz
2007-08-09,20,0.3,0.35667494393873245,20,50.0,9.945187164166132,0.35667494393873245,0.3557823712392114,0.0008925726995210326,0.0,0.0,0.5,10.0,5000,per_query,1491091989,3.9575492690010415e-06,5.410719167280922e-07,192.79291138709218,0.8416764515637094,140.14983993396496,0.0128,instanton_2007-08-09_T20_delta0.30_tau20_am50.npz
2007-08-09,60,0.2,0.2231435513142097,60,100.0,1.2644310643561194,0.2231435513142097,0.22308676403020122,5.678728400848598e-05,0.0,0.0,0.5,10.0,5000,per_query,996993015,0.10588139029859886,0.0026638648132933313,2607.253687600397,0.9837665253197392,18.643368714431162,0.3062,instanton_2007-08-09_T60_delta0.20_tau60_am100.npz
2007-08-09,60,0.3,0.35667494393873245,60,100.0,3.701785712822876,0.35667494393873245,0.35664393966115515,3.1004277577295625e-05,0.0,0.0,0.5,10.0,5000,per_query,533937489,0.004972356104466041,0.00024674917621540256,908.4360182341218,1.0103279350813166,43.50256505060259,0.1024,instanton_2007-08-09_T60_delta0.30_tau60_am100.npz
2007-08-10,20,0.2,0.2231435513142097,20,50.0,2.9812996513182974,0.2231435513142097,0.2217453638993625,0.0013981874148472073,0.0,0.0,0.5,10.0,5000,per_query,742127041,0.009987498165720775,0.00043598696131527524,1256.8388700689586,0.9916973849520986,36.69888384401576,0.1286,instanton_2007-08-10_T20_delta0.20_tau20_am50.npz
2007-08-10,20,0.3,0.35667494393873245,20,50.0,9.64193830864942,0.35667494393873245,0.35596048603273367,0.0007144579059987777,0.0,0.0,0.5,10.0,5000,per_query,234335297,4.345213335190469e-06,7.983808825352099e-07,123.8839658442405,1.0110284234750007,169.29046906411443,0.01,instanton_2007-08-10_T20_delta0.30_tau20_am50.npz
2007-08-10,60,0.2,0.2231435513142097,60,100.0,1.1958366055569936,0.2231435513142097,0.22310874089251342,3.481042169628523e-05,0.0,0.0,0.5,10.0,5000,per_query,1675337387,0.11370864864910084,0.0027334504651380202,2615.3559970049014,1.007220772390465,19.63999247431087,0.315,instanton_2007-08-10_T60_delta0.20_tau60_am100.npz
2007-08-10,60,0.3,0.35667494393873245,60,100.0,3.5887453928591353,0.35667494393873245,0.35665631746365634,1.862647507611115e-05,0.0,0.0,0.5,10.0,5000,per_query,2602806322,0.006326084396048371,0.00028800842020480256,1175.510592269524,0.9598648521656913,29.17513793533217,0.1198,instanton_2007-08-10_T60_delta0.30_tau60_am100.npz
2007-08-13,20,0.2,0.2231435513142097,20,50.0,3.0977421698363585,0.2231435513142097,0.22150881153698698,0.0016347397772227268,0.0,0.0,0.5,10.0,5000,per_query,1520851535,0.009326064768999323,0.0004048378382392799,1153.6268917990178,0.9564708777552386,44.32072129082247,0.1292,instanton_2007-08-13_T20_delta0.20_tau20_am50.npz
2007-08-13,20,0.3,0.35667494393873245,20,50.0,9.830796963147549,0.35667494393873245,0.35582988265678406,0.0008450612819483894,0.0,0.0,0.5,10.0,5000,per_query,482260551,5.65742218634443e-06,7.680854770259243e-07,144.62858851967843,0.9118457599607144,228.72654784997047,0.0144,instanton_2007-08-13_T20_delta0.30_tau20_am50.npz
2007-08-13,60,0.2,0.2231435513142097,60,100.0,1.2418786863824143,0.2231435513142097,0.22309543206203664,4.8119252173073335e-05,0.0,0.0,0.5,10.0,5000,per_query,361455830,0.1068100346009472,0.002768594231090533,2706.7628201294137,1.0169569361492632,12.71852076518929,0.3036,instanton_2007-08-13_T60_delta0.20_tau60_am100.npz
2007-08-13,60,0.3,0.35667494393873245,60,100.0,3.658831615865385,0.35667494393873245,0.35664889189367255,2.6052045059898887e-05,0.0,0.0,0.5,10.0,5000,per_query,1455620586,0.005423712721864466,0.0002646969559592168,807.2730988627796,1.031421745782176,54.814238096543384,0.1116,instanton_2007-08-13_T60_delta0.30_tau60_am100.npz
2007-08-14,20,0.2,0.2231435513142097,20,50.0,2.4515982939652003,0.2231435513142097,0.22230640699021365,0.0008371443239960641,0.0,0.0,0.5,10.0,5000,per_query,557597179,0.018794391685317612,0.0006985839847185946,1669.432939770203,0.9489731639052276,37.61613688884196,0.1584,instanton_2007-08-14_T20_delta0.20_tau20_am50.npz
2007-08-14,20,0.3,0.35667494393873245,20,50.0,8.533204732880804,0.35667494393873245,0.35626985912058995,0.0004050848181424982,0.0,0.0,0.5,10.0,5000,per_query,1355341010,2.2624307176688886e-05,2.6069674582960673e-06,74.76979054566168,0.881743970568226,439.7323576859827,0.0206,instanton_2007-08-14_T20_delta0.30_tau20_am50.npz
2007-08-14,60,0.2,0.2231435513142097,60,100.0,0.9912998606504677,0.2231435513142106,0.22313195863456325,1.159267964645494e-05,0.0,8.881784197001252e-16,0.5,10.0,5000,per_query,2743536989,0.14697919636027978,0.0032768513219762424,3082.4621211177155,0.9809212350782964,11.335547101571274,0.3464,instanton_2007-08-14_T60_delta0.20_tau60_am100.npz
2007-08-14,60,0.3,0.35667494393873245,60,50.0,3.1655967737712323,0.35667494393873245,0.35512919400512644,0.001545749933606011,0.0,0.0,0.5,10.0,5000,per_query,2664876952,0.008817370210483356,0.0003912326787394138,1060.1393018507677,1.0491003825527228,61.44909860025036,0.1238,instanton_2007-08-14_T60_delta0.30_tau60_am50.npz
2007-08-15,20,0.2,0.2231435513142097,20,50.0,1.9538435640467329,0.2231435513142097,0.2226778247791792,0.00046572653503051953,0.0,0.0,0.5,10.0,5000,per_query,2112622545,0.03707102048023175,0.0011777751891672726,1840.0529396406246,1.0322425204783852,20.015949629267276,0.2044,instanton_2007-08-15_T20_delta0.20_tau20_am50.npz
2007-08-15,20,0.3,0.35667494393873245,20,50.0,7.501323434223514,0.35667494393873245,0.3564634706228249,0.00021147331590753993,0.0,0.0,0.5,10.0,5000,per_query,1054226901,7.386818592141256e-05,8.69241989416331e-06,134.84761646922593,1.0672547648507396,248.59984759634182,0.027,instanton_2007-08-15_T20_delta0.30_tau20_am50.npz
2007-08-15,60,0.2,0.2231435513142097,60,50.0,0.7872397254348772,0.2231435513142097,0.22150473718513553,0.0016388141290741842,0.0,0.0,0.5,10.0,5000,per_query,1455440670,0.1855627979609295,0.003965463013913961,3355.1761012824604,0.9997559137479882,10.320472374280993,0.3658,instanton_2007-08-15_T60_delta0.20_tau60_am50.npz
2007-08-15,60,0.3,0.35667494393873245,60,50.0,2.811097630471178,0.35667494393873245,0.35588150098062954,0.0007934429581029079,0.0,0.0,0.5,10.0,5000,per_query,1493114711,0.014073796729828853,0.0005886997611940428,1386.180732544128,0.9633050277618087,31.209893002940493,0.145,instanton_2007-08-15_T60_delta0.30_tau60_am50.npz
2007-08-16,20,0.2,0.2231435513142097,20,50.0,2.153041517861496,0.2231435513142097,0.22250691527829503,0.0006366360359146839,0.0,0.0,0.5,10.0,5000,per_query,358376577,0.02858102613624368,0.000981649690815547,1849.6747302412127,0.9733232844886377,25.51842396626015,0.1874,instanton_2007-08-16_T20_delta0.20_tau20_am50.npz
2007-08-16,20,0.3,0.35667494393873245,20,50.0,7.84018410089094,0.35667494393873245,0.35637688309854276,0.0002980608401896845,0.0,0.0,0.5,10.0,5000,per_query,797198176,4.658561220770924e-05,5.407538699494278e-06,212.68779405919932,0.9628236756890765,117.5915892952647,0.027,instanton_2007-08-16_T20_delta0.30_tau20_am50.npz
2007-08-16,60,0.2,0.2231435513142097,58,50.0,0.8756027063417642,0.2231435513142097,0.22115238066894793,0.001991170645261775,0.0,0.0,0.5,10.0,5000,per_query,1467382330,0.17587910740875012,0.003706307319151771,3297.4795854616927,0.9925979792795766,9.579542570309695,0.3758,instanton_2007-08-16_T60_delta0.20_tau58_am50.npz
2007-08-16,60,0.3,0.35667494393873245,60,50.0,2.921700977087933,0.35667494393873245,0.355593692788033,0.0010812511506994582,0.0,0.0,0.5,10.0,5000,per_query,3651878951,0.01178110636985015,0.0004912926115560156,1387.2489294675424,0.9450898387313748,26.446896887238246,0.139,instanton_2007-08-16_T60_delta0.30_tau60_am50.npz
2007-08-17,20,0.2,0.2231435513142097,20,50.0,2.5947489124682184,0.2231435513142097,0.2217632829412377,0.0013802683729720044,0.0,0.0,0.5,10.0,5000,per_query,2429461134,0.015509264126401856,0.0006167375953060338,1496.9910015421517,1.0063808333431128,29.099837419983288,0.1494,instanton_2007-08-17_T20_delta0.20_tau20_am50.npz
2007-08-17,20,0.3,0.35667494393873245,20,50.0,8.478921502035622,0.35667494393873245,0.3559874041329678,0.0006875398057646365,0.0,0.0,0.5,10.0,5000,per_query,3579933152,2.4736167820679084e-05,2.763951139359583e-06,226.8917222008323,0.9012027857504367,125.7605829534625,0.0228,instanton_2007-08-17_T20_delta0.30_tau20_am50.npz
2007-08-17,60,0.2,0.2231435513142097,60,100.0,1.0486268397989775,0.2231435513142097,0.2231109186544309,3.263265977881957e-05,0.0,0.0,0.5,10.0,5000,per_query,1233939163,0.14049741936864865,0.0032166770163765935,2900.266336440118,0.9939929653116054,10.949920955748272,0.3432,instanton_2007-08-17_T60_delta0.20_tau60_am100.npz
2007-08-17,60,0.3,0.35667494393873245,60,100.0,3.179609483039644,0.35667494393873245,0.3566577562150277,1.7187723704736868e-05,0.0,0.0,0.5,10.0,5000,per_query,3864264422,0.00923061549048508,0.00039532524345739864,1035.2741000995115,0.9725428911641506,44.67035879957968,0.1314,instanton_2007-08-17_T60_delta0.30_tau60_am100.npz
2007-08-20,20,0.2,0.2231435513142097,20,50.0,2.584465222386274,0.2231435513142097,0.22179178097488172,0.0013517703393279845,0.0,0.0,0.5,10.0,5000,per_query,2599782768,0.017138728979452504,0.0006409836389689053,1400.7325989117967,0.955482481726013,39.70999399434523,0.1602,instanton_2007-08-20_T20_delta0.20_tau20_am50.npz
2007-08-20,20,0.3,0.35667494393873245,20,50.0,8.466652063811445,0.35667494393873245,0.3560026330649704,0.000672310873762072,0.0,0.0,0.5,10.0,5000,per_query,714613227,2.1676287881445442e-05,2.6080726322032992e-06,168.16638968629493,0.899578189509976,238.07386658417045,0.0202,instanton_2007-08-20_T20_delta0.30_tau20_am50.npz
2007-08-20,60,0.2,0.2231435513142097,60,100.0,1.0448404108089724,0.2231435513142106,0.22311069080080603,3.286051340367635e-05,0.0,8.881784197001252e-16,0.5,10.0,5000,per_query,3696776798,0.14378352642161124,0.003297563815384055,2936.3978226419517,1.0025702970326675,11.780826107665098,0.3416,instanton_2007-08-20_T60_delta0.20_tau60_am100.npz
2007-08-20,60,0.3,0.35667494393873245,60,100.0,3.17467404782731,0.35667494393873245,0.3566579847106439,1.695922808853112e-05,0.0,0.0,0.5,10.0,5000,per_query,1499324486,0.009402507039342098,0.00043485091936117776,956.2943248545058,0.9978066887860516,77.38190969477648,0.126,instanton_2007-08-20_T60_delta0.30_tau60_am100.npz
2007-08-21,20,0.2,0.2231435513142097,20,50.0,2.8016252135467887,0.2231435513142097,0.22166200744805664,0.0014815438661530678,0.0,0.0,0.5,10.0,5000,per_query,1187389985,0.012645950935242707,0.0005292748487746444,1374.3502725773394,0.9756285478888646,29.411037624604383,0.1384,instanton_2007-08-21_T20_delta0.20_tau20_am50.npz
2007-08-21,20,0.3,0.35667494393873245,20,50.0,9.041969697933524,0.35667494393873245,0.35592475737293583,0.0007501865657966178,0.0,0.0,0.5,10.0,5000,per_query,2256513043,1.2253376762595744e-05,1.5850533335687812e-06,192.19258462427163,0.9208632694432038,192.25372860999784,0.0174,instanton_2007-08-21_T20_delta0.30_tau20_am50.npz
2007-08-21,60,0.2,0.2231435513142097,60,100.0,1.1285974098809861,0.2231435513142106,0.22310359220950726,3.9959104702447235e-05,0.0,8.881784197001252e-16,0.5,10.0,5000,per_query,514804863,0.12792981560375713,0.002995965582011732,2876.1623986718764,0.9786736509309969,10.630404460604733,0.3308,instanton_2007-08-21_T60_delta0.20_tau60_am100.npz
2007-08-21,60,0.3,0.35667494393873245,60,100.0,3.3796516200408835,0.35667494393873245,0.35665424878773955,2.069515099289987e-05,0.0,0.0,0.5,10.0,5000,per_query,1846325877,0.00808796620444452,0.0003981656275058625,1001.9923315403881,0.9983314605295415,41.60933446419405,0.1238,instanton_2007-08-21_T60_delta0.30_tau60_am100.npz
2007-08-22,20,0.2,0.2231435513142097,20,100.0,3.188854433956647,0.2231435513142106,0.22311359773055717,2.9953583652542193e-05,0.0,8.881784197001252e-16,0.5,10.0,5000,per_query,61425326,0.008494469466425588,0.0003800706669564169,609.0546584200553,1.0336171482965573,124.45083723167345,0.1212,instanton_2007-08-22_T20_delta0.20_tau20_am100.npz
2007-08-22,20,0.3,0.35667494393873245,20,50.0,9.471013330194939,0.35667494393873245,0.35537512262843496,0.0012998213102974887,0.0,0.0,0.5,10.0,5000,per_query,3604227769,7.262448059946531e-06,9.539028690259713e-07,160.8020083240956,0.8225100731796914,199.42356062462437,0.0142,instanton_2007-08-22_T20_delta0.30_tau20_am50.npz
2007-08-22,60,0.2,0.2231435513142097,60,100.0,1.252116610955936,0.2231435513142097,0.2230291659686401,0.0001143853455696231,0.0,0.0,0.5,10.0,5000,per_query,2182000145,0.10657826392158477,0.0027479194015655674,2809.387674695519,0.9996942632857078,11.299288228363364,0.297,instanton_2007-08-22_T60_delta0.20_tau60_am100.npz
2007-08-22,60,0.3,0.35667494393873245,60,100.0,3.5442784984233935,0.35667494393873245,0.35661001010258886,6.493383614358805e-05,0.0,0.0,0.5,10.0,5000,per_query,4075209720,0.006152766405448164,0.0002913302842083803,817.3346467258243,0.9969789729815124,59.023214502381606,0.1126,instanton_2007-08-22_T60_delta0.30_tau60_am100.npz
2007-08-23,20,0.2,0.2231435513142097,20,100.0,3.5378824664481705,0.2231435513142106,0.2231154352175606,2.8116096649100086e-05,0.0,8.881784197001252e-16,0.5,10.0,5000,per_query,1379676906,0.005490894472479843,0.00027258362716982634,809.8408365438986,1.0630630954501425,53.01846453755097,0.1046,instanton_2007-08-23_T20_delta0.20_tau20_am100.npz
2007-08-23,20,0.3,0.35667494393873245,20,50.0,10.46362277465976,0.35667494393873245,0.3553850676441357,0.001289876294596759,0.0,0.0,0.5,10.0,5000,per_query,4015700216,2.1588408844243267e-06,3.777473729882414e-07,196.4276702052591,0.9918310628945526,113.57356509487826,0.009,instanton_2007-08-23_T20_delta0.30_tau20_am50.npz
2007-08-23,60,0.2,0.2231435513142097,60,100.0,1.3814178581628007,0.2231435513142097,0.22302736192524897,0.00011618938896074127,0.0,0.0,0.5,10.0,5000,per_query,1853120327,0.09077332883831507,0.0023479398425555183,2547.670311279841,0.999009500647474,13.73690348654091,0.2864,instanton_2007-08-23_T60_delta0.20_tau60_am100.npz
2007-08-23,60,0.3,0.35667494393873245,60,100.0,3.8919103155009602,0.35667494393873245,0.35661153822086344,6.340571786900284e-05,0.0,0.0,0.5,10.0,5000,per_query,2637068013,0.0039578785020585264,0.00023349327985328883,475.98327192368123,1.0320899998895714,174.8274947475377,0.0934,instanton_2007-08-23_T60_delta0.30_tau60_am100.npz
2007-08-24,20,0.2,0.2231435513142097,20,100.0,4.253676898192258,0.2231435513142097,0.22305479599004308,8.87553241666339e-05,0.0,0.0,0.5,10.0,5000,per_query,3154366580,0.002401560406165435,0.00013952827592798693,785.8303497339887,1.0007396057486717,58.22676802115762,0.0798,instanton_2007-08-24_T20_delta0.20_tau20_am100.npz
2007-08-24,20,0.3,0.35667494393873245,20,100.0,11.87821506617185,0.35667494393873245,0.3566315654657579,4.3378472974531235e-05,0.0,0.0,0.5,10.0,5000,per_query,2916318327,6.182086113276834e-07,1.1092037130474637e-07,94.23488009715447,0.8745636990448149,277.2804551680685,0.007,instanton_2007-08-24_T20_delta0.30_tau20_am100.npz
2007-08-24,60,0.2,0.2231435513142097,60,100.0,1.6398575840644525,0.2231435513142106,0.2227814990637027,0.0003620522505070056,0.0,8.881784197001252e-16,0.5,10.0,5000,per_query,166896685,0.06467937224349883,0.001865828534585387,2264.74938946941,1.0075153746125254,13.645913996697107,0.2502,instanton_2007-08-24_T60_delta0.20_tau60_am100.npz
2007-08-24,60,0.3,0.35667494393873245,60,100.0,4.357472559257766,0.35667494393873245,0.3564659058856243,0.00020903805310812373,0.0,0.0,0.5,10.0,5000,per_query,1225096237,0.0021738948971048813,0.0001279298054557389,668.0692373287778,0.9936308660081057,67.02070413556919,0.0774,instanton_2007-08-24_T60_delta0.30_tau60_am100.npz
2007-08-27,20,0.2,0.2231435513142097,20,100.0,3.9801640083468004,0.2231435513142106,0.2231060849190838,3.7466395125917984e-05,0.0,8.881784197001252e-16,0.5,10.0,5000,per_query,3528504728,0.0031023848282622376,0.0001639596597688447,902.2020879775774,0.9586149766716789,47.34864264243134,0.0884,instanton_2007-08-27_T20_delta0.20_tau20_am100.npz
2007-08-27,20,0.3,0.35667494393873245,20,50.0,11.497244827994297,0.35667494393873245,0.3551473563440206,0.0015275875947118323,0.0,0.0,0.5,10.0,5000,per_query,3079568798,9.666437148944183e-07,1.668622645732488e-07,23.40008707966105,0.9586694912354402,937.5557795077218,0.0108,instanton_2007-08-27_T20_delta0.30_tau20_am50.npz
2007-08-27,60,0.2,0.2231435513142097,60,100.0,1.5423923339912688,0.2231435513142097,0.2229897189206973,0.00015383239351240974,0.0,0.0,0.5,10.0,5000,per_query,890056452,0.07475397215530366,0.0020830092286097967,2187.6238845113726,1.014311284323559,19.074382184244698,0.268,instanton_2007-08-27_T60_delta0.20_tau60_am100.npz
2007-08-27,60,0.3,0.35667494393873245,60,100.0,4.256851623819143,0.35667494393873245,0.35658945255825003,8.549138048241645e-05,0.0,0.0,0.5,10.0,5000,per_query,3404895219,0.0027475896899843005,0.00014895535149662552,677.4986700895728,1.0032043119152014,57.536314971487194,0.0862,instanton_2007-08-27_T60_delta0.30_tau60_am100.npz
2007-08-28,20,0.2,0.2231435513142097,20,50.0,2.7886495960926303,0.2231435513142097,0.22210277982066895,0.0010407714935407597,0.0,0.0,0.5,10.0,5000,per_query,2197096940,0.012112969086288809,0.00050920400125873,1260.6706426274854,0.9854517322052676,29.738823116275864,0.134,instanton_2007-08-28_T20_delta0.20_tau20_am50.npz
2007-08-28,20,0.3,0.35667494393873245,20,50.0,9.367949583451534,0.35667494393873245,0.3561547852195863,0.0005201587191461243,0.0,0.0,0.5,10.0,5000,per_query,435102521,6.791651500134136e-06,9.120451100963277e-07,79.36701065716716,0.9816458154402964,428.2872471549824,0.0148,instanton_2007-08-28_T20_delta0.30_tau20_am50.npz
2007-08-28,60,0.2,0.2231435513142097,60,100.0,1.1206212341820367,0.2231435513142097,0.22312470192948197,1.8849384727737117e-05,0.0,0.0,0.5,10.0,5000,per_query,1612149752,0.12204759949423215,0.0029864047905612807,2782.9379883091106,1.0145284600600841,12.12562395342143,0.3152,instanton_2007-08-28_T60_delta0.20_tau60_am100.npz
2007-08-28,60,0.3,0.35667494393873245,60,100.0,3.4873258836910885,0.35667494393873245,0.3566648711627476,1.0072775984859561e-05,0.0,0.0,0.5,10.0,5000,per_query,3155994894,0.006102938636283869,0.0003048849011940934,994.2407823979945,1.0157325015887546,49.42204501241159,0.1034,instanton_2007-08-28_T60_delta0.30_tau60_am100.npz
2007-08-29,20,0.2,0.2231435513142097,20,100.0,3.3192597170858935,0.2231435513142097,0.22311537155391115,2.8179760298563394e-05,0.0,0.0,0.5,10.0,5000,per_query,451581841,0.006464904256752286,0.00029545762563048877,921.8092947311301,1.017561002774734,44.799487740396636,0.1092,instanton_2007-08-29_T20_delta0.20_tau20_am100.npz
2007-08-29,20,0.3,0.35667494393873245,20,50.0,9.8620546689471,0.35667494393873245,0.35540224653822783,0.0012726974005046188,0.0,0.0,0.5,10.0,5000,per_query,2130332559,4.279181920676893e-06,6.338838413397017e-07,93.16989890353584,0.8804135635194943,331.14628937325057,0.0118,instanton_2007-08-29_T20_delta0.30_tau20_am50.npz
2007-08-29,60,0.2,0.2231435513142097,60,100.0,1.2999230891677627,0.2231435513142097,0.22303339505507225,0.00011015625913746163,0.0,0.0,0.5,10.0,5000,per_query,3398149710,0.09796262112877195,0.002529575913455351,2579.375286214249,1.0306673399343809,11.518077698336038,0.2914,instanton_2007-08-29_T60_delta0.20_tau60_am100.npz
2007-08-29,60,0.3,0.35667494393873245,60,100.0,3.6810698102187716,0.35667494393873245,0.3566145768096316,6.036712910084674e-05,0.0,0.0,0.5,10.0,5000,per_query,68100566,0.005225691010423666,0.0002702439280071466,723.5738615206199,1.0252165491012797,79.56985021620912,0.1038,instanton_2007-08-29_T60_delta0.30_tau60_am100.npz
2007-08-30,20,0.2,0.2231435513142097,20,100.0,3.2562484608851685,0.2231435513142097,0.22312148037070756,2.2070943502150442e-05,0.0,0.0,0.5,10.0,5000,per_query,324506961,0.007755860856621698,0.00035182982431914924,1087.5184519507877,0.9920572861007975,34.07006176027986,0.1184,instanton_2007-08-30_T20_delta0.20_tau20_am100.npz
2007-08-30,20,0.3,0.35667494393873245,20,50.0,9.810925138089564,0.35667494393873245,0.3555502379537643,0.0011247059849681662,0.0,0.0,0.5,10.0,5000,per_query,347153228,4.194002081836206e-06,6.686114284967779e-07,120.20932249814541,1.0246468969069684,236.16409048388394,0.011,instanton_2007-08-30_T20_delta0.30_tau20_am50.npz
2007-08-30,60,0.2,0.2231435513142097,60,100.0,1.2778637102446573,0.2231435513142106,0.22305449393593246,8.905737827724636e-05,0.0,8.881784197001252e-16,0.5,10.0,5000,per_query,297374250,0.10197076445656288,0.0026253472500978796,2616.6436181315485,0.9952979091822439,22.49941116481833,0.2974,instanton_2007-08-30_T60_delta0.20_tau60_am100.npz
2007-08-30,60,0.3,0.35667494393873245,60,100.0,3.6596229762198687,0.35667494393873245,0.3566266964335556,4.824750517684606e-05,0.0,0.0,0.5,10.0,5000,per_query,2887456433,0.005197190989153763,0.0002549743456616752,811.5124391731815,0.9839130703107052,45.48450136805914,0.1092,instanton_2007-08-30_T60_delta0.30_tau60_am100.npz
2007-08-31,20,0.2,0.2231435513142097,20,100.0,4.100484149910483,0.2231435513142106,0.2230877218273699,5.582948683979794e-05,0.0,8.881784197001252e-16,0.5,10.0,5000,per_query,2217083734,0.003188286733399779,0.00016563182405252285,697.3501904102143,0.9252466736708704,72.81892577442973,0.0922,instanton_2007-08-31_T20_delta0.20_tau20_am100.npz
2007-08-31,20,0.3,0.35667494393873245,20,50.0,11.588801483746181,0.35667494393873245,0.35480298589521464,0.0018719580435178074,0.0,0.0,0.5,10.0,5000,per_query,348192370,6.631681539985497e-07,1.3048272292351998e-07,100.75959823036774,0.8703539828170651,338.5528857137953,0.0074,instanton_2007-08-31_T20_delta0.30_tau20_am50.npz
2007-08-31,60,0.2,0.2231435513142097,60,100.0,1.5855062086340495,0.2231435513142097,0.22291323241358718,0.00023031890062252813,0.0,0.0,0.5,10.0,5000,per_query,2276964381,0.06939670698407663,0.0019728299955277134,2300.882472418638,1.0105107126227162,14.039894798644836,0.2582,instanton_2007-08-31_T60_delta0.20_tau60_am100.npz
2007-08-31,60,0.3,0.35667494393873245,60,100.0,4.2979762606162515,0.35667494393873245,0.3565454378010937,0.0001295061376387352,0.0,0.0,0.5,10.0,5000,per_query,1324535504,0.0025776947212942454,0.00013678145258930145,361.81077115387006,1.0130408078094755,193.12782109841746,0.0892,instanton_2007-08-31_T60_delta0.30_tau60_am100.npz
2007-09-04,20,0.2,0.2231435513142097,20,100.0,4.7295032000604404,0.2231435513142097,0.22299976220146434,0.00014378911274537387,0.0,0.0,0.5,10.0,5000,per_query,1085097240,0.0015092839357681975,8.797917489936786e-05,616.3683725204367,1.0071845405725828,93.02058893566026,0.0756,instanton_2007-09-04_T20_delta0.20_tau20_am100.npz
2007-09-04,20,0.3,0.35667494393873245,20,100.0,12.843629837508143,0.35667494393873245,0.3566021968574127,7.274708131976837e-05,0.0,0.0,0.5,10.0,5000,per_query,1719200706,2.1052490448732337e-07,4.348841707133775e-08,46.16879008208536,1.117039002829162,553.7826689078543,0.0054,instanton_2007-09-04_T20_delta0.30_tau20_am100.npz
2007-09-04,60,0.2,0.2231435513142097,60,100.0,1.8125541232281588,0.2231435513142106,0.2225116781391714,0.0006318731750383222,0.0,8.881784197001252e-16,0.5,10.0,5000,per_query,4087696732,0.05267904230498242,0.0016413443989841104,1873.451347871546,1.0162686493650246,23.846522303298094,0.2342,instanton_2007-09-04_T60_delta0.20_tau60_am100.npz
2007-09-04,60,0.3,0.35667494393873245,60,100.0,4.689695480763727,0.35667494393873245,0.35632077039781684,0.00035417354091560327,0.0,0.0,0.5,10.0,5000,per_query,762752063,0.002029562630840276,0.00012183822659399686,567.2291550039208,0.9628871602756842,86.2021448839893,0.0826,instanton_2007-09-04_T60_delta0.30_tau60_am100.npz
2007-09-05,20,0.2,0.2231435513142097,20,100.0,4.36073617650842,0.2231435513142097,0.22307957373513077,6.39775790789443e-05,0.0,0.0,0.5,10.0,5000,per_query,1714527228,0.001972537877709259,0.00011924281333146784,77.81395799568287,1.1303049051296667,605.9289057026565,0.0718,instanton_2007-09-05_T20_delta0.20_tau20_am100.npz
2007-09-05,20,0.3,0.35667494393873245,20,100.0,12.319083361234858,0.35667494393873245,0.356643362263279,3.158167545347368e-05,0.0,0.0,0.5,10.0,5000,per_query,1767351769,2.9844776542117275e-07,6.684110705347601e-08,108.78246364694479,0.9014832301806742,192.68930961355127,0.005,instanton_2007-09-05_T20_delta0.30_tau20_am100.npz
2007-09-05,60,0.2,0.2231435513142097,60,100.0,1.680319532858127,0.2231435513142106,0.22287127359370285,0.00027227772050686383,0.0,8.881784197001252e-16,0.5,10.0,5000,per_query,3574529295,0.06050032155956809,0.001821947016528216,2167.4503731395944,1.0097124431069344,20.686524530840007,0.2414,instanton_2007-09-05_T60_delta0.20_tau60_am100.npz
2007-09-05,60,0.3,0.35667494393873245,60,100.0,4.506797266820419,0.35667494393873245,0.3565234655858749,0.00015147835285755917,0.0,0.0,0.5,10.0,5000,per_query,2135653121,0.0021164483422347656,0.00012002046536829664,722.1446546167907,0.9695166363572445,37.477629701513465,0.0828,instanton_2007-09-05_T60_delta0.30_tau60_am100.npz
2007-09-06,20,0.2,0.2231435513142097,20,100.0,4.661955987137844,0.2231435513142106,0.22306359245804952,7.995885616018938e-05,0.0,8.881784197001252e-16,0.5,10.0,5000,per_query,3485626152,0.0014560411347700243,8.762575542297808e-05,651.5726507959839,0.9594664690810152,62.907140966354,0.071,instanton_2007-09-06_T20_delta0.20_tau20_am100.npz
2007-09-06,20,0.3,0.35667494393873245,20,100.0,12.973908266629966,0.35667494393873245,0.3566346442281221,4.029971061036974e-05,0.0,0.0,0.5,10.0,5000,per_query,1863219218,1.801628876050047e-07,3.738465190672024e-08,65.92518851963627,1.0465601417438217,357.4481488269678,0.0058,instanton_2007-09-06_T20_delta0.30_tau20_am100.npz
2007-09-06,60,0.2,0.2231435513142097,60,100.0,1.7888315245813098,0.2231435513142097,0.2227932085479587,0.0003503427662510106,0.0,0.0,0.5,10.0,5000,per_query,1054022071,0.05310910230817117,0.001715720258396684,2000.7300452659824,1.0280489396419417,26.81573790716525,0.2322,instanton_2007-09-06_T60_delta0.20_tau60_am100.npz
2007-09-06,60,0.3,0.35667494393873245,60,100.0,4.731297134323629,0.35667494393873245,0.356480051886912,0.0001948920518204389,0.0,0.0,0.5,10.0,5000,per_query,2775986067,0.0015206801148002426,9.301522932406998e-05,420.94726583774604,1.0234186655561108,160.0455989907505,0.074,instanton_2007-09-06_T60_delta0.30_tau60_am100.npz
2007-09-07,20,0.2,0.2231435513142097,20,100.0,4.775315812216867,0.2231435513142106,0.22312099664440677,2.2554669802943295e-05,0.0,8.881784197001252e-16,0.5,10.0,5000,per_query,1912075632,0.0013559465389114123,8.29381269161557e-05,317.0527272671615,0.9765608123870767,204.38650101910017,0.0696,instanton_2007-09-07_T20_delta0.20_tau20_am100.npz
2007-09-07,20,0.3,0.35667494393873245,20,50.0,13.916328640527354,0.35667494393873245,0.3554223007842001,0.001252643154532329,0.0,0.0,0.5,10.0,5000,per_query,954420817,8.905875015721768e-08,2.5447111388658737e-08,52.691715401735344,1.1375780869066734,539.7554456813151,0.005,instanton_2007-09-07_T20_delta0.30_tau20_am50.npz
2007-09-07,60,0.2,0.2231435513142097,60,100.0,1.8280408610020042,0.2231435513142097,0.2230534171879892,9.013412622049799e-05,0.0,0.0,0.5,10.0,5000,per_query,1374995502,0.04972224459959082,0.001536799306873847,2059.160623170814,1.0100958278940504,17.59140814351803,0.2294,instanton_2007-09-07_T60_delta0.20_tau60_am100.npz
2007-09-07,60,0.3,0.35667494393873245,60,100.0,5.074813133238123,0.35667494393873245,0.3566211293061565,5.381463257592145e-05,0.0,0.0,0.5,10.0,5000,per_query,275987865,0.0011310583047616386,7.031871123012467e-05,384.91598067026877,1.0856877015269288,138.46511453314966,0.067,instanton_2007-09-07_T60_delta0.30_tau60_am100.npz
2007-09-10,20,0.2,0.2231435513142097,20,100.0,4.695184672730825,0.2231435513142106,0.22312465910953794,1.8892204671772106e-05,0.0,8.881784197001252e-16,0.5,10.0,5000,per_query,3349845749,0.001398122427087322,8.494049533830622e-05,290.7172910607238,1.0241484619911658,191.92843457152298,0.069,instanton_2007-09-10_T20_delta0.20_tau20_am100.npz
2007-09-10,20,0.3,0.35667494393873245,20,50.0,13.827697874439858,0.35667494393873245,0.3555306643837648,0.0011442795549676532,0.0,0.0,0.5,10.0,5000,per_query,2419738711,7.997623241161075e-08,1.6955530005741866e-08,41.037318993973386,0.8963213433964212,588.4401763996963,0.0056,instanton_2007-09-10_T20_delta0.30_tau20_am50.npz
2007-09-10,60,0.2,0.2231435513142097,60,100.0,1.799512087178849,0.2231435513142106,0.22306646389805795,7.70874161517554e-05,0.0,8.881784197001252e-16,0.5,10.0,5000,per_query,688741012,0.0537547868668683,0.001591433922313316,2150.63482168886,0.9561142796421733,14.494817492836663,0.2362,instanton_2007-09-10_T60_delta0.20_tau60_am100.npz
2007-09-10,60,0.3,0.35667494393873245,60,100.0,5.040011903921678,0.35667494393873245,0.3566305969731669,4.434696556554485e-05,0.0,0.0,0.5,10.0,5000,per_query,3669109229,0.0010812151942641598,6.918918597126096e-05,432.21341046230305,1.0447542269655081,89.20495108091335,0.0658,instanton_2007-09-10_T60_delta0.30_tau60_am100.npz
2007-09-11,20,0.2,0.2231435513142097,20,100.0,5.166902591894304,0.2231435513142106,0.22308841826947212,5.513304473758751e-05,0.0,8.881784197001252e-16,0.5,10.0,5000,per_query,3771469671,0.0009137236934689538,6.741768608045836e-05,407.5905703364357,1.0537772124101172,96.59972503251846,0.061,instanton_2007-09-11_T20_delta0.20_tau20_am100.npz
2007-09-11,20,0.3,0.35667494393873245,20,50.0,14.311590275008538,0.35667494393873245,0.3546978295200711,0.00197711441866133,0.0,0.0,0.5,10.0,5000,per_query,3733533009,3.8311264695286415e-08,9.926974083281821e-09,6.1872658768864826,1.6442948614306028,3009.084079535634,0.0034,instanton_2007-09-11_T20_delta0.30_tau20_am50.npz
2007-09-11,60,0.2,0.2231435513142097,60,100.0,1.9671102263172895,0.2231435513142106,0.22292347860783135,0.0002200727063783603,0.0,8.881784197001252e-16,0.5,10.0,5000,per_query,1809249911,0.0397156708419198,0.0013130563953509806,1977.499408129234,1.004696072972516,19.983086961982174,0.2064,instanton_2007-09-11_T60_delta0.20_tau60_am100.npz
2007-09-11,60,0.3,0.35667494393873245,60,100.0,5.23327394519096,0.35667494393873245,0.3565377262548006,0.00013721768393182288,0.0,0.0,0.5,10.0,5000,per_query,2540447878,0.0009345545618753693,6.0597109670419775e-05,586.2918845663421,0.962919479365451,52.9507937927668,0.0658,instanton_2007-09-11_T60_delta0.30_tau60_am100.npz
2007-09-12,20,0.2,0.2231435513142097,20,100.0,5.640364858548198,0.2231435513142097,0.22307236625389404,7.118506031567051e-05,0.0,0.0,0.5,10.0,5000,per_query,2449886157,0.0005240325701655868,3.664936370571466e-05,378.8490271064947,0.9293636858201341,115.6225480905685,0.0532,instanton_2007-09-12_T20_delta0.20_tau20_am100.npz
2007-09-12,20,0.3,0.35667494393873245,20,100.0,15.49269150604018,0.35667494393873245,0.35663657082612144,3.837311261101206e-05,0.0,0.0,0.5,10.0,5000,per_query,2477044899,8.506137542786143e-09,3.273183365336904e-09,11.858440025085526,1.1929370548570872,1606.9811997383056,0.002,instanton_2007-09-12_T20_delta0.30_tau20_am100.npz
2007-09-12,60,0.2,0.2231435513142097,60,100.0,2.1358292772741283,0.2231435513142106,0.22283580044440932,0.0003077508698003939,0.0,8.881784197001252e-16,0.5,10.0,5000,per_query,2848631857,0.03428030578424656,0.0011386663687225319,1914.2512023846741,0.9869705232528296,15.897848099531856,0.2002,instanton_2007-09-12_T60_delta0.20_tau60_am100.npz
2007-09-12,60,0.3,0.35667494393873245,60,100.0,5.579349513663359,0.35667494393873245,0.3564963995877264,0.00017854435100606025,0.0,0.0,0.5,10.0,5000,per_query,1665490291,0.0006565563356849903,5.123556567969237e-05,444.22417058600047,0.99875286794699,69.6276594276201,0.0554,instanton_2007-09-12_T60_delta0.30_tau60_am100.npz
2007-09-13,20,0.2,0.2231435513142097,20,100.0,6.294428254342702,0.2231435513142097,0.22300451633766016,0.00013903497654954577,0.0,0.0,0.5,10.0,5000,per_query,883762160,0.00022216794962840703,2.073421927917721e-05,243.42125703823814,1.0643179977196817,191.3797090031561,0.0364,instanton_2007-09-13_T20_delta0.20_tau20_am100.npz
2007-09-13,20,0.3,0.35667494393873245,20,100.0,16.660920245074006,0.35667494393873245,0.35659708518499045,7.785875374199946e-05,0.0,0.0,0.5,10.0,5000,per_query,1662536580,6.350040417819444e-10,6.350040417819443e-10,19.733338119729336,1.0596911335761972,1063.132659134624,0.0002,instanton_2007-09-13_T20_delta0.30_tau20_am100.npz
2007-09-13,60,0.2,0.2231435513142097,60,100.0,2.365600076604631,0.2231435513142106,0.22251851420921742,0.0006250371049922876,0.0,8.881784197001252e-16,0.5,10.0,5000,per_query,189005454,0.026152633349521205,0.0009815517614391376,1466.208660861424,1.0231338877647502,39.423077978710786,0.1784,instanton_2007-09-13_T60_delta0.20_tau60_am100.npz
2007-09-13,60,0.3,0.35667494393873245,60,100.0,5.973924014963118,0.35667494393873245,0.3563184634566525,0.0003564804820799239,0.0,0.0,0.5,10.0,5000,per_query,2703872660,0.00038433625387217853,3.1171250615163344e-05,231.38697683089748,0.9839092659904086,181.05782730817023,0.0448,instanton_2007-09-13_T60_delta0.30_tau60_am100.npz
2007-09-14,20,0.2,0.2231435513142097,20,100.0,6.387769519706758,0.2231435513142097,0.2230048103833404,0.00013874093086929662,0.0,0.0,0.5,10.0,5000,per_query,3939707035,0.000193191381321741,1.8548514670647198e-05,341.72617239333096,0.9370343107682871,119.83223750820272,0.0344,instanton_2007-09-14_T20_delta0.20_tau20_am100.npz
2007-09-14,20,0.3,0.35667494393873245,20,100.0,16.883693710077466,0.35667494393873245,0.35659688192416805,7.80620145643951e-05,0.0,0.0,0.5,10.0,5000,per_query,3074411082,2.8036532288741047e-09,1.1719727469380374e-09,13.313557196245357,0.8882627740906489,1168.503634849157,0.0014,instanton_2007-09-14_T20_delta0.30_tau20_am100.npz
2007-09-14,60,0.2,0.2231435513142097,60,100.0,2.396663890559332,0.2231435513142097,0.22251392216820953,0.0006296291460001768,0.0,0.0,0.5,10.0,5000,per_query,1430507906,0.024612780908871174,0.0009066445396508968,1666.5576899480427,0.9884178375933794,21.54503675730145,0.1788,instanton_2007-09-14_T60_delta0.20_tau60_am100.npz
2007-09-14,60,0.3,0.35667494393873245,60,100.0,6.047383635912545,0.35667494393873245,0.35629837828293986,0.0003765656557925823,0.0,0.0,0.5,10.0,5000,per_query,2085238258,0.00039988129455131985,2.9404212387311807e-05,120.04331671444567,1.091254073923532,406.354583807919,0.0516,instanton_2007-09-14_T60_delta0.30_tau60_am100.npz
2007-09-17,20,0.2,0.2231435513142097,20,100.0,6.59431311328816,0.2231435513142106,0.22305808271256478,8.546860164493353e-05,0.0,8.881784197001252e-16,0.5,10.0,5000,per_query,1036817979,0.00016531024847984762,1.3662638911130804e-05,323.52656072668304,0.9865519129398803,148.53558287504885,0.0374,instanton_2007-09-17_T20_delta0.20_tau20_am100.npz
2007-09-17,20,0.3,0.35667494393873245,20,100.0,17.694172401611016,0.35667494393873245,0.3566262903812367,4.865355749572586e-05,0.0,0.0,0.5,10.0,5000,per_query,1205547394,9.803622383417318e-10,6.943327146714232e-10,9.102322985973956,1.5680045017665833,2371.7970110990823,0.0004,instanton_2007-09-17_T20_delta0.30_tau20_am100.npz
2007-09-17,60,0.2,0.2231435513142097,60,100.0,2.467613960567105,0.2231435513142106,0.22277161306326132,0.0003719382509483893,0.0,8.881784197001252e-16,0.5,10.0,5000,per_query,1888347260,0.022857792944514434,0.0009193108984243689,1666.7834430982657,0.9858070058920857,19.062192409456067,0.1702,instanton_2007-09-17_T60_delta0.20_tau60_am100.npz
2007-09-17,60,0.3,0.35667494393873245,60,100.0,6.312040368644195,0.35667494393873245,0.35644691268914563,0.0002280312495868131,0.0,0.0,0.5,10.0,5000,per_query,2267969731,0.0002034469644056264,1.880382397803558e-05,112.7984478427763,1.0802828754738245,327.4488593662072,0.0332,instanton_2007-09-17_T60_delta0.30_tau60_am100.npz
2007-09-18,20,0.2,0.2231435513142097,20,100.0,6.861413498381208,0.2231435513142106,0.2218378323952317,0.001305718918978016,0.0,8.881784197001252e-16,0.5,10.0,5000,per_query,1994556342,0.00011454251792295316,1.0428985779185097e-05,283.8566548487572,0.9504764860287113,118.19110585921685,0.0328,instanton_2007-09-18_T20_delta0.20_tau20_am100.npz
2007-09-18,20,0.3,0.35667494393873245,20,100.0,16.79817476613077,0.35667494393873245,0.35593070172408403,0.0007442422146484162,0.0,0.0,0.5,10.0,5000,per_query,509196713,3.4725607822572225e-09,1.3839936793211343e-09,1.8351414464412565,2.3391902933442936,8626.18119728562,0.0018,instanton_2007-09-18_T20_delta0.30_tau20_am100.npz
2007-09-18,60,0.2,0.2231435513142097,60,200.0,2.5951388693813064,0.2231435513142097,0.2229416434559699,0.00020190785823981372,0.0,0.0,0.5,10.0,5000,per_query,96856402,0.023129460370300354,0.0008834420673535723,1394.5880152888842,1.0061172448630817,36.25491884747257,0.1776,instanton_2007-09-18_T60_delta0.20_tau60_am200.npz
2007-09-18,60,0.3,0.35667494393873245,60,200.0,6.068544148750844,0.35667494393873245,0.3565494956794799,0.00012544825925253633,0.0,0.0,0.5,10.0,5000,per_query,2167354825,0.0004130870423179024,3.456000912901145e-05,394.9548195853439,1.0369701113272976,105.12812276411142,0.046,instanton_2007-09-18_T60_delta0.30_tau60_am200.npz
2007-09-19,20,0.2,0.2231435513142097,20,200.0,7.241054807806213,0.2231435513142097,0.22304010602274982,0.00010344529145989156,0.0,0.0,0.5,10.0,5000,per_query,3234979619,9.279198178687256e-05,8.357658476724115e-06,131.32474200259725,1.1013665443415572,359.94508989250517,0.0324,instanton_2007-09-19_T20_delta0.20_tau20_am200.npz
2007-09-19,20,0.3,0.35667494393873245,20,100.0,17.139508268059068,0.35667494393873245,0.3552991438846673,0.0013758000540651238,0.0,0.0,0.5,10.0,5000,per_query,80442203,4.243677685287352e-09,2.218016782528876e-09,36.754210739115415,0.7644398360465764,524.9868505803175,0.0014,instanton_2007-09-19_T20_delta0.30_tau20_am100.npz
2007-09-19,60,0.2,0.2231435513142097,60,200.0,2.7009235636072413,0.2231435513142097,0.22251899009575915,0.0006245612184505589,0.0,0.0,0.5,10.0,5000,per_query,3101041821,0.02296863383544604,0.0008821996059158528,1421.4792577837638,0.9829199389056194,43.254475161393735,0.183,instanton_2007-09-19_T60_delta0.20_tau60_am200.npz
2007-09-19,60,0.3,0.35667494393873245,60,200.0,6.198509736011867,0.35667494393873245,0.3562797395341457,0.00039520440458673534,0.0,0.0,0.5,10.0,5000,per_query,2893206366,0.0003565914983503462,3.257972860183736e-05,118.69318907674719,1.0459681614931142,389.05130777398995,0.0466,instanton_2007-09-19_T60_delta0.30_tau60_am200.npz
2007-09-20,20,0.2,0.2231435513142097,20,100.0,6.896859278213039,0.2231435513142106,0.22197811905381482,0.0011654322603948941,0.0,8.881784197001252e-16,0.5,10.0,5000,per_query,2119005441,0.00011598541953721513,1.0518723898276056e-05,199.66564980850308,0.9868843454362057,220.904298545849,0.0326,instanton_2007-09-20_T20_delta0.20_tau20_am100.npz
2007-09-20,20,0.3,0.35667494393873245,20,100.0,16.922343242727518,0.35667494393873245,0.35600939090766737,0.0006655530310650803,0.0,0.0,0.5,10.0,5000,per_query,74799838,2.3252343937662875e-09,1.166987393339705e-09,12.927383738410635,0.9933284611435925,1324.0863887891003,0.001,instanton_2007-09-20_T20_delta0.30_tau20_am100.npz
2007-09-20,60,0.2,0.2231435513142097,60,200.0,2.6077485683951283,0.2231435513142097,0.22298694903454575,0.00015660227966396434,0.0,0.0,0.5,10.0,5000,per_query,2197007707,0.02386935195135671,0.0009754200895400744,1545.4385196895053,1.0022311292293151,23.478194467181243,0.181,instanton_2007-09-20_T60_delta0.20_tau60_am200.npz
2007-09-20,60,0.3,0.35667494393873245,60,200.0,6.109420400512904,0.35667494393873245,0.3565746063276469,0.00010033761108552142,0.0,0.0,0.5,10.0,5000,per_query,1234760709,0.00043200851579706294,3.411469755116165e-05,302.6777277894244,0.9938202137141081,148.15232472329447,0.0518,instanton_2007-09-20_T60_delta0.30_tau60_am200.npz
2007-09-21,20,0.2,0.2231435513142097,20,100.0,7.032747730721335,0.2231435513142097,0.2216157379255712,0.0015278133886384992,0.0,0.0,0.5,10.0,5000,per_query,544003738,0.00011368744319966728,1.029390088313431e-05,432.83519398035344,0.935306110565875,51.668124093283765,0.0346,instanton_2007-09-21_T20_delta0.20_tau20_am100.npz
2007-09-21,20,0.3,0.35667494393873245,20,100.0,17.11345088450783,0.35667494393873245,0.35579613151638156,0.0008788124223508831,0.0,0.0,0.5,10.0,5000,per_query,3543547194,1.507912049923033e-09,7.475130368476903e-10,28.8434971858987,0.9433537231804728,628.9404439681593,0.001,instanton_2007-09-21_T20_delta0.30_tau20_am100.npz
2007-09-21,60,0.2,0.2231435513142097,60,200.0,2.6625978173227143,0.2231435513142097,0.22286047906936357,0.0002830722448461387,0.0,0.0,0.5,10.0,5000,per_query,2104639659,0.021948470224124127,0.0008163066676879436,1284.6775270302148,1.0217249841214173,46.745479593714045,0.1798,instanton_2007-09-21_T60_delta0.20_tau60_am200.npz
2007-09-21,60,0.3,0.35667494393873245,60,200.0,6.181107248679741,0.35667494393873245,0.35650732442736555,0.000167619511366901,0.0,0.0,0.5,10.0,5000,per_query,983878896,0.0003823338810354197,2.9957688023081804e-05,350.8493705281314,1.05709673088504,77.63571357283034,0.0502,instanton_2007-09-21_T60_delta0.30_tau60_am200.npz
2007-09-24,20,0.2,0.2231435513142097,20,100.0,7.194734276023414,0.2231435513142097,0.22185942463209685,0.0012841266821128627,0.0,0.0,0.5,10.0,5000,per_query,109354400,9.258589234381853e-05,9.975328554804359e-06,255.60951218705333,0.984928375883356,135.14159214698125,0.0304,instanton_2007-09-24_T20_delta0.20_tau20_am100.npz
2007-09-24,20,0.3,0.35667494393873245,20,100.0,17.53654991368639,0.35667494393873245,0.3559298480180795,0.0007450959206529717,0.0,0.0,0.5,10.0,5000,per_query,1063335681,1.953956382642739e-09,1.0027883386271106e-09,42.10736070055037,0.9045813355414474,365.06739122403025,0.001,instanton_2007-09-24_T20_delta0.30_tau20_am100.npz
2007-09-24,60,0.2,0.2231435513142097,60,200.0,2.7160190856294184,0.2231435513142097,0.22293945135679927,0.00020409995741044185,0.0,0.0,0.5,10.0,5000,per_query,1038588456,0.020748533249701426,0.0008459549090094904,1372.4687748969552,0.9737348178542561,31.692126495067857,0.1724,instanton_2007-09-24_T60_delta0.20_tau60_am200.npz
2007-09-24,60,0.3,0.35667494393873245,60,200.0,6.318421054014892,0.35667494393873245,0.3565550430900011,0.00011990084873136908,0.0,0.0,0.5,10.0,5000,per_query,140950815,0.00028022877350804965,2.507240690075585e-05,355.731496868033,0.992573862014879,121.51846527916003,0.0398,instanton_2007-09-24_T60_delta0.30_tau60_am200.npz
2007-09-25,20,0.2,0.2231435513142097,20,100.0,7.2354872553055785,0.2231435513142106,0.22208284366902742,0.0010607076451822905,0.0,8.881784197001252e-16,0.5,10.0,5000,per_query,2896925189,9.43119080271963e-05,8.54523139844602e-06,84.73372505293814,1.1067610803141181,452.05737307952,0.0334,instanton_2007-09-25_T20_delta0.20_tau20_am100.npz
2007-09-25,20,0.3,0.35667494393873245,20,100.0,17.70766891981901,0.35667494393873245,0.3560568286828234,0.0006181152559090464,0.0,0.0,0.5,10.0,5000,per_query,2547777603,9.057390988544744e-10,5.572624491598145e-10,23.545916605995966,1.5165008266225966,824.428921524682,0.0008,instanton_2007-09-25_T20_delta0.30_tau20_am100.npz
2007-09-25,60,0.2,0.2231435513142097,60,200.0,2.725858493017886,0.2231435513142097,0.22301138009975752,0.0001321712144521925,0.0,0.0,0.5,10.0,5000,per_query,1269341070,0.01957505861909348,0.0008057238489068307,1419.7116417531868,0.9961080627904887,25.187457967027235,0.1646,instanton_2007-09-25_T60_delta0.20_tau60_am200.npz
2007-09-25,60,0.3,0.35667494393873245,60,200.0,6.370585069026111,0.35667494393873245,0.35659056580872495,8.437813000750083e-05,0.0,0.0,0.5,10.0,5000,per_query,297569319,0.00026804454776429047,2.177352378062052e-05,548.9773321363859,0.9296969561443394,51.79892906311613,0.043,instanton_2007-09-25_T60_delta0.30_tau60_am200.npz
2007-09-26,20,0.2,0.2231435513142097,20,100.0,8.539984673351334,0.2231435513142097,0.22125805521103104,0.0018854961031786743,0.0,0.0,0.5,10.0,5000,per_query,3152242192,1.8749567233237336e-05,2.1638880216865047e-06,27.799788303224712,1.1294186649212838,918.7705032060288,0.02,instanton_2007-09-26_T20_delta0.20_tau20_am100.npz
2007-09-26,20,0.3,0.35667494393873245,20,100.0,20.2635864732495,0.35667494393873245,0.35550774680081343,0.0011671971379190182,0.0,0.0,0.5,10.0,5000,per_query,945170461,0.0,0.0,23.478931883263492,0.8133029666911157,646.2882464338696,0.0,instanton_2007-09-26_T20_delta0.30_tau20_am100.npz
2007-09-26,60,0.2,0.2231435513142097,60,200.0,3.1945831346619027,0.2231435513142097,0.2227399122449052,0.00040363906930451776,0.0,0.0,0.5,10.0,5000,per_query,1195336543,0.011579236352149566,0.0005353996811074489,1110.0212462260686,0.9981617182627306,53.08364215437908,0.137,instanton_2007-09-26_T60_delta0.20_tau60_am200.npz
2007-09-26,60,0.3,0.35667494393873245,60,200.0,7.239371000681174,0.35667494393873245,0.35641120997597575,0.0002637339627566959,0.0,0.0,0.5,10.0,5000,per_query,2418088058,9.66726513239386e-05,1.0653398371045259e-05,113.69386145412602,1.0263210450585074,403.6739097827357,0.0284,instanton_2007-09-26_T60_delta0.30_tau60_am200.npz
2007-09-27,20,0.2,0.2231435513142097,20,200.0,10.030803535299716,0.2231435513142097,0.22292088637493013,0.00022266493927958209,0.0,0.0,0.5,10.0,5000,per_query,1712866277,5.594381048420424e-06,1.0162396224500615e-06,200.20070538594285,0.8910251697534013,169.15704710986677,0.0132,instanton_2007-09-27_T20_delta0.20_tau20_am200.npz
2007-09-27,20,0.3,0.35667494393873245,20,200.0,22.82645411144313,0.35667494393873245,0.3565545098847416,0.00012043405399086993,0.0,0.0,0.5,10.0,5000,per_query,4123232300,0.0,0.0,14.964859649474315,1.1786698856415905,1406.4337947541503,0.0,instanton_2007-09-27_T20_delta0.30_tau20_am200.npz
2007-09-27,60,0.2,0.2231435513142097,60,200.0,3.6421032578870323,0.2231435513142097,0.22166417834753016,0.0014793729666795485,0.0,0.0,0.5,10.0,5000,per_query,2631676142,0.0070632594375371555,0.00033076835719655337,851.9092834589654,0.9871368244614787,48.59182981836845,0.1234,instanton_2007-09-27_T60_delta0.20_tau60_am200.npz
2007-09-27,60,0.3,0.35667494393873245,60,200.0,8.031915170775822,0.35667494393873245,0.35575584220335177,0.0009191017353806785,0.0,0.0,0.5,10.0,5000,per_query,3449626291,4.954253388321487e-05,5.678414641459226e-06,356.0148239267507,0.8652332644876541,76.22284974441159,0.026,instanton_2007-09-27_T60_delta0.30_tau60_am200.npz
2007-09-28,20,0.2,0.2231435513142097,20,200.0,9.753948572471954,0.2231435513142097,0.2230299709395993,0.00011358037461040027,0.0,0.0,0.5,10.0,5000,per_query,2765056011,5.872673609434587e-06,8.150863234136219e-07,32.170190825453155,1.108380711166746,899.4932970134282,0.013,instanton_2007-09-28_T20_delta0.20_tau20_am200.npz
2007-09-28,20,0.3,0.35667494393873245,20,100.0,22.30081990260965,0.35667494393873245,0.3550240896007608,0.00165085433797163,0.0,0.0,0.5,10.0,5000,per_query,432849816,0.0,0.0,26.82440794529079,0.996667970663417,773.9213431539338,0.0,instanton_2007-09-28_T20_delta0.30_tau20_am100.npz
2007-09-28,60,0.2,0.2231435513142097,60,200.0,3.557113972513872,0.2231435513142097,0.22243974721263093,0.0007038041015787755,0.0,0.0,0.5,10.0,5000,per_query,2328920678,0.007648807290420317,0.00035086821174474706,962.3331660509988,0.964333236672072,41.130670431568184,0.1254,instanton_2007-09-28_T60_delta0.20_tau60_am200.npz
2007-09-28,60,0.3,0.35667494393873245,60,200.0,7.915186750915571,0.35667494393873245,0.3561965134537557,0.0004784304849767551,0.0,0.0,0.5,10.0,5000,per_query,2154469005,5.94106023827587e-05,9.49186636801707e-06,157.4536585954334,1.0810771618489483,194.0331359384682,0.0272,instanton_2007-09-28_T60_delta0.30_tau60_am200.npz
2007-10-01,20,0.2,0.2231435513142097,20,200.0,10.51324073467339,0.2231435513142097,0.2218551807633311,0.0012883705508786036,0.0,0.0,0.5,10.0,5000,per_query,1397856731,3.4472011892437204e-06,4.7298685586284237e-07,99.13672451621504,0.9354225498602525,326.0310981194333,0.0138,instanton_2007-10-01_T20_delta0.20_tau20_am200.npz
2007-10-01,20,0.3,0.35667494393873245,20,200.0,23.418489957031547,0.35667494393873245,0.3559977349326857,0.0006772090060467306,0.0,0.0,0.5,10.0,5000,per_query,1754383970,0.0,0.0,27.57130331023146,1.0720243560021387,697.8219775219931,0.0,instanton_2007-10-01_T20_delta0.30_tau20_am200.npz
2007-10-01,60,0.2,0.2231435513142097,60,200.0,3.734648052562137,0.2231435513142097,0.21597228802159307,0.007171263292616636,0.0,0.0,0.5,10.0,5000,per_query,2690145794,0.0075022725785389025,0.00035597141428913323,735.2360627582951,1.0034904469758488,70.43459395502207,0.1274,instanton_2007-10-01_T60_delta0.20_tau60_am200.npz
2007-10-01,60,0.3,0.35667494393873245,60,200.0,8.15333987318286,0.35667494393873245,0.3519283442503296,0.004746599688402853,0.0,0.0,0.5,10.0,5000,per_query,2042543161,6.8156745335681e-05,7.846017040525999e-06,174.24383004524728,0.8970590089147324,230.61711255888127,0.0306,instanton_2007-10-01_T60_delta0.30_tau60_am200.npz
2007-10-02,20,0.2,0.2231435513142097,20,200.0,10.727654733962819,0.2231435513142097,0.22220774215338768,0.000935809160822032,0.0,0.0,0.5,10.0,5000,per_query,1338278914,2.0714821741893973e-06,3.4549266800815957e-07,109.71618041931937,1.0625753733919105,274.80154000051,0.011,instanton_2007-10-02_T20_delta0.20_tau20_am200.npz
2007-10-02,20,0.3,0.35667494393873245,20,200.0,23.88597136294735,0.35667494393873245,0.35616957356902823,0.0005053703697042167,0.0,0.0,0.5,10.0,5000,per_query,4104306526,2.1373363374580274e-11,2.1373363374580274e-11,42.202850912629685,0.8746670279907758,404.8353384139521,0.0002,instanton_2007-10-02_T20_delta0.30_tau20_am200.npz
2007-10-02,60,0.2,0.2231435513142097,60,200.0,3.823105778322466,0.2231435513142097,0.2173533850104583,0.005790166303751398,0.0,0.0,0.5,10.0,5000,per_query,3004008603,0.0067390879788275185,0.00033540244430229786,573.2145263409972,1.0087585290721712,107.85519135283951,0.1244,instanton_2007-10-02_T60_delta0.20_tau60_am200.npz
2007-10-02,60,0.3,0.35667494393873245,60,200.0,8.322424851408641,0.35667494393873245,0.3523369564686867,0.004337987470045768,0.0,0.0,0.5,10.0,5000,per_query,2169867662,3.92008783467715e-05,4.534026603511664e-06,150.28736827815348,1.0441363407593882,219.7506741211061,0.024,instanton_2007-10-02_T60_delta0.30_tau60_am200.npz
2007-10-03,20,0.2,0.2231435513142097,20,200.0,10.80678758492525,0.2231435513142097,0.22254701853322523,0.0005965327809844823,0.0,0.0,0.5,10.0,5000,per_query,2478040208,2.0999277360691787e-06,3.852914755252489e-07,167.44541903447785,0.8916967713520962,177.40346276760422,0.0094,instanton_2007-10-03_T20_delta0.20_tau20_am200.npz
2007-10-03,20,0.3,0.35667494393873245,20,200.0,24.127718463128026,0.35667494393873245,0.3563454660171619,0.00032947792157056455,0.0,0.0,0.5,10.0,5000,per_query,86428341,0.0,0.0,40.632964463750646,0.7108708727972843,468.03115223253735,0.0,instanton_2007-10-03_T20_delta0.30_tau20_am200.npz
2007-10-03,60,0.2,0.2231435513142097,60,200.0,3.872486849814749,0.2231435513142097,0.21925103055940554,0.003892520754804174,0.0,0.0,0.5,10.0,5000,per_query,2245567174,0.006052376197078409,0.0003275896712533065,1041.6821940794953,0.976765193432892,38.67086337255046,0.1268,instanton_2007-10-03_T60_delta0.20_tau60_am200.npz
2007-10-03,60,0.3,0.35667494393873245,60,200.0,8.425938927333688,0.35667494393873245,0.35385670500850885,0.0028182389302235933,0.0,0.0,0.5,10.0,5000,per_query,1086328435,3.160100509980338e-05,3.671794292114116e-06,224.64610473625447,1.0272858663257338,154.2967917723386,0.025,instanton_2007-10-03_T60_delta0.30_tau60_am200.npz
2007-10-04,20,0.2,0.2231435513142097,20,200.0,10.933569802688561,0.2231435513142097,0.22228924315027854,0.0008543081639311723,0.0,0.0,0.5,10.0,5000,per_query,3348148273,1.7213047464034043e-06,2.9513509349346924e-07,100.45068542362513,1.028356153518091,213.98900800730073,0.0094,instanton_2007-10-04_T20_delta0.20_tau20_am200.npz
2007-10-04,20,0.3,0.35667494393873245,20,200.0,24.30479316030626,0.35667494393873245,0.3562041728608669,0.0004707710778655283,0.0,0.0,0.5,10.0,5000,per_query,1087178753,0.0,0.0,22.691894762680814,0.9375870591142124,871.9012571244642,0.0,instanton_2007-10-04_T20_delta0.30_tau20_am200.npz
2007-10-04,60,0.2,0.2231435513142097,60,200.0,3.8932924105624704,0.2231435513142097,0.2177477959536409,0.005395755360568799,0.0,0.0,0.5,10.0,5000,per_query,2451408251,0.006270544524595624,0.00035442231111933913,960.8395572666138,0.9646029413064422,34.86039459455091,0.116,instanton_2007-10-04_T60_delta0.20_tau60_am200.npz
2007-10-04,60,0.3,0.35667494393873245,60,200.0,8.463120180157492,0.35667494393873245,0.35276480904835505,0.0039101348903773925,0.0,0.0,0.5,10.0,5000,per_query,380781359,3.859175857594037e-05,4.175237949086376e-06,148.26154349711013,0.897118927890711,165.3450968550672,0.0256,instanton_2007-10-04_T60_delta0.30_tau60_am200.npz
2007-10-05,20,0.2,0.2231435513142097,20,200.0,11.267133933156384,0.2231435513142097,0.22170401407551754,0.0014395372386921679,0.0,0.0,0.5,10.0,5000,per_query,1156980349,1.333408362704366e-06,2.2125580292189356e-07,129.87397173362442,0.9637227844199177,205.3237101896527,0.0096,instanton_2007-10-05_T20_delta0.20_tau20_am200.npz
2007-10-05,20,0.3,0.35667494393873245,20,200.0,24.87147126852429,0.35667494393873245,0.3558844038796307,0.0007905400591017298,0.0,0.0,0.5,10.0,5000,per_query,1120547185,0.0,0.0,20.064973551301566,1.1007145095082302,998.0423655045829,0.0,instanton_2007-10-05_T20_delta0.30_tau20_am200.npz
2007-10-05,60,0.2,0.2231435513142097,60,200.0,3.969279776086732,0.2231435513142097,0.21574971502601326,0.007393836288196454,0.0,0.0,0.5,10.0,5000,per_query,1320236006,0.005635053317000757,0.00029784034885600735,773.263722062493,0.9817821273815487,51.66300126149206,0.1152,instanton_2007-10-05_T60_delta0.20_tau60_am200.npz
2007-10-05,60,0.3,0.35667494393873245,60,200.0,8.610257858000004,0.35667494393873245,0.35113192391174763,0.005543020026984813,0.0,0.0,0.5,10.0,5000,per_query,998572186,3.344478304751381e-05,4.060384470096056e-06,212.03200150574918,0.9608262678383181,173.9771172552289,0.0246,instanton_2007-10-05_T60_delta0.30_tau60_am200.npz
2007-10-08,20,0.2,0.2231435513142097,20,200.0,10.78374689420495,0.2231435513142097,0.2227318809074772,0.00041167040673251165,0.0,0.0,0.5,10.0,5000,per_query,3002310605,2.5931775585681915e-06,3.9631470011291424e-07,29.88642467285044,1.1870873655555074,995.4844503105213,0.0132,instanton_2007-10-08_T20_delta0.20_tau20_am200.npz
2007-10-08,20,0.3,0.35667494393873245,20,200.0,24.167001656485674,0.35667494393873245,0.3564452151337729,0.00022972880495952808,0.0,0.0,0.5,10.0,5000,per_query,1795016728,2.0726740607385513e-11,2.0726740607385516e-11,115.87681874685875,0.5736438030515286,132.11889428927043,0.0002,instanton_2007-10-08_T20_delta0.30_tau20_am200.npz
2007-10-08,60,0.2,0.2231435513142097,60,200.0,3.877571370197792,0.2231435513142097,0.22057526734871846,0.002568283965491247,0.0,0.0,0.5,10.0,5000,per_query,3528481529,0.005811383785239713,0.00031243714556269123,672.3735979740459,1.0361764025405613,104.55685560149774,0.1106,instanton_2007-10-08_T60_delta0.20_tau60_am200.npz
2007-10-08,60,0.3,0.35667494393873245,60,200.0,8.452985929798016,0.35667494393873245,0.3548318580063494,0.0018430859323830262,0.0,0.0,0.5,10.0,5000,per_query,3493542270,3.157957141644645e-05,3.528873151091834e-06,155.508939081961,1.0141616550901325,218.82819182050747,0.0238,instanton_2007-10-08_T60_delta0.30_tau60_am200.npz
2007-10-09,20,0.2,0.2231435513142097,20,200.0,11.340943987927604,0.2231435513142097,0.2216958292216029,0.0014477220926067957,0.0,0.0,0.5,10.0,5000,per_query,3802950599,1.4491714222724235e-06,2.455907548127799e-07,115.65558040932248,0.879762154834238,226.1924501456672,0.0098,instanton_2007-10-09_T20_delta0.20_tau20_am200.npz
2007-10-09,20,0.3,0.35667494393873245,20,200.0,25.013548714825266,0.35667494393873245,0.35587368620056115,0.0008012577381713015,0.0,0.0,0.5,10.0,5000,per_query,49986309,0.0,0.0,19.125676641573925,1.2038815390027915,1223.8771465990867,0.0,instanton_2007-10-09_T20_delta0.30_tau20_am200.npz
2007-10-09,60,0.2,0.2231435513142097,60,200.0,4.0085203113169365,0.2231435513142097,0.2150245897106995,0.008118961603510222,0.0,0.0,0.5,10.0,5000,per_query,774020534,0.005425380866310244,0.0002930708681716555,680.4555776524165,1.0094493335183485,88.72291229349877,0.1134,instanton_2007-10-09_T60_delta0.20_tau60_am200.npz
2007-10-09,60,0.3,0.35667494393873245,60,200.0,8.657735549765524,0.35667494393873245,0.35107846457361713,0.005596479365115314,0.0,0.0,0.5,10.0,5000,per_query,1944066956,3.101493528121185e-05,3.8813287643763225e-06,136.18670665718167,0.9078669655206896,273.8544120322682,0.0244,instanton_2007-10-09_T60_delta0.30_tau60_am200.npz
2007-10-10,20,0.2,0.2231435513142097,20,200.0,11.236547911250284,0.2231435513142097,0.22219026080743642,0.0009532905067732855,0.0,0.0,0.5,10.0,5000,per_query,3075549602,1.4497215978164533e-06,2.6601126297797213e-07,32.105142415989526,1.0356889128875812,723.2356667412265,0.0096,instanton_2007-10-10_T20_delta0.20_tau20_am200.npz
2007-10-10,20,0.3,0.35667494393873245,20,200.0,24.87465647567111,0.35667494393873245,0.3561423528572929,0.0005325910814395485,0.0,0.0,0.5,10.0,5000,per_query,3854059065,1.5791349901838553e-11,1.5791349901838553e-11,39.8160760304282,0.8024563720596991,395.6648760951783,0.0002,instanton_2007-10-10_T20_delta0.30_tau20_am200.npz
2007-10-10,60,0.2,0.2231435513142097,60,200.0,3.9886334984982623,0.2231435513142097,0.21786758934688777,0.0052759619673219404,0.0,0.0,0.5,10.0,5000,per_query,391398616,0.005125865083927551,0.00025891252096255476,938.4960666734676,0.977971153322537,41.820935549487416,0.1118,instanton_2007-10-10_T60_delta0.20_tau60_am200.npz
2007-10-10,60,0.3,0.35667494393873245,60,200.0,8.638682187531252,0.35667494393873245,0.35244958112078617,0.0042253628179462766,0.0,0.0,0.5,10.0,5000,per_query,4146528351,2.5193883125785476e-05,3.019480256857842e-06,187.41968620372694,0.9781945666976771,168.17289564436012,0.0218,instanton_2007-10-10_T60_delta0.30_tau60_am200.npz
2007-10-11,20,0.2,0.2231435513142097,20,200.0,10.942931694044416,0.2231435513142097,0.22281536519410494,0.00032818612010476755,0.0,0.0,0.5,10.0,5000,per_query,2136428169,1.53227549372913e-06,2.60819013688704e-07,42.91996808782996,1.1337423193956373,524.2552632771674,0.009,instanton_2007-10-11_T20_delta0.20_tau20_am200.npz
2007-10-11,20,0.3,0.35667494393873245,20,200.0,24.537740599802934,0.35667494393873245,0.3564882612470246,0.00018668269170785123,0.0,0.0,0.5,10.0,5000,per_query,3645375946,0.0,0.0,81.40758039849761,0.7202378698599079,166.8991813215833,0.0,instanton_2007-10-11_T20_delta0.30_tau20_am200.npz
2007-10-11,60,0.2,0.2231435513142097,60,200.0,3.939477587288269,0.2231435513142097,0.22091506305485176,0.0022284882593579525,0.0,0.0,0.5,10.0,5000,per_query,330524365,0.00552636459997116,0.00027796251160429184,995.0290696689584,0.9935091207926222,36.35235715221926,0.1138,instanton_2007-10-11_T60_delta0.20_tau60_am200.npz
2007-10-11,60,0.3,0.35667494393873245,60,200.0,8.577169153381378,0.35667494393873245,0.3551669359707246,0.001508007968007874,0.0,0.0,0.5,10.0,5000,per_query,2613030621,2.449471108584395e-05,2.95857720936473e-06,198.4026859383947,1.0481578644232195,188.85007131926952,0.0212,instanton_2007-10-11_T60_delta0.30_tau60_am200.npz
2007-10-12,20,0.2,0.2231435513142097,20,200.0,11.272395542901076,0.2231435513142097,0.22201029751466717,0.001133253799542544,0.0,0.0,0.5,10.0,5000,per_query,3911697794,1.751810412841036e-06,2.8127109771609445e-07,4.4027986694434,2.0738673051437564,4899.68304867453,0.0116,instanton_2007-10-12_T20_delta0.20_tau20_am200.npz
2007-10-12,20,0.3,0.35667494393873245,20,200.0,24.915847958384965,0.35667494393873245,0.35604560443630984,0.00062933950242261,0.0,0.0,0.5,10.0,5000,per_query,3912467845,0.0,0.0,32.67366729005317,0.8671060400028214,627.2869817281255,0.0,instanton_2007-10-12_T20_delta0.30_tau20_am200.npz
2007-10-12,60,0.2,0.2231435513142097,60,200.0,3.990641130403506,0.2231435513142097,0.21653572055612802,0.00660783075808169,0.0,0.0,0.5,10.0,5000,per_query,3642714848,0.005160370508473909,0.00025871628112079877,841.6282323882033,1.0023387752486743,48.271302721044535,0.1146,instanton_2007-10-12_T60_delta0.20_tau60_am200.npz
2007-10-12,60,0.3,0.35667494393873245,60,200.0,8.640847419633095,0.35667494393873245,0.35200006858789923,0.004674875350833219,0.0,0.0,0.5,10.0,5000,per_query,3099064303,2.154385296713412e-05,2.7190583291049286e-06,177.89689576259704,0.9855606400524435,185.8991076887295,0.0194,instanton_2007-10-12_T60_delta0.30_tau60_am200.npz
2007-10-15,20,0.2,0.2231435513142097,20,200.0,10.457788661655012,0.2231435513142097,0.22296781050198966,0.00017574081222004878,0.0,0.0,0.5,10.0,5000,per_query,1812587188,2.849504703273163e-06,4.5097051548189757e-07,85.20398494487512,0.8693400392276741,259.90317964515015,0.0116,instanton_2007-10-15_T20_delta0.20_tau20_am200.npz
2007-10-15,20,0.3,0.35667494393873245,20,200.0,23.74689948600302,0.35667494393873245,0.3565769240873422,9.801985139024083e-05,0.0,0.0,0.5,10.0,5000,per_query,2937017498,0.0,0.0,49.82549022205441,0.958753756387561,414.6770836718123,0.0,instanton_2007-10-15_T20_delta0.30_tau20_am200.npz
2007-10-15,60,0.2,0.2231435513142097,60,200.0,3.78790670448565,0.2231435513142097,0.2220810454988218,0.0010625058153879152,0.0,0.0,0.5,10.0,5000,per_query,2647105695,0.006385972753549542,0.00034172713471544643,790.7913715201394,0.9813261875625925,58.93574793901237,0.1154,instanton_2007-10-15_T60_delta0.20_tau60_am200.npz
2007-10-15,60,0.3,0.35667494393873245,60,200.0,8.33210310547527,0.35667494393873245,0.3559475275920949,0.0007274163466375327,0.0,0.0,0.5,10.0,5000,per_query,1642318831,3.1558573595206385e-05,4.129158904198566e-06,216.46040537324168,0.98560855018769,136.46165789726274,0.0218,instanton_2007-10-15_T60_delta0.30_tau60_am200.npz
2007-10-16,20,0.2,0.2231435513142097,20,100.0,12.471973284579546,0.2231435513142097,0.22159347995364964,0.001550071360560068,0.0,0.0,0.5,10.0,5000,per_query,1301968521,2.249805676334868e-07,5.011295985234616e-08,47.8116539143602,0.9735232146703302,464.9545204450237,0.0048,instanton_2007-10-16_T20_delta0.20_tau20_am100.npz
2007-10-16,20,0.3,0.35667494393873245,20,100.0,28.386704318346293,0.35667494393873245,0.3555670719706052,0.0011078719681272275,0.0,0.0,0.5,10.0,5000,per_query,208065127,0.0,0.0,77.87226400715163,0.5985360013108835,188.12822240589603,0.0,instanton_2007-10-16_T20_delta0.30_tau20_am100.npz
2007-10-16,60,0.2,0.2231435513142097,60,200.0,4.514013820796117,0.2231435513142097,0.22291073335868372,0.00023281795552598794,0.0,0.0,0.5,10.0,5000,per_query,3388566308,0.0026918306092036707,0.0001581077621206841,782.8699668649236,0.9655192091766299,38.27242097651084,0.0906,instanton_2007-10-16_T60_delta0.20_tau60_am200.npz
2007-10-16,60,0.3,0.35667494393873245,60,200.0,9.866596647712099,0.35667494393873245,0.3564866040786576,0.0001883398600748265,0.0,0.0,0.5,10.0,5000,per_query,3369949825,4.8589084678455715e-06,7.051938211360149e-07,54.06223840674183,1.0088728219262448,442.06590978182595,0.0126,instanton_2007-10-16_T60_delta0.30_tau60_am200.npz
2007-10-17,20,0.2,0.2231435513142097,20,200.0,13.052177685289145,0.2231435513142097,0.22306664402995402,7.690728425568949e-05,0.0,0.0,0.5,10.0,5000,per_query,283588628,1.8791303917809284e-07,4.600362408166151e-08,48.30985957096708,0.768788593599989,315.79776841987484,0.0054,instanton_2007-10-17_T20_delta0.20_tau20_am200.npz
2007-10-17,20,0.3,0.35667494393873245,20,100.0,28.95201660029218,0.35667494393873245,0.3551379410735276,0.0015370028652048617,0.0,0.0,0.5,10.0,5000,per_query,4257036502,0.0,0.0,13.850558907891948,1.1571261012497542,1124.3155368960604,0.0,instanton_2007-10-17_T20_delta0.30_tau20_am100.npz
2007-10-17,60,0.2,0.2231435513142097,60,200.0,4.65410727243909,0.2231435513142097,0.22270365680080229,0.0004398945134074239,0.0,0.0,0.5,10.0,5000,per_query,3649342082,0.0023814797646293205,0.00018512596796053498,601.2127132084877,0.9877174557684826,53.34253142772644,0.0846,instanton_2007-10-17_T60_delta0.20_tau60_am200.npz
2007-10-17,60,0.3,0.35667494393873245,60,200.0,10.06574764141776,0.35667494393873245,0.35632220329146236,0.0003527406472700889,0.0,0.0,0.5,10.0,5000,per_query,2511366327,4.187221315483261e-06,6.694453634967759e-07,203.70361411263212,0.9040261998000898,94.48807202573894,0.0124,instanton_2007-10-17_T60_delta0.30_tau60_am200.npz
2007-10-18,20,0.2,0.2231435513142097,20,100.0,12.689891518514957,0.2231435513142106,0.22167199711451957,0.0014715541996901393,0.0,8.881784197001252e-16,0.5,10.0,5000,per_query,2414036992,1.9005405170164352e-07,4.6757776495049044e-08,146.96107458511145,0.6993810421464641,106.66082733312773,0.0046,instanton_2007-10-18_T20_delta0.20_tau20_am100.npz
2007-10-18,20,0.3,0.35667494393873245,20,100.0,28.851464731326406,0.35667494393873245,0.35561713956787866,0.0010578043708537876,0.0,0.0,0.5,10.0,5000,per_query,66693456,0.0,0.0,6.614420349248466,1.2417104722163028,2381.2439698617236,0.0,instanton_2007-10-18_T20_delta0.30_tau20_am100.npz
2007-10-18,60,0.2,0.2231435513142097,60,200.0,4.585119518872841,0.2231435513142097,0.22293246206327666,0.00021108925093304975,0.0,0.0,0.5,10.0,5000,per_query,390700375,0.001998470532960038,0.00012151077449131531,438.5512640758002,1.0353447125635735,120.96548682763576,0.0788,instanton_2007-10-18_T60_delta0.20_tau60_am200.npz
2007-10-18,60,0.3,0.35667494393873245,60,200.0,10.01215775604176,0.35667494393873245,0.3565122638092868,0.00016268012944564703,0.0,0.0,0.5,10.0,5000,per_query,3602780517,6.060828019452351e-06,1.1915744745588773e-06,134.90789882987357,0.9215087751598656,171.5851014424337,0.0144,instanton_2007-10-18_T60_delta0.30_tau60_am200.npz
2007-10-19,20,0.2,0.2231435513142097,20,100.0,7.970355217562463,0.2231435513142106,0.22304021967815046,0.00010333163605924511,0.0,8.881784197001252e-16,0.5,10.0,5000,per_query,1097214371,3.7581444883569015e-05,4.225691522336963e-06,219.44307562233726,0.9458919979528085,187.87397554895742,0.0238,instanton_2007-10-19_T20_delta0.20_tau20_am100.npz
2007-10-19,20,0.3,0.35667494393873245,20,100.0,20.788731252453843,0.35667494393873245,0.3566118002690297,6.314366970272545e-05,0.0,0.0,0.5,10.0,5000,per_query,440040034,0.0,0.0,59.59990185712997,0.958278983729344,346.61739276298687,0.0,instanton_2007-10-19_T20_delta0.30_tau20_am100.npz
2007-10-19,60,0.2,0.2231435513142097,60,100.0,2.9449874302009933,0.2231435513142097,0.22270259468582676,0.00044095662838294913,0.0,0.0,0.5,10.0,5000,per_query,1863154967,0.012510964355703948,0.0005446708060293399,1218.274325645975,1.0081732182131131,53.85548421340026,0.1434,instanton_2007-10-19_T60_delta0.20_tau60_am100.npz
2007-10-19,60,0.3,0.35667494393873245,60,100.0,7.338842891867559,0.35667494393873245,0.356359341965387,0.0003156019733454585,0.0,0.0,0.5,10.0,5000,per_query,1097125272,8.240963482151272e-05,8.08780675519387e-06,325.1762208094719,0.9496048221235683,111.40762500350968,0.0292,instanton_2007-10-19_T60_delta0.30_tau60_am100.npz
2007-10-22,20,0.2,0.2231435513142097,20,100.0,8.350628717798568,0.2231435513142097,0.2229647086829205,0.00017884263128919997,0.0,0.0,0.5,10.0,5000,per_query,646440977,2.4651198253723837e-05,2.851983221160503e-06,204.56440505570845,0.9454572645361808,179.00849557229793,0.0232,instanton_2007-10-22_T20_delta0.20_tau20_am100.npz
2007-10-22,20,0.3,0.35667494393873245,20,100.0,21.23762485874511,0.35667494393873245,0.3565641960865671,0.00011074785216536043,0.0,0.0,0.5,10.0,5000,per_query,2440889972,0.0,0.0,70.9612117833959,0.7999281007229146,234.51083388376117,0.0,instanton_2007-10-22_T20_delta0.30_tau20_am100.npz
2007-10-22,60,0.2,0.2231435513142097,60,100.0,3.0744605225119517,0.2231435513142106,0.22231494578132427,0.0008286055328854403,0.0,8.881784197001252e-16,0.5,10.0,5000,per_query,548707345,0.010469827690728264,0.00048294279624979097,1311.944473737594,0.9840139284558227,29.669532102175193,0.1298,instanton_2007-10-22_T60_delta0.20_tau60_am100.npz
2007-10-22,60,0.3,0.35667494393873245,60,100.0,7.480008054881096,0.35667494393873245,0.35617263109527375,0.0005023128434586965,0.0,0.0,0.5,10.0,5000,per_query,3077415097,7.27813949513286e-05,8.261300255677339e-06,158.13165536112194,0.9905353879545487,212.8530371384385,0.027,instanton_2007-10-22_T60_delta0.30_tau60_am100.npz
2007-10-23,20,0.2,0.2231435513142097,20,100.0,8.823578046917302,0.2231435513142106,0.22275831282876268,0.0003852384854470259,0.0,8.881784197001252e-16,0.5,10.0,5000,per_query,1383364369,1.4309729642840857e-05,1.8680559604883535e-06,254.25820886413936,0.8057664419115228,92.35964714817631,0.0172,instanton_2007-10-23_T20_delta0.20_tau20_am100.npz
2007-10-23,20,0.3,0.35667494393873245,20,100.0,21.739541760876044,0.35667494393873245,0.35643188607836596,0.00024305786036649124,0.0,0.0,0.5,10.0,5000,per_query,414616223,0.0,0.0,24.876506243024565,0.7711270812778231,702.6874807113805,0.0,instanton_2007-10-23_T20_delta0.30_tau20_am100.npz
2007-10-23,60,0.2,0.2231435513142097,60,100.0,3.229499364035897,0.2231435513142097,0.22125825690753143,0.001885294406678284,0.0,0.0,0.5,10.0,5000,per_query,3807604211,0.009866555339604526,0.00045314506036318115,1275.6673224205363,0.983864574958352,28.368937953157577,0.1302,instanton_2007-10-23_T60_delta0.20_tau60_am100.npz
2007-10-23,60,0.3,0.35667494393873245,60,100.0,7.646903251141594,0.35667494393873245,0.3555478242755159,0.001127119663216547,0.0,0.0,0.5,10.0,5000,per_query,3917971535,6.913490570897554e-05,7.543737509431605e-06,246.12135249951086,0.9377446400264533,117.96252483695487,0.0284,instanton_2007-10-23_T60_delta0.30_tau60_am100.npz
2007-10-24,20,0.2,0.2231435513142097,20,100.0,8.74489360493907,0.2231435513142097,0.22282020051943174,0.0003233507947779657,0.0,0.0,0.5,10.0,5000,per_query,2060143874,1.8783557845268872e-05,2.341781637272379e-06,230.8792766168064,0.9514392718820188,126.06437919752717,0.0196,instanton_2007-10-24_T20_delta0.20_tau20_am100.npz
2007-10-24,20,0.3,0.35667494393873245,20,100.0,21.68762035053939,0.35667494393873245,0.3564716473802667,0.00020329655846573758,0.0,0.0,0.5,10.0,5000,per_query,2788677738,7.58597701973473e-11,7.58597701973473e-11,52.61882215397884,0.8344610104631948,295.92668296507065,0.0002,instanton_2007-10-24_T20_delta0.30_tau20_am100.npz
2007-10-24,60,0.2,0.2231435513142097,60,100.0,3.2019933982889044,0.2231435513142106,0.22158032964206065,0.0015632216721490622,0.0,8.881784197001252e-16,0.5,10.0,5000,per_query,782340085,0.009891537423803394,0.000509547994125142,1259.7334051086953,0.9463007051401442,33.33418465058281,0.1308,instanton_2007-10-24_T60_delta0.20_tau60_am100.npz
2007-10-24,60,0.3,0.35667494393873245,60,100.0,7.628255305727165,0.35667494393873245,0.35566515656510767,0.001009787373624782,0.0,0.0,0.5,10.0,5000,per_query,3968371829,5.547930632409479e-05,5.736884766953875e-06,270.5369233226429,0.9413908669346336,179.35445020592826,0.0266,instanton_2007-10-24_T60_delta0.30_tau60_am100.npz
2007-10-25,20,0.2,0.2231435513142097,20,100.0,9.014811630073282,0.2231435513142106,0.22273607866400535,0.00040747265020435464,0.0,8.881784197001252e-16,0.5,10.0,5000,per_query,973772202,1.165981641610029e-05,1.745104490125436e-06,196.3130425779709,0.9936490228985196,159.07265580731965,0.0162,instanton_2007-10-25_T20_delta0.20_tau20_am100.npz
2007-10-25,20,0.3,0.35667494393873245,20,100.0,22.1166957386849,0.35667494393873245,0.3564159170244814,0.0002590269142510593,0.0,0.0,0.5,10.0,5000,per_query,3263765895,0.0,0.0,25.431317034483236,1.0845906198893758,670.8955024713741,0.0,instanton_2007-10-25_T20_delta0.30_tau20_am100.npz
2007-10-25,60,0.2,0.2231435513142097,60,200.0,3.3179650936238043,0.2231435513142097,0.2231256602239231,1.7891090286603628e-05,0.0,0.0,0.5,10.0,5000,per_query,3391823442,0.009166083660611076,0.0004093032835190901,733.2620189995929,1.0170967890992644,70.08672739380822,0.1374,instanton_2007-10-25_T60_delta0.20_tau60_am200.npz
2007-10-25,60,0.3,0.35667494393873245,60,100.0,7.768044757790035,0.35667494393873245,0.35536229934831365,0.0013126445904187989,0.0,0.0,0.5,10.0,5000,per_query,593897617,5.543527198482937e-05,6.4085077553242095e-06,120.97355887159158,1.0141013673594883,352.2492576334571,0.025,instanton_2007-10-25_T60_delta0.30_tau60_am100.npz
2007-10-26,20,0.2,0.2231435513142097,20,100.0,9.556760715170308,0.2231435513142097,0.2218773720251095,0.0012661792891002221,0.0,0.0,0.5,10.0,5000,per_query,2455545490,6.017528282548335e-06,9.465595333327534e-07,129.57187366209607,1.0889886742205153,225.22185261759302,0.0114,instanton_2007-10-26_T20_delta0.20_tau20_am100.npz
2007-10-26,20,0.3,0.35667494393873245,20,100.0,22.578548884857195,0.35667494393873245,0.35585634881053796,0.0008185951281944881,0.0,0.0,0.5,10.0,5000,per_query,1933724732,0.0,0.0,40.420985173457055,0.7433899652569064,330.7021329009383,0.0,instanton_2007-10-26_T20_delta0.30_tau20_am100.npz
2007-10-26,60,0.2,0.2231435513142097,60,200.0,3.5286820433363495,0.2231435513142097,0.2229696661317071,0.00017388518250260887,0.0,0.0,0.5,10.0,5000,per_query,4017326639,0.007596744651463674,0.000369912172836693,847.4630684399939,1.0312718196023298,65.41176086610605,0.1234,instanton_2007-10-26_T60_delta0.20_tau60_am200.npz
2007-10-26,60,0.3,0.35667494393873245,60,200.0,7.983690350566521,0.35667494393873245,0.35656273736281285,0.00011220657591959338,0.0,0.0,0.5,10.0,5000,per_query,2125324409,3.8072140296549325e-05,5.21052288781215e-06,245.17051552146427,0.9956886796445077,116.25688113890975,0.0192,instanton_2007-10-26_T60_delta0.30_tau60_am200.npz
2007-10-29,20,0.2,0.2231435513142097,20,100.0,10.145861211252345,0.2231435513142106,0.2213476638791434,0.0017958874350663123,0.0,8.881784197001252e-16,0.5,10.0,5000,per_query,173246756,3.495145362225286e-06,4.954061854333107e-07,118.3061910176049,0.9423002660635544,254.95128157035003,0.0128,instanton_2007-10-29_T20_delta0.20_tau20_am100.npz
2007-10-29,20,0.3,0.35667494393873245,20,100.0,23.618277737337873,0.35667494393873245,0.3554876299077696,0.0011873140309628383,0.0,0.0,0.5,10.0,5000,per_query,4011911566,0.0,0.0,11.049747926204617,1.2202281532473582,1729.0457906039817,0.0,instanton_2007-10-29_T20_delta0.30_tau20_am100.npz
2007-10-29,60,0.2,0.2231435513142097,60,200.0,3.741774539435378,0.2231435513142097,0.2227886022769452,0.0003549490372645181,0.0,0.0,0.5,10.0,5000,per_query,3455059961,0.005915162481869892,0.0002919090626045481,676.2939534388915,1.017653062182001,103.68770496528307,0.1126,instanton_2007-10-29_T60_delta0.20_tau60_am200.npz
2007-10-29,60,0.3,0.35667494393873245,60,200.0,8.337829950731178,0.35667494393873245,0.3564447248367255,0.0002302191020069344,0.0,0.0,0.5,10.0,5000,per_query,1481139072,3.5595575141946554e-05,4.8558247780118365e-06,187.62888382355018,0.9833443742984224,151.30170577494656,0.023,instanton_2007-10-29_T60_delta0.30_tau60_am200.npz
2007-10-30,20,0.2,0.2231435513142097,20,100.0,9.480178562553881,0.2231435513142106,0.22225768017491632,0.0008858711392933927,0.0,8.881784197001252e-16,0.5,10.0,5000,per_query,3826116920,6.422248040221842e-06,8.635248755588504e-07,226.59641927366525,0.8617705444174095,91.61537585404382,0.015,instanton_2007-10-30_T20_delta0.20_tau20_am100.npz
2007-10-30,20,0.3,0.35667494393873245,20,100.0,22.61720782916888,0.35667494393873245,0.3561027343116727,0.0005722096270597277,0.0,0.0,0.5,10.0,5000,per_query,3771651686,0.0,0.0,10.475576644488633,1.1581055065457464,1668.7568768154624,0.0,instanton_2007-10-30_T20_delta0.30_tau20_am100.npz
2007-10-30,60,0.2,0.2231435513142097,60,200.0,3.493542186068432,0.2231435513142097,0.2230615192926937,8.203202151602085e-05,0.0,0.0,0.5,10.0,5000,per_query,4000431747,0.00787225559981234,0.0003669644170520554,1147.297523725459,0.9733425866529436,30.250097621418963,0.1258,instanton_2007-10-30_T60_delta0.20_tau60_am200.npz
2007-10-30,60,0.3,0.35667494393873245,60,200.0,7.982989824702558,0.35667494393873245,0.3566193646528317,5.557928590071981e-05,0.0,0.0,0.5,10.0,5000,per_query,1624648783,4.506411715179936e-05,4.674898804807274e-06,193.15524713018152,0.9957601218442061,189.58634326342164,0.0254,instanton_2007-10-30_T60_delta0.30_tau60_am200.npz
2007-10-31,20,0.2,0.2231435513142097,20,200.0,10.10296647536779,0.2231435513142097,0.22303439284463167,0.0001091584695780412,0.0,0.0,0.5,10.0,5000,per_query,1989864137,3.883659146291545e-06,6.056145731882942e-07,79.42867517260433,1.0062083063803549,413.47118991215564,0.0122,instanton_2007-10-31_T20_delta0.20_tau20_am200.npz
2007-10-31,20,0.3,0.35667494393873245,20,100.0,23.016016987927337,0.35667494393873245,0.355034259854782,0.001640684083950461,0.0,0.0,0.5,10.0,5000,per_query,494587924,0.0,0.0,6.3834951004987,1.2581276648329867,2375.870447410945,0.0,instanton_2007-10-31_T20_delta0.30_tau20_am100.npz
2007-10-31,60,0.2,0.2231435513142097,60,200.0,3.673388990331125,0.2231435513142097,0.2225182410826605,0.0006253102315492143,0.0,0.0,0.5,10.0,5000,per_query,1192533537,0.007020375918495341,0.0003406546921660845,754.3239092221673,1.012172399448783,77.46356022298899,0.1218,instanton_2007-10-31_T60_delta0.20_tau60_am200.npz
2007-10-31,60,0.3,0.35667494393873245,60,200.0,8.150658170291953,0.35667494393873245,0.3562311338311268,0.00044381010760563555,0.0,0.0,0.5,10.0,5000,per_query,1760256644,4.27905316732561e-05,4.536835197544747e-06,230.8443413846268,0.9003772789729595,118.32310952049131,0.0268,instanton_2007-10-31_T60_delta0.30_tau60_am200.npz
2007-11-01,20,0.2,0.2231435513142097,20,100.0,6.934609746606466,0.2231435513142097,0.22291530081249622,0.00022825050171348948,0.0,0.0,0.5,10.0,5000,per_query,3445794708,0.00013140484033324174,1.2370396414367796e-05,22.83925595609584,1.3566896099271428,1315.5049836246785,0.0336,instanton_2007-11-01_T20_delta0.20_tau20_am100.npz
2007-11-01,20,0.3,0.35667494393873245,20,100.0,17.852430043118698,0.35667494393873245,0.3565430212239038,0.00013192271482864726,0.0,0.0,0.5,10.0,5000,per_query,2858094261,8.810849457710331e-10,5.615961958462361e-10,25.678805239225447,1.1119573448392939,854.2634485827739,0.0006,instanton_2007-11-01_T20_delta0.30_tau20_am100.npz
2007-11-01,60,0.2,0.2231435513142097,60,100.0,2.587792969321271,0.2231435513142106,0.22212220804510352,0.0010213432691061897,0.0,8.881784197001252e-16,0.5,10.0,5000,per_query,2059111780,0.020813415345664225,0.0007908345843053839,1406.3850362885591,1.0600181094916243,31.00747042820455,0.169,instanton_2007-11-01_T60_delta0.20_tau60_am100.npz
2007-11-01,60,0.3,0.35667494393873245,60,100.0,6.373713446061869,0.35667494393873245,0.3560694840246965,0.0006054599140359329,0.0,0.0,0.5,10.0,5000,per_query,3199503129,0.00023880880781584318,2.1019977466693642e-05,448.23510409154187,0.9229040097827681,67.40971288273418,0.0402,instanton_2007-11-01_T60_delta0.30_tau60_am100.npz
2007-11-02,20,0.2,0.2231435513142097,20,100.0,7.2883086381985915,0.2231435513142106,0.22288660071757427,0.0002569505966354413,0.0,8.881784197001252e-16,0.5,10.0,5000,per_query,2399814741,8.053950116767712e-05,7.290720162887025e-06,272.63667005638297,0.8931009150434908,110.35664740730834,0.0314,instanton_2007-11-02_T20_delta0.20_tau20_am100.npz
2007-11-02,20,0.3,0.35667494393873245,20,100.0,18.58800953966937,0.35667494393873245,0.3565235877955013,0.00015135614323114055,0.0,0.0,0.5,10.0,5000,per_query,1342949648,7.250591235527672e-10,3.9361025487129943e-10,2.879415584016119,1.6496720391418596,4840.700220596118,0.0008,instanton_2007-11-02_T20_delta0.30_tau20_am100.npz
2007-11-02,60,0.2,0.2231435513142097,60,100.0,2.708021055743745,0.2231435513142097,0.22191365745120262,0.0012298938630070921,0.0,0.0,0.5,10.0,5000,per_query,1459447715,0.017674759866637024,0.000724956515739506,1315.8400100018926,1.001207396151152,34.498475669759834,0.1576,instanton_2007-11-02_T60_delta0.20_tau60_am100.npz
2007-11-02,60,0.3,0.35667494393873245,60,100.0,6.615145806769558,0.35667494393873245,0.3559220940900696,0.0007528498486628621,0.0,0.0,0.5,10.0,5000,per_query,1647134810,0.0001738424444136011,1.5369941218297117e-05,442.78057398930497,0.8872854130473237,71.7801132200107,0.0368,instanton_2007-11-02_T60_delta0.30_tau60_am100.npz
2007-11-05,20,0.2,0.2231435513142097,20,100.0,6.7142535822782055,0.2231435513142106,0.2230193893482113,0.0001241619659984039,0.0,8.881784197001252e-16,0.5,10.0,5000,per_query,1146335605,0.00017386497960382688,3.3540177942219045e-05,327.53711657349913,0.9705311972055013,104.27683210732674,0.0346,instanton_2007-11-05_T20_delta0.20_tau20_am100.npz
2007-11-05,20,0.3,0.35667494393873245,20,100.0,17.726658419924128,0.35667494393873245,0.35660381636467076,7.112757406169123e-05,0.0,0.0,0.5,10.0,5000,per_query,3958270841,2.0501494024288303e-10,2.05014940242883e-10,44.62034383913882,0.9493307108718636,532.5779150457467,0.0002,instanton_2007-11-05_T20_delta0.30_tau20_am100.npz
2007-11-05,60,0.2,0.2231435513142097,60,100.0,2.511432480387826,0.2231435513142106,0.22259279325139758,0.0005507580628121289,0.0,8.881784197001252e-16,0.5,10.0,5000,per_query,2318139954,0.022171727449281132,0.000850931374414465,1645.7111497848268,0.9979395917939401,28.280415806951403,0.1708,instanton_2007-11-05_T60_delta0.20_tau60_am100.npz
2007-11-05,60,0.3,0.35667494393873245,60,100.0,6.326020926827265,0.35667494393873245,0.35633471510105874,0.00034022883767370615,0.0,0.0,0.5,10.0,5000,per_query,454098601,0.0002505735741674824,2.169423228632651e-05,342.4051345064177,0.9061642225907919,152.87534456557236,0.0406,instanton_2007-11-05_T60_delta0.30_tau60_am100.npz
2007-11-06,20,0.2,0.2231435513142097,20,100.0,7.42289939827427,0.2231435513142106,0.22270221148959557,0.0004413398246141398,0.0,8.881784197001252e-16,0.5,10.0,5000,per_query,1487760358,6.39083177405694e-05,6.593016185487306e-06,331.5981252488299,0.9026980572696252,122.33043098445785,0.0262,instanton_2007-11-06_T20_delta0.20_tau20_am100.npz
2007-11-06,20,0.3,0.35667494393873245,20,100.0,18.568446225500725,0.35667494393873245,0.3564145036267856,0.00026044031194683015,0.0,0.0,0.5,10.0,5000,per_query,3498121092,5.492381703208037e-10,3.9361516557791925e-10,23.064076789081746,0.9708726000316318,826.7099648491455,0.0004,instanton_2007-11-06_T20_delta0.30_tau20_am100.npz
2007-11-06,60,0.2,0.2231435513142097,60,200.0,2.773764278732151,0.2231435513142097,0.22312057933540252,2.2971978807184712e-05,0.0,0.0,0.5,10.0,5000,per_query,1917526985,0.01662985712235768,0.0006814331425234242,1400.7875102646947,0.9656958005406148,24.049032245609993,0.1524,instanton_2007-11-06_T60_delta0.20_tau60_am200.npz
2007-11-06,60,0.3,0.35667494393873245,60,100.0,6.605789666589322,0.35667494393873245,0.3554170680651385,0.0012578758735939388,0.0,0.0,0.5,10.0,5000,per_query,810381117,0.00017333015333572709,1.5163221593016663e-05,296.32495409209815,1.0396630029302367,142.25412906115656,0.036,instanton_2007-11-06_T60_delta0.30_tau60_am100.npz
2007-11-07,20,0.2,0.2231435513142097,20,100.0,4.5880199516271665,0.2231435513142097,0.2231129223145656,3.0628999644122246e-05,0.0,0.0,0.5,10.0,5000,per_query,2102366308,0.0015919181006244984,0.00010058345017471087,722.5927102346915,0.9814572871129121,73.13508514650057,0.0722,instanton_2007-11-07_T20_delta0.20_tau20_am100.npz
2007-11-07,20,0.3,0.35667494393873245,20,50.0,13.21994534516973,0.35667494393873245,0.35523832464679916,0.0014366192919332832,0.0,0.0,0.5,10.0,5000,per_query,1832763870,1.999581205101461e-07,6.855656656233409e-08,104.72843461867134,0.8672029820407361,167.12039500073317,0.0058,instanton_2007-11-07_T20_delta0.30_tau20_am50.npz
2007-11-07,60,0.2,0.2231435513142097,60,100.0,1.7623250545992923,0.2231435513142106,0.22302174006202868,0.00012181125218102551,0.0,8.881784197001252e-16,0.5,10.0,5000,per_query,417886101,0.05465080422878152,0.0016184732386885213,2302.389129750471,0.9387181460009902,15.163698827429013,0.2382,instanton_2007-11-07_T60_delta0.20_tau60_am100.npz
2007-11-07,60,0.3,0.35667494393873245,60,100.0,4.845452748063469,0.35667494393873245,0.35659954457774656,7.539936098588385e-05,0.0,0.0,0.5,10.0,5000,per_query,4272476090,0.0015520324898300134,9.76723199885883e-05,399.8164023995251,1.0420765599498918,129.35424159232358,0.072,instanton_2007-11-07_T60_delta0.30_tau60_am100.npz
2007-11-08,20,0.2,0.2231435513142097,20,100.0,4.3298034761194275,0.2231435513142097,0.22312445240546364,1.9098908746073562e-05,0.0,0.0,0.5,10.0,5000,per_query,151767324,0.0021808300840061323,0.0001301112344921251,645.6922447361287,1.0422677548340045,66.94610135576642,0.0786,instanton_2007-11-08_T20_delta0.20_tau20_am100.npz
2007-11-08,20,0.3,0.35667494393873245,20,50.0,12.841770213423503,0.35667494393873245,0.35554905442151075,0.001125889517221701,0.0,0.0,0.5,10.0,5000,per_query,2748292631,1.515621834048528e-07,3.795408471768917e-08,11.887916708922466,1.3860998693667665,1924.262620043811,0.0038,instanton_2007-11-08_T20_delta0.30_tau20_am50.npz
2007-11-08,60,0.2,0.2231435513142097,60,100.0,1.668857344171875,0.2231435513142097,0.22306597523331906,7.757608089065116e-05,0.0,0.0,0.5,10.0,5000,per_query,1533983563,0.061080275970209756,0.001798802068607032,2192.951145025176,0.9894085457187936,22.012047309147906,0.2462,instanton_2007-11-08_T60_delta0.20_tau60_am100.npz
2007-11-08,60,0.3,0.35667494393873245,60,100.0,4.7051011767204205,0.35667494393873245,0.3566312121680584,4.373177067407141e-05,0.0,0.0,0.5,10.0,5000,per_query,1635778775,0.0014942133481699895,9.591823819308757e-05,436.3505691311669,0.9523051987786039,139.05763955146716,0.065,instanton_2007-11-08_T60_delta0.30_tau60_am100.npz
2007-11-09,20,0.2,0.2231435513142097,20,50.0,3.476032569380963,0.2231435513142097,0.2220438337717212,0.0010997175424884986,0.0,0.0,0.5,10.0,5000,per_query,1748107143,0.0051869226615987385,0.000269445045787215,823.5242051398892,0.9994574153716017,75.84255982637306,0.0966,instanton_2007-11-09_T20_delta0.20_tau20_am50.npz
2007-11-09,20,0.3,0.35667494393873245,20,50.0,11.411911254088285,0.35667494393873245,0.35609929926237616,0.0005756446763562906,0.0,0.0,0.5,10.0,5000,per_query,2139298640,8.409586464162067e-07,1.512481104483099e-07,117.21812112672652,0.943349541167805,198.81786337619897,0.0078,instanton_2007-11-09_T20_delta0.30_tau20_am50.npz
2007-11-09,60,0.2,0.2231435513142097,60,100.0,1.3776284961899774,0.2231435513142106,0.2231230260120185,2.052530219120996e-05,0.0,8.881784197001252e-16,0.5,10.0,5000,per_query,2362705210,0.08842756316866576,0.0023248368205330784,2572.1876395603144,0.9861703665441275,13.2229246315179,0.2832,instanton_2007-11-09_T60_delta0.20_tau60_am100.npz
2007-11-09,60,0.3,0.35667494393873245,60,100.0,4.194594893813809,0.35667494393873245,0.356663517185285,1.1426753447452143e-05,0.0,0.0,0.5,10.0,5000,per_query,1446433229,0.0026959528072966386,0.00014572474130450345,772.128681127974,1.0106069849990074,54.51448243684289,0.0854,instanton_2007-11-09_T60_delta0.30_tau60_am100.npz
2007-11-12,20,0.2,0.2231435513142097,20,50.0,3.0433704067762974,0.2231435513142097,0.2224270477603829,0.0007165035538267972,0.0,0.0,0.5,10.0,5000,per_query,3981181707,0.009842051680787922,0.0004193052490443815,1111.1669026177894,0.9896910234699641,38.679369185714144,0.1312,instanton_2007-11-12_T20_delta0.20_tau20_am50.npz
2007-11-12,20,0.3,0.35667494393873245,20,50.0,10.647606432329399,0.35667494393873245,0.35631516998068413,0.000359773958048315,0.0,0.0,0.5,10.0,5000,per_query,3852754060,1.9794629399319245e-06,3.914831517804592e-07,145.42293507909727,0.9167867110617753,190.04987853312676,0.0086,instanton_2007-11-12_T20_delta0.30_tau20_am50.npz
2007-11-12,60,0.2,0.2231435513142097,60,100.0,1.21331032796467,0.2231435513142097,0.2231354110373589,8.140276850809869e-06,0.0,0.0,0.5,10.0,5000,per_query,1885769134,0.1045017104095164,0.0027244233564843057,2591.06690939108,1.0240611219602223,17.835387631157733,0.2884,instanton_2007-11-12_T60_delta0.20_tau60_am100.npz
2007-11-12,60,0.3,0.35667494393873245,60,50.0,3.89171399730229,0.35667494393873245,0.35532242011166293,0.0013525238270695183,0.0,0.0,0.5,10.0,5000,per_query,1912472125,0.004417270880694777,0.00022551152894819112,878.9858442943569,0.9859766986159803,39.76306912075341,0.1036,instanton_2007-11-12_T60_delta0.30_tau60_am50.npz
2007-11-13,20,0.2,0.2231435513142097,20,100.0,3.668368755596396,0.2231435513142097,0.22311105071276582,3.250060144388556e-05,0.0,0.0,0.5,10.0,5000,per_query,466837911,0.004584891095962633,0.00023987078493583046,753.3939687231351,0.9775907341738821,74.16545229126092,0.1014,instanton_2007-11-13_T20_delta0.20_tau20_am100.npz
2007-11-13,20,0.3,0.35667494393873245,20,50.0,10.740458222380052,0.35667494393873245,0.3552777886562275,0.0013971552825049471,0.0,0.0,0.5,10.0,5000,per_query,2110471592,1.877887477494464e-06,2.8430743991401653e-07,215.034952995193,0.860744375969256,102.39479485819423,0.0104,instanton_2007-11-13_T20_delta0.30_tau20_am50.npz
2007-11-13,60,0.2,0.2231435513142097,60,100.0,1.4282019126346839,0.2231435513142097,0.22302274596842597,0.00012080534578373658,0.0,0.0,0.5,10.0,5000,per_query,350969833,0.08192872033916077,0.00222006318680197,2437.0208378522084,1.0189613670361908,13.780185448383152,0.271,instanton_2007-11-13_T60_delta0.20_tau60_am100.npz
2007-11-13,60,0.3,0.35667494393873245,60,100.0,3.9914370822871237,0.35667494393873245,0.3566053597581327,6.958418059976879e-05,0.0,0.0,0.5,10.0,5000,per_query,2895216984,0.0038458984598229193,0.00020319851366449527,663.6456618304034,0.9709591676014597,103.74361994795055,0.0972,instanton_2007-11-13_T60_delta0.30_tau60_am100.npz
2007-11-14,20,0.2,0.2231435513142097,20,100.0,3.5570444842339657,0.2231435513142097,0.22311836623102277,2.518508318694046e-05,0.0,0.0,0.5,10.0,5000,per_query,525958337,0.00526058975177355,0.0002482822187282534,846.5691286063807,0.9752392512772522,68.35853441661433,0.1074,instanton_2007-11-14_T20_delta0.20_tau20_am100.npz
2007-11-14,20,0.3,0.35667494393873245,20,50.0,10.575428737856281,0.35667494393873245,0.3554504843530948,0.0012244595856376606,0.0,0.0,0.5,10.0,5000,per_query,1304365856,2.9922205737444106e-06,5.305541064967982e-07,187.04596222851657,0.9045436920327716,117.33769976351492,0.0122,instanton_2007-11-14_T20_delta0.30_tau20_am50.npz
2007-11-14,60,0.2,0.2231435513142097,60,100.0,1.3888366781224555,0.2231435513142097,0.22303908899060776,0.0001044623236019504,0.0,0.0,0.5,10.0,5000,per_query,1983638545,0.08612644357865067,0.0023010550779222127,2407.4046927990157,1.0101802497044923,16.49710012104091,0.2806,instanton_2007-11-14_T60_delta0.20_tau60_am100.npz
2007-11-14,60,0.3,0.35667494393873245,60,100.0,3.9291120981073133,0.35667494393873245,0.3566183567714596,5.658716727285906e-05,0.0,0.0,0.5,10.0,5000,per_query,682755761,0.003748882122558652,0.00020657312200793315,649.0543166202057,1.018016170969234,96.61276228542526,0.092,instanton_2007-11-14_T60_delta0.30_tau60_am100.npz
2007-11-15,20,0.2,0.2231435513142097,20,50.0,2.828995075143688,0.2231435513142097,0.22193507151750058,0.0012084797967091276,0.0,0.0,0.5,10.0,5000,per_query,2729304017,0.01196208492738198,0.0005178108223640692,1332.8373930080386,1.0205018289591783,24.99155655209487,0.1324,instanton_2007-11-15_T20_delta0.20_tau20_am50.npz
2007-11-15,20,0.3,0.35667494393873245,20,50.0,9.330722692798698,0.35667494393873245,0.3560663315344508,0.0006086124042816721,0.0,0.0,0.5,10.0,5000,per_query,3126335447,1.123416807763903e-05,1.523301080709315e-06,193.90070283033072,0.9100747879519753,130.29512789506822,0.0176,instanton_2007-11-15_T20_delta0.30_tau20_am50.npz
2007-11-15,60,0.2,0.2231435513142097,60,100.0,1.1373770072043072,0.2231435513142106,0.22311713217137097,2.6419142838740584e-05,0.0,8.881784197001252e-16,0.5,10.0,5000,per_query,2095100978,0.11831137173403247,0.0029468158187458426,2931.6533379577554,1.0061103571158572,11.238107656995782,0.3078,instanton_2007-11-15_T60_delta0.20_tau60_am100.npz
2007-11-15,60,0.3,0.35667494393873245,60,100.0,3.4768442535780237,0.35667494393873245,0.3566614195326059,1.3524406126563804e-05,0.0,0.0,0.5,10.0,5000,per_query,558158871,0.006135140009504718,0.00028602805354184123,977.3182445830051,1.0216684334024908,42.339922407221806,0.1132,instanton_2007-11-15_T60_delta0.30_tau60_am100.npz
2007-11-16,20,0.2,0.2231435513142097,20,50.0,3.3626321995998234,0.2231435513142097,0.22182097897853836,0.001322572335671346,0.0,0.0,0.5,10.0,5000,per_query,1361926895,0.0067297559192621296,0.00030548960967989065,990.2868708576003,0.9871893379396912,60.79014401042009,0.118,instanton_2007-11-16_T20_delta0.20_tau20_am50.npz
2007-11-16,20,0.3,0.35667494393873245,20,50.0,10.844516564738482,0.35667494393873245,0.35598435371296233,0.0006905902257701158,0.0,0.0,0.5,10.0,5000,per_query,4074687463,1.6145021490497465e-06,2.5771818023312525e-07,77.36086047842731,0.9464923155175329,278.8064285431865,0.0094,instanton_2007-11-16_T20_delta0.30_tau20_am50.npz
2007-11-16,60,0.2,0.2231435513142097,60,100.0,1.3380060204674604,0.2231435513142106,0.22311253523191432,3.101608229538755e-05,0.0,8.881784197001252e-16,0.5,10.0,5000,per_query,421023618,0.08749990414175476,0.00230860256852621,2457.767115386281,1.0323753593271694,13.061786658776994,0.278,instanton_2007-11-16_T60_delta0.20_tau60_am100.npz
2007-11-16,60,0.3,0.35667494393873245,60,100.0,4.004833480048201,0.35667494393873245,0.356658140522617,1.680341611542957e-05,0.0,0.0,0.5,10.0,5000,per_query,3393996244,0.0032968541994888695,0.00018292772513145845,856.9083693066735,0.9879262387818085,58.165109102534075,0.0866,instanton_2007-11-16_T60_delta0.30_tau60_am100.npz
2007-11-19,20,0.2,0.2231435513142097,20,50.0,2.720677967481044,0.2231435513142097,0.2224225494184502,0.000721001895759521,0.0,0.0,0.5,10.0,5000,per_query,3283420380,0.014178248199059482,0.0005852302517775248,1482.6726027757634,0.931011686159131,23.330527882804176,0.1446,instanton_2007-11-19_T20_delta0.20_tau20_am50.npz
2007-11-19,20,0.3,0.35667494393873245,20,50.0,9.59054586605938,0.35667494393873245,0.35632100986131476,0.00035393407741768357,0.0,0.0,0.5,10.0,5000,per_query,2543422062,6.484272434199276e-06,9.334843643214709e-07,213.33100215239284,0.8958798785581861,148.84281523719275,0.0142,instanton_2007-11-19_T20_delta0.30_tau20_am50.npz
2007-11-19,60,0.2,0.2231435513142097,60,100.0,1.0927274880946096,0.2231435513142106,0.22313521939769299,8.331916516723936e-06,0.0,8.881784197001252e-16,0.5,10.0,5000,per_query,2846492201,0.13278489213747277,0.003092506077078806,2971.167007985054,0.9815971132631017,9.104271464937312,0.339,instanton_2007-11-19_T60_delta0.20_tau60_am100.npz
2007-11-19,60,0.3,0.35667494393873245,60,50.0,3.532871961401288,0.35667494393873245,0.35532851230088536,0.0013464316378470897,0.0,0.0,0.5,10.0,5000,per_query,2499969841,0.005612458338187241,0.00026811681628557927,948.6253903130512,0.9810416769034229,48.90759596825897,0.1078,instanton_2007-11-19_T60_delta0.30_tau60_am50.npz
2007-11-20,20,0.2,0.2231435513142097,20,50.0,2.9618637167382693,0.2231435513142097,0.22220756878432724,0.0009359825298824731,0.0,0.0,0.5,10.0,5000,per_query,2997409893,0.009831065945977878,0.0004313072631807168,1339.2125388556021,0.9866050906713015,32.24334238185311,0.1208,instanton_2007-11-20_T20_delta0.20_tau20_am50.npz
2007-11-20,20,0.3,0.35667494393873245,20,50.0,10.034797640749426,0.35667494393873245,0.35620313100526424,0.0004718129334682075,0.0,0.0,0.5,10.0,5000,per_query,4171020156,3.9305893675088146e-06,5.697903023298883e-07,82.39065297768855,1.0605902316690339,318.78229128488806,0.0126,instanton_2007-11-20_T20_delta0.30_tau20_am50.npz
2007-11-20,60,0.2,0.2231435513142097,60,100.0,1.1844925776848947,0.2231435513142097,0.2231292493470418,1.4301967167895668e-05,0.0,0.0,0.5,10.0,5000,per_query,1357635205,0.11657018796718707,0.0028585237750192297,2760.946122289309,0.9891406945606567,12.896306058861379,0.3166,instanton_2007-11-20_T60_delta0.20_tau60_am100.npz
2007-11-20,60,0.3,0.35667494393873245,60,50.0,3.6774057567105376,0.35667494393873245,0.3549605232558646,0.0017144206828678676,0.0,0.0,0.5,10.0,5000,per_query,945549988,0.005130040240154078,0.0002527081143095062,751.9628360388424,1.028108454519072,63.93626645175413,0.1046,instanton_2007-11-20_T60_delta0.30_tau60_am50.npz
2007-11-21,20,0.2,0.2231435513142097,20,50.0,2.0308684732893894,0.2231435513142097,0.22275475612285422,0.00038879519135548435,0.0,0.0,0.5,10.0,5000,per_query,2422423147,0.03222420669194354,0.0011030066573684306,1803.814170479227,1.0042385795537043,19.798155039268284,0.1896,instanton_2007-11-21_T20_delta0.20_tau20_am50.npz
2007-11-21,20,0.3,0.35667494393873245,20,50.0,8.01286514283743,0.35667494393873245,0.3564988501188706,0.00017609381986183337,0.0,0.0,0.5,10.0,5000,per_query,1913585658,2.8400524503117343e-05,3.1399606895396223e-06,115.40776500114471,1.1054012746325905,392.2240614144766,0.0212,instanton_2007-11-21_T20_delta0.30_tau20_am50.npz
2007-11-21,60,0.2,0.2231435513142097,60,50.0,0.825082391960304,0.2231435513142097,0.22172842581853658,0.0014151254956731307,0.0,0.0,0.5,10.0,5000,per_query,3287085323,0.17941077759457463,0.003925455764986316,3383.784464771215,0.9905278191775877,6.701935618091221,0.3612,instanton_2007-11-21_T60_delta0.20_tau60_am50.npz
2007-11-21,60,0.3,0.35667494393873245,60,50.0,2.9963760138816795,0.35667494393873245,0.3559993671794821,0.0006755767592503403,0.0,0.0,0.5,10.0,5000,per_query,2677182812,0.010474600280511002,0.00046576998030286947,1132.1150126311652,1.0137768508838636,48.114930751362145,0.1316,instanton_2007-11-21_T60_delta0.30_tau60_am50.npz
2007-11-23,20,0.2,0.2231435513142097,20,50.0,2.430871352700526,0.2231435513142097,0.22234942832018412,0.0007941229940255923,0.0,0.0,0.5,10.0,5000,per_query,2085545158,0.019161796664191617,0.0007608413775200461,1616.6151718647661,0.9819867745524596,34.8676899577865,0.1608,instanton_2007-11-23_T20_delta0.20_tau20_am50.npz
2007-11-23,20,0.3,0.35667494393873245,20,50.0,8.523904028697958,0.35667494393873245,0.3562916418584461,0.0003833020802863629,0.0,0.0,0.5,10.0,5000,per_query,1391238811,2.40859735752227e-05,2.6091192855610743e-06,247.89299323934054,0.8635965085262461,100.22412513878311,0.0242,instanton_2007-11-23_T20_delta0.30_tau20_am50.npz
2007-11-23,60,0.2,0.2231435513142097,60,100.0,0.982975830650019,0.2231435513142097,0.22313363890150395,9.912412705759266e-06,0.0,0.0,0.5,10.0,5000,per_query,582961559,0.14849717063805543,0.003328721916741571,3046.8743004110815,0.9963332263826382,10.249102331310258,0.3474,instanton_2007-11-23_T60_delta0.20_tau60_am100.npz
2007-11-23,60,0.3,0.35667494393873245,60,50.0,3.159750996069855,0.35667494393873245,0.35534097495858674,0.0013339689801457055,0.0,0.0,0.5,10.0,5000,per_query,3927033286,0.008988900091684007,0.00039827408491849384,1122.8277452263076,0.9464744055099703,50.71774546012455,0.1224,instanton_2007-11-23_T60_delta0.30_tau60_am50.npz
2007-11-26,20,0.2,0.2231435513142097,20,50.0,1.644489715569856,0.2231435513142097,0.2228316157901844,0.00031193552402530855,0.0,0.0,0.5,10.0,5000,per_query,1483008180,0.05279886940476807,0.0015927057101363744,2288.3218940175184,0.9803627095380498,12.997069960145568,0.2274,instanton_2007-11-26_T20_delta0.20_tau20_am50.npz
2007-11-26,20,0.3,0.35667494393873245,20,50.0,6.829047462063035,0.35667494393873245,0.3565402827543718,0.00013466118436067376,0.0,0.0,0.5,10.0,5000,per_query,3870461537,0.0001465834674368217,1.3703616171979699e-05,245.39017664357624,1.0519543303399568,139.87403016537542,0.0356,instanton_2007-11-26_T20_delta0.30_tau20_am50.npz
2007-11-26,60,0.2,0.2231435513142097,60,50.0,0.680380549627967,0.2231435513142097,0.22198311713996777,0.0011604341742419422,0.0,0.0,0.5,10.0,5000,per_query,3045885202,0.2346497817619224,0.004574405656680332,3554.5613195200963,0.9991758951915859,5.653155465839838,0.4138,instanton_2007-11-26_T60_delta0.20_tau60_am50.npz
2007-11-26,60,0.3,0.35667494393873245,60,50.0,2.5765047784998885,0.35667494393873245,0.35616984987915945,0.0005050940595729969,0.0,0.0,0.5,10.0,5000,per_query,2643151465,0.01824515430351918,0.0007188732204805909,1555.1471801570076,0.9710762096186548,24.060860729542732,0.1562,instanton_2007-11-26_T60_delta0.30_tau60_am50.npz
2007-11-27,20,0.2,0.2231435513142097,20,50.0,1.907997818020647,0.2231435513142097,0.22264445744268269,0.0004990938715270232,0.0,0.0,0.5,10.0,5000,per_query,1942850042,0.03935221415770388,0.0012714814585340275,2094.7680517740478,0.9651309420666603,16.069414219417187,0.2054,instanton_2007-11-27_T20_delta0.20_tau20_am50.npz
2007-11-27,20,0.3,0.35667494393873245,20,50.0,7.255290578331223,0.35667494393873245,0.3564484355130437,0.00022650842568872065,0.0,0.0,0.5,10.0,5000,per_query,3918195808,8.357957007580936e-05,8.224748120964485e-06,337.15294444209115,0.9604538683477846,84.73601721297604,0.0296,instanton_2007-11-27_T20_delta0.30_tau20_am50.npz
2007-11-27,60,0.2,0.2231435513142097,60,50.0,0.7655867392181337,0.2231435513142097,0.22156067697667137,0.0015828743375383425,0.0,0.0,0.5,10.0,5000,per_query,3819431363,0.20053351104100103,0.0041092813781030395,3450.246326261557,1.0130268643838585,8.887169353511172,0.3846,instanton_2007-11-27_T60_delta0.20_tau60_am50.npz
2007-11-27,60,0.3,0.35667494393873245,60,50.0,2.7171520342515287,0.35667494393873245,0.35587307608791274,0.0008018678508197041,0.0,0.0,0.5,10.0,5000,per_query,3546421764,0.015357514376899885,0.0005947028447612678,1263.2011965653237,1.0192134077253363,35.4602953400827,0.1504,instanton_2007-11-27_T60_delta0.30_tau60_am50.npz
2007-11-28,20,0.2,0.2231435513142097,20,50.0,2.40694350877728,0.2231435513142097,0.2212533500705911,0.0018902012436186055,0.0,0.0,0.5,10.0,5000,per_query,182463893,0.020744656736625608,0.0007769367625796048,1470.3132988932089,0.9456476571333896,38.399758603359075,0.169,instanton_2007-11-28_T20_delta0.20_tau20_am50.npz
2007-11-28,20,0.3,0.35667494393873245,20,50.0,7.643131917246087,0.35667494393873245,0.35573416646809086,0.000940777470641585,0.0,0.0,0.5,10.0,5000,per_query,493824766,6.078706857924827e-05,6.11357730214275e-06,257.99265041438787,0.850579734906665,113.36886838506251,0.0282,instanton_2007-11-28_T20_delta0.30_tau20_am50.npz
2007-11-28,60,0.2,0.2231435513142097,60,100.0,0.979874696057169,0.2231435513142097,0.22308157440133503,6.197691287468388e-05,0.0,0.0,0.5,10.0,5000,per_query,1966113771,0.15931515557227893,0.0035004662235524086,3082.3469844453693,1.0244685046798145,9.381348947068782,0.3566,instanton_2007-11-28_T60_delta0.20_tau60_am100.npz
2007-11-28,60,0.3,0.35667494393873245,60,100.0,2.887850963524938,0.35667494393873245,0.3566414182330364,3.352570569603586e-05,0.0,0.0,0.5,10.0,5000,per_query,1182515155,0.01309089429239909,0.0005473499354450652,1084.559855987323,1.0008925586455104,65.39338258065754,0.141,instanton_2007-11-28_T60_delta0.30_tau60_am100.npz
2007-11-29,20,0.2,0.2231435513142097,20,50.0,2.458137108869099,0.2231435513142097,0.22122232953207632,0.0019212217821333866,0.0,0.0,0.5,10.0,5000,per_query,3991073090,0.017621611846939236,0.0006906058871395921,1218.322890770098,0.9757835464598585,63.20902193961742,0.1518,instanton_2007-11-29_T20_delta0.20_tau20_am50.npz
2007-11-29,20,0.3,0.35667494393873245,20,50.0,7.784787859869252,0.35667494393873245,0.3557149078213655,0.0009600361173669469,0.0,0.0,0.5,10.0,5000,per_query,1637371421,4.467979410037868e-05,5.102686513466562e-06,293.39666365933175,0.9472241265103667,79.5148257817889,0.0242,instanton_2007-11-29_T20_delta0.30_tau20_am50.npz
2007-11-29,60,0.2,0.2231435513142097,60,100.0,0.9999147165097027,0.2231435513142106,0.2230731838069282,7.03675072815102e-05,0.0,8.881784197001252e-16,0.5,10.0,5000,per_query,166340753,0.15856174831870332,0.003392797028049847,2980.290067738866,1.0140587760706228,9.218886426254857,0.3682,instanton_2007-11-29_T60_delta0.20_tau60_am100.npz
2007-11-29,60,0.3,0.35667494393873245,60,100.0,2.9383567285555734,0.35667494393873245,0.3566387852713673,3.615866736517148e-05,0.0,0.0,0.5,10.0,5000,per_query,796440390,0.01256075073571707,0.0005276361495637491,1338.0920977684684,1.0069200908676375,33.434926599287934,0.142,instanton_2007-11-29_T60_delta0.30_tau60_am100.npz
2007-11-30,20,0.2,0.2231435513142097,20,100.0,3.0427160806698597,0.2231435513142097,0.22309855713580884,4.4994178400870055e-05,0.0,0.0,0.5,10.0,5000,per_query,4270923157,0.009826249681047106,0.000439430354241799,721.306905400049,1.0031508524729718,123.11496749215482,0.1274,instanton_2007-11-30_T20_delta0.20_tau20_am100.npz
2007-11-30,20,0.3,0.35667494393873245,20,50.0,8.879414798248074,0.35667494393873245,0.3551025211654686,0.0015724227732638596,0.0,0.0,0.5,10.0,5000,per_query,2388610385,1.1256565568173518e-05,1.516607090651746e-06,216.40441160491463,0.9731584142363928,162.22179475324293,0.0158,instanton_2007-11-30_T20_delta0.30_tau20_am50.npz
2007-11-30,60,0.2,0.2231435513142097,60,100.0,1.1967316577020866,0.2231435513142097,0.22296504108800885,0.00017851022620085644,0.0,0.0,0.5,10.0,5000,per_query,1335169510,0.12696062894957807,0.0029781725370971496,2742.596559319615,0.9892136730606073,12.802805960874341,0.338,instanton_2007-11-30_T60_delta0.20_tau60_am100.npz
2007-11-30,60,0.3,0.35667494393873245,60,100.0,3.340575009877398,0.35667494393873245,0.35657708700335267,9.785693537978091e-05,0.0,0.0,0.5,10.0,5000,per_query,796610824,0.008086468294820804,0.00035985099014014993,1216.879625353045,1.0177149289264074,30.40051711040072,0.124,instanton_2007-11-30_T60_delta0.30_tau60_am100.npz
2007-12-03,20,0.2,0.2231435513142097,20,100.0,2.8044085697585683,0.2231435513142097,0.2231191061922031,2.4445122006611086e-05,0.0,0.0,0.5,10.0,5000,per_query,3345237816,0.012518227630452778,0.0005161920998359151,1257.0951275869907,1.0077293646389696,37.97790575661085,0.1374,instanton_2007-12-03_T20_delta0.20_tau20_am100.npz
2007-12-03,20,0.3,0.35667494393873245,20,50.0,8.487343487380022,0.35667494393873245,0.35552964295083633,0.001145300987896114,0.0,0.0,0.5,10.0,5000,per_query,269495663,2.1262235151556082e-05,2.4326446904612174e-06,204.84984674850847,0.897682718701297,93.32963283251874,0.0192,instanton_2007-12-03_T20_delta0.30_tau20_am50.npz
2007-12-03,60,0.2,0.2231435513142097,60,100.0,1.1092010326861796,0.2231435513142106,0.22304568789162538,9.786342258433223e-05,0.0,8.881784197001252e-16,0.5,10.0,5000,per_query,3178739007,0.12670392316652443,0.0030490901275381193,2889.881676314607,1.0286081939978353,11.723504471098334,0.322,instanton_2007-12-03_T60_delta0.20_tau60_am100.npz
2007-12-03,60,0.3,0.35667494393873245,60,100.0,3.192745340281363,0.35667494393873245,0.35662410668912603,5.083724960641689e-05,0.0,0.0,0.5,10.0,5000,per_query,2195614604,0.009439715358542643,0.0004379162016272846,1019.6882614052419,0.9761932807755482,71.91763735163268,0.1278,instanton_2007-12-03_T60_delta0.30_tau60_am100.npz
2007-12-04,20,0.2,0.2231435513142097,20,50.0,2.468465319165246,0.2231435513142097,0.22162916201059613,0.0015143893036135836,0.0,0.0,0.5,10.0,5000,per_query,3064385137,0.018135856376806068,0.0007075856818406928,1431.2865692828027,0.9996760618785796,29.156108364307773,0.1526,instanton_2007-12-04_T20_delta0.20_tau20_am50.npz
2007-12-04,20,0.3,0.35667494393873245,20,50.0,8.008737575828842,0.35667494393873245,0.3559247107125225,0.0007502332262099287,0.0,0.0,0.5,10.0,5000,per_query,2194928515,3.5036233043004844e-05,3.544450313125733e-06,299.2221821420617,0.8628980486636486,100.07338161257618,0.0244,instanton_2007-12-04_T20_delta0.30_tau20_am50.npz
2007-12-04,60,0.2,0.2231435513142097,60,100.0,1.0013659792055438,0.2231435513142097,0.22310180574349214,4.174557071756624e-05,0.0,0.0,0.5,10.0,5000,per_query,3627181756,0.1464244343477942,0.003345120978716847,3140.636206344804,0.9942739103330287,9.854794623756382,0.3394,instanton_2007-12-04_T60_delta0.20_tau60_am100.npz
2007-12-04,60,0.3,0.35667494393873245,60,100.0,3.0140528121452537,0.35667494393873245,0.35665355795851106,2.1385980221388934e-05,0.0,0.0,0.5,10.0,5000,per_query,1651419304,0.011036986128370183,0.0005294291307786291,1278.9971528092592,1.0346810223537395,31.830567468287665,0.1284,instanton_2007-12-04_T60_delta0.30_tau60_am100.npz
2007-12-05,20,0.2,0.2231435513142097,20,100.0,2.9920251508925038,0.2231435513142106,0.22309435636728736,4.919494692234849e-05,0.0,8.881784197001252e-16,0.5,10.0,5000,per_query,2282356114,0.010107892780804971,0.00044895589014551623,1233.9923656858684,0.9882792974867216,39.191061679282136,0.1288,instanton_2007-12-05_T20_delta0.20_tau20_am100.npz
2007-12-05,20,0.3,0.35667494393873245,20,50.0,8.701349534319952,0.35667494393873245,0.35503687225406555,0.0016380716846668975,0.0,0.0,0.5,10.0,5000,per_query,1725047647,1.8307351987671936e-05,2.121942519794257e-06,160.85714456984286,0.9369745881630591,259.6701884465734,0.0208,instanton_2007-12-05_T20_delta0.30_tau20_am50.npz
2007-12-05,60,0.2,0.2231435513142097,60,100.0,1.177842390777183,0.2231435513142106,0.22295173595008855,0.00019181536412116174,0.0,8.881784197001252e-16,0.5,10.0,5000,per_query,296296334,0.12408627396551053,0.002989857109290839,2864.453308812035,0.9996377167391807,11.512253112007741,0.3256,instanton_2007-12-05_T60_delta0.20_tau60_am100.npz
2007-12-05,60,0.3,0.35667494393873245,60,100.0,3.2780746880569964,0.35667494393873245,0.3565685438576862,0.00010640008104623178,0.0,0.0,0.5,10.0,5000,per_query,1323162039,0.009798136805493228,0.0004315121658828706,1062.5779288073822,0.9863758239026948,45.446242056308975,0.1352,instanton_2007-12-05_T60_delta0.30_tau60_am100.npz
2007-12-06,20,0.2,0.2231435513142097,20,100.0,3.8364853029119526,0.2231435513142097,0.22295613266024983,0.000187418653959881,0.0,0.0,0.5,10.0,5000,per_query,3822290806,0.003616795265015227,0.00019251774767601316,718.3001772179384,1.0332688050600933,51.32604128587701,0.0902,instanton_2007-12-06_T20_delta0.20_tau20_am100.npz
2007-12-06,20,0.3,0.35667494393873245,20,100.0,10.480410665189526,0.35667494393873245,0.35658621493384324,8.872900488920976e-05,0.0,0.0,0.5,10.0,5000,per_query,3244183418,2.4873507713159318e-06,4.1556973894968504e-07,75.66380817697438,1.0174628893117275,392.0608151817028,0.0104,instanton_2007-12-06_T20_delta0.30_tau20_am100.npz
2007-12-06,60,0.2,0.2231435513142097,60,100.0,1.488256885767154,0.2231435513142106,0.22228646735080027,0.000857083963409444,0.0,8.881784197001252e-16,0.5,10.0,5000,per_query,1707101738,0.08736810924957261,0.0023023960908423384,2363.625372560832,1.018066024321677,12.506136005952728,0.2912,instanton_2007-12-06_T60_delta0.20_tau60_am100.npz
2007-12-06,60,0.3,0.35667494393873245,60,100.0,3.8739854748540945,0.35667494393873245,0.35623009565521,0.00044484828352242545,0.0,0.0,0.5,10.0,5000,per_query,478735212,0.00468838640034147,0.0002469733892496626,737.0149381291417,1.002943698306184,69.90168951545782,0.1048,instanton_2007-12-06_T60_delta0.30_tau60_am100.npz
2007-12-07,20,0.2,0.2231435513142097,20,100.0,3.8471811447217568,0.2231435513142106,0.22295933819665592,0.00018421311755378866,0.0,8.881784197001252e-16,0.5,10.0,5000,per_query,2465607224,0.003912249035500902,0.0002169146232175332,676.7951819111794,1.0206488953522175,97.32092386826673,0.096,instanton_2007-12-07_T20_delta0.20_tau20_am100.npz
2007-12-07,20,0.3,0.35667494393873245,20,100.0,10.51477473539329,0.35667494393873245,0.356587609829921,8.733410881145431e-05,0.0,0.0,0.5,10.0,5000,per_query,2375388547,2.412157426044051e-06,4.2979043743355443e-07,101.79523886173101,1.0586274982876307,292.28998627658325,0.01,instanton_2007-12-07_T20_delta0.30_tau20_am100.npz
2007-12-07,60,0.2,0.2231435513142097,60,100.0,1.4910241320635516,0.2231435513142097,0.22230943837591877,0.0008341129382909429,0.0,0.0,0.5,10.0,5000,per_query,158756092,0.08035257108953756,0.002253533950041799,2495.880777159873,1.0075437731527885,14.947734819105783,0.2642,instanton_2007-12-07_T60_delta0.20_tau60_am100.npz
2007-12-07,60,0.3,0.35667494393873245,60,100.0,3.8859101480443647,0.35667494393873245,0.35622786580164156,0.00044707813709088384,0.0,0.0,0.5,10.0,5000,per_query,354069935,0.00464961693869148,0.00023654845392429098,615.8922414721769,1.030223509890872,62.322812813608046,0.1066,instanton_2007-12-07_T60_delta0.30_tau60_am100.npz
2007-12-10,20,0.2,0.2231435513142097,20,100.0,4.247351943276354,0.2231435513142097,0.22275959342943263,0.00038395788477707526,0.0,0.0,0.5,10.0,5000,per_query,3554781776,0.002407567858198254,0.00013087630831977494,563.8854259422599,1.044138999139264,92.45558988623804,0.0832,instanton_2007-12-10_T20_delta0.20_tau20_am100.npz
2007-12-10,20,0.3,0.35667494393873245,20,100.0,11.226523340949733,0.35667494393873245,0.35648798234852386,0.0001869615902085897,0.0,0.0,0.5,10.0,5000,per_query,1941405342,9.86895113892453e-07,1.6845567867111475e-07,157.49891818877765,0.8862167302655747,149.06890077339355,0.0086,instanton_2007-12-10_T20_delta0.30_tau20_am100.npz
2007-12-10,60,0.2,0.2231435513142097,60,100.0,1.6338535331031088,0.2231435513142097,0.22127683214085447,0.0018667191733552357,0.0,0.0,0.5,10.0,5000,per_query,3747138173,0.07520461219654977,0.0020786846235974214,2322.867351404297,0.9945558459474924,12.510932042504214,0.2762,instanton_2007-12-10_T60_delta0.20_tau60_am100.npz
2007-12-10,60,0.3,0.35667494393873245,60,100.0,4.129931005523255,0.35667494393873245,0.3557391826537657,0.0009357612849667518,0.0,0.0,0.5,10.0,5000,per_query,246482372,0.0034403406606729795,0.00018572835652177428,825.7931922892302,1.0261302759385766,45.230640189911504,0.0944,instanton_2007-12-10_T60_delta0.30_tau60_am100.npz
2007-12-11,20,0.2,0.2231435513142097,20,100.0,2.8211553209888134,0.2231435513142106,0.22311538328336944,2.8168030840269864e-05,0.0,8.881784197001252e-16,0.5,10.0,5000,per_query,673606564,0.013301030610975801,0.0005394816087512767,1086.0312293924908,1.029960358880139,59.38160659182282,0.148,instanton_2007-12-11_T20_delta0.20_tau20_am100.npz
2007-12-11,20,0.3,0.35667494393873245,20,50.0,8.47175282763004,0.35667494393873245,0.3554452147516942,0.001229729187038231,0.0,0.0,0.5,10.0,5000,per_query,675064057,2.35992633492428e-05,3.10941538075349e-06,66.72460237509496,1.0799977012735762,493.67287844939773,0.0204,instanton_2007-12-11_T20_delta0.30_tau20_am50.npz
2007-12-11,60,0.2,0.2231435513142097,60,100.0,1.1164477956273335,0.2231435513142106,0.22302694980794513,0.00011660150626457977,0.0,8.881784197001252e-16,0.5,10.0,5000,per_query,482888393,0.1273103330985933,0.0029627587424107937,2961.9282552862155,0.9992807648130422,9.214778271382022,0.3292,instanton_2007-12-11_T60_delta0.20_tau60_am100.npz
2007-12-11,60,0.3,0.35667494393873245,60,100.0,3.190336136022237,0.35667494393873245,0.35661333140073115,6.161253800129884e-05,0.0,0.0,0.5,10.0,5000,per_query,86526704,0.00961359749707221,0.0004271860327487101,931.2360298967384,0.9884065884887772,60.213165539886305,0.1324,instanton_2007-12-11_T60_delta0.30_tau60_am100.npz
2007-12-12,20,0.2,0.2231435513142097,20,100.0,3.6391662703688525,0.2231435513142097,0.2230721428420379,7.140847217179669e-05,0.0,0.0,0.5,10.0,5000,per_query,439127008,0.004534991346675763,0.00023909351302460566,1022.2150237151748,0.9833884570289684,55.56774225284079,0.0954,instanton_2007-12-12_T20_delta0.20_tau20_am100.npz
2007-12-12,20,0.3,0.35667494393873245,20,100.0,10.376697989055302,0.35667494393873245,0.3566416555614085,3.328837732397005e-05,0.0,0.0,0.5,10.0,5000,per_query,1063537679,2.7286929615088123e-06,4.13570297849169e-07,254.27911120532508,0.7795346648627874,95.12011553669994,0.0106,instanton_2007-12-12_T20_delta0.30_tau20_am100.npz
2007-12-12,60,0.2,0.2231435513142097,60,100.0,1.4170799335947255,0.2231435513142097,0.22284326925983944,0.0003002820543702711,0.0,0.0,0.5,10.0,5000,per_query,2919964522,0.09297063811044884,0.0023911643197320623,2528.0725094773106,0.970340463236153,17.752770757769746,0.2986,instanton_2007-12-12_T60_delta0.20_tau60_am100.npz
2007-12-12,60,0.3,0.35667494393873245,60,100.0,3.8374820987190232,0.35667494393873245,0.35651155857932526,0.00016338535940718657,0.0,0.0,0.5,10.0,5000,per_query,3918098871,0.004090293535163479,0.0002126749886378934,940.6407713156527,0.9783555702254324,30.267857320700358,0.1006,instanton_2007-12-12_T60_delta0.30_tau60_am100.npz
2007-12-13,20,0.2,0.2231435513142097,20,100.0,3.5617143881524176,0.2231435513142106,0.22308467237466978,5.8878939539930286e-05,0.0,8.881784197001252e-16,0.5,10.0,5000,per_query,2938416938,0.0055897628087226,0.00027358808698384256,755.6242971629348,1.0241976740863936,67.843718564681,0.1084,instanton_2007-12-13_T20_delta0.20_tau20_am100.npz
2007-12-13,20,0.3,0.35667494393873245,20,50.0,10.149806044096376,0.35667494393873245,0.3548185968420938,0.001856347096638622,0.0,0.0,0.5,10.0,5000,per_query,628254696,4.290412571044107e-06,5.900127553560306e-07,74.58928753925187,1.0545037797923447,376.90973460129925,0.014,instanton_2007-12-13_T20_delta0.30_tau20_am50.npz
2007-12-13,60,0.2,0.2231435513142097,60,100.0,1.3895179274367555,0.2231435513142106,0.22289069421409025,0.0002528571001194635,0.0,8.881784197001252e-16,0.5,10.0,5000,per_query,375068310,0.0903528948818882,0.002461838888361578,2498.8778179788637,1.0273078521676835,17.952533287966855,0.2776,instanton_2007-12-13_T60_delta0.20_tau60_am100.npz
2007-12-13,60,0.3,0.35667494393873245,60,100.0,3.795249191661582,0.35667494393873245,0.35653931054996324,0.00013563338876920739,0.0,0.0,0.5,10.0,5000,per_query,980613349,0.00436977080627363,0.00022237111127918917,943.6825131175034,0.9912514373004601,51.27793095633376,0.097,instanton_2007-12-13_T60_delta0.30_tau60_am100.npz
2007-12-14,20,0.2,0.2231435513142097,20,50.0,3.0493179055740574,0.2231435513142097,0.22118910230911837,0.001954449005091341,0.0,0.0,0.5,10.0,5000,per_query,73654389,0.008926775478743324,0.00039449848771538605,1125.257060098729,0.9961516780886137,50.32017076583967,0.121,instanton_2007-12-14_T20_delta0.20_tau20_am50.npz
2007-12-14,20,0.3,0.35667494393873245,20,50.0,9.519257811994525,0.35667494393873245,0.3556621043158845,0.0010128396228479275,0.0,0.0,0.5,10.0,5000,per_query,2587535368,7.268990435391946e-06,1.0021691703590629e-06,127.59255344562007,0.88392767292551,196.21801980703782,0.0148,instanton_2007-12-14_T20_delta0.30_tau20_am50.npz
2007-12-14,60,0.2,0.2231435513142097,60,100.0,1.2267570752309702,0.2231435513142106,0.22307159455901449,7.195675519522382e-05,0.0,8.881784197001252e-16,0.5,10.0,5000,per_query,379216925,0.10891032252838367,0.002661397790554416,2569.157282618848,1.0068424386298305,22.274378910547522,0.3078,instanton_2007-12-14_T60_delta0.20_tau60_am100.npz
2007-12-14,60,0.3,0.35667494393873245,60,100.0,3.5543580956918075,0.35667494393873245,0.3566361558904374,3.878804829504645e-05,0.0,0.0,0.5,10.0,5000,per_query,399310369,0.005552874002243248,0.00026624003724317745,883.0184081882418,0.9926536731362438,57.48844667564804,0.1064,instanton_2007-12-14_T60_delta0.30_tau60_am100.npz
2007-12-17,20,0.2,0.2231435513142097,20,50.0,2.481563361358172,0.2231435513142097,0.22210058518526488,0.0010429661289448333,0.0,0.0,0.5,10.0,5000,per_query,3636443603,0.017412058546359917,0.0006624792138546308,1445.0893810099774,1.0161872483828271,45.95130737839738,0.1484,instanton_2007-12-17_T20_delta0.20_tau20_am50.npz
2007-12-17,20,0.3,0.35667494393873245,20,50.0,8.396990793097991,0.35667494393873245,0.356164321479187,0.0005106224595454734,0.0,0.0,0.5,10.0,5000,per_query,2251915734,2.4389716226232327e-05,2.6335647713098238e-06,173.38922703939707,0.8848129173034754,170.2551569572679,0.0214,instanton_2007-12-17_T20_delta0.30_tau20_am50.npz
2007-12-17,60,0.2,0.2231435513142097,60,100.0,1.0037528134366418,0.2231435513142097,0.223124701964033,1.8849350176708413e-05,0.0,0.0,0.5,10.0,5000,per_query,269929135,0.14924017311564935,0.0033259253209976278,2998.0960595641377,1.0131768881137755,11.594861817792923,0.3458,instanton_2007-12-17_T60_delta0.20_tau60_am100.npz
2007-12-17,60,0.3,0.35667494393873245,60,50.0,3.1130561814580506,0.35667494393873245,0.35472658991689165,0.0019483540218407924,0.0,0.0,0.5,10.0,5000,per_query,838655625,0.00972647352158952,0.0004479027948560965,738.7502745900209,1.015314387708435,105.14157489999282,0.1258,instanton_2007-12-17_T60_delta0.30_tau60_am50.npz
2007-12-18,20,0.2,0.2231435513142097,20,50.0,2.740233599466971,0.2231435513142097,0.22181436575889446,0.0013291855553152487,0.0,0.0,0.5,10.0,5000,per_query,1815911772,0.0129185616436091,0.0005510233913223029,1434.2395841705952,0.970777871272686,31.502626919049348,0.135,instanton_2007-12-18_T20_delta0.20_tau20_am50.npz
2007-12-18,20,0.3,0.35667494393873245,20,50.0,8.960875849648062,0.35667494393873245,0.3560071203489157,0.0006678235898167628,0.0,0.0,0.5,10.0,5000,per_query,2269076780,1.1872595256520201e-05,1.5149661683461398e-06,240.1775132582025,0.9134704375309873,90.02535667145561,0.0168,instanton_2007-12-18_T20_delta0.30_tau20_am50.npz
2007-12-18,60,0.2,0.2231435513142097,60,100.0,1.1039319149813973,0.2231435513142097,0.22311265121287693,3.0900101332775876e-05,0.0,0.0,0.5,10.0,5000,per_query,384075045,0.12682044252871985,0.0029777194105832573,2904.3870677118675,0.9935144872148336,10.622156361889296,0.3258,instanton_2007-12-18_T60_delta0.20_tau60_am100.npz
2007-12-18,60,0.3,0.35667494393873245,60,100.0,3.3487806133322615,0.35667494393873245,0.35665852915666907,1.6414782063378652e-05,0.0,0.0,0.5,10.0,5000,per_query,457164121,0.0070274371498069595,0.0003248102585823344,888.7937122011023,1.0486628660507709,55.63140586423066,0.118,instanton_2007-12-18_T60_delta0.30_tau60_am100.npz
2007-12-19,20,0.2,0.2231435513142097,20,50.0,2.7603632582861577,0.2231435513142097,0.2218129054954998,0.0013306458187098968,0.0,0.0,0.5,10.0,5000,per_query,75743140,0.012509000948554108,0.0005363042639947187,1373.3244980041152,1.0071162931344935,28.29343255920677,0.1334,instanton_2007-12-19_T20_delta0.20_tau20_am50.npz
2007-12-19,20,0.3,0.35667494393873245,20,50.0,9.02180000330977,0.35667494393873245,0.3560061174557534,0.0006688264829790569,0.0,0.0,0.5,10.0,5000,per_query,282048487,1.2422108898101242e-05,1.6451106776290778e-06,55.28773254024941,1.05070720932839,617.0827856917389,0.0156,instanton_2007-12-19_T20_delta0.30_tau20_am50.npz
2007-12-19,60,0.2,0.2231435513142097,60,100.0,1.1116912634718297,0.2231435513142097,0.22311192463486318,3.1626679346530295e-05,0.0,0.0,0.5,10.0,5000,per_query,2038739655,0.12840041919503725,0.0030018548819735957,2985.423755048966,1.0018925581755636,7.44114091550655,0.3266,instanton_2007-12-19_T60_delta0.20_tau60_am100.npz
2007-12-19,60,0.3,0.35667494393873245,60,100.0,3.3702435885291626,0.35667494393873245,0.35665837138083756,1.6572557894889428e-05,0.0,0.0,0.5,10.0,5000,per_query,2968166924,0.007535608271569461,0.0003708816140151105,1178.842748899522,0.9545892045263632,30.35851701323919,0.119,instanton_2007-12-19_T60_delta0.30_tau60_am100.npz
2007-12-20,20,0.2,0.2231435513142097,20,50.0,3.20856050629036,0.2231435513142097,0.22137985139670402,0.00176369991750569,0.0,0.0,0.5,10.0,5000,per_query,2483150092,0.007719300690999144,0.00035285636715178263,1016.9006804853823,0.9989314695790869,44.47840884698495,0.117,instanton_2007-12-20_T20_delta0.20_tau20_am50.npz
2007-12-20,20,0.3,0.35667494393873245,20,50.0,10.080512829618376,0.35667494393873245,0.3557543397519476,0.0009206041867848569,0.0,0.0,0.5,10.0,5000,per_query,1411871859,4.931977093961741e-06,7.216084254547818e-07,69.98060510208424,1.1349236763958286,378.1325935903299,0.0146,instanton_2007-12-20_T20_delta0.30_tau20_am50.npz
2007-12-20,60,0.2,0.2231435513142097,60,100.0,1.2847952081264862,0.2231435513142097,0.22308623951348583,5.7311800723880424e-05,0.0,0.0,0.5,10.0,5000,per_query,3278942999,0.10319600630576933,0.0026805487397620477,2696.6289503399225,0.9749518786104935,12.049631347222704,0.3026,instanton_2007-12-20_T60_delta0.20_tau60_am100.npz
2007-12-20,60,0.3,0.35667494393873245,60,100.0,3.7480774207793504,0.35667494393873245,0.356643811998012,3.113194072046355e-05,0.0,0.0,0.5,10.0,5000,per_query,3217457583,0.005018262542990277,0.00024176926288627172,567.3750956613039,0.9874246829871283,116.5857055351236,0.1096,instanton_2007-12-20_T60_delta0.30_tau60_am100.npz
2007-12-21,20,0.2,0.2231435513142097,20,100.0,3.9192921235720792,0.2231435513142106,0.22308870108407852,5.485023013118706e-05,0.0,8.881784197001252e-16,0.5,10.0,5000,per_query,993938803,0.003734818732919684,0.00020051638234478482,841.8184721640496,1.075811485772274,46.494475173796666,0.0954,instanton_2007-12-21_T20_delta0.20_tau20_am100.npz
2007-12-21,20,0.3,0.35667494393873245,20,50.0,11.126751046193208,0.35667494393873245,0.3548394705992708,0.0018354733394616574,0.0,0.0,0.5,10.0,5000,per_query,3537548716,7.960257192926951e-07,1.8187250372502945e-07,242.24103938957714,0.7053363519646657,85.68532988413376,0.0056,instanton_2007-12-21_T20_delta0.30_tau20_am50.npz
2007-12-21,60,0.2,0.2231435513142097,60,100.0,1.5192586696775847,0.2231435513142097,0.22292959737208218,0.0002139539421275316,0.0,0.0,0.5,10.0,5000,per_query,3610517636,0.07521353444693699,0.002061485579956843,2294.9382719673836,1.0032694911102815,21.67312163311522,0.2686,instanton_2007-12-21_T60_delta0.20_tau60_am100.npz
2007-12-21,60,0.3,0.35667494393873245,60,100.0,4.136228542163454,0.35667494393873245,0.3565480842057456,0.0001268597329868726,0.0,0.0,0.5,10.0,5000,per_query,4173297097,0.003231906208594343,0.00017604599910248174,675.183810461472,1.0051076253186244,100.3932101072627,0.0898,instanton_2007-12-21_T60_delta0.30_tau60_am100.npz
2007-12-24,20,0.2,0.2231435513142097,20,100.0,4.664463951171549,0.2231435513142106,0.2230320395102705,0.00011151180393920157,0.0,8.881784197001252e-16,0.5,10.0,5000,per_query,2674802738,0.0013997050425350536,8.64713269471091e-05,549.9862176261809,1.0177342858720544,102.30312087741069,0.0712,instanton_2007-12-24_T20_delta0.20_tau20_am100.npz
2007-12-24,20,0.3,0.35667494393873245,20,100.0,12.808076550492583,0.35667494393873245,0.35661880246011446,5.614147861798813e-05,0.0,0.0,0.5,10.0,5000,per_query,3706345981,2.421235914719197e-07,4.870904298305428e-08,32.99511218220921,0.9278945396289924,693.6187431000757,0.0064,instanton_2007-12-24_T20_delta0.30_tau20_am100.npz
2007-12-24,60,0.2,0.2231435513142097,60,100.0,1.7881024488772221,0.2231435513142097,0.22266479845837228,0.00047875285583742766,0.0,0.0,0.5,10.0,5000,per_query,918780506,0.05431205115930196,0.001588755625565809,1747.1752630101678,1.005894164586949,37.74354459106221,0.2388,instanton_2007-12-24_T60_delta0.20_tau60_am100.npz
2007-12-24,60,0.3,0.35667494393873245,60,100.0,4.6768486036760635,0.35667494393873245,0.3564105228584209,0.00026442108031154987,0.0,0.0,0.5,10.0,5000,per_query,1950915739,0.0017217776426246753,0.00011220960133482132,441.1640029875092,1.041431352208557,132.93608369653634,0.073,instanton_2007-12-24_T60_delta0.30_tau60_am100.npz
2007-12-26,20,0.2,0.2231435513142097,20,100.0,4.905321588854253,0.2231435513142097,0.22300631105578272,0.00013724025842698495,0.0,0.0,0.5,10.0,5000,per_query,4049391157,0.0011286670693469972,7.037642405719404e-05,280.0097483408847,1.0543651079728953,189.82090035147974,0.0644,instanton_2007-12-26_T20_delta0.20_tau20_am100.npz
2007-12-26,20,0.3,0.35667494393873245,20,100.0,13.303472500485402,0.35667494393873245,0.356604732914632,7.021102410043056e-05,0.0,0.0,0.5,10.0,5000,per_query,2087711238,1.3025911662903726e-07,4.6746769240899754e-08,85.91705707753496,0.7938318445890357,226.0527632978589,0.004,instanton_2007-12-26_T20_delta0.30_tau20_am100.npz
2007-12-26,60,0.2,0.2231435513142097,60,100.0,1.8761932115117819,0.2231435513142097,0.22252609296168213,0.0006174583525275779,0.0,0.0,0.5,10.0,5000,per_query,3737547939,0.05059434841631581,0.0015257047664126399,2142.4806356886243,0.9626737340026974,16.22820886053843,0.2336,instanton_2007-12-26_T60_delta0.20_tau60_am100.npz
2007-12-26,60,0.3,0.35667494393873245,60,100.0,4.845710298456981,0.35667494393873245,0.35633469692190367,0.00034024701682877634,0.0,0.0,0.5,10.0,5000,per_query,2023667478,0.0013102337710180151,8.50165408908635e-05,505.3308911623055,1.0119699320687374,104.40981490419203,0.0674,instanton_2007-12-26_T60_delta0.30_tau60_am100.npz
2007-12-27,20,0.2,0.2231435513142097,20,100.0,5.286445439950968,0.2231435513142097,0.22309954910579055,4.400220841915825e-05,0.0,0.0,0.5,10.0,5000,per_query,1328280023,0.0006598615646062001,4.717399560508653e-05,266.748592231129,1.052762185301994,179.16273561048044,0.0526,instanton_2007-12-27_T20_delta0.20_tau20_am100.npz
2007-12-27,20,0.3,0.35667494393873245,20,50.0,14.765595623521866,0.35667494393873245,0.35489209610803485,0.0017828478306975981,0.0,0.0,0.5,10.0,5000,per_query,2618108927,1.5835409142506673e-08,5.240874198973275e-09,73.34325907208164,0.8552704910116025,324.67469192784307,0.0022,instanton_2007-12-27_T20_delta0.30_tau20_am50.npz
2007-12-27,60,0.2,0.2231435513142097,60,100.0,2.009784560304733,0.2231435513142106,0.22296283743377643,0.00018071388043328085,0.0,8.881784197001252e-16,0.5,10.0,5000,per_query,2509701087,0.04015100534450723,0.0013367177687710918,1961.881123788316,0.9686406827408804,24.481542723506745,0.21,instanton_2007-12-27_T60_delta0.20_tau60_am100.npz
2007-12-27,60,0.3,0.35667494393873245,60,100.0,5.3801633962111035,0.35667494393873245,0.3565666417820639,0.00010830215666857157,0.0,0.0,0.5,10.0,5000,per_query,594489243,0.000850123647134312,5.991053445445051e-05,304.08819754294854,1.0477703958782623,193.0328151525576,0.064,instanton_2007-12-27_T60_delta0.30_tau60_am100.npz
2007-12-28,20,0.2,0.2231435513142097,20,100.0,5.136229858708034,0.2231435513142097,0.22310870123500148,3.485007920822625e-05,0.0,0.0,0.5,10.0,5000,per_query,4236586799,0.0008616134388844251,5.823150382774181e-05,486.35786127976957,0.9522539097612768,117.8822532439018,0.0614,instanton_2007-12-28_T20_delta0.20_tau20_am100.npz
2007-12-28,20,0.3,0.35667494393873245,20,50.0,14.548712320037144,0.35667494393873245,0.35509658322067494,0.0015783607180575032,0.0,0.0,0.5,10.0,5000,per_query,504924988,4.6026216581758e-08,1.2574678231872624e-08,55.68390908741606,0.9320233826455413,294.2146264010463,0.0048,instanton_2007-12-28_T20_delta0.30_tau20_am50.npz
2007-12-28,60,0.2,0.2231435513142097,60,100.0,1.9572342216206786,0.2231435513142106,0.2229954148645561,0.00014813644965361306,0.0,8.881784197001252e-16,0.5,10.0,5000,per_query,3451582018,0.0405377300360633,0.0013728017511582507,1632.3459894429918,1.0137854964508437,45.4349784370072,0.2048,instanton_2007-12-28_T60_delta0.20_tau60_am100.npz
2007-12-28,60,0.3,0.35667494393873245,60,100.0,5.3000179123078714,0.35667494393873245,0.3565887507751295,8.619316360292117e-05,0.0,0.0,0.5,10.0,5000,per_query,3544397044,0.0008120306730050678,5.662413046890738e-05,582.6473035383061,0.9207889537580879,62.10613235805424,0.0598,instanton_2007-12-28_T60_delta0.30_tau60_am100.npz
2007-12-31,20,0.2,0.2231435513142097,20,50.0,4.681054115988171,0.2231435513142097,0.22119164364643762,0.0019519076677720903,0.0,0.0,0.5,10.0,5000,per_query,3918047148,0.0012520392236064115,7.822201023575082e-05,490.32954796324964,1.012310596584432,91.36260677492757,0.0646,instanton_2007-12-31_T20_delta0.20_tau20_am50.npz
2007-12-31,20,0.3,0.35667494393873245,20,50.0,14.118103637891359,0.35667494393873245,0.3555661254988509,0.0011088184398815315,0.0,0.0,0.5,10.0,5000,per_query,3496655155,2.8341685988719367e-08,8.84315404380346e-09,49.12933557690006,0.935390498765614,439.99149016043066,0.0032,instanton_2007-12-31_T20_delta0.30_tau20_am50.npz
2007-12-31,60,0.2,0.2231435513142097,60,100.0,1.8308377987668925,0.2231435513142097,0.223073437705108,7.011360910169628e-05,0.0,0.0,0.5,10.0,5000,per_query,190148581,0.04804850326092234,0.0014899491524994958,1997.8605564495638,0.9878088954122948,20.612730208680716,0.2214,instanton_2007-12-31_T60_delta0.20_tau60_am100.npz
2007-12-31,60,0.3,0.35667494393873245,60,100.0,5.136453750945835,0.35667494393873245,0.3566336175767306,4.13263620018256e-05,0.0,0.0,0.5,10.0,5000,per_query,3137274752,0.000929365520622893,5.961039995886323e-05,522.4635308142067,0.9814390885598534,79.2654694168615,0.0616,instanton_2007-12-31_T60_delta0.30_tau60_am100.npz
2008-01-02,20,0.2,0.2231435513142097,20,50.0,4.205932398238169,0.2231435513142097,0.22182091987411479,0.0013226314400949235,0.0,0.0,0.5,10.0,5000,per_query,2504318950,0.002413542099346194,0.00013572123268483052,450.33381445777735,0.979904983251502,164.24790149749174,0.0792,instanton_2008-01-02_T20_delta0.20_tau20_am50.npz
2008-01-02,20,0.3,0.35667494393873245,20,50.0,13.309969954030292,0.35667494393873245,0.35594856042893763,0.0007263835097948146,0.0,0.0,0.5,10.0,5000,per_query,2480804281,1.5011689832633005e-07,3.401311740600442e-08,36.77582473381482,0.9425420053779521,428.58497913315847,0.0052,instanton_2008-01-02_T20_delta0.30_tau20_am50.npz
2008-01-02,60,0.2,0.2231435513142097,60,100.0,1.6481022398424927,0.2231435513142106,0.22311323026807628,3.032104613343023e-05,0.0,8.881784197001252e-16,0.5,10.0,5000,per_query,843220276,0.058604318453758686,0.001752787880885866,2176.745388531987,0.991118394627218,17.995706213154456,0.2394,instanton_2008-01-02_T60_delta0.20_tau60_am100.npz
2008-01-02,60,0.3,0.35667494393873245,60,100.0,4.846317292109603,0.35667494393873245,0.35665745277231764,1.749116641480697e-05,0.0,0.0,0.5,10.0,5000,per_query,1525452834,0.001374208478563516,8.82944984249677e-05,650.1217968634943,0.9876215868942887,59.18025471255459,0.0712,instanton_2008-01-02_T60_delta0.30_tau60_am100.npz
2008-01-03,20,0.2,0.2231435513142097,20,50.0,4.2750690849856765,0.2231435513142097,0.2218446558544942,0.00129889545971551,0.0,0.0,0.5,10.0,5000,per_query,3033032402,0.0021172810127436654,0.00014599141197955048,683.2835832242315,1.008326182069923,70.40945491807858,0.0748,instanton_2008-01-03_T20_delta0.20_tau20_am50.npz
2008-01-03,20,0.3,0.35667494393873245,20,50.0,13.53481071756141,0.35667494393873245,0.35595891792305245,0.0007160260156799936,0.0,0.0,0.5,10.0,5000,per_query,2828628277,1.50452322702317e-07,6.461210437838931e-08,21.780247133084533,1.1064201604234876,946.1735982053087,0.0044,instanton_2008-01-03_T20_delta0.30_tau20_am50.npz
2008-01-03,60,0.2,0.2231435513142097,60,100.0,1.6729078289547847,0.2231435513142097,0.22311382384221634,2.9727471993368226e-05,0.0,0.0,0.5,10.0,5000,per_query,1788917249,0.05957076610758661,0.0017546537550521234,2176.8531914252303,0.9868948318302517,24.13460139419971,0.2464,instanton_2008-01-03_T60_delta0.20_tau60_am100.npz
2008-01-03,60,0.3,0.35667494393873245,60,100.0,4.921471989776132,0.35667494393873245,0.3566580323981823,1.6911540550168525e-05,0.0,0.0,0.5,10.0,5000,per_query,2746051739,0.00129838969280153,8.320154309248089e-05,175.9757067670151,1.1536792240489362,310.1454966940738,0.0712,instanton_2008-01-03_T60_delta0.30_tau60_am100.npz
2008-01-04,20,0.2,0.2231435513142097,20,50.0,2.8233695043614433,0.2231435513142097,0.22269849962256227,0.00044505169164743563,0.0,0.0,0.5,10.0,5000,per_query,572063408,0.01240292849010078,0.0005297382898949118,1247.9668448726113,0.9829136108868888,27.488407852060483,0.1366,instanton_2008-01-04_T20_delta0.20_tau20_am50.npz
2008-01-04,20,0.3,0.35667494393873245,20,50.0,10.645541355529934,0.35667494393873245,0.356459117540874,0.00021582639785844293,0.0,0.0,0.5,10.0,5000,per_query,1442701685,1.9928833516414393e-06,3.424674903651688e-07,135.84306092274133,0.8715153795766258,203.02621910193076,0.0094,instanton_2008-01-04_T20_delta0.30_tau20_am50.npz
2008-01-04,60,0.2,0.2231435513142097,60,50.0,1.127639547565478,0.2231435513142097,0.22148522963788952,0.0016583216763201847,0.0,0.0,0.5,10.0,5000,per_query,2798763392,0.11729202259397618,0.0030068279298974656,2862.9203277120987,0.9841437255515896,9.450182615050908,0.3022,instanton_2008-01-04_T60_delta0.20_tau60_am50.npz
2008-01-04,60,0.3,0.35667494393873245,60,50.0,3.9143919915964753,0.35667494393873245,0.35581896978415095,0.0008559741545814958,0.0,0.0,0.5,10.0,5000,per_query,691580209,0.004063232791042734,0.00021567731812168546,820.8896384161656,0.9653353802954505,48.835066737167935,0.0974,instanton_2008-01-04_T60_delta0.30_tau60_am50.npz
2008-01-07,20,0.2,0.2231435513142097,20,50.0,2.943083864380329,0.2231435513142097,0.2227123442042025,0.00043120711000721457,0.0,0.0,0.5,10.0,5000,per_query,3317514393,0.010811001191935577,0.0004457550617251774,993.0454230082833,1.002947822028376,75.55700679651059,0.1352,instanton_2008-01-07_T20_delta0.20_tau20_am50.npz
2008-01-07,20,0.3,0.35667494393873245,20,50.0,11.112985732510493,0.35667494393873245,0.35646392129425664,0.0002110226444758112,0.0,0.0,0.5,10.0,5000,per_query,1315516418,1.4486547740066806e-06,2.3560529066609868e-07,86.0257958663501,0.9803113190772293,278.8841641108748,0.011,instanton_2008-01-07_T20_delta0.30_tau20_am50.npz
2008-01-07,60,0.2,0.2231435513142097,60,50.0,1.1537923131539447,0.2231435513142097,0.22165432221478465,0.00148922909942506,0.0,0.0,0.5,10.0,5000,per_query,2639388521,0.11038318101879944,0.0028278504100240245,2865.5497827539452,1.0360048110768272,13.13640949547249,0.2954,instanton_2008-01-07_T60_delta0.20_tau60_am50.npz
2008-01-07,60,0.3,0.35667494393873245,60,50.0,4.049108015290284,0.35667494393873245,0.3558939360847475,0.0007810078539849385,0.0,0.0,0.5,10.0,5000,per_query,1483393844,0.0034996506308086106,0.0001884241964937575,660.888009687647,1.025076816250623,90.34556666555662,0.0944,instanton_2008-01-07_T60_delta0.30_tau60_am50.npz
2008-01-08,20,0.2,0.2231435513142097,20,50.0,2.122738863505072,0.2231435513142097,0.2229242686048858,0.00021928270932392024,0.0,0.0,0.5,10.0,5000,per_query,460183777,0.029604815326924074,0.0010567146397451733,1747.983121819346,1.0106343457782418,27.49729671078782,0.182,instanton_2008-01-08_T20_delta0.20_tau20_am50.npz
2008-01-08,20,0.3,0.35667494393873245,20,50.0,9.286969433590851,0.35667494393873245,0.3565779262980824,9.701764065006557e-05,0.0,0.0,0.5,10.0,5000,per_query,1717796676,9.948565585235891e-06,1.2677027967115093e-06,193.06768080009493,0.8318912234980024,135.77519307807003,0.0164,instanton_2008-01-08_T20_delta0.30_tau20_am50.npz
2008-01-08,60,0.2,0.2231435513142097,60,50.0,0.8694441583371108,0.2231435513142097,0.22234086215460902,0.0008026891596006891,0.0,0.0,0.5,10.0,5000,per_query,3894723707,0.18058235312247775,0.003913814203855841,3225.8123441979096,0.9737205137275159,15.722043665138816,0.3722,instanton_2008-01-08_T60_delta0.20_tau60_am50.npz
2008-01-08,60,0.3,0.35667494393873245,60,50.0,3.4337163499086603,0.35667494393873245,0.3563012642285104,0.0003736797102220635,0.0,0.0,0.5,10.0,5000,per_query,2155471739,0.006522324187639409,0.0003093558217954116,1107.8321440366678,0.9945915700909395,29.904428297099845,0.109,instanton_2008-01-08_T60_delta0.30_tau60_am50.npz
2008-01-09,20,0.2,0.2231435513142097,20,50.0,2.4807678220894283,0.2231435513142097,0.2228075227587487,0.00033602855546099875,0.0,0.0,0.5,10.0,5000,per_query,3673877198,0.02068366863645901,0.0007894304022560873,1459.498815924388,0.9868817725098986,34.387255947685816,0.1704,instanton_2008-01-09_T20_delta0.20_tau20_am50.npz
2008-01-09,20,0.3,0.35667494393873245,20,50.0,9.89618232098259,0.35667494393873245,0.356518208244351,0.00015673569438146018,0.0,0.0,0.5,10.0,5000,per_query,1148296358,4.863513721319892e-06,6.832301035788032e-07,251.77823089783814,0.9756982525936584,91.97934534857009,0.0134,instanton_2008-01-09_T20_delta0.30_tau20_am50.npz
2008-01-09,60,0.2,0.2231435513142097,60,50.0,0.9865694884940891,0.2231435513142097,0.2220602046638911,0.0010833466503186173,0.0,0.0,0.5,10.0,5000,per_query,2641346440,0.14223954117629856,0.003290387538531029,3183.8142448019216,0.9883642201135113,7.911389079929427,0.335,instanton_2008-01-09_T60_delta0.20_tau60_am50.npz
2008-01-09,60,0.3,0.35667494393873245,60,50.0,3.633903659576311,0.35667494393873245,0.3561172009244302,0.0005577430143022255,0.0,0.0,0.5,10.0,5000,per_query,627768122,0.005432400760147943,0.0002766422398802195,1024.717670495009,0.9687704697742063,52.40112102338646,0.1024,instanton_2008-01-09_T60_delta0.30_tau60_am50.npz
2008-01-10,20,0.2,0.2231435513142097,20,50.0,3.3444548447835336,0.2231435513142097,0.2226944671856783,0.00044908412853139623,0.0,0.0,0.5,10.0,5000,per_query,3655842928,0.006693838643127879,0.00032374050940095137,544.5302885030954,1.1018558126970035,155.89378187729713,0.1096,instanton_2008-01-10_T20_delta0.20_tau20_am50.npz
2008-01-10,20,0.3,0.35667494393873245,20,50.0,12.411524206086565,0.35667494393873245,0.3564486879256359,0.00022625601309655963,0.0,0.0,0.5,10.0,5000,per_query,3326637293,3.004678258316706e-07,5.847691322190881e-08,82.17401419840293,0.824771294519623,298.48101988791944,0.0058,instanton_2008-01-10_T20_delta0.30_tau20_am50.npz
2008-01-10,60,0.2,0.2231435513142097,60,50.0,1.2995247050435081,0.2231435513142097,0.22173473370096897,0.0014088176132407426,0.0,0.0,0.5,10.0,5000,per_query,3274659090,0.09357252272043916,0.00236783506576176,2519.0287497301224,1.0226311294317076,16.416173524949343,0.2916,instanton_2008-01-10_T60_delta0.20_tau60_am50.npz
2008-01-10,60,0.3,0.35667494393873245,60,50.0,4.489820910426431,0.35667494393873245,0.3558942427961229,0.00078070114260953,0.0,0.0,0.5,10.0,5000,per_query,381657970,0.001959295233097163,0.00011391926395011589,809.9076122469139,0.9444770318018807,50.96098454010162,0.079,instanton_2008-01-10_T60_delta0.30_tau60_am50.npz
2008-01-11,20,0.2,0.2231435513142097,20,50.0,2.9900368152585632,0.2231435513142097,0.22282303133111903,0.0003205199830906835,0.0,0.0,0.5,10.0,5000,per_query,3113856464,0.009695724861635108,0.00041361030620129156,1274.5268972202869,0.9789343253408263,34.26322161043615,0.1286,instanton_2008-01-11_T20_delta0.20_tau20_am50.npz
2008-01-11,20,0.3,0.35667494393873245,20,50.0,11.844087427355689,0.35667494393873245,0.35651959522025933,0.00015534871847311393,0.0,0.0,0.5,10.0,5000,per_query,1575630347,5.444370910506686e-07,9.709821733757227e-08,79.87624237810634,0.9507716049055714,385.42751813378965,0.0084,instanton_2008-01-11_T20_delta0.30_tau20_am50.npz
2008-01-11,60,0.2,0.2231435513142097,60,50.0,1.1749395237228444,0.2231435513142097,0.22204237874830213,0.0011011725659075822,0.0,0.0,0.5,10.0,5000,per_query,785868482,0.10989989210298345,0.0027596419787491435,2812.5700704697156,0.9955163208857819,11.131744282690102,0.2984,instanton_2008-01-11_T60_delta0.20_tau60_am50.npz
2008-01-11,60,0.3,0.35667494393873245,60,50.0,4.292678074798776,0.35667494393873245,0.3561063483951479,0.0005685955435845713,0.0,0.0,0.5,10.0,5000,per_query,845978233,0.0027044257938926217,0.00015185759126579355,623.7467573412393,0.9711254832765343,101.89963195738073,0.0884,instanton_2008-01-11_T60_delta0.30_tau60_am50.npz
2008-01-14,20,0.2,0.2231435513142097,20,50.0,3.3125081956502345,0.2231435513142097,0.22269608559040766,0.00044746572380205407,0.0,0.0,0.5,10.0,5000,per_query,3189367992,0.006781028995605501,0.0003152870252997299,904.058604253233,1.0512964657797854,52.64854174412816,0.114,instanton_2008-01-14_T20_delta0.20_tau20_am50.npz
2008-01-14,20,0.3,0.35667494393873245,20,50.0,12.310632506421072,0.35667494393873245,0.35645009228252444,0.00022485165620800274,0.0,0.0,0.5,10.0,5000,per_query,2128905696,4.3702796530332527e-07,8.63252051596308e-08,21.942074117538418,1.116542767007589,990.9645678526037,0.007,instanton_2008-01-14_T20_delta0.30_tau20_am50.npz
2008-01-14,60,0.2,0.2231435513142097,60,50.0,1.2864842833380532,0.2231435513142097,0.22170426808086674,0.0014392832333429695,0.0,0.0,0.5,10.0,5000,per_query,1117812415,0.09335774788588555,0.002421045472296338,2523.2833937407613,1.0122857157422978,18.347673355372642,0.2846,instanton_2008-01-14_T60_delta0.20_tau60_am50.npz
2008-01-14,60,0.3,0.35667494393873245,60,50.0,4.452428650302944,0.35667494393873245,0.35588236825376196,0.0007925756849704868,0.0,0.0,0.5,10.0,5000,per_query,3917517158,0.002025432775586531,0.0001273110448650851,613.1127528476168,0.9843904087466799,110.88384329123716,0.0748,instanton_2008-01-14_T60_delta0.30_tau60_am50.npz
2008-01-15,20,0.2,0.2231435513142097,20,50.0,2.109047614770267,0.2231435513142097,0.2229657656242443,0.000177785689965404,0.0,0.0,0.5,10.0,5000,per_query,2465224621,0.029033892063711823,0.0010200047928429824,1911.1667830021584,0.9780390477564146,28.20615283126986,0.1832,instanton_2008-01-15_T20_delta0.20_tau20_am50.npz
2008-01-15,20,0.3,0.35667494393873245,20,50.0,9.653348783949834,0.35667494393873245,0.35659733603277033,7.76079059621182e-05,0.0,0.0,0.5,10.0,5000,per_query,2634601859,6.305307389657787e-06,8.957820905497391e-07,114.03353207262155,0.9923877560224964,295.5479505575215,0.0148,instanton_2008-01-15_T20_delta0.30_tau20_am50.npz
2008-01-15,60,0.2,0.2231435513142097,60,50.0,0.8714189424200125,0.2231435513142097,0.22248521249856434,0.0006583388156453651,0.0,0.0,0.5,10.0,5000,per_query,96459973,0.17930137075531183,0.003995362685590791,3011.7170005966195,1.004126054158685,18.097314941713478,0.364,instanton_2008-01-15_T60_delta0.20_tau60_am50.npz
2008-01-15,60,0.3,0.35667494393873245,60,50.0,3.563144902400799,0.35667494393873245,0.3563720438803726,0.00030290005835986733,0.0,0.0,0.5,10.0,5000,per_query,1923674556,0.006372589783999044,0.00034620709987022034,769.7623527094784,1.0345784795865525,56.873446061198244,0.1092,instanton_2008-01-15_T60_delta0.30_tau60_am50.npz
2008-01-16,20,0.2,0.2231435513142097,20,50.0,1.8644775465451835,0.2231435513142097,0.2230170949001513,0.0001264564140583957,0.0,0.0,0.5,10.0,5000,per_query,2525462253,0.04183911994669811,0.0013553647930249493,1991.5395603963664,0.9879344714383289,24.82896961512974,0.2086,instanton_2008-01-16_T20_delta0.20_tau20_am50.npz
2008-01-16,20,0.3,0.35667494393873245,20,50.0,9.346359741093,0.35667494393873245,0.35662239557161257,5.254836711987565e-05,0.0,0.0,0.5,10.0,5000,per_query,2243671943,6.261618755849052e-06,8.633781793944712e-07,252.86280015995118,0.8726654389429223,92.69474625652903,0.0132,instanton_2008-01-16_T20_delta0.30_tau20_am50.npz
2008-01-16,60,0.2,0.2231435513142097,60,50.0,0.7729417762183297,0.2231435513142097,0.2227310641132636,0.00041248720094611,0.0,0.0,0.5,10.0,5000,per_query,1240651762,0.19598133737057075,0.004117911794380804,3484.997514030156,0.9832208436819193,5.249304945476365,0.3802,instanton_2008-01-16_T60_delta0.20_tau60_am50.npz
2008-01-16,60,0.3,0.35667494393873245,60,50.0,3.4428099017442735,0.35667494393873245,0.356484935142646,0.00019000879608643828,0.0,0.0,0.5,10.0,5000,per_query,1278731353,0.006690553701761205,0.00031344673223096753,1071.865502910804,0.9736534124569546,35.56393667971638,0.1152,instanton_2008-01-16_T60_delta0.30_tau60_am50.npz
2008-01-17,20,0.2,0.2231435513142097,20,50.0,0.860929372973884,0.2231435513142097,0.2230970441428033,4.6507171406418024e-05,0.0,0.0,0.5,10.0,5000,per_query,1396891363,0.16134289627485243,0.003470159399176856,3295.054705270546,0.9903527466772001,7.370557680289625,0.3564,instanton_2008-01-17_T20_delta0.20_tau20_am50.npz
2008-01-17,20,0.3,0.35667494393873245,20,50.0,6.358433012502892,0.35667494393873245,0.3566596534208717,1.5290517860755415e-05,0.0,0.0,0.5,10.0,5000,per_query,741184924,0.00025559410260073666,2.1128643609108854e-05,59.65852246126843,1.0553842979220462,628.3415809736364,0.0422,instanton_2008-01-17_T20_delta0.30_tau20_am50.npz
2008-01-17,60,0.2,0.2231435513142097,59,50.0,0.4105199312629621,0.2231435513142097,0.22297123298397015,0.00017231833023956256,0.0,0.0,0.5,10.0,5000,per_query,3667159306,0.3676047556194535,0.00589308088482423,4111.608765545054,0.9979797484125477,3.706490110967515,0.5044,instanton_2008-01-17_T60_delta0.20_tau59_am50.npz
2008-01-17,60,0.3,0.35667494393873245,60,50.0,2.4241855983375022,0.35667494393873245,0.35661841281004314,5.6531128689307764e-05,0.0,0.0,0.5,10.0,5000,per_query,2357335778,0.022227764720311568,0.0008823591397737865,1584.5068779109024,1.015014613776727,30.15128851167851,0.1612,instanton_2008-01-17_T60_delta0.30_tau60_am50.npz
2008-01-18,20,0.2,0.2231435513142097,20,50.0,0.6236282056081984,0.2231435513142097,0.22311132238877107,3.2228925438637646e-05,0.0,0.0,0.5,10.0,5000,per_query,686566561,0.2188101734840461,0.004329652314446116,3727.6667866816415,1.0085701920309202,5.51286190188424,0.3874,instanton_2008-01-18_T20_delta0.20_tau20_am50.npz
2008-01-18,20,0.3,0.35667494393873245,20,50.0,5.630705713530213,0.35667494393873245,0.3566653698027764,9.5741359560364e-06,0.0,0.0,0.5,10.0,5000,per_query,1460720804,0.0005330708536955838,3.917427521038603e-05,455.96241817566147,0.9499954637607024,104.49421109356531,0.0518,instanton_2008-01-18_T20_delta0.30_tau20_am50.npz
2008-01-18,60,0.2,0.2231435513142097,60,50.0,0.2952926513961832,0.2231435513142097,0.22304029897120614,0.00010325234300356811,0.0,0.0,0.5,10.0,5000,per_query,3501731116,0.4509757011238882,0.006066679186131519,4282.9218831735025,0.99979548292367,3.779820151502509,0.578,instanton_2008-01-18_T60_delta0.20_tau60_am50.npz
2008-01-18,60,0.3,0.35667494393873245,60,50.0,2.138194275008867,0.35667494393873245,0.35664212340757206,3.2820531160382416e-05,0.0,0.0,0.5,10.0,5000,per_query,957667248,0.034479091185110264,0.0011138484626698408,1586.7610686990845,0.9647086071164338,25.311062559788102,0.2102,instanton_2008-01-18_T60_delta0.30_tau60_am50.npz
2008-01-22,20,0.2,0.2231435513142097,20,50.0,0.43524473746097175,0.2231435513142097,0.22312075306054258,2.2798253667133395e-05,0.0,0.0,0.5,10.0,5000,per_query,2435257641,0.30302801114097483,0.005122049717010657,4001.1292321309,1.00520540115784,4.382374652727411,0.4596,instanton_2008-01-22_T20_delta0.20_tau20_am50.npz
2008-01-22,20,0.3,0.35667494393873245,20,50.0,5.013934169179487,0.35667494393873245,0.3566688757259815,6.068212750953705e-06,0.0,0.0,0.5,10.0,5000,per_query,3076959908,0.0010019900684977042,6.844766915923069e-05,431.22370164131445,1.021580382405593,85.69713540857961,0.0608,instanton_2008-01-22_T20_delta0.30_tau20_am50.npz
2008-01-22,60,0.2,0.2231435513142097,60,50.0,0.21836745959672874,0.2231435513142097,0.2230691781797285,7.43731344812204e-05,0.0,0.0,0.5,10.0,5000,per_query,3669914286,0.5171289924903691,0.006354005374768512,4505.796387645844,0.9985257056701026,2.734278930510881,0.616,instanton_2008-01-22_T60_delta0.20_tau60_am50.npz
2008-01-22,60,0.3,0.35667494393873245,60,50.0,1.917903854830074,0.35667494393873245,0.35665349969069826,2.1444248034185875e-05,0.0,0.0,0.5,10.0,5000,per_query,542720667,0.042924178514523306,0.0013677770976499696,1907.4610194321858,0.9943215106034082,20.56754341365911,0.2162,instanton_2008-01-22_T60_delta0.30_tau60_am50.npz
2008-01-23,20,0.2,0.2231435513142097,20,50.0,0.8221013844926905,0.2231435513142097,0.2230915215659497,5.2029748260018494e-05,0.0,0.0,0.5,10.0,5000,per_query,1996123455,0.1657009051332637,0.003605593613650704,3352.7637336984694,0.9906110037351457,7.284336315539923,0.3532,instanton_2008-01-23_T20_delta0.20_tau20_am50.npz
2008-01-23,20,0.3,0.35667494393873245,20,50.0,5.79993158768586,0.35667494393873245,0.35665771948409475,1.7224454637698727e-05,0.0,0.0,0.5,10.0,5000,per_query,1155375983,0.0004130875955369719,3.148833920775132e-05,514.8598666586032,1.0050189649912886,72.2562500438959,0.0478,instanton_2008-01-23_T20_delta0.30_tau20_am50.npz
2008-01-23,60,0.2,0.2231435513142097,60,50.0,0.37833364518237284,0.2231435513142097,0.22300261203173033,0.0001409392824793798,0.0,0.0,0.5,10.0,5000,per_query,1284750637,0.380188684901761,0.005550961736473457,4120.478123517027,1.0061897056475737,3.949011364435016,0.5334,instanton_2008-01-23_T60_delta0.20_tau60_am50.npz
2008-01-23,60,0.3,0.35667494393873245,60,50.0,2.208362135751293,0.35667494393873245,0.3566192889982487,5.5654940483762516e-05,0.0,0.0,0.5,10.0,5000,per_query,4234025326,0.030719725209806426,0.0009929059113509954,1514.6454105147332,0.995207150944394,34.70232854840088,0.1994,instanton_2008-01-23_T60_delta0.30_tau60_am50.npz
2008-01-24,20,0.2,0.2231435513142097,20,50.0,1.0034701923035192,0.2231435513142097,0.22307257225006882,7.097906414088584e-05,0.0,0.0,0.5,10.0,5000,per_query,995343881,0.12364513461802924,0.0030022327033942925,3019.224715728579,1.0049898646570925,9.569614772010905,0.307,instanton_2008-01-24_T20_delta0.20_tau20_am50.npz
2008-01-24,20,0.3,0.35667494393873245,20,50.0,6.2238100095327695,0.35667494393873245,0.35664978144522674,2.5162493505703765e-05,0.0,0.0,0.5,10.0,5000,per_query,112612098,0.0002549994578181017,2.0815626501078988e-05,506.16745646209307,0.9684613822475828,45.49794069589254,0.0408,instanton_2008-01-24_T20_delta0.30_tau20_am50.npz
2008-01-24,60,0.2,0.2231435513142097,60,50.0,0.4396254092514383,0.2231435513142097,0.22292125961763176,0.00022229169657794756,0.0,0.0,0.5,10.0,5000,per_query,1037733296,0.3370867988149749,0.0053574489307425845,4027.453436213072,1.0017120697876258,4.479523498425165,0.4954,instanton_2008-01-24_T60_delta0.20_tau60_am50.npz
2008-01-24,60,0.3,0.35667494393873245,60,50.0,2.352042432386663,0.35667494393873245,0.3565868511770667,8.809276166577007e-05,0.0,0.0,0.5,10.0,5000,per_query,975382579,0.02347175014580645,0.0008509409844479354,1721.1074084704555,0.9994081376374179,24.100379449608237,0.174,instanton_2008-01-24_T60_delta0.30_tau60_am50.npz
2008-01-25,20,0.2,0.2231435513142097,20,50.0,0.6635095116421393,0.2231435513142097,0.22310192380789395,4.1627506315755625e-05,0.0,0.0,0.5,10.0,5000,per_query,4182814718,0.20870115484171697,0.004070130892834338,3587.157080059166,0.9998574101962219,10.202501027137565,0.391,instanton_2008-01-25_T20_delta0.20_tau20_am50.npz
2008-01-25,20,0.3,0.35667494393873245,20,50.0,5.225897278519273,0.35667494393873245,0.3566619683338601,1.2975604872345059e-05,0.0,0.0,0.5,10.0,5000,per_query,3103557747,0.0007341225802595334,5.179408695995764e-05,331.8473060137491,1.0147273581367369,144.45266531214835,0.0552,instanton_2008-01-25_T20_delta0.30_tau20_am50.npz
2008-01-25,60,0.2,0.2231435513142097,60,50.0,0.3082855334733139,0.2231435513142097,0.22299938125031105,0.00014417006389866316,0.0,0.0,0.5,10.0,5000,per_query,2281391750,0.436485255463311,0.006047057244194783,4263.118659102612,1.001460922654836,3.7563753247005938,0.564,instanton_2008-01-25_T60_delta0.20_tau60_am50.npz
2008-01-25,60,0.3,0.35667494393873245,60,50.0,1.9969798591778094,0.35667494393873245,0.3566270861605352,4.7857778197268885e-05,0.0,0.0,0.5,10.0,5000,per_query,3969979099,0.039769040082114494,0.001294168262899619,1647.0198501767438,0.9925597522202512,45.152889663453564,0.2102,instanton_2008-01-25_T60_delta0.30_tau60_am50.npz
2008-01-28,20,0.2,0.2231435513142097,20,50.0,0.9743381795863509,0.2231435513142097,0.22306761466296354,7.593665124616678e-05,0.0,0.0,0.5,10.0,5000,per_query,3086470115,0.13308579614218166,0.0030991846381704115,3023.4526670134974,1.0040387684129972,8.850965817458219,0.3202,instanton_2008-01-28_T20_delta0.20_tau20_am50.npz
2008-01-28,20,0.3,0.35667494393873245,20,50.0,5.915254925068536,0.35667494393873245,0.3566479590898197,2.6984848912725568e-05,0.0,0.0,0.5,10.0,5000,per_query,2837675841,0.00037522943774328263,2.7942076600871043e-05,229.4038587640287,1.0211275485100433,223.70607225440682,0.045,instanton_2008-01-28_T20_delta0.30_tau20_am50.npz
2008-01-28,60,0.2,0.2231435513142097,60,50.0,0.427400672239076,0.2231435513142097,0.22292331027590784,0.00022024103830187158,0.0,0.0,0.5,10.0,5000,per_query,183686378,0.34469118006544225,0.005317956772052855,4039.572092791987,1.0036826232025673,4.499414016758538,0.5046,instanton_2008-01-28_T60_delta0.20_tau60_am50.npz
2008-01-28,60,0.3,0.35667494393873245,60,50.0,2.2433108510636113,0.35667494393873245,0.35658474245386085,9.020148487159929e-05,0.0,0.0,0.5,10.0,5000,per_query,1680260454,0.02836990107544907,0.0009496727313887225,1217.956773213683,1.008479765350835,60.1023699927829,0.1924,instanton_2008-01-28_T60_delta0.30_tau60_am50.npz
2008-01-29,20,0.2,0.2231435513142097,20,50.0,1.0810630145388405,0.2231435513142097,0.22305201270654162,9.153860766808464e-05,0.0,0.0,0.5,10.0,5000,per_query,4068383786,0.11431008091790713,0.0027608310682858783,2875.028678726194,1.0001357638579644,12.810783757638857,0.3056,instanton_2008-01-29_T20_delta0.20_tau20_am50.npz
2008-01-29,20,0.3,0.35667494393873245,20,50.0,6.1455354376529,0.35667494393873245,0.3566412416101503,3.370232858213029e-05,0.0,0.0,0.5,10.0,5000,per_query,2464694641,0.000310687715268761,2.3791218480918984e-05,355.45452717418874,1.0174530037242482,102.02183360673634,0.0452,instanton_2008-01-29_T20_delta0.30_tau20_am50.npz
2008-01-29,60,0.2,0.2231435513142097,60,50.0,0.46604433010437063,0.2231435513142097,0.22285845779230762,0.00028509352190209114,0.0,0.0,0.5,10.0,5000,per_query,3571412094,0.3126287004972003,0.00517448142259338,3961.941678894112,1.000459016678531,4.6605546985967,0.476,instanton_2008-01-29_T60_delta0.20_tau60_am50.npz
2008-01-29,60,0.3,0.35667494393873245,60,50.0,2.32394318888205,0.35667494393873245,0.35655711300390447,0.00011783093482797824,0.0,0.0,0.5,10.0,5000,per_query,1310668447,0.025787307115439084,0.0008905361050101151,1724.8842569181945,0.9864493137784494,17.760049191352348,0.1862,instanton_2008-01-29_T60_delta0.30_tau60_am50.npz
2008-01-30,20,0.2,0.2231435513142097,20,50.0,0.9180396186875094,0.2231435513142097,0.22307428698744847,6.92643267612425e-05,0.0,0.0,0.5,10.0,5000,per_query,2426201452,0.14095799787014784,0.003239171716273386,3181.578558884529,1.01544660838352,8.391836405554104,0.3256,instanton_2008-01-30_T20_delta0.20_tau20_am50.npz
2008-01-30,20,0.3,0.35667494393873245,20,50.0,5.770927094183046,0.35667494393873245,0.35665077965250624,2.416428622620259e-05,0.0,0.0,0.5,10.0,5000,per_query,1291488482,0.0004607580820332657,3.3936738773124424e-05,451.1312372649781,0.9899908514422506,106.03477804748448,0.0508,instanton_2008-01-30_T20_delta0.30_tau20_am50.npz
2008-01-30,60,0.2,0.2231435513142097,60,50.0,0.4034666299380957,0.2231435513142097,0.22291669834302397,0.00022685297118574255,0.0,0.0,0.5,10.0,5000,per_query,4106005341,0.35738548465022507,0.005550195718547908,4051.927268540373,1.0080441270782983,4.205219070849646,0.508,instanton_2008-01-30_T60_delta0.20_tau60_am50.npz
2008-01-30,60,0.3,0.35667494393873245,60,50.0,2.1896945766258105,0.35667494393873245,0.3565887730055852,8.617093314722268e-05,0.0,0.0,0.5,10.0,5000,per_query,891828028,0.029831394894672722,0.0010315933013102683,1633.4301915679882,0.9972970284208923,36.17830189070904,0.1884,instanton_2008-01-30_T60_delta0.30_tau60_am50.npz
2008-01-31,20,0.2,0.2231435513142097,20,50.0,1.270350699060531,0.2231435513142097,0.22300539098644823,0.0001381603277614829,0.0,0.0,0.5,10.0,5000,per_query,713588732,0.09087257874935915,0.0024142033151807935,2589.8228677335583,1.0190963472652856,15.636755807629797,0.279,instanton_2008-01-31_T20_delta0.20_tau20_am50.npz
2008-01-31,20,0.3,0.35667494393873245,20,50.0,6.381870749162876,0.35667494393873245,0.3566208045654431,5.413937328935248e-05,0.0,0.0,0.5,10.0,5000,per_query,791609067,0.00023292872958122617,1.9436588254638402e-05,240.822914860206,1.0097096072218368,234.05924528264208,0.0424,instanton_2008-01-31_T20_delta0.30_tau20_am50.npz
2008-01-31,60,0.2,0.2231435513142097,60,50.0,0.541445758793904,0.2231435513142097,0.22273963996144364,0.00040391135276607315,0.0,0.0,0.5,10.0,5000,per_query,4011317140,0.28385695809466405,0.004858176193029627,3837.9380258768547,1.011245266264249,4.7450339140161795,0.4586,instanton_2008-01-31_T60_delta0.20_tau60_am50.npz
2008-01-31,60,0.3,0.35667494393873245,60,50.0,2.413739495785701,0.35667494393873245,0.35649399140991544,0.0001809525288170022,0.0,0.0,0.5,10.0,5000,per_query,3015184678,0.02349198666920419,0.000840056450373432,1458.3113362845268,0.9867575832251209,51.87285076447304,0.181,instanton_2008-01-31_T60_delta0.30_tau60_am50.npz
2008-02-01,20,0.2,0.2231435513142097,20,50.0,1.5975674506798523,0.2231435513142097,0.22288299605201534,0.00026055526219437297,0.0,0.0,0.5,10.0,5000,per_query,3563656738,0.0596553992791298,0.001735264348079914,2268.40215078185,0.980694581235521,14.794097067719395,0.2454,instanton_2008-02-01_T20_delta0.20_tau20_am50.npz
2008-02-01,20,0.3,0.35667494393873245,20,50.0,6.876731223430744,0.35667494393873245,0.3565641330338982,0.00011081090483422429,0.0,0.0,0.5,10.0,5000,per_query,4022570188,0.00014651280913659804,1.2833468643771946e-05,146.8313075524827,0.9980090109510596,323.42034181798687,0.0342,instanton_2008-02-01_T20_delta0.30_tau20_am50.npz
2008-02-01,60,0.2,0.2231435513142097,60,50.0,0.6636020608835023,0.2231435513142097,0.2223573939610013,0.0007861573532084165,0.0,0.0,0.5,10.0,5000,per_query,1303270656,0.233354951580544,0.0043704230724125595,3565.458075555811,1.00410717655627,7.170315274773272,0.4194,instanton_2008-02-01_T60_delta0.20_tau60_am50.npz
2008-02-01,60,0.3,0.35667494393873245,60,50.0,2.592488603452127,0.35667494393873245,0.356296053473252,0.0003788904654804526,0.0,0.0,0.5,10.0,5000,per_query,2754541785,0.017318196206929173,0.0006788804929743134,1328.1741038656567,0.9996117790966226,44.99966327764143,0.1564,instanton_2008-02-01_T60_delta0.30_tau60_am50.npz
2008-02-04,20,0.2,0.2231435513142097,20,50.0,1.4090586943543237,0.2231435513142097,0.22298605012695116,0.00015750118725854634,0.0,0.0,0.5,10.0,5000,per_query,2194904874,0.07271006517490823,0.0019466426394384173,2485.1899786980707,0.988909168229975,13.61067106997284,0.263,instanton_2008-02-04_T20_delta0.20_tau20_am50.npz
2008-02-04,20,0.3,0.35667494393873245,20,50.0,6.814573709800484,0.35667494393873245,0.3566115689616325,6.337497709996143e-05,0.0,0.0,0.5,10.0,5000,per_query,2531302917,0.00014266037318581848,1.2133662170711615e-05,419.1936927694198,0.9052244327421749,95.70857437185386,0.037,instanton_2008-02-04_T20_delta0.30_tau20_am50.npz
2008-02-04,60,0.2,0.2231435513142097,60,50.0,0.589893542248711,0.2231435513142097,0.22260782897273135,0.0005357223414783618,0.0,0.0,0.5,10.0,5000,per_query,3076005293,0.25969251925384285,0.004775874988287733,3779.033059651359,0.9996888833163291,4.880064047108837,0.4294,instanton_2008-02-04_T60_delta0.20_tau60_am50.npz
2008-02-04,60,0.3,0.35667494393873245,60,50.0,2.5622797660361223,0.35667494393873245,0.3564436764013008,0.0002312675374316342,0.0,0.0,0.5,10.0,5000,per_query,2437076851,0.01830019394099379,0.0007317507655563706,1379.1705450915479,1.0152540793740696,36.224908302998244,0.1542,instanton_2008-02-04_T60_delta0.30_tau60_am50.npz
2008-02-05,20,0.2,0.2231435513142097,20,50.0,0.6797744981270648,0.2231435513142097,0.22308797056155516,5.5580752654549315e-05,0.0,0.0,0.5,10.0,5000,per_query,310911117,0.20396828711875264,0.00409367167207445,3512.104032423927,1.0126251997877815,10.137850431238942,0.3814,instanton_2008-02-05_T20_delta0.20_tau20_am50.npz
2008-02-05,20,0.3,0.35667494393873245,20,50.0,4.707642248305395,0.35667494393873245,0.3566568017801721,1.81421585603303e-05,0.0,0.0,0.5,10.0,5000,per_query,3670012651,0.0015328172139527098,8.997639391064932e-05,760.1069302295298,0.9813112072296104,50.45311146796814,0.0748,instanton_2008-02-05_T20_delta0.30_tau20_am50.npz
2008-02-05,60,0.2,0.2231435513142097,60,50.0,0.3265596004810767,0.2231435513142097,0.22292341418839712,0.0002201371258125917,0.0,0.0,0.5,10.0,5000,per_query,3053356516,0.4279703834554698,0.006217299131153924,4268.093000188599,1.0003605177508428,3.730200095091386,0.5462,instanton_2008-02-05_T60_delta0.20_tau60_am50.npz
2008-02-05,60,0.3,0.35667494393873245,60,50.0,1.8264601006859458,0.35667494393873245,0.35660432143533605,7.06225033964003e-05,0.0,0.0,0.5,10.0,5000,per_query,1552773978,0.04987393942208513,0.001609052236777259,1921.7597086211365,0.9901868500900118,24.388357696962014,0.2256,instanton_2008-02-05_T60_delta0.30_tau60_am50.npz
2008-02-06,20,0.2,0.2231435513142097,20,50.0,0.5717946733523799,0.2231435513142097,0.22310196012978523,4.1591184424483174e-05,0.0,0.0,0.5,10.0,5000,per_query,347464848,0.23838227301593637,0.004470501242468679,3748.968313020549,1.01189836972921,5.444326334677232,0.4118,instanton_2008-02-06_T20_delta0.20_tau20_am50.npz
2008-02-06,20,0.3,0.35667494393873245,20,50.0,4.535106038276159,0.35667494393873245,0.35666221871230075,1.2725226431697934e-05,0.0,0.0,0.5,10.0,5000,per_query,1661447717,0.0015594010352110678,9.511860983645707e-05,443.7341329286597,1.0239743529359864,121.2620225374784,0.0692,instanton_2008-02-06_T20_delta0.30_tau20_am50.npz
2008-02-06,60,0.2,0.2231435513142097,60,50.0,0.267373317879212,0.2231435513142097,0.2230079307208772,0.0001356205933324972,0.0,0.0,0.5,10.0,5000,per_query,1565592836,0.4604315182037226,0.006116959932348918,4365.129953329854,0.9984030043903909,4.343206878831079,0.579,instanton_2008-02-06_T60_delta0.20_tau60_am50.npz
2008-02-06,60,0.3,0.35667494393873245,60,50.0,1.7462631215665052,0.35667494393873245,0.35663081983528766,4.412410344478701e-05,0.0,0.0,0.5,10.0,5000,per_query,3409166918,0.05332674616157849,0.0016184310148661919,2208.0912616239707,0.9982728476215019,18.038608940718866,0.231,instanton_2008-02-06_T60_delta0.30_tau60_am50.npz
2008-02-07,20,0.2,0.2231435513142097,20,50.0,0.6899484433288163,0.2231435513142097,0.2230908115760739,5.2739738135798575e-05,0.0,0.0,0.5,10.0,5000,per_query,1397643750,0.19150735222364956,0.003892973143964616,3600.9379141197787,0.9953063936537204,7.594212986201824,0.3724,instanton_2008-02-07_T20_delta0.20_tau20_am50.npz
2008-02-07,20,0.3,0.35667494393873245,20,50.0,4.880487634784466,0.35667494393873245,0.3566578354615899,1.7108477142535605e-05,0.0,0.0,0.5,10.0,5000,per_query,2258066059,0.0012276037251067223,8.076624522474415e-05,484.634271863814,0.9988585209522732,108.53593758782254,0.0692,instanton_2008-02-07_T20_delta0.30_tau20_am50.npz
2008-02-07,60,0.2,0.2231435513142097,60,50.0,0.3115778930572008,0.2231435513142097,0.2229840248230177,0.0001595264911919969,0.0,0.0,0.5,10.0,5000,per_query,2459409808,0.4078997036616008,0.005870437614686153,4279.178780822854,1.0101648089560844,4.009963888156212,0.5384,instanton_2008-02-07_T60_delta0.20_tau60_am50.npz
2008-02-07,60,0.3,0.35667494393873245,60,50.0,1.8696962382042026,0.35667494393873245,0.3566170550131771,5.7888925555360515e-05,0.0,0.0,0.5,10.0,5000,per_query,2915493101,0.046907833462554935,0.0014312557159939605,2023.5571481493123,0.9615182458506449,20.272490388781815,0.229,instanton_2008-02-07_T60_delta0.30_tau60_am50.npz
2008-02-08,20,0.2,0.2231435513142097,20,50.0,0.5819558329408772,0.2231435513142097,0.22310173596046745,4.181535374225831e-05,0.0,0.0,0.5,10.0,5000,per_query,2586757099,0.24125255882622865,0.0044405398849756686,3728.343051389226,0.9923467193394863,6.103897212855423,0.4198,instanton_2008-02-08_T20_delta0.20_tau20_am50.npz
2008-02-08,20,0.3,0.35667494393873245,20,50.0,4.599828622144458,0.35667494393873245,0.356662102948353,1.2840990379459072e-05,0.0,0.0,0.5,10.0,5000,per_query,3126383980,0.00172910675500371,0.00010912593159950217,490.5607458782809,0.9975468531571525,102.05196782950051,0.0718,instanton_2008-02-08_T20_delta0.30_tau20_am50.npz
2008-02-08,60,0.2,0.2231435513142097,60,50.0,0.2690409094812783,0.2231435513142097,0.22300913011785628,0.0001344211963534292,0.0,0.0,0.5,10.0,5000,per_query,1074176034,0.4530551465995095,0.006080881600565367,4368.630685286941,1.0024902898389656,3.38373492702096,0.5732,instanton_2008-02-08_T60_delta0.20_tau60_am50.npz
2008-02-08,60,0.3,0.35667494393873245,60,50.0,1.7679425155998307,0.35667494393873245,0.356629960851226,4.4983087506444974e-05,0.0,0.0,0.5,10.0,5000,per_query,4198435027,0.05420102967301331,0.001672963310439166,1975.506337301539,0.9961586244825769,18.322615130128902,0.2418,instanton_2008-02-08_T60_delta0.30_tau60_am50.npz
2008-02-11,20,0.2,0.2231435513142097,20,50.0,0.6721566359425102,0.2231435513142097,0.22309332533578097,5.022597842874177e-05,0.0,0.0,0.5,10.0,5000,per_query,1989985424,0.20625015288578702,0.0040330203394440605,3592.6069754507107,0.9945721086478254,8.091894415244976,0.3886,instanton_2008-02-11_T20_delta0.20_tau20_am50.npz
2008-02-11,20,0.3,0.35667494393873245,20,50.0,4.858875740373828,0.35667494393873245,0.3566588207891641,1.6123149568336714e-05,0.0,0.0,0.5,10.0,5000,per_query,1139010594,0.0012231237952378756,7.81631777881195e-05,773.6393468962059,0.9194711623687747,58.36802841114179,0.0656,instanton_2008-02-11_T20_delta0.30_tau20_am50.npz
2008-02-11,60,0.2,0.2231435513142097,60,50.0,0.3047048953070367,0.2231435513142097,0.2229914640486177,0.0001520872655920158,0.0,0.0,0.5,10.0,5000,per_query,2952403835,0.4317261864252161,0.005883302540011754,4309.101227287153,0.989607297960868,4.1645850858794145,0.5666,instanton_2008-02-11_T60_delta0.20_tau60_am50.npz
2008-02-11,60,0.3,0.35667494393873245,60,50.0,1.861588680789261,0.35667494393873245,0.35662004626857957,5.489767015287583e-05,0.0,0.0,0.5,10.0,5000,per_query,1717083470,0.04602992651922606,0.001425955209441876,1793.806097269977,1.0129223276785309,30.619802892060733,0.224,instanton_2008-02-11_T60_delta0.30_tau60_am50.npz
2008-02-12,20,0.2,0.2231435513142097,20,50.0,0.837895678377452,0.2231435513142097,0.223072986356323,7.056495788670958e-05,0.0,0.0,0.5,10.0,5000,per_query,2190471806,0.15785707776756916,0.003483484263977624,3264.5177118063207,1.0035124360345877,8.039441124398406,0.3438,instanton_2008-02-12_T20_delta0.20_tau20_am50.npz
2008-02-12,20,0.3,0.35667494393873245,20,50.0,5.25534861251347,0.35667494393873245,0.3566505789263177,2.4365012414762077e-05,0.0,0.0,0.5,10.0,5000,per_query,423359683,0.0007452719130902272,4.952811152914177e-05,588.7876768710862,1.0039671386936926,73.8128663696152,0.0558,instanton_2008-02-12_T20_delta0.30_tau20_am50.npz
2008-02-12,60,0.2,0.2231435513142097,60,50.0,0.37115462463492843,0.2231435513142097,0.2229343328678972,0.00020921844631249797,0.0,0.0,0.5,10.0,5000,per_query,278958444,0.37445256530517845,0.0055556399973402835,4162.784262218266,0.995893500150428,4.328952970327235,0.5258,instanton_2008-02-12_T60_delta0.20_tau60_am50.npz
2008-02-12,60,0.3,0.35667494393873245,60,50.0,2.0064800046796414,0.35667494393873245,0.3565918536512136,8.309028751884995e-05,0.0,0.0,0.5,10.0,5000,per_query,1471473975,0.03894368271984567,0.0012594499612724127,1931.8670683878975,0.988772004102348,19.514481408605178,0.214,instanton_2008-02-12_T60_delta0.30_tau60_am50.npz
2008-02-13,20,0.2,0.2231435513142097,20,50.0,1.1335033699153099,0.2231435513142097,0.22303938262765577,0.0001041686865539404,0.0,0.0,0.5,10.0,5000,per_query,3358580658,0.10819017629903115,0.002609275997909101,2853.9753139528207,0.9850995350509817,9.93142999828545,0.303,instanton_2008-02-13_T20_delta0.20_tau20_am50.npz
2008-02-13,20,0.3,0.35667494393873245,20,50.0,6.185682029132488,0.35667494393873245,0.35663582876696864,3.911517176380386e-05,0.0,0.0,0.5,10.0,5000,per_query,1445165259,0.0003088258997775185,2.5027055578555975e-05,215.54347391764068,0.9126990811213697,217.26130448215198,0.0454,instanton_2008-02-13_T20_delta0.30_tau20_am50.npz
2008-02-13,60,0.2,0.2231435513142097,60,50.0,0.48849969001495946,0.2231435513142097,0.22283842748612148,0.00030512382808822736,0.0,0.0,0.5,10.0,5000,per_query,2474251511,0.3078628018122818,0.0051574052374692885,3902.6059926983394,1.0172299544527748,5.928632789961166,0.4684,instanton_2008-02-13_T60_delta0.20_tau60_am50.npz
2008-02-13,60,0.3,0.35667494393873245,60,50.0,2.3414561095891244,0.35667494393873245,0.356544022522959,0.00013092141577342176,0.0,0.0,0.5,10.0,5000,per_query,191638856,0.02608773038303396,0.0009168978859657558,1593.083386691215,0.9961972018312973,23.98684521002284,0.1828,instanton_2008-02-13_T60_delta0.30_tau60_am50.npz
2008-02-14,20,0.2,0.2231435513142097,20,50.0,0.9365927574400252,0.2231435513142097,0.22306916902491913,7.438228929057544e-05,0.0,0.0,0.5,10.0,5000,per_query,3340789242,0.13808197896199662,0.0031650790109384454,3172.7501412148363,1.0037193390834676,8.619626540972197,0.3242,instanton_2008-02-14_T20_delta0.20_tau20_am50.npz
2008-02-14,20,0.3,0.35667494393873245,20,50.0,5.737304442040362,0.35667494393873245,0.3566487093187263,2.6234620006171383e-05,0.0,0.0,0.5,10.0,5000,per_query,3787771453,0.0005117950878948339,3.39795520893308e-05,394.3348823723075,0.9027179816457257,84.09510726620759,0.0558,instanton_2008-02-14_T20_delta0.30_tau20_am50.npz
2008-02-14,60,0.2,0.2231435513142097,60,50.0,0.40966522117682974,0.2231435513142097,0.22290177772368747,0.0002417735905222429,0.0,0.0,0.5,10.0,5000,per_query,3737462589,0.35654149299940674,0.005689980726270144,4064.402154415474,1.01561471541089,6.071977316752302,0.4986,instanton_2008-02-14_T60_delta0.20_tau60_am50.npz
2008-02-14,60,0.3,0.35667494393873245,60,50.0,2.177600746247095,0.35667494393873245,0.3565818691750833,9.307476364917022e-05,0.0,0.0,0.5,10.0,5000,per_query,2626200079,0.030731531020507703,0.0010570399739039484,1371.460602467387,1.02903252416546,55.40241264241774,0.1904,instanton_2008-02-14_T60_delta0.30_tau60_am50.npz
2008-02-15,20,0.2,0.2231435513142097,20,50.0,1.0908974071099131,0.2231435513142097,0.22306933547935603,7.421583485367478e-05,0.0,0.0,0.5,10.0,5000,per_query,5807044,0.11277235673964438,0.002734717063125171,2939.144781926546,0.9978662478985232,9.601695205851344,0.3024,instanton_2008-02-15_T20_delta0.20_tau20_am50.npz
2008-02-15,20,0.3,0.35667494393873245,20,50.0,6.63334770089063,0.35667494393873245,0.35664818541571375,2.675852301869952e-05,0.0,0.0,0.5,10.0,5000,per_query,183427247,0.00018436021975528735,1.5689936835339534e-05,262.6443820232585,1.0383308710696846,119.00966515775399,0.0372,instanton_2008-02-15_T20_delta0.30_tau20_am50.npz
2008-02-15,60,0.2,0.2231435513142097,60,50.0,0.4724611877574797,0.2231435513142097,0.22290793483364446,0.0002356164805652483,0.0,0.0,0.5,10.0,5000,per_query,4156138666,0.316652265620234,0.005262882057183252,3927.3370887741867,1.0047799746225545,5.518895468494995,0.4758,instanton_2008-02-15_T60_delta0.20_tau60_am50.npz
2008-02-15,60,0.3,0.35667494393873245,60,50.0,2.494148298319672,0.35667494393873245,0.3565808261473249,9.411779140755527e-05,0.0,0.0,0.5,10.0,5000,per_query,395872339,0.020397924443232063,0.0007778025452879683,1249.592531245307,1.0476140435932122,38.38666860528961,0.1636,instanton_2008-02-15_T60_delta0.30_tau60_am50.npz
2008-02-19,20,0.2,0.2231435513142097,20,50.0,1.1895747649572512,0.2231435513142097,0.22306094003075305,8.261128345665725e-05,0.0,0.0,0.5,10.0,5000,per_query,1593422533,0.10185184568862234,0.002528267402163215,2724.081155675113,0.986289896287465,13.32225619155489,0.2984,instanton_2008-02-19_T20_delta0.20_tau20_am50.npz
2008-02-19,20,0.3,0.35667494393873245,20,50.0,6.9466110047805145,0.35667494393873245,0.3566444047174553,3.0539221277159356e-05,0.0,0.0,0.5,10.0,5000,per_query,1434679116,0.00011778298131287425,1.1139863897934698e-05,204.66353436207612,0.9575476293452404,156.49970106269922,0.031,instanton_2008-02-19_T20_delta0.30_tau20_am50.npz
2008-02-19,60,0.2,0.2231435513142097,60,50.0,0.5107423952294552,0.2231435513142097,0.22288611169889982,0.0002574396153098846,0.0,0.0,0.5,10.0,5000,per_query,3015459167,0.30467994215804967,0.005090439371586148,3844.1216234434823,1.0071666412270612,5.356328787891622,0.4732,instanton_2008-02-19_T60_delta0.20_tau60_am50.npz
2008-02-19,60,0.3,0.35667494393873245,60,50.0,2.604881693486226,0.35667494393873245,0.3565687780061584,0.00010616593257406493,0.0,0.0,0.5,10.0,5000,per_query,3786895564,0.017263747427269376,0.0006722071806877243,1451.4757325605826,1.0054343708960574,29.90222025420417,0.1572,instanton_2008-02-19_T60_delta0.30_tau60_am50.npz
2008-02-20,20,0.2,0.2231435513142097,20,50.0,1.2978296580570168,0.2231435513142097,0.22305104817098353,9.25031432261747e-05,0.0,0.0,0.5,10.0,5000,per_query,3202614937,0.08577633100788783,0.002239467670082303,2630.9291265421793,0.9924986263764495,16.22073103437281,0.2764,instanton_2008-02-20_T20_delta0.20_tau20_am50.npz
2008-02-20,20,0.3,0.35667494393873245,20,50.0,7.2769539521553765,0.35667494393873245,0.3566398718683148,3.5072070417641044e-05,0.0,0.0,0.5,10.0,5000,per_query,254485841,7.735734281446418e-05,7.239169129365081e-06,138.27635194215125,1.0741658135113457,348.2277511298821,0.0298,instanton_2008-02-20_T20_delta0.30_tau20_am50.npz
2008-02-20,60,0.2,0.2231435513142097,60,50.0,0.552496721415807,0.2231435513142097,0.22285498580158247,0.00028856551262723684,0.0,0.0,0.5,10.0,5000,per_query,2630556562,0.27876204061707416,0.004907320594435233,3804.757493852507,1.000411727992068,6.184077564329558,0.4512,instanton_2008-02-20_T60_delta0.20_tau60_am50.npz
2008-02-20,60,0.3,0.35667494393873245,60,50.0,2.7213084253693816,0.35667494393873245,0.3565525652486654,0.0001223786900670376,0.0,0.0,0.5,10.0,5000,per_query,4189720851,0.015849875639064943,0.0006306970908167934,1400.572283854643,1.00182524538783,35.819635054536946,0.155,instanton_2008-02-20_T60_delta0.30_tau60_am50.npz
2008-02-21,20,0.2,0.2231435513142097,20,50.0,1.2276645596683011,0.2231435513142097,0.22307578439391396,6.776692029575315e-05,0.0,0.0,0.5,10.0,5000,per_query,3647532774,0.08784726289794764,0.002357581499772365,2788.0478754247542,1.0302500872128495,9.975180199082473,0.2642,instanton_2008-02-21_T20_delta0.20_tau20_am50.npz
2008-02-21,20,0.3,0.35667494393873245,20,50.0,7.645257556994076,0.35667494393873245,0.3566502537981382,2.469014059425234e-05,0.0,0.0,0.5,10.0,5000,per_query,795830590,5.720308437097372e-05,7.374656471605929e-06,126.86549395006585,0.9579246031086867,322.7101678056429,0.0258,instanton_2008-02-21_T20_delta0.30_tau20_am50.npz
2008-02-21,60,0.2,0.2231435513142097,60,50.0,0.5309484961808841,0.2231435513142097,0.22291352508136875,0.00023002623284096302,0.0,0.0,0.5,10.0,5000,per_query,2707105611,0.2973675901087407,0.005125283922783769,3881.3747054239566,0.9915857827019745,4.686883243120593,0.4668,instanton_2008-02-21_T60_delta0.20_tau60_am50.npz
2008-02-21,60,0.3,0.35667494393873245,60,50.0,2.8471244233467856,0.35667494393873245,0.35658501921161445,8.992472711799593e-05,0.0,0.0,0.5,10.0,5000,per_query,4144400200,0.012477210186497879,0.0005370824004357909,921.5892407125739,1.033524682420253,96.6741189068291,0.132,instanton_2008-02-21_T60_delta0.30_tau60_am50.npz
2008-02-22,20,0.2,0.2231435513142097,20,50.0,1.4217375989252226,0.2231435513142097,0.22305800448343494,8.554683077477421e-05,0.0,0.0,0.5,10.0,5000,per_query,172072273,0.07125910918612482,0.001991813255537501,2264.2590255750265,1.0062339439824388,25.093898858744968,0.2512,instanton_2008-02-22_T20_delta0.20_tau20_am50.npz
2008-02-22,20,0.3,0.35667494393873245,20,50.0,8.116366908427862,0.35667494393873245,0.35664221872674684,3.272521198560696e-05,0.0,0.0,0.5,10.0,5000,per_query,3163538879,2.993939792974566e-05,3.43557952718012e-06,165.64728542763865,0.9985342342028103,189.58718036796574,0.0206,instanton_2008-02-22_T20_delta0.30_tau20_am50.npz
2008-02-22,60,0.2,0.2231435513142097,60,50.0,0.602731788691929,0.2231435513142097,0.22287550151940572,0.0002680497948039928,0.0,0.0,0.5,10.0,5000,per_query,4005055890,0.26128752435757097,0.004654589674791208,3715.9380297137386,0.9888675702756782,7.674652113964962,0.4444,instanton_2008-02-22_T60_delta0.20_tau60_am50.npz
2008-02-22,60,0.3,0.35667494393873245,60,50.0,3.011431627948876,0.35667494393873245,0.3565613474815059,0.000113596457226528,0.0,0.0,0.5,10.0,5000,per_query,1194938954,0.011520981569882821,0.0005122514430742973,1061.590403424662,1.0295782920334324,58.91024873245776,0.137,instanton_2008-02-22_T60_delta0.30_tau60_am50.npz
2008-02-25,20,0.2,0.2231435513142097,20,50.0,1.8592910890748282,0.2231435513142097,0.2230041712614126,0.0001393800527971223,0.0,0.0,0.5,10.0,5000,per_query,2402672986,0.04237712548617813,0.0013245909364833941,2031.370673299325,1.0005970626574183,19.071670617870897,0.2168,instanton_2008-02-25_T20_delta0.20_tau20_am50.npz
2008-02-25,20,0.3,0.35667494393873245,20,50.0,9.09584868442303,0.35667494393873245,0.35661658716956524,5.835676916721155e-05,0.0,0.0,0.5,10.0,5000,per_query,4204352215,1.0184754134247458e-05,1.4389321856237496e-06,164.64853240767897,0.9994340778031469,230.53656407031107,0.016,instanton_2008-02-25_T20_delta0.30_tau20_am50.npz
2008-02-25,60,0.2,0.2231435513142097,60,50.0,0.7704504865689301,0.2231435513142097,0.22272021313406754,0.0004233381801421743,0.0,0.0,0.5,10.0,5000,per_query,922283788,0.20829151476006846,0.004069933482684284,3445.567472751262,0.9983439445804916,6.6540288745207565,0.4022,instanton_2008-02-25_T60_delta0.20_tau60_am50.npz
2008-02-25,60,0.3,0.35667494393873245,60,50.0,3.3592481028070456,0.35667494393873245,0.35647433879337154,0.00020060514536091034,0.0,0.0,0.5,10.0,5000,per_query,3747192463,0.007228861982813275,0.00033225151492742935,1024.5620714206123,1.0035755427134456,43.07696583246586,0.1162,instanton_2008-02-25_T60_delta0.30_tau60_am50.npz
2008-02-26,20,0.2,0.2231435513142097,20,50.0,2.2617763251592526,0.2231435513142097,0.2229549637433017,0.00018858757090800538,0.0,0.0,0.5,10.0,5000,per_query,1823462615,0.025530274047962803,0.000916136411699448,1787.6363719033104,0.9711984962478051,24.208283838064983,0.178,instanton_2008-02-26_T20_delta0.20_tau20_am50.npz
2008-02-26,20,0.3,0.35667494393873245,20,50.0,10.165362030983845,0.35667494393873245,0.3565912406768845,8.370326184792276e-05,0.0,0.0,0.5,10.0,5000,per_query,4270306162,3.569899064929276e-06,5.521103460111849e-07,79.61580215076847,0.9985983196308794,289.1263753702828,0.0134,instanton_2008-02-26_T20_delta0.30_tau20_am50.npz
2008-02-26,60,0.2,0.2231435513142097,60,50.0,0.9165627765381062,0.2231435513142097,0.22254863385675439,0.000594917457455324,0.0,0.0,0.5,10.0,5000,per_query,3688086559,0.16461098548864975,0.003509378591002787,3252.3139711327185,0.9800102865555553,7.736059865688278,0.362,instanton_2008-02-26_T60_delta0.20_tau60_am50.npz
2008-02-26,60,0.3,0.35667494393873245,60,50.0,3.7246625280388863,0.35667494393873245,0.35638545001046396,0.00028949392826849163,0.0,0.0,0.5,10.0,5000,per_query,3961266549,0.005255668708092461,0.00024726644738844904,876.406270352154,0.9489635404118242,50.65072515021964,0.1114,instanton_2008-02-26_T60_delta0.30_tau60_am50.npz
2008-02-27,20,0.2,0.2231435513142097,20,50.0,2.236828742181984,0.2231435513142097,0.22296244858403735,0.00018110273017235556,0.0,0.0,0.5,10.0,5000,per_query,3308272149,0.02570456193347925,0.0009079256120019412,1654.7399670651193,0.989200757431478,29.53232093441838,0.1752,instanton_2008-02-27_T20_delta0.20_tau20_am50.npz
2008-02-27,20,0.3,0.35667494393873245,20,50.0,10.150783835528033,0.35667494393873245,0.35659489920240084,8.004473633160814e-05,0.0,0.0,0.5,10.0,5000,per_query,2340873980,2.944030879429201e-06,5.021011959561444e-07,136.29263343090275,0.9748732950060461,185.96197693953812,0.0096,instanton_2008-02-27_T20_delta0.30_tau20_am50.npz
2008-02-27,60,0.2,0.2231435513142097,60,50.0,0.904345240440208,0.2231435513142097,0.22255999173745167,0.0005835595767580415,0.0,0.0,0.5,10.0,5000,per_query,1520224012,0.15972438372292466,0.0035298817296733156,3164.023173109517,1.026303767023803,8.69744058902426,0.3466,instanton_2008-02-27_T60_delta0.20_tau60_am50.npz
2008-02-27,60,0.3,0.35667494393873245,60,50.0,3.715165295460864,0.35667494393873245,0.3563935223601584,0.00028142157857402594,0.0,0.0,0.5,10.0,5000,per_query,723012519,0.004952301278785646,0.00024065801685699533,954.8213449337193,0.9708503279350323,44.931705060978295,0.1078,instanton_2008-02-27_T60_delta0.30_tau60_am50.npz
2008-02-28,20,0.2,0.2231435513142097,20,50.0,1.8416427504138133,0.2231435513142097,0.2230210309812204,0.00012252033298931764,0.0,0.0,0.5,10.0,5000,per_query,3935654267,0.040938484280073774,0.0013373398928881314,2019.6034864329747,1.0098902926837057,19.203332490529576,0.206,instanton_2008-02-28_T20_delta0.20_tau20_am50.npz
2008-02-28,20,0.3,0.35667494393873245,20,50.0,9.31585936802415,0.35667494393873245,0.3566242880592627,5.0655879469729825e-05,0.0,0.0,0.5,10.0,5000,per_query,1103866796,1.0614257161365773e-05,1.6737083720434668e-06,225.994104689335,0.904342712954295,135.46947891664212,0.0182,instanton_2008-02-28_T20_delta0.30_tau20_am50.npz
2008-02-28,60,0.2,0.2231435513142097,60,50.0,0.7629681033648126,0.2231435513142097,0.22272118202479074,0.0004223692894189668,0.0,0.0,0.5,10.0,5000,per_query,1550328423,0.19585850737093488,0.003974654144266211,3347.0258100452324,0.9988380282519044,10.509570876473402,0.3852,instanton_2008-02-28_T60_delta0.20_tau60_am50.npz
2008-02-28,60,0.3,0.35667494393873245,60,50.0,3.429311525037924,0.35667494393873245,0.35648826617349805,0.00018667776523439983,0.0,0.0,0.5,10.0,5000,per_query,4238639481,0.006324902527383432,0.000321575126908998,1082.8659863281443,0.9761775274067342,39.881839018121276,0.1066,instanton_2008-02-28_T60_delta0.30_tau60_am50.npz
2008-02-29,20,0.2,0.2231435513142097,20,50.0,1.0590936521780818,0.2231435513142097,0.223091619047608,5.193226660171746e-05,0.0,0.0,0.5,10.0,5000,per_query,2627179242,0.12154551247782051,0.0029434922068297016,2896.188954830343,1.0161815562964696,12.623285773111137,0.3132,instanton_2008-02-29_T20_delta0.20_tau20_am50.npz
2008-02-29,20,0.3,0.35667494393873245,20,50.0,7.369102439988006,0.35667494393873245,0.3566570447274371,1.7899211295357986e-05,0.0,0.0,0.5,10.0,5000,per_query,1775376920,7.43610804522674e-05,7.150948296848911e-06,218.7917848685007,1.0021159213894548,192.1985604081654,0.0282,instanton_2008-02-29_T20_delta0.30_tau20_am50.npz
2008-02-29,60,0.2,0.2231435513142097,60,50.0,0.48463091228952876,0.2231435513142097,0.2229582266662007,0.00018532464800902204,0.0,0.0,0.5,10.0,5000,per_query,3701620272,0.3204073398181665,0.005505077434231428,3968.8303393558954,0.9906066332304923,4.066370264840189,0.4736,instanton_2008-02-29_T60_delta0.20_tau60_am50.npz
2008-02-29,60,0.3,0.35667494393873245,60,50.0,2.771322389729886,0.35667494393873245,0.35660719647208516,6.774746664728326e-05,0.0,0.0,0.5,10.0,5000,per_query,1455951193,0.015536815577149372,0.0006173049827312566,1093.7684350058032,1.0167973557744958,44.48772644656593,0.1538,instanton_2008-02-29_T60_delta0.30_tau60_am50.npz
2008-03-03,20,0.2,0.2231435513142097,20,50.0,1.0692591595191419,0.2231435513142097,0.22309587327482205,4.767803938765525e-05,0.0,0.0,0.5,10.0,5000,per_query,380889054,0.11959538259692092,0.0028878173863884637,2917.330751042957,1.0094813741871282,10.104244437670797,0.3088,instanton_2008-03-03_T20_delta0.20_tau20_am50.npz
2008-03-03,20,0.3,0.35667494393873245,20,50.0,7.704972333563797,0.35667494393873245,0.35665864232986344,1.630160886900711e-05,0.0,0.0,0.5,10.0,5000,per_query,330403908,4.802350712983722e-05,5.053035643461787e-06,159.0412596477717,0.9811023353702216,219.00576442977658,0.0254,instanton_2008-03-03_T20_delta0.30_tau20_am50.npz
2008-03-03,60,0.2,0.2231435513142097,60,50.0,0.47330927207615875,0.2231435513142097,0.2229838293086024,0.0001597220056073212,0.0,0.0,0.5,10.0,5000,per_query,3864934228,0.3224607297175814,0.0053456289212744645,3935.6600634919414,1.0099134571195907,5.112763540869095,0.4818,instanton_2008-03-03_T60_delta0.20_tau60_am50.npz
2008-03-03,60,0.3,0.35667494393873245,60,50.0,2.8636620554289,0.35667494393873245,0.356615989131547,5.895480718542956e-05,0.0,0.0,0.5,10.0,5000,per_query,1264313499,0.013078076017534405,0.0005617220485895261,1020.2074063379561,1.0159034750626121,53.98900699853369,0.1412,instanton_2008-03-03_T60_delta0.30_tau60_am50.npz
2008-03-04,20,0.2,0.2231435513142097,20,50.0,1.0073092446930565,0.2231435513142097,0.22310194887362478,4.1602440584931344e-05,0.0,0.0,0.5,10.0,5000,per_query,4259226821,0.13098437446032385,0.002962532846475002,2929.0811645767267,0.9844504246584022,16.67072903915811,0.3282,instanton_2008-03-04_T20_delta0.20_tau20_am50.npz
2008-03-04,20,0.3,0.35667494393873245,20,50.0,7.749523623482807,0.35667494393873245,0.3566611135982356,1.3830340496845395e-05,0.0,0.0,0.5,10.0,5000,per_query,3201734970,4.7941456436255424e-05,4.9931694682479965e-06,197.50295324901504,0.9596369827723654,143.55081106941986,0.0258,instanton_2008-03-04_T20_delta0.30_tau20_am50.npz
2008-03-04,60,0.2,0.2231435513142097,60,50.0,0.45063371110196826,0.2231435513142097,0.22300738408350984,0.00013616723069986847,0.0,0.0,0.5,10.0,5000,per_query,3736367196,0.3355130730969589,0.005422516726726644,3999.1019499534495,0.997549259018149,4.518036121515179,0.494,instanton_2008-03-04_T60_delta0.20_tau60_am50.npz
2008-03-04,60,0.3,0.35667494393873245,60,50.0,2.8771093440731743,0.35667494393873245,0.3566253018021266,4.964213660585415e-05,0.0,0.0,0.5,10.0,5000,per_query,2792828930,0.013673527930688342,0.0005934182808098896,1503.7115304706142,0.9630285853009766,22.657554133731875,0.1464,instanton_2008-03-04_T60_delta0.30_tau60_am50.npz
2008-03-05,20,0.2,0.2231435513142097,20,50.0,1.4892601171856783,0.2231435513142097,0.22309081299412625,5.273832008345636e-05,0.0,0.0,0.5,10.0,5000,per_query,404761939,0.06695352499173504,0.0019202654748005134,2487.8755920777417,0.9797751979250392,13.552958436504566,0.2452,instanton_2008-03-05_T20_delta0.20_tau20_am50.npz
2008-03-05,20,0.3,0.35667494393873245,20,50.0,10.050598056079918,0.35667494393873245,0.35665558278336373,1.9361155368713412e-05,0.0,0.0,0.5,10.0,5000,per_query,2314701215,4.0939608115313534e-06,6.121979889486776e-07,77.56636212197395,0.8996135022248359,366.8935053868045,0.0128,instanton_2008-03-05_T20_delta0.30_tau20_am50.npz
2008-03-05,60,0.2,0.2231435513142097,60,50.0,0.6402861805036124,0.2231435513142097,0.22298143405943538,0.00016211725477432992,0.0,0.0,0.5,10.0,5000,per_query,3858986813,0.25600045191497456,0.00450319224835829,3521.969068772248,1.0065704451554218,9.186963574027132,0.4512,instanton_2008-03-05_T60_delta0.20_tau60_am50.npz
2008-03-05,60,0.3,0.35667494393873245,60,50.0,3.664583921563098,0.35667494393873245,0.3566093922753968,6.55516633356612e-05,0.0,0.0,0.5,10.0,5000,per_query,2303097548,0.00544910670305482,0.00025449577315688545,757.349592721423,0.9813644489296205,70.2055816248733,0.1108,instanton_2008-03-05_T60_delta0.30_tau60_am50.npz
2008-03-06,20,0.2,0.2231435513142097,20,50.0,0.7077990007282408,0.2231435513142097,0.2231184667979642,2.5084516245499344e-05,0.0,0.0,0.5,10.0,5000,per_query,616927398,0.19595579341762903,0.003970944467706276,3499.298157148721,1.003961947820092,6.908423024984001,0.3796,instanton_2008-03-06_T20_delta0.20_tau20_am50.npz
2008-03-06,20,0.3,0.35667494393873245,20,50.0,7.4165781766803764,0.35667494393873245,0.3566676502260444,7.293712688039022e-06,0.0,0.0,0.5,10.0,5000,per_query,1045740027,7.208423956991554e-05,7.1615075399740755e-06,361.7019515409369,0.903021682500815,94.40470562258048,0.0286,instanton_2008-03-06_T20_delta0.30_tau20_am50.npz
2008-03-06,60,0.2,0.2231435513142097,60,50.0,0.35091612767652464,0.2231435513142097,0.22305031868235403,9.323263185567754e-05,0.0,0.0,0.5,10.0,5000,per_query,343878649,0.4089771315359593,0.006140747781128969,4197.29196415583,1.0074946502672908,3.8757579317986965,0.5324,instanton_2008-03-06_T60_delta0.20_tau60_am50.npz
2008-03-06,60,0.3,0.35667494393873245,60,50.0,2.772073953324114,0.35667494393873245,0.3566469461866779,2.799775205453159e-05,0.0,0.0,0.5,10.0,5000,per_query,2410771130,0.015608829934033275,0.000639198612803273,1222.4865319700925,0.9798530515130326,40.620744571110706,0.1534,instanton_2008-03-06_T60_delta0.30_tau60_am50.npz
2008-03-07,20,0.2,0.2231435513142097,20,50.0,0.4645943011185639,0.2231435513142097,0.2231257040473933,1.7847266816417573e-05,0.0,0.0,0.5,10.0,5000,per_query,3604202593,0.28927860268364103,0.005005632869837477,3976.7531543958494,1.0013918159172768,5.471428351214776,0.4482,instanton_2008-03-07_T20_delta0.20_tau20_am50.npz
2008-03-07,20,0.3,0.35667494393873245,20,50.0,6.557451602404797,0.35667494393873245,0.3566703748957796,4.569042952873303e-06,0.0,0.0,0.5,10.0,5000,per_query,2117161551,0.00017004270893781324,1.567434697869342e-05,424.5815181518543,0.9773997010271718,90.54649698637694,0.0338,instanton_2008-03-07_T20_delta0.30_tau20_am50.npz
2008-03-07,60,0.2,0.2231435513142097,60,50.0,0.2437819096884028,0.2231435513142097,0.2230853318770416,5.8219437168105515e-05,0.0,0.0,0.5,10.0,5000,per_query,3985348875,0.5096380187913897,0.006311114560079179,4444.541001856025,0.9939951736179257,3.7746109860982124,0.6148,instanton_2008-03-07_T60_delta0.20_tau60_am50.npz
2008-03-07,60,0.3,0.35667494393873245,60,50.0,2.4638335495354204,0.35667494393873245,0.3566585268211453,1.641711758715303e-05,0.0,0.0,0.5,10.0,5000,per_query,3452276514,0.021662533330819796,0.000809371848759406,1589.132510196753,1.0022006918172006,31.137495866933268,0.1702,instanton_2008-03-07_T60_delta0.30_tau60_am50.npz
2008-03-10,20,0.2,0.2231435513142097,20,50.0,0.22739139941781417,0.2231435513142097,0.22313167893740982,1.1872376799892947e-05,0.0,0.0,0.5,10.0,5000,per_query,3286054256,0.4356135581326194,0.005971472687095083,4463.341873535313,1.0080077714631828,3.4741271338632083,0.5498,instanton_2008-03-10_T20_delta0.20_tau20_am50.npz
2008-03-10,20,0.3,0.35667494393873245,20,50.0,5.456586998222859,0.35667494393873245,0.3566724212238652,2.5227148672257727e-06,0.0,0.0,0.5,10.0,5000,per_query,1643261616,0.0005546571934418938,4.357631685022847e-05,421.18727447766105,0.9958443686968265,94.3889654547349,0.047,instanton_2008-03-10_T20_delta0.30_tau20_am50.npz
2008-03-10,60,0.2,0.2231435513142097,60,50.0,0.1422059477713185,0.2231435513142097,0.2231038525061777,3.9698808032007094e-05,0.0,0.0,0.5,10.0,5000,per_query,590265906,0.6325444279001647,0.006392735280693629,4658.757012091012,0.9943458614205887,2.4184304707705846,0.7024,instanton_2008-03-10_T60_delta0.20_tau60_am50.npz
2008-03-10,60,0.3,0.35667494393873245,60,50.0,2.0782234176413015,0.35667494393873245,0.35666591062014774,9.033318584705796e-06,0.0,0.0,0.5,10.0,5000,per_query,3960546342,0.03706823754740386,0.0011990180647685025,1265.1424689892713,0.9903966432723414,80.38086478890054,0.213,instanton_2008-03-10_T60_delta0.30_tau60_am50.npz
2008-03-11,20,0.2,0.2231435513142097,20,50.0,0.6866274966975324,0.2231435513142097,0.22310640200095389,3.714931325582427e-05,0.0,0.0,0.5,10.0,5000,per_query,2514007106,0.20471227742366424,0.004171624588697235,3557.6499951837836,1.0126272566876826,6.030113121786769,0.38,instanton_2008-03-11_T20_delta0.20_tau20_am50.npz
2008-03-11,20,0.3,0.35667494393873245,20,50.0,5.713061734512935,0.35667494393873245,0.3566635058305909,1.1438108141526016e-05,0.0,0.0,0.5,10.0,5000,per_query,3992257931,0.0004680685847485641,3.584484529178011e-05,385.499732893038,0.9648991555853005,74.89198721503045,0.0506,instanton_2008-03-11_T20_delta0.30_tau20_am50.npz
2008-03-11,60,0.2,0.2231435513142097,60,50.0,0.3477662409550564,0.2231435513142097,0.22305442517151874,8.912614269096508e-05,0.0,0.0,0.5,10.0,5000,per_query,1621098603,0.42477905003025623,0.005695977474717199,4223.687632389477,1.0079236905447455,3.8131164029403886,0.571,instanton_2008-03-11_T60_delta0.20_tau60_am50.npz
2008-03-11,60,0.3,0.35667494393873245,60,50.0,2.190646088712651,0.35667494393873245,0.35664013062135425,3.48133173782017e-05,0.0,0.0,0.5,10.0,5000,per_query,3641873084,0.030772638704886907,0.0010233995731535003,1596.2761677904218,1.0111558027594703,51.319445972252616,0.1946,instanton_2008-03-11_T60_delta0.30_tau60_am50.npz
2008-03-12,20,0.2,0.2231435513142097,20,50.0,0.5114978327344508,0.2231435513142097,0.22311670657171678,2.6844742492926343e-05,0.0,0.0,0.5,10.0,5000,per_query,2903980174,0.268210363177838,0.00474995986623002,3886.0899694095338,0.997821739719009,5.293672320203466,0.437,instanton_2008-03-12_T20_delta0.20_tau20_am50.npz
2008-03-12,20,0.3,0.35667494393873245,20,50.0,5.214092303834675,0.35667494393873245,0.35666741793751466,7.526001217783573e-06,0.0,0.0,0.5,10.0,5000,per_query,2417122642,0.000777380055686191,5.345139282730183e-05,575.2135403149988,0.9948781240529737,61.5403370702273,0.0568,instanton_2008-03-12_T20_delta0.30_tau20_am50.npz
2008-03-12,60,0.2,0.2231435513142097,60,50.0,0.24756128584815715,0.2231435513142097,0.22306530848061268,7.824283359703088e-05,0.0,0.0,0.5,10.0,5000,per_query,4045008535,0.4854935230121162,0.0060827951199559065,4436.536729781269,1.0002009992979983,3.069877115504909,0.6018,instanton_2008-03-12_T60_delta0.20_tau60_am50.npz
2008-03-12,60,0.3,0.35667494393873245,60,50.0,1.9878388156319213,0.35667494393873245,0.3566498139284846,2.513001024784245e-05,0.0,0.0,0.5,10.0,5000,per_query,2368881091,0.04003772588416992,0.0012732566669878135,2117.8957478534835,0.9884334053032627,15.661300746002233,0.2158,instanton_2008-03-12_T60_delta0.30_tau60_am50.npz
2008-03-13,20,0.2,0.2231435513142097,20,50.0,0.5639795543268857,0.2231435513142097,0.22311459930394495,2.895201026476002e-05,0.0,0.0,0.5,10.0,5000,per_query,2646516899,0.24907792491269273,0.004540396658579129,3764.462067677616,0.9930306673362361,5.6113489419521505,0.4264,instanton_2008-03-13_T20_delta0.20_tau20_am50.npz
2008-03-13,20,0.3,0.35667494393873245,20,50.0,5.453204211569221,0.35667494393873245,0.3566666135405585,8.330398173939102e-06,0.0,0.0,0.5,10.0,5000,per_query,1256531483,0.0006762330761170205,4.8520280081290486e-05,457.46218564930996,1.0233277411438222,74.38765844149161,0.0572,instanton_2008-03-13_T20_delta0.30_tau20_am50.npz
2008-03-13,60,0.2,0.2231435513142097,60,50.0,0.2686206903108796,0.2231435513142097,0.22305589509620738,8.765621800232992e-05,0.0,0.0,0.5,10.0,5000,per_query,3537522207,0.46669738323719695,0.0061066860535248626,4364.528092498114,0.9978372568152003,4.081697083186108,0.5874,instanton_2008-03-13_T60_delta0.20_tau60_am50.npz
2008-03-13,60,0.3,0.35667494393873245,60,50.0,2.072724747071982,0.35667494393873245,0.3566465697727059,2.837416602652354e-05,0.0,0.0,0.5,10.0,5000,per_query,3174337233,0.03500592272328135,0.0011699143671342963,1770.5247071861718,0.9859451610485629,27.96556725535794,0.2048,instanton_2008-03-13_T60_delta0.30_tau60_am50.npz
2008-03-14,20,0.2,0.2231435513142097,20,50.0,0.30097970614085123,0.2231435513142097,0.22312625206866965,1.7299245540058905e-05,0.0,0.0,0.5,10.0,5000,per_query,3913057864,0.3880026478651303,0.0056989803570476946,4273.721227879194,1.0038565498615095,4.0147166407541235,0.523,instanton_2008-03-14_T20_delta0.20_tau20_am50.npz
2008-03-14,20,0.3,0.35667494393873245,20,50.0,4.47065248348496,0.35667494393873245,0.3566707934532607,4.15048547175445e-06,0.0,0.0,0.5,10.0,5000,per_query,1876412891,0.0018085661886242865,0.00010116792427783122,649.6467834659638,1.0187004244537663,75.51194679657922,0.077,instanton_2008-03-14_T20_delta0.30_tau20_am50.npz
2008-03-14,60,0.2,0.2231435513142097,60,50.0,0.16437998072418902,0.2231435513142097,0.2230836851652267,5.9866148983012124e-05,0.0,0.0,0.5,10.0,5000,per_query,2385009600,0.5696937823710667,0.006453573892643023,4606.582575371242,1.001615909612274,2.7476166826239212,0.6482,instanton_2008-03-14_T60_delta0.20_tau60_am50.npz
2008-03-14,60,0.3,0.35667494393873245,60,50.0,1.7254890543222616,0.35667494393873245,0.3566600595177114,1.4884421021044147e-05,0.0,0.0,0.5,10.0,5000,per_query,508430945,0.05329258571472765,0.001598249153935388,2100.773793592576,0.9864336287788105,20.809881647175107,0.2312,instanton_2008-03-14_T60_delta0.30_tau60_am50.npz
2008-03-17,20,0.2,0.2231435513142097,20,50.0,0.1774904534328425,0.2231435513142097,0.22313088721690644,1.2664097303272115e-05,0.0,0.0,0.5,10.0,5000,per_query,2379382383,0.4977269840912308,0.006110106580834335,4571.260300425209,0.9939112634983365,3.4230169956517744,0.6012,instanton_2008-03-17_T20_delta0.20_tau20_am50.npz
2008-03-17,20,0.3,0.35667494393873245,20,50.0,3.9011695099253942,0.35667494393873245,0.3566722897221384,2.6542165940668383e-06,0.0,0.0,0.5,10.0,5000,per_query,1955656547,0.00377091951500861,0.00018952583655676308,813.4167387047584,1.0426676046111316,45.11254016675813,0.0984,instanton_2008-03-17_T20_delta0.30_tau20_am50.npz
2008-03-17,60,0.2,0.2231435513142097,59,50.0,0.10872744305027683,0.2231435513142097,0.22310360103242655,3.995028178316318e-05,0.0,0.0,0.5,10.0,5000,per_query,2689883107,0.6660556456185607,0.0062628307820823455,4734.4935377743905,1.0012568598572997,2.5585523050835355,0.7238,instanton_2008-03-17_T60_delta0.20_tau59_am50.npz
2008-03-17,60,0.3,0.35667494393873245,60,50.0,1.5180112650698354,0.35667494393873245,0.356665735239055,9.208699677465404e-06,0.0,0.0,0.5,10.0,5000,per_query,2507298027,0.0731806361185419,0.0020520719631027117,2301.7464532412846,0.9927053573575878,27.732584958814623,0.2602,instanton_2008-03-17_T60_delta0.30_tau60_am50.npz
2008-03-18,20,0.2,0.2231435513142097,20,50.0,0.5768318644562619,0.2231435513142097,0.22309506300461734,4.848830959236494e-05,0.0,0.0,0.5,10.0,5000,per_query,3347576561,0.24671193050614487,0.004500777108686785,3717.219970009833,1.0036887621231905,6.050355162930199,0.4252,instanton_2008-03-18_T20_delta0.20_tau20_am50.npz
2008-03-18,20,0.3,0.35667494393873245,20,50.0,4.260552781274782,0.35667494393873245,0.35665973545549257,1.5208483239881332e-05,0.0,0.0,0.5,10.0,5000,per_query,126045120,0.0027061192106943273,0.00015290278418402548,703.1343286288063,1.0199752496675534,65.06458184134212,0.089,instanton_2008-03-18_T20_delta0.30_tau20_am50.npz
2008-03-18,60,0.2,0.2231435513142097,60,50.0,0.2951219418503183,0.2231435513142097,0.22303099193192555,0.00011255938228416085,0.0,0.0,0.5,10.0,5000,per_query,4078156695,0.4633139931665712,0.005873271056298888,4323.754529696142,1.0011618044333035,4.185193294544331,0.5984,instanton_2008-03-18_T60_delta0.20_tau60_am50.npz
2008-03-18,60,0.3,0.35667494393873245,60,50.0,1.672202254249932,0.35667494393873245,0.3566305311349023,4.441280383016277e-05,0.0,0.0,0.5,10.0,5000,per_query,3227941643,0.061119938037172895,0.0017021754201002402,2091.2028652190656,1.0246593032962676,19.33402654492903,0.2498,instanton_2008-03-18_T60_delta0.30_tau60_am50.npz
2008-03-19,20,0.2,0.2231435513142097,20,50.0,0.23346979596169873,0.2231435513142097,0.2231230734146168,2.0477899592918902e-05,0.0,0.0,0.5,10.0,5000,per_query,554503022,0.4347843619536143,0.00591819012955789,4447.279858668291,0.9968880098081667,2.9348031133962436,0.5542,instanton_2008-03-19_T20_delta0.20_tau20_am50.npz
2008-03-19,20,0.3,0.35667494393873245,20,50.0,2.996478451247453,0.35667494393873245,0.35666995806910773,4.985869624718475e-06,0.0,0.0,0.5,10.0,5000,per_query,1627773510,0.00995900799251282,0.0004278021888780457,1188.094876191061,0.9956126744096709,52.76987452403438,0.1284,instanton_2008-03-19_T20_delta0.30_tau20_am50.npz
2008-03-19,60,0.2,0.2231435513142097,60,50.0,0.12262508126066829,0.2231435513142097,0.22307637648363787,6.717483057183671e-05,0.0,0.0,0.5,10.0,5000,per_query,3328363739,0.6196567217823946,0.006329327648860966,4698.878985406459,1.0006609409814646,2.454871454513857,0.6886,instanton_2008-03-19_T60_delta0.20_tau60_am50.npz
2008-03-19,60,0.3,0.35667494393873245,60,50.0,1.1805162509362146,0.35667494393873245,0.35665727837927896,1.766555945348358e-05,0.0,0.0,0.5,10.0,5000,per_query,1452422901,0.11404921259027141,0.0027499742738126757,2863.1454543500226,0.9815801942878825,9.948788360350406,0.3134,instanton_2008-03-19_T60_delta0.30_tau60_am50.npz
2008-03-20,20,0.2,0.2231435513142097,20,50.0,0.41247419540317204,0.2231435513142097,0.2231055160876192,3.803522659051595e-05,0.0,0.0,0.5,10.0,5000,per_query,2485626639,0.312698424185425,0.005127886003113557,4008.339666586419,1.0003572652248351,7.48311854073897,0.4714,instanton_2008-03-20_T20_delta0.20_tau20_am50.npz
2008-03-20,20,0.3,0.35667494393873245,20,50.0,3.4589875205052527,0.35667494393873245,0.3566638453823341,1.1098556398358994e-05,0.0,0.0,0.5,10.0,5000,per_query,2511056681,0.006223872894170619,0.0002949696981196752,943.7953387929181,0.9875922492272424,63.1620298615257,0.112,instanton_2008-03-20_T20_delta0.30_tau20_am50.npz
2008-03-20,60,0.2,0.2231435513142097,60,50.0,0.19860269982789033,0.2231435513142097,0.22303919092139868,0.00010436039281103149,0.0,0.0,0.5,10.0,5000,per_query,1560839686,0.5236740705326726,0.006086668327316017,4519.947841568776,1.0016414431778649,2.859255733764992,0.6314,instanton_2008-03-20_T60_delta0.20_tau60_am50.npz
2008-03-20,60,0.3,0.35667494393873245,60,50.0,1.3525608263744633,0.35667494393873245,0.35663948446194915,3.5459476783294974e-05,0.0,0.0,0.5,10.0,5000,per_query,1980261302,0.0887696693468082,0.0022925882684562667,2685.4238673297923,1.0067489827433929,8.744326762333756,0.2818,instanton_2008-03-20_T60_delta0.30_tau60_am50.npz
2008-03-24,20,0.2,0.2231435513142097,20,50.0,0.6433147943166427,0.2231435513142097,0.22306549559550426,7.80557187054498e-05,0.0,0.0,0.5,10.0,5000,per_query,3434004551,0.21256049874643204,0.004121725857438818,3536.089700896865,1.0076360627235605,11.27382153288401,0.392,instanton_2008-03-24_T20_delta0.20_tau20_am50.npz
2008-03-24,20,0.3,0.35667494393873245,20,50.0,3.9342050194697524,0.35667494393873245,0.35664840978986234,2.6534148870105412e-05,0.0,0.0,0.5,10.0,5000,per_query,1703674067,0.0034351771805405562,0.00018719871784649933,749.94878780079,0.9598800035367083,65.96267619874305,0.0902,instanton_2008-03-24_T20_delta0.30_tau20_am50.npz
2008-03-24,60,0.2,0.2231435513142097,60,50.0,0.29466014371692856,0.2231435513142097,0.22293070450931296,0.00021284680489674912,0.0,0.0,0.5,10.0,5000,per_query,3724176418,0.43413522011302685,0.005799706903096332,4288.2956262170055,0.9971263648272728,3.921265887513738,0.5734,instanton_2008-03-24_T60_delta0.20_tau60_am50.npz
2008-03-24,60,0.3,0.35667494393873245,60,50.0,1.5310825489971756,0.35667494393873245,0.35658864385787137,8.630008086107921e-05,0.0,0.0,0.5,10.0,5000,per_query,2668708655,0.06926272265281787,0.0018979277093967213,2259.558190005022,1.0038112771275238,27.077209461455805,0.2598,instanton_2008-03-24_T60_delta0.30_tau60_am50.npz
2008-03-25,20,0.2,0.2231435513142097,20,50.0,0.6730744394635809,0.2231435513142097,0.22306251822306233,8.103309114737556e-05,0.0,0.0,0.5,10.0,5000,per_query,501012938,0.20685972189465923,0.004046463930932881,3564.8337240225524,0.9966735369572838,6.046801624216934,0.3918,instanton_2008-03-25_T20_delta0.20_tau20_am50.npz
2008-03-25,20,0.3,0.35667494393873245,20,50.0,4.059493114189199,0.35667494393873245,0.3566471628541601,2.778108457235362e-05,0.0,0.0,0.5,10.0,5000,per_query,3066232411,0.0027981102986545992,0.0001572320130599083,757.1304294874043,1.0497356757783756,57.827481591779716,0.0842,instanton_2008-03-25_T20_delta0.30_tau20_am50.npz
2008-03-25,60,0.2,0.2231435513142097,60,50.0,0.2984425972094194,0.2231435513142097,0.2229014892826635,0.00024206203154619743,0.0,0.0,0.5,10.0,5000,per_query,2553763054,0.42541219833627986,0.0058654510326936835,4296.222127054925,1.0057467484010159,3.7179389860750507,0.5578,instanton_2008-03-25_T60_delta0.20_tau60_am50.npz
2008-03-25,60,0.3,0.35667494393873245,60,50.0,1.5695715026067854,0.35667494393873245,0.3565822784247308,9.266551400166634e-05,0.0,0.0,0.5,10.0,5000,per_query,3787766111,0.0659898754292129,0.0018843822839805725,2321.325568111458,1.00699904030145,12.92434938189357,0.2486,instanton_2008-03-25_T60_delta0.30_tau60_am50.npz
2008-03-26,20,0.2,0.2231435513142097,20,50.0,0.4952610909529723,0.2231435513142097,0.2230921647450348,5.138656917491602e-05,0.0,0.0,0.5,10.0,5000,per_query,1613693030,0.2710105033203517,0.004767584009603218,3923.8548788877947,0.9959532922153951,4.368113140403675,0.439,instanton_2008-03-26_T20_delta0.20_tau20_am50.npz
2008-03-26,20,0.3,0.35667494393873245,20,50.0,3.583996105149967,0.35667494393873245,0.35665889591486977,1.604802386268034e-05,0.0,0.0,0.5,10.0,5000,per_query,1655102106,0.005047661552624841,0.0002481637831386089,944.279126168726,1.0066191335304344,44.664547101035,0.1052,instanton_2008-03-26_T20_delta0.30_tau20_am50.npz
2008-03-26,60,0.2,0.2231435513142097,60,50.0,0.22902358677617546,0.2231435513142097,0.2229728436415348,0.00017070767267490794,0.0,0.0,0.5,10.0,5000,per_query,3383172939,0.4929722720161487,0.006221518009723618,4461.507488162467,1.0022256465307753,3.2602571567792538,0.5994,instanton_2008-03-26_T60_delta0.20_tau60_am50.npz
2008-03-26,60,0.3,0.35667494393873245,60,50.0,1.3960341854420408,0.35667494393873245,0.3566179870891588,5.6956849573630564e-05,0.0,0.0,0.5,10.0,5000,per_query,1088347370,0.08191867419210462,0.002301265548378288,2574.726454312958,1.0030934163300198,16.480356061154286,0.2654,instanton_2008-03-26_T60_delta0.30_tau60_am50.npz
2008-03-27,20,0.2,0.2231435513142097,20,50.0,0.45542884421934415,0.2231435513142097,0.22309768491483162,4.586639937809167e-05,0.0,0.0,0.5,10.0,5000,per_query,3006057153,0.2765282667197718,0.0048562176631211495,4017.832493376925,1.004186611809412,4.899441301032444,0.435,instanton_2008-03-27_T20_delta0.20_tau20_am50.npz
2008-03-27,20,0.3,0.35667494393873245,20,50.0,3.4754861928422707,0.35667494393873245,0.35666098946211644,1.3954476616007128e-05,0.0,0.0,0.5,10.0,5000,per_query,2798707269,0.005853017382333516,0.00027385128896888856,701.9933030643115,1.0094928464396276,106.09189838351813,0.1072,instanton_2008-03-27_T20_delta0.30_tau20_am50.npz
2008-03-27,60,0.2,0.2231435513142097,60,50.0,0.21142836388452035,0.2231435513142097,0.22300161271990238,0.0001419385943073337,0.0,0.0,0.5,10.0,5000,per_query,2544723153,0.5090083016333931,0.006184850145648238,4497.823653348043,0.9944946135064329,2.9096035903157715,0.6172,instanton_2008-03-27_T60_delta0.20_tau60_am50.npz
2008-03-27,60,0.3,0.35667494393873245,60,50.0,1.3545902563908188,0.35667494393873245,0.3566276292168231,4.7314721909330615e-05,0.0,0.0,0.5,10.0,5000,per_query,795061734,0.08497364737957153,0.0023033367820185216,2512.9934947398197,1.0155098870172206,13.563718795527425,0.2722,instanton_2008-03-27_T60_delta0.30_tau60_am50.npz
2008-03-28,20,0.2,0.2231435513142097,20,50.0,0.34629374568101867,0.2231435513142097,0.22311085245777473,3.2698856434976165e-05,0.0,0.0,0.5,10.0,5000,per_query,4090601620,0.35677473527319625,0.005494215876157592,4218.198256427701,0.9950774458734478,4.2123355957997175,0.4996,instanton_2008-03-28_T20_delta0.20_tau20_am50.npz
2008-03-28,20,0.3,0.35667494393873245,20,50.0,3.1702354217304514,0.35667494393873245,0.3566658129604088,9.13097832366816e-06,0.0,0.0,0.5,10.0,5000,per_query,308086460,0.008769763581763734,0.00043273869171610557,1050.0520277844746,1.0416444932768558,53.49571149800213,0.1216,instanton_2008-03-28_T20_delta0.30_tau20_am50.npz
2008-03-28,60,0.2,0.2231435513142097,60,50.0,0.16817791356048145,0.2231435513142097,0.22303811910971127,0.0001054322044984346,0.0,0.0,0.5,10.0,5000,per_query,1392400416,0.5534097827638368,0.006286052224477701,4592.223554623996,0.994755025461116,2.7696070005076217,0.645,instanton_2008-03-28_T60_delta0.20_tau60_am50.npz
2008-03-28,60,0.3,0.35667494393873245,60,50.0,1.2430209469380045,0.35667494393873245,0.35664326040936434,3.1683529368109475e-05,0.0,0.0,0.5,10.0,5000,per_query,2202529373,0.10229501074359741,0.0026283344477898048,2678.4309376469964,1.0065091580162429,17.678841687944484,0.2972,instanton_2008-03-28_T60_delta0.30_tau60_am50.npz
2008-03-31,20,0.2,0.2231435513142097,20,50.0,0.4157048094058863,0.2231435513142097,0.22310658238994208,3.6968924267632985e-05,0.0,0.0,0.5,10.0,5000,per_query,3427148956,0.30883007060458084,0.005124181818598997,4090.4069025592894,1.001531469234164,4.145035027165373,0.4628,instanton_2008-03-31_T20_delta0.20_tau20_am50.npz
2008-03-31,20,0.3,0.35667494393873245,20,50.0,3.538246334939319,0.35667494393873245,0.35666420675996235,1.0737178770092726e-05,0.0,0.0,0.5,10.0,5000,per_query,479027102,0.005587399727050311,0.00026507638984504936,936.0445830309666,1.0246832561958075,39.02572610331332,0.1068,instanton_2008-03-31_T20_delta0.30_tau20_am50.npz
2008-03-31,60,0.2,0.2231435513142097,60,50.0,0.196764214769696,0.2231435513142097,0.22303009733901824,0.00011345397519146871,0.0,0.0,0.5,10.0,5000,per_query,3842859302,0.513006706025173,0.0062737504269613975,4534.7412792406785,1.0096383209959805,2.8257942176308304,0.6102,instanton_2008-03-31_T60_delta0.20_tau60_am50.npz
2008-03-31,60,0.3,0.35667494393873245,60,50.0,1.3785951140174433,0.35667494393873245,0.3566385401374932,3.640380123925979e-05,0.0,0.0,0.5,10.0,5000,per_query,1291902809,0.0868378386205485,0.0023284982324051637,2516.9407968457767,1.0050716867419978,17.926560079847082,0.284,instanton_2008-03-31_T60_delta0.30_tau60_am50.npz
2008-04-01,20,0.2,0.2231435513142097,20,50.0,0.7826185233847803,0.2231435513142097,0.22301078955472953,0.0001327617594801822,0.0,0.0,0.5,10.0,5000,per_query,1824067737,0.17749691460440645,0.0036408179883835544,3406.6344618327867,1.0041550561118824,7.326954002252246,0.3686,instanton_2008-04-01_T20_delta0.20_tau20_am50.npz
2008-04-01,20,0.3,0.35667494393873245,20,50.0,4.051939044927793,0.35667494393873245,0.3566260066140945,4.8937324637954305e-05,0.0,0.0,0.5,10.0,5000,per_query,3846808167,0.00270171577382196,0.00014497601109363586,801.0932262435452,0.9783671312972078,70.66970793347133,0.0828,instanton_2008-04-01_T20_delta0.30_tau20_am50.npz
2008-04-01,60,0.2,0.2231435513142097,60,50.0,0.3379851939996507,0.2231435513142097,0.22272016295949015,0.00042338835471955605,0.0,0.0,0.5,10.0,5000,per_query,3798649438,0.3887347540865262,0.0057269862782187465,4216.812517007467,1.0031534391450976,4.668020651121545,0.528,instanton_2008-04-01_T60_delta0.20_tau60_am50.npz
2008-04-01,60,0.3,0.35667494393873245,60,50.0,1.5645379895583622,0.35667494393873245,0.3565024544261508,0.0001724895125816417,0.0,0.0,0.5,10.0,5000,per_query,2319707860,0.0679325008757357,0.0019521725185856393,2330.199252181552,1.0198279852870313,12.612235733965143,0.253,instanton_2008-04-01_T60_delta0.30_tau60_am50.npz
2008-04-02,20,0.2,0.2231435513142097,20,50.0,0.794123909781281,0.2231435513142097,0.22300737252834768,0.00013617878586202892,0.0,0.0,0.5,10.0,5000,per_query,2136757994,0.17079634262556825,0.00363860304851654,3435.0964513296167,1.0118041424690696,6.331366815901496,0.3506,instanton_2008-04-02_T20_delta0.20_tau20_am50.npz
2008-04-02,20,0.3,0.35667494393873245,20,50.0,4.081704663164981,0.35667494393873245,0.3566245315981451,5.041234058733579e-05,0.0,0.0,0.5,10.0,5000,per_query,3458156869,0.0027552042353201516,0.0001549518774066854,719.0932877117415,0.9861931414857534,57.80426558462662,0.0808,instanton_2008-04-02_T20_delta0.30_tau20_am50.npz
2008-04-02,60,0.2,0.2231435513142097,60,50.0,0.34233669485467905,0.2231435513142097,0.22271533321903103,0.0004282180951786785,0.0,0.0,0.5,10.0,5000,per_query,170335137,0.3991971628047233,0.0056644802462917174,4205.838696892195,0.9887861569396902,4.018650663206545,0.5476,instanton_2008-04-02_T60_delta0.20_tau60_am50.npz
2008-04-02,60,0.3,0.35667494393873245,60,50.0,1.5753676429476156,0.35667494393873245,0.356499162960227,0.0001757809785054576,0.0,0.0,0.5,10.0,5000,per_query,1036992347,0.07010630500295849,0.0019635365080751177,2340.997771046874,0.9717854255181227,20.557655679607343,0.2586,instanton_2008-04-02_T60_delta0.30_tau60_am50.npz
2008-04-03,20,0.2,0.2231435513142097,20,50.0,0.8361224231562587,0.2231435513142097,0.22299337963500498,0.00015017167920472474,0.0,0.0,0.5,10.0,5000,per_query,1895878642,0.15519838624302396,0.003471743675159437,3344.2974531271216,1.0041726458788893,7.189450715241724,0.335,instanton_2008-04-03_T20_delta0.20_tau20_am50.npz
2008-04-03,20,0.3,0.35667494393873245,20,50.0,4.184100662686397,0.35667494393873245,0.3566185811044358,5.636283429666378e-05,0.0,0.0,0.5,10.0,5000,per_query,2405741711,0.0026676203023598024,0.00015101728751940944,514.0179127699937,1.035579255064993,125.8070787237414,0.087,instanton_2008-04-03_T20_delta0.30_tau20_am50.npz
2008-04-03,60,0.2,0.2231435513142097,60,50.0,0.35865912592979543,0.2231435513142097,0.22267863055977255,0.0004649207544371592,0.0,0.0,0.5,10.0,5000,per_query,172720763,0.38383934378014256,0.005651821791387646,4173.746392737041,1.0027538195083339,5.66060563872428,0.528,instanton_2008-04-03_T60_delta0.20_tau60_am50.npz
2008-04-03,60,0.3,0.35667494393873245,60,50.0,1.612928899392136,0.35667494393873245,0.35647913366666284,0.00019581027206960755,0.0,0.0,0.5,10.0,5000,per_query,1351446973,0.06250184910307043,0.0018604761668721017,2274.185147476936,1.0039438281373676,14.516181736321732,0.247,instanton_2008-04-03_T60_delta0.30_tau60_am50.npz
2008-04-04,20,0.2,0.2231435513142097,20,50.0,0.8719874586495707,0.2231435513142097,0.22299951074717406,0.0001440405670356526,0.0,0.0,0.5,10.0,5000,per_query,4157397440,0.14874669527838238,0.0032581723985368807,3183.8681551665413,1.0068279702730285,9.262891612618198,0.3392,instanton_2008-04-04_T20_delta0.20_tau20_am50.npz
2008-04-04,20,0.3,0.35667494393873245,20,50.0,4.404136916714822,0.35667494393873245,0.3566208359687293,5.410797000315881e-05,0.0,0.0,0.5,10.0,5000,per_query,1203029803,0.0019332388521039676,0.00011329801453493665,604.9311753115709,0.9974684199877775,90.21940083961697,0.0734,instanton_2008-04-04_T20_delta0.30_tau20_am50.npz
2008-04-04,60,0.2,0.2231435513142097,60,50.0,0.373862958321736,0.2231435513142097,0.22268989082007895,0.0004536604941307587,0.0,0.0,0.5,10.0,5000,per_query,1181640703,0.3692320425744882,0.005686865827391589,4169.1362009682525,1.0095294860890096,4.438637879505847,0.5088,instanton_2008-04-04_T60_delta0.20_tau60_am50.npz
2008-04-04,60,0.3,0.35667494393873245,60,50.0,1.6941558400823462,0.35667494393873245,0.3564856663178402,0.00018927762089226974,0.0,0.0,0.5,10.0,5000,per_query,1782126367,0.05927710455519891,0.001651937998492526,2095.7260456451627,0.9888935891021776,18.018078349992148,0.2532,instanton_2008-04-04_T60_delta0.30_tau60_am50.npz
2008-04-07,20,0.2,0.2231435513142097,20,50.0,0.8945118481688249,0.2231435513142097,0.22299650795742387,0.00014704335678583647,0.0,0.0,0.5,10.0,5000,per_query,2809090340,0.1516192567749089,0.0032684881206414937,3117.194615723284,0.989575226566129,7.965800978156719,0.3514,instanton_2008-04-07_T20_delta0.20_tau20_am50.npz
2008-04-07,20,0.3,0.35667494393873245,20,50.0,4.490480773736793,0.35667494393873245,0.35661946160414626,5.5482334586187676e-05,0.0,0.0,0.5,10.0,5000,per_query,2680792018,0.001767814481133726,0.0001038877307119996,608.6037036560186,0.9813404879345801,91.65750130189711,0.0718,instanton_2008-04-07_T20_delta0.30_tau20_am50.npz
2008-04-07,60,0.2,0.2231435513142097,60,50.0,0.38288071428265746,0.2231435513142097,0.22268312828114656,0.0004604230330631509,0.0,0.0,0.5,10.0,5000,per_query,3931269946,0.3670318776416459,0.0055321538432567575,4139.771559618639,0.9966722449078823,4.101770764799262,0.5196,instanton_2008-04-07_T60_delta0.20_tau60_am50.npz
2008-04-07,60,0.3,0.35667494393873245,60,50.0,1.7258310886863468,0.35667494393873245,0.35648143651433895,0.000193507424393502,0.0,0.0,0.5,10.0,5000,per_query,2379847105,0.0521443599042532,0.00161585346338391,1992.7909798446483,1.0308968623524524,21.32480355913859,0.2258,instanton_2008-04-07_T60_delta0.30_tau60_am50.npz
2008-04-08,20,0.2,0.2231435513142097,20,50.0,0.9010465266477539,0.2231435513142097,0.2230022057422394,0.00014134557197031938,0.0,0.0,0.5,10.0,5000,per_query,2288740906,0.14568478393373244,0.003265483324575206,3246.01314954629,1.0014652518278784,8.023548724683241,0.335,instanton_2008-04-08_T20_delta0.20_tau20_am50.npz
2008-04-08,20,0.3,0.35667494393873245,20,50.0,4.56805147359783,0.35667494393873245,0.3566217309614208,5.3212977311645204e-05,0.0,0.0,0.5,10.0,5000,per_query,1551067812,0.0019206031147107573,0.00010713056515508666,701.953517382274,1.0249710510688652,69.97320011160153,0.0818,instanton_2008-04-08_T20_delta0.30_tau20_am50.npz
2008-04-08,60,0.2,0.2231435513142097,60,50.0,0.3860503381203431,0.2231435513142097,0.22269557572826404,0.0004479755859456702,0.0,0.0,0.5,10.0,5000,per_query,1403168718,0.3700249030750316,0.005535067587229762,4111.748397234292,0.9977749013445646,4.144965937286809,0.523,instanton_2008-04-08_T60_delta0.20_tau60_am50.npz
2008-04-08,60,0.3,0.35667494393873245,60,50.0,1.754425718028932,0.35667494393873245,0.3564882434162149,0.00018670052251756886,0.0,0.0,0.5,10.0,5000,per_query,2347489686,0.0527074149097662,0.0016038843356667501,2089.635632054951,1.0234302466053355,21.71615190644192,0.2336,instanton_2008-04-08_T60_delta0.30_tau60_am50.npz
2008-04-09,20,0.2,0.2231435513142097,20,50.0,0.9546398065010907,0.2231435513142097,0.2230361974176418,0.00010735389656790773,0.0,0.0,0.5,10.0,5000,per_query,3517684023,0.1341740791219558,0.0031511306930501965,2974.169366127374,1.010526966106259,19.587726198061723,0.3218,instanton_2008-04-09_T20_delta0.20_tau20_am50.npz
2008-04-09,20,0.3,0.35667494393873245,20,50.0,5.206905964877545,0.35667494393873245,0.35663544420161664,3.949973711581123e-05,0.0,0.0,0.5,10.0,5000,per_query,3887553710,0.000863310529012505,5.700865705515117e-05,509.2130867739435,0.9933983212148171,74.11335887841834,0.0626,instanton_2008-04-09_T20_delta0.30_tau20_am50.npz
2008-04-09,60,0.2,0.2231435513142097,60,50.0,0.41297267601396964,0.2231435513142097,0.2227822133291939,0.00036133798501580827,0.0,0.0,0.5,10.0,5000,per_query,4024623107,0.3460248749127527,0.005566639565749745,4081.134745497507,1.0005059709674897,4.15836785576967,0.4946,instanton_2008-04-09_T60_delta0.20_tau60_am50.npz
2008-04-09,60,0.3,0.35667494393873245,60,50.0,1.9883850220740007,0.35667494393873245,0.356531555952885,0.00014338798584745405,0.0,0.0,0.5,10.0,5000,per_query,3875409645,0.040162473081409265,0.001354969925285786,1781.709024011597,0.985127170317274,20.560229437379082,0.207,instanton_2008-04-09_T60_delta0.30_tau60_am50.npz
2008-04-10,20,0.2,0.2231435513142097,20,50.0,0.9977152283993564,0.2231435513142097,0.22303019035472538,0.00011336095948433211,0.0,0.0,0.5,10.0,5000,per_query,3822793404,0.12737687064598818,0.0030056852427465084,3160.744233399511,0.984807135693408,8.735177965888676,0.3142,instanton_2008-04-10_T20_delta0.20_tau20_am50.npz
2008-04-10,20,0.3,0.35667494393873245,20,50.0,5.347690575458183,0.35667494393873245,0.3566327772626616,4.2166676070820586e-05,0.0,0.0,0.5,10.0,5000,per_query,874632226,0.0006374461087276407,4.370652460752224e-05,625.8934918988347,0.974275011246375,52.95924685273669,0.0514,instanton_2008-04-10_T20_delta0.30_tau20_am50.npz
2008-04-10,60,0.2,0.2231435513142097,60,50.0,0.4284693654802289,0.2231435513142097,0.22278081716225806,0.00036273415195164915,0.0,0.0,0.5,10.0,5000,per_query,2741375976,0.3470556993913046,0.005412921396666204,4032.989427911587,0.9991062347919536,4.351863552279172,0.5042,instanton_2008-04-10_T60_delta0.20_tau60_am50.npz
2008-04-10,60,0.3,0.35667494393873245,60,50.0,2.0382407639790747,0.35667494393873245,0.3565263291606202,0.00014861477811223267,0.0,0.0,0.5,10.0,5000,per_query,2778630544,0.03478194588926472,0.0011918812086401933,1999.043213620711,0.9758901213114528,21.823947929328043,0.1986,instanton_2008-04-10_T60_delta0.30_tau60_am50.npz
2008-04-11,20,0.2,0.2231435513142097,20,50.0,0.6007184974170143,0.2231435513142097,0.22308940923056397,5.414208364573625e-05,0.0,0.0,0.5,10.0,5000,per_query,185775894,0.23516804558523613,0.0043960125675308135,3710.4655726073256,0.9845612146003463,5.396930592960785,0.4182,instanton_2008-04-11_T20_delta0.20_tau20_am50.npz
2008-04-11,20,0.3,0.35667494393873245,20,50.0,4.226285282595867,0.35667494393873245,0.35665758633217415,1.735760655829921e-05,0.0,0.0,0.5,10.0,5000,per_query,3778307029,0.0023775545300757516,0.00013319256914065897,601.128387410391,0.9990126513896023,105.00200668414557,0.0828,instanton_2008-04-11_T20_delta0.30_tau20_am50.npz
2008-04-11,60,0.2,0.2231435513142097,60,50.0,0.28033855290215076,0.2231435513142097,0.22294891809757544,0.0001946332166342657,0.0,0.0,0.5,10.0,5000,per_query,3577237138,0.4539730702904736,0.006184624850426548,4333.40197260667,0.9973716016397491,5.017405133426461,0.57,instanton_2008-04-11_T60_delta0.20_tau60_am50.npz
2008-04-11,60,0.3,0.35667494393873245,60,50.0,1.638500206887354,0.35667494393873245,0.35661059116641436,6.435277231808811e-05,0.0,0.0,0.5,10.0,5000,per_query,736692553,0.06248001660546894,0.0018498792083806333,2162.5800782748356,1.0190306753129368,21.752579531158915,0.244,instanton_2008-04-11_T60_delta0.30_tau60_am50.npz
2008-04-14,20,0.2,0.2231435513142097,20,50.0,0.5742464432215728,0.2231435513142097,0.2230956125035748,4.793881063491767e-05,0.0,0.0,0.5,10.0,5000,per_query,1282604720,0.23383978470956712,0.004394946823493815,3763.3523793243253,0.9984147935112917,6.5590647475098045,0.4074,instanton_2008-04-14_T20_delta0.20_tau20_am50.npz
2008-04-14,20,0.3,0.35667494393873245,20,50.0,4.2633216576556165,0.35667494393873245,0.35665993320879696,1.5010729935482914e-05,0.0,0.0,0.5,10.0,5000,per_query,1084604744,0.0020733448844039415,0.0001347647976036,885.5277179922336,0.9399316604604415,38.16998295395766,0.0718,instanton_2008-04-14_T20_delta0.30_tau20_am50.npz
2008-04-14,60,0.2,0.2231435513142097,60,50.0,0.2637831873997567,0.2231435513142097,0.22299189180102275,0.00015165951318696358,0.0,0.0,0.5,10.0,5000,per_query,3476189785,0.4578873546246904,0.006055749422129256,4396.1688585948705,0.9956489676586796,3.102302873121261,0.5792,instanton_2008-04-14_T60_delta0.20_tau60_am50.npz
2008-04-14,60,0.3,0.35667494393873245,60,50.0,1.6455498692344732,0.35667494393873245,0.3566228309463355,5.2112992396935454e-05,0.0,0.0,0.5,10.0,5000,per_query,3272372611,0.0580891314307436,0.0017567887274913567,2232.9244931064545,0.9980917024087558,21.441864780808658,0.2356,instanton_2008-04-14_T60_delta0.30_tau60_am50.npz
2008-04-15,20,0.2,0.2231435513142097,20,50.0,0.620924325186949,0.2231435513142097,0.22309138948574514,5.216182846456974e-05,0.0,0.0,0.5,10.0,5000,per_query,1261390981,0.21886579080635293,0.004270183059885351,3723.774591538069,0.9981623500750673,5.9510653071766635,0.3922,instanton_2008-04-15_T20_delta0.20_tau20_am50.npz
2008-04-15,20,0.3,0.35667494393873245,20,50.0,4.4309024429594706,0.35667494393873245,0.35665825307970067,1.669085903177603e-05,0.0,0.0,0.5,10.0,5000,per_query,1749078752,0.0019019304509313628,0.00010731233425598184,654.1219857886418,0.9857578031082972,59.40638099980135,0.0754,instanton_2008-04-15_T20_delta0.30_tau20_am50.npz
2008-04-15,60,0.2,0.2231435513142097,60,50.0,0.2818681596651474,0.2231435513142097,0.22298348935607848,0.00016006195813123014,0.0,0.0,0.5,10.0,5000,per_query,4141538025,0.43431599149590927,0.0059616445547870925,4358.630048158485,1.0075222526438772,3.211685787373437,0.5582,instanton_2008-04-15_T60_delta0.20_tau60_am50.npz
2008-04-15,60,0.3,0.35667494393873245,60,50.0,1.7061468119360235,0.35667494393873245,0.35661783745391773,5.710648481471736e-05,0.0,0.0,0.5,10.0,5000,per_query,4195465724,0.0574877500171418,0.0016706731506941053,2208.170559357509,0.9802568609473272,17.62441373756032,0.2432,instanton_2008-04-15_T60_delta0.30_tau60_am50.npz
2008-04-16,20,0.2,0.2231435513142097,20,50.0,1.3417867103031698,0.2231435513142097,0.22299882200179422,0.00014472931241549247,0.0,0.0,0.5,10.0,5000,per_query,3953400476,0.07423511772822858,0.0020701311157786868,2635.173839309852,0.9980606624483135,9.510990828414032,0.2508,instanton_2008-04-16_T20_delta0.20_tau20_am50.npz
2008-04-16,20,0.3,0.35667494393873245,20,50.0,6.64242651952413,0.35667494393873245,0.35661757999628296,5.7363942449484284e-05,0.0,0.0,0.5,10.0,5000,per_query,895970626,0.00015571576485381384,1.380176317028789e-05,74.24775421580141,1.299823498071208,594.473554398251,0.034,instanton_2008-04-16_T20_delta0.30_tau20_am50.npz
2008-04-16,60,0.2,0.2231435513142097,60,50.0,0.5815054405885377,0.2231435513142097,0.22275717217384994,0.0003863791403597716,0.0,0.0,0.5,10.0,5000,per_query,1129802157,0.27215718402359834,0.004665891473295633,3705.0864775125265,1.017986288245184,6.224429434714978,0.455,instanton_2008-04-16_T60_delta0.20_tau60_am50.npz
2008-04-16,60,0.3,0.35667494393873245,60,50.0,2.520220785913386,0.35667494393873245,0.35649434075964503,0.00018060317908741297,0.0,0.0,0.5,10.0,5000,per_query,3424975426,0.02101417227952231,0.0007561154469369854,1503.8770980039792,0.9684777798781915,27.46222700555481,0.1708,instanton_2008-04-16_T60_delta0.30_tau60_am50.npz
2008-04-17,20,0.2,0.2231435513142097,20,50.0,1.5891021279798445,0.2231435513142097,0.22298909534049294,0.00015445597371677167,0.0,0.0,0.5,10.0,5000,per_query,110172299,0.05668491589886256,0.0016862415849433208,2349.759552079714,1.008363008378043,15.955263921401018,0.2306,instanton_2008-04-17_T20_delta0.20_tau20_am50.npz
2008-04-17,20,0.3,0.35667494393873245,20,50.0,7.665284447261088,0.35667494393873245,0.35661168535253296,6.325858619948832e-05,0.0,0.0,0.5,10.0,5000,per_query,3317209424,6.604635048575611e-05,7.036647280832419e-06,157.29874320726233,0.933660465518491,258.86331967143474,0.0294,instanton_2008-04-17_T20_delta0.30_tau20_am50.npz
2008-04-17,60,0.2,0.2231435513142097,60,50.0,0.6608330000139305,0.2231435513142097,0.22267183779807098,0.0004717135161387276,0.0,0.0,0.5,10.0,5000,per_query,1268666275,0.22889613470895193,0.004333920573666795,3642.374765406429,0.9973726993938006,5.526214515692284,0.4134,instanton_2008-04-17_T60_delta0.20_tau60_am50.npz
2008-04-17,60,0.3,0.35667494393873245,60,50.0,2.8616135911765,0.35667494393873245,0.3564611263894122,0.00021381754932026098,0.0,0.0,0.5,10.0,5000,per_query,1740979007,0.014305211415322134,0.0005701350793829255,581.3396647104183,0.9980013329578913,148.46322855696675,0.153,instanton_2008-04-17_T60_delta0.30_tau60_am50.npz
2008-04-18,20,0.2,0.2231435513142097,20,50.0,2.0156609754725743,0.2231435513142097,0.222908687108065,0.0002348642061447137,0.0,0.0,0.5,10.0,5000,per_query,600017759,0.03345638732096579,0.0011071105541244806,1870.203409378627,1.024153325296229,22.774107794661315,0.194,instanton_2008-04-18_T20_delta0.20_tau20_am50.npz
2008-04-18,20,0.3,0.35667494393873245,20,50.0,8.728778102108068,0.35667494393873245,0.35657156715665295,0.00010337678207950063,0.0,0.0,0.5,10.0,5000,per_query,4240158842,1.6999781891839748e-05,1.9847418591179122e-06,241.69879406042517,0.8181839892782077,101.58120793067012,0.019,instanton_2008-04-18_T20_delta0.30_tau20_am50.npz
2008-04-18,60,0.2,0.2231435513142097,60,50.0,0.8213698674393639,0.2231435513142097,0.22242512785549007,0.0007184234587196414,0.0,0.0,0.5,10.0,5000,per_query,3765264612,0.18950214995296388,0.003829569757122013,3314.562866250166,0.9780817304978253,9.788235334713253,0.3896,instanton_2008-04-18_T60_delta0.20_tau60_am50.npz
2008-04-18,60,0.3,0.35667494393873245,60,50.0,3.2358999346634,0.35667494393873245,0.3563225929752232,0.00035235096350927364,0.0,0.0,0.5,10.0,5000,per_query,1174023866,0.0087362762276301,0.00039949656190795663,1218.0942978610954,0.9727803696487183,28.395575135726194,0.125,instanton_2008-04-18_T60_delta0.30_tau60_am50.npz
2008-04-21,20,0.2,0.2231435513142097,20,50.0,2.2471722323510113,0.2231435513142097,0.22290208520254495,0.0002414661116647565,0.0,0.0,0.5,10.0,5000,per_query,2678945026,0.02536029086602532,0.0009059249539841006,1187.370787722969,1.020614878091687,52.17355040963748,0.1774,instanton_2008-04-21_T20_delta0.20_tau20_am50.npz
2008-04-21,20,0.3,0.35667494393873245,20,50.0,9.60177366059441,0.35667494393873245,0.3565663268071839,0.00010861713154852737,0.0,0.0,0.5,10.0,5000,per_query,940008274,7.997865321199287e-06,1.009578084242104e-06,28.73667843634648,1.2582913217107923,1046.9944658481024,0.018,instanton_2008-04-21_T20_delta0.30_tau20_am50.npz
2008-04-21,60,0.2,0.2231435513142097,60,50.0,0.9044629364435468,0.2231435513142097,0.22237534597509168,0.0007682053391180332,0.0,0.0,0.5,10.0,5000,per_query,2398465139,0.16323037093485174,0.003562481197963477,3244.497885724742,0.9947882719059536,8.316898868227158,0.3584,instanton_2008-04-21_T60_delta0.20_tau60_am50.npz
2008-04-21,60,0.3,0.35667494393873245,60,50.0,3.5315460989713547,0.35667494393873245,0.35629525505115733,0.00037968888757511365,0.0,0.0,0.5,10.0,5000,per_query,264673903,0.0061432691512031175,0.0003020362212187341,917.7323903349371,1.0329991173068425,59.689648963624336,0.1108,instanton_2008-04-21_T60_delta0.30_tau60_am50.npz
2008-04-22,20,0.2,0.2231435513142097,20,50.0,2.075455489029662,0.2231435513142097,0.22294165710965164,0.00020189420455807294,0.0,0.0,0.5,10.0,5000,per_query,1693482674,0.03163126607258538,0.0010652475162595111,1809.4094248213207,0.9948438673704848,30.563220054222075,0.19,instanton_2008-04-22_T20_delta0.20_tau20_am50.npz
2008-04-22,20,0.3,0.35667494393873245,20,50.0,9.253349306238315,0.35667494393873245,0.35658647367428564,8.847026444680495e-05,0.0,0.0,0.5,10.0,5000,per_query,2737752130,9.433007800852767e-06,1.1932588565584555e-06,171.20587615119746,0.8629034337913348,166.1591644268513,0.017,instanton_2008-04-22_T20_delta0.30_tau20_am50.npz
2008-04-22,60,0.2,0.2231435513142097,60,50.0,0.8423081735914265,0.2231435513142097,0.2224729590664225,0.000670592247787205,0.0,0.0,0.5,10.0,5000,per_query,2898685461,0.17730367816060616,0.0038419032620650205,3304.930207691136,1.0161976033862572,9.145834909520342,0.3652,instanton_2008-04-22_T60_delta0.20_tau60_am50.npz
2008-04-22,60,0.3,0.35667494393873245,60,50.0,3.410647122755839,0.35667494393873245,0.35635561660307236,0.0003193273356600912,0.0,0.0,0.5,10.0,5000,per_query,500314179,0.006645623382166057,0.0003233544972856947,790.1659165000285,1.0286200413703206,56.104146304017426,0.1106,instanton_2008-04-22_T60_delta0.30_tau60_am50.npz
2008-04-23,20,0.2,0.2231435513142097,20,50.0,2.1011239647141258,0.2231435513142097,0.22295382886320336,0.00018972245100634666,0.0,0.0,0.5,10.0,5000,per_query,3775373152,0.030984885423479346,0.0010610151307284383,1661.6993493522705,1.0120893339145682,26.321896171190268,0.1866,instanton_2008-04-23_T20_delta0.20_tau20_am50.npz
2008-04-23,20,0.3,0.35667494393873245,20,50.0,9.483469995284029,0.35667494393873245,0.3565918871233853,8.305681534714893e-05,0.0,0.0,0.5,10.0,5000,per_query,481146005,5.49908322000144e-06,7.909162018347144e-07,100.76598180808404,1.0495024660560734,310.363508590917,0.0122,instanton_2008-04-23_T20_delta0.30_tau20_am50.npz
2008-04-23,60,0.2,0.2231435513142097,60,50.0,0.8526894999784705,0.2231435513142097,0.22251519435912837,0.0006283569550813439,0.0,0.0,0.5,10.0,5000,per_query,37306497,0.17922582931102915,0.0037346301111330056,3226.050146228157,0.9892086228258741,11.130724650612098,0.3762,instanton_2008-04-23_T60_delta0.20_tau60_am50.npz
2008-04-23,60,0.3,0.35667494393873245,60,50.0,3.4885729383087534,0.35667494393873245,0.35637583499390413,0.00029910894482831907,0.0,0.0,0.5,10.0,5000,per_query,3051595630,0.006160061680120574,0.00029756199659451563,1046.2413865753497,0.9557401058040516,35.529775089292535,0.1136,instanton_2008-04-23_T60_delta0.30_tau60_am50.npz
2008-04-24,20,0.2,0.2231435513142097,20,50.0,2.2582286213947267,0.2231435513142097,0.22291726871237394,0.00022628260183576998,0.0,0.0,0.5,10.0,5000,per_query,4023325731,0.02710273209487218,0.0009487537589079105,1463.0258077318335,0.9838407251536361,45.35214022615326,0.1858,instanton_2008-04-24_T20_delta0.20_tau20_am50.npz
2008-04-24,20,0.3,0.35667494393873245,20,50.0,9.771564062805954,0.35667494393873245,0.3565734322730991,0.00010151166563332481,0.0,0.0,0.5,10.0,5000,per_query,4206116001,5.477136292606522e-06,7.125313552784308e-07,4.285147509253174,1.9244393557707455,4615.234960270068,0.015,instanton_2008-04-24_T20_delta0.30_tau20_am50.npz
2008-04-24,60,0.2,0.2231435513142097,60,50.0,0.9095046230139289,0.2231435513142097,0.22241707064206118,0.0007264806721485328,0.0,0.0,0.5,10.0,5000,per_query,1828068105,0.16281667921122125,0.0035162333617209454,3127.8498001538496,1.004217661331355,12.302892076727371,0.356,instanton_2008-04-24_T60_delta0.20_tau60_am50.npz
2008-04-24,60,0.3,0.35667494393873245,60,50.0,3.5888010132702117,0.35667494393873245,0.35631721079902423,0.0003577331397082162,0.0,0.0,0.5,10.0,5000,per_query,2080212276,0.006007381813971716,0.000290104595981736,873.2165804494449,0.9930721288708028,58.361277729093366,0.1118,instanton_2008-04-24_T60_delta0.30_tau60_am50.npz
2008-04-25,20,0.2,0.2231435513142097,20,50.0,2.6246733960667337,0.2231435513142097,0.22281350107504583,0.00033005023916388154,0.0,0.0,0.5,10.0,5000,per_query,2340272204,0.015454780352696486,0.0006074256292953194,1202.676810955339,1.0214035440776104,56.04812531865234,0.146,instanton_2008-04-25_T20_delta0.20_tau20_am50.npz
2008-04-25,20,0.3,0.35667494393873245,20,50.0,10.456795509776672,0.35667494393873245,0.3565191592823149,0.0001557846564175236,0.0,0.0,0.5,10.0,5000,per_query,1450776179,3.6099245630851677e-06,9.296618387707454e-07,72.45354051959652,0.8948403242526553,394.6288121172488,0.0112,instanton_2008-04-25_T20_delta0.30_tau20_am50.npz
2008-04-25,60,0.2,0.2231435513142097,60,50.0,1.0426383285587606,0.2231435513142097,0.22209260110634865,0.0010509502078610566,0.0,0.0,0.5,10.0,5000,per_query,271311130,0.12779758839289904,0.0029957710234836785,3029.9640217406522,1.0064668001573112,12.046224053874624,0.3204,instanton_2008-04-25_T60_delta0.20_tau60_am50.npz
2008-04-25,60,0.3,0.35667494393873245,60,50.0,3.8280482889986565,0.35667494393873245,0.35612778269469114,0.0005471612440413054,0.0,0.0,0.5,10.0,5000,per_query,1074340152,0.003952665007268034,0.00019356015528702373,604.2992541790538,0.9817861684681688,93.15912079216389,0.098,instanton_2008-04-25_T60_delta0.30_tau60_am50.npz
2008-04-28,20,0.2,0.2231435513142097,20,50.0,2.64204824405302,0.2231435513142097,0.22281043819965074,0.0003331131145589694,0.0,0.0,0.5,10.0,5000,per_query,732180472,0.015069674486247535,0.0006117386870814879,1372.3431117816594,1.0469707379350843,54.07105077685564,0.1418,instanton_2008-04-28_T20_delta0.20_tau20_am50.npz
2008-04-28,20,0.3,0.35667494393873245,20,50.0,10.50373527356682,0.35667494393873245,0.35651749602132377,0.0001574479174086818,0.0,0.0,0.5,10.0,5000,per_query,3008599676,2.7809354672829975e-06,4.114571706849716e-07,110.71288548605646,0.981962966660833,281.77474970062696,0.0114,instanton_2008-04-28_T20_delta0.30_tau20_am50.npz
2008-04-28,60,0.2,0.2231435513142097,60,50.0,1.0461589289906377,0.2231435513142097,0.22206359820241683,0.0010799531117928751,0.0,0.0,0.5,10.0,5000,per_query,1330386986,0.13504928870611066,0.003091583578905425,2959.9367375653846,0.9898736615828814,12.597872944069623,0.3334,instanton_2008-04-28_T60_delta0.20_tau60_am50.npz
2008-04-28,60,0.3,0.35667494393873245,60,50.0,3.8406486677572795,0.35667494393873245,0.3561166773385729,0.0005582666001595626,0.0,0.0,0.5,10.0,5000,per_query,1924202884,0.004357280408629382,0.0002132324433361477,783.4663571458145,1.0014179565331556,54.44875188081194,0.1026,instanton_2008-04-28_T60_delta0.30_tau60_am50.npz
2008-04-29,20,0.2,0.2231435513142097,20,50.0,3.545366828516905,0.2231435513142097,0.22285183453510538,0.000291716779104334,0.0,0.0,0.5,10.0,5000,per_query,3947525378,0.005464576785006814,0.0002571657624856592,852.1602858877129,1.033608251042179,46.415245367787655,0.1088,instanton_2008-04-29_T20_delta0.20_tau20_am50.npz
2008-04-29,20,0.3,0.35667494393873245,20,50.0,14.06054725997037,0.35667494393873245,0.3565286993266339,0.0001462446120985561,0.0,0.0,0.5,10.0,5000,per_query,3028727972,5.7558660264325595e-08,1.4020653654328074e-08,20.374307797900332,0.764544236806947,798.9907148233517,0.0044,instanton_2008-04-29_T20_delta0.30_tau20_am50.npz
2008-04-29,60,0.2,0.2231435513142097,60,50.0,1.3766463906598074,0.2231435513142097,0.2221394585311005,0.0010040927831092006,0.0,0.0,0.5,10.0,5000,per_query,1451760741,0.08423071759555789,0.002334230017352938,2506.72664566843,0.9908696357097291,13.633009107929574,0.2684,instanton_2008-04-29_T60_delta0.20_tau60_am50.npz
2008-04-29,60,0.3,0.35667494393873245,60,50.0,5.028530029178398,0.35667494393873245,0.35615705010621745,0.0005178938325149929,0.0,0.0,0.5,10.0,5000,per_query,3052950030,0.0010820515185892444,7.224790373076888e-05,694.3648274750359,1.0129283849718174,56.63343116524297,0.0622,instanton_2008-04-29_T60_delta0.30_tau60_am50.npz
2008-04-30,20,0.2,0.2231435513142097,20,50.0,3.18453860418486,0.2231435513142097,0.2229151757881409,0.00022837552606880251,0.0,0.0,0.5,10.0,5000,per_query,4000448294,0.007794875213537359,0.000343853990640102,701.3179967294093,1.0176767772072082,89.05795546503558,0.1174,instanton_2008-04-30_T20_delta0.20_tau20_am50.npz
2008-04-30,20,0.3,0.35667494393873245,20,50.0,13.358477116765501,0.35667494393873245,0.3565644711859077,0.00011047275282471958,0.0,0.0,0.5,10.0,5000,per_query,3751676970,1.122214439950984e-07,2.961364036526732e-08,132.86011325411818,0.7576830798799455,137.12585546481986,0.0038,instanton_2008-04-30_T20_delta0.30_tau20_am50.npz
2008-04-30,60,0.2,0.2231435513142097,60,50.0,1.2526928027434705,0.2231435513142097,0.22235396734212465,0.0007895839720850617,0.0,0.0,0.5,10.0,5000,per_query,1277550521,0.1028299622691439,0.0026890414930353297,2767.881991484352,1.0021771231283712,12.604039972970183,0.2948,instanton_2008-04-30_T60_delta0.20_tau60_am50.npz
2008-04-30,60,0.3,0.35667494393873245,60,50.0,4.79272846402427,0.35667494393873245,0.3562694257230632,0.00040551821566925383,0.0,0.0,0.5,10.0,5000,per_query,892481596,0.0014890890625345549,0.00010452159069028118,614.7614605117362,1.0267293120130645,56.730660871324005,0.0688,instanton_2008-04-30_T60_delta0.30_tau60_am50.npz
2008-05-01,20,0.2,0.2231435513142097,20,50.0,3.8105344641452636,0.2231435513142097,0.22261358407621668,0.0005299672379930342,0.0,0.0,0.5,10.0,5000,per_query,1126410404,0.0038573846278049414,0.000192467663774047,936.2259700303814,0.9899232613239081,47.66198853697702,0.0966,instanton_2008-05-01_T20_delta0.20_tau20_am50.npz
2008-05-01,20,0.3,0.35667494393873245,20,50.0,13.632379686982281,0.35667494393873245,0.35639823261607884,0.0002767113226536111,0.0,0.0,0.5,10.0,5000,per_query,2481130007,5.906559656862164e-08,1.798818758888252e-08,63.70241422046111,0.8000194068928058,366.65351116552927,0.003,instanton_2008-05-01_T20_delta0.30_tau20_am50.npz
2008-05-01,60,0.2,0.2231435513142097,60,50.0,1.4750739057853295,0.2231435513142097,0.2215599225403997,0.0015836287738100197,0.0,0.0,0.5,10.0,5000,per_query,2678739230,0.07682594399034724,0.002067093386543112,2371.329248254217,0.997563409603832,15.13337048430393,0.2698,instanton_2008-05-01_T60_delta0.20_tau60_am50.npz
2008-05-01,60,0.3,0.35667494393873245,60,50.0,4.905588107528368,0.35667494393873245,0.3557498003182822,0.0009251436204502639,0.0,0.0,0.5,10.0,5000,per_query,996028762,0.0012483371944061255,8.094524409101848e-05,601.6931241548691,0.9872683740308901,77.92000893435764,0.0644,instanton_2008-05-01_T60_delta0.30_tau60_am50.npz
2008-05-02,20,0.2,0.2231435513142097,20,50.0,3.9500471584991255,0.2231435513142097,0.22254749686525432,0.0005960544489553854,0.0,0.0,0.5,10.0,5000,per_query,2452048728,0.003443187359107572,0.00017743586858069122,873.0711355456936,0.9689095561025519,38.72503343092494,0.096,instanton_2008-05-02_T20_delta0.20_tau20_am50.npz
2008-05-02,20,0.3,0.35667494393873245,20,50.0,13.851965217228852,0.35667494393873245,0.35635992454736165,0.0003150193913707966,0.0,0.0,0.5,10.0,5000,per_query,1427853531,6.426306085467589e-08,1.7129276727775472e-08,47.74779474606849,0.8872590159941063,431.19681223581927,0.004,instanton_2008-05-02_T20_delta0.30_tau20_am50.npz
2008-05-02,60,0.2,0.2231435513142097,59,50.0,1.5265792543248198,0.2231435513142097,0.2211879710154916,0.001955580298718118,0.0,0.0,0.5,10.0,5000,per_query,1056186445,0.07032072672973742,0.0019755106287348513,2150.561045710362,1.003263769079975,32.98102331001468,0.2618,instanton_2008-05-02_T60_delta0.20_tau59_am50.npz
2008-05-02,60,0.3,0.35667494393873245,60,50.0,4.965211851293951,0.35667494393873245,0.3555249116917629,0.0011500322469695234,0.0,0.0,0.5,10.0,5000,per_query,1271508314,0.0012004068172406708,8.042583707010823e-05,354.67356785679425,1.0764072582731792,149.26716569370052,0.0668,instanton_2008-05-02_T60_delta0.30_tau60_am50.npz
2008-05-05,20,0.2,0.2231435513142097,20,50.0,3.669007405560605,0.2231435513142097,0.22265808265828113,0.00048546865592857813,0.0,0.0,0.5,10.0,5000,per_query,3373941259,0.004747885052166578,0.000234493315183189,842.4048748450233,1.01472151648911,69.77238584106401,0.1046,instanton_2008-05-05_T20_delta0.20_tau20_am50.npz
2008-05-05,20,0.3,0.35667494393873245,20,50.0,13.343981915196581,0.35667494393873245,0.3564244303405797,0.0002505135981527573,0.0,0.0,0.5,10.0,5000,per_query,2625407363,8.487377360800705e-08,2.19053285348147e-08,57.54131528040654,0.8886430088504756,328.7350690872834,0.0038,instanton_2008-05-05_T20_delta0.30_tau20_am50.npz
2008-05-05,60,0.2,0.2231435513142097,60,50.0,1.4116276283074256,0.2231435513142097,0.2214678507811616,0.0016757005330481078,0.0,0.0,0.5,10.0,5000,per_query,1421346216,0.08149410143372594,0.0022601307450908453,2428.2142423466184,1.0251006837133372,14.855760573784204,0.2678,instanton_2008-05-05_T60_delta0.20_tau60_am50.npz
2008-05-05,60,0.3,0.35667494393873245,60,50.0,4.7962747706719675,0.35667494393873245,0.35574818939380215,0.0009267545449302972,0.0,0.0,0.5,10.0,5000,per_query,3868558269,0.0013200776124561173,8.799471849512254e-05,570.9120395992861,0.9916361010224019,66.98339141303988,0.063,instanton_2008-05-05_T60_delta0.30_tau60_am50.npz
2008-05-06,20,0.2,0.2231435513142097,20,50.0,4.037030039894572,0.2231435513142097,0.2224444270330057,0.0006991242812039999,0.0,0.0,0.5,10.0,5000,per_query,1245314662,0.0030222627994761176,0.00015760058264727473,590.9440505752043,0.9654392442534423,103.49252324617217,0.0896,instanton_2008-05-06_T20_delta0.20_tau20_am50.npz
2008-05-06,20,0.3,0.35667494393873245,20,50.0,13.826834331164484,0.35667494393873245,0.35630157137494134,0.00037337256379110784,0.0,0.0,0.5,10.0,5000,per_query,1694534851,6.736874866074904e-08,1.719436506487514e-08,101.18622522162227,0.8706810207011857,212.6655386578318,0.004,instanton_2008-05-06_T20_delta0.30_tau20_am50.npz
2008-05-06,60,0.2,0.2231435513142097,60,100.0,1.577107162141394,0.2231435513142106,0.22313603212510635,7.5191891033554725e-06,0.0,8.881784197001252e-16,0.5,10.0,5000,per_query,1319354385,0.06684293322457097,0.0019566829560526103,2227.571108104448,1.0129067945603512,23.653702433997292,0.2484,instanton_2008-05-06_T60_delta0.20_tau60_am100.npz
2008-05-06,60,0.3,0.35667494393873245,60,50.0,4.957692316680189,0.35667494393873245,0.35535370639721986,0.0013212375415125877,0.0,0.0,0.5,10.0,5000,per_query,2272614710,0.0011189057331077593,6.9635902205053e-05,565.746493949884,1.0347490014146936,58.26411708878822,0.0672,instanton_2008-05-06_T60_delta0.30_tau60_am50.npz
2008-05-07,20,0.2,0.2231435513142097,20,50.0,2.885029314767776,0.2231435513142097,0.22281844442012755,0.0003251068940821611,0.0,0.0,0.5,10.0,5000,per_query,1087487876,0.011471181521301822,0.0004855636602764835,1211.6884502699074,0.978796927474361,41.482424436811726,0.1322,instanton_2008-05-07_T20_delta0.20_tau20_am50.npz
2008-05-07,20,0.3,0.35667494393873245,20,50.0,11.434730775191387,0.35667494393873245,0.35651855645265407,0.00015638748607837982,0.0,0.0,0.5,10.0,5000,per_query,1523859340,1.2012405271650507e-06,1.8777523490817994e-07,101.04794671985412,0.8684712351033363,249.2246052087918,0.01,instanton_2008-05-07_T20_delta0.30_tau20_am50.npz
2008-05-07,60,0.2,0.2231435513142097,60,50.0,1.1466221851412317,0.2231435513142097,0.22195279297786907,0.001190758336340636,0.0,0.0,0.5,10.0,5000,per_query,613936329,0.1192610771768123,0.003168195473413289,2790.8900109002175,1.0020896007799314,11.792157013077604,0.3046,instanton_2008-05-07_T60_delta0.20_tau60_am50.npz
2008-05-07,60,0.3,0.35667494393873245,60,50.0,4.16730242530951,0.35667494393873245,0.35607238733120905,0.0006025566075233968,0.0,0.0,0.5,10.0,5000,per_query,3777752764,0.002782291434514375,0.00016984234147348373,665.4879697340317,1.0271788026702011,77.00553645506932,0.079,instanton_2008-05-07_T60_delta0.30_tau60_am50.npz
2008-05-08,20,0.2,0.2231435513142097,20,50.0,2.7669950419194596,0.2231435513142097,0.222851360345806,0.00029219096840371606,0.0,0.0,0.5,10.0,5000,per_query,4098353070,0.013796746396369863,0.0005557963260631793,1369.7636474077265,1.0104247892841045,31.82064638725714,0.1418,instanton_2008-05-08_T20_delta0.20_tau20_am50.npz
2008-05-08,20,0.3,0.35667494393873245,20,50.0,11.216637620987612,0.35667494393873245,0.35653629501222284,0.00013864892650961025,0.0,0.0,0.5,10.0,5000,per_query,2262890741,1.0231772407843949e-06,1.8701513758590537e-07,102.43220969010694,0.8691921825675354,238.01463080998167,0.0086,instanton_2008-05-08_T20_delta0.30_tau20_am50.npz
2008-05-08,60,0.2,0.2231435513142097,60,50.0,1.094110681317952,0.2231435513142097,0.22216998224102102,0.0009735690731886848,0.0,0.0,0.5,10.0,5000,per_query,1613425965,0.12460597905067959,0.0030119039460285743,2953.437820600354,0.992967024204631,12.027397273562475,0.3154,instanton_2008-05-08_T60_delta0.20_tau60_am50.npz
2008-05-08,60,0.3,0.35667494393873245,60,50.0,4.080752410421836,0.35667494393873245,0.3561725375444942,0.0005024063942382639,0.0,0.0,0.5,10.0,5000,per_query,2016708511,0.0032716128204310787,0.00017894967966609662,644.5760651185376,1.0313789480688298,77.76355024133312,0.0924,instanton_2008-05-08_T60_delta0.30_tau60_am50.npz
2008-05-09,20,0.2,0.2231435513142097,20,50.0,3.0098217419087407,0.2231435513142097,0.22287051079350384,0.0002730405207058695,0.0,0.0,0.5,10.0,5000,per_query,1281589424,0.010197329926020267,0.0004429838238090354,1041.062873291999,1.0284904478202106,57.96493875922065,0.1344,instanton_2008-05-09_T20_delta0.20_tau20_am50.npz
2008-05-09,20,0.3,0.35667494393873245,20,50.0,12.263567161127908,0.35667494393873245,0.35654341010693624,0.00013153383179620448,0.0,0.0,0.5,10.0,5000,per_query,1033606277,6.27155207310465e-07,1.2655325369167922e-07,86.00309217837508,0.9763337264119657,307.5117967441945,0.0086,instanton_2008-05-09_T20_delta0.30_tau20_am50.npz
2008-05-09,60,0.2,0.2231435513142097,60,50.0,1.1839589490992444,0.2231435513142097,0.22222144584260306,0.000922105471606649,0.0,0.0,0.5,10.0,5000,per_query,104224047,0.10751711200232174,0.002720847810757554,2753.0736039411554,1.0146592999451225,12.85545908260017,0.2942,instanton_2008-05-09_T60_delta0.20_tau60_am50.npz
2008-05-09,60,0.3,0.35667494393873245,60,50.0,4.430671188947704,0.35667494393873245,0.3561988241530285,0.0004761197857039434,0.0,0.0,0.5,10.0,5000,per_query,1747513337,0.0019435665219239297,0.00012766264052308004,602.1568499166536,0.9945652786726729,90.02277147446955,0.071,instanton_2008-05-09_T60_delta0.30_tau60_am50.npz
2008-05-12,20,0.2,0.2231435513142097,20,50.0,3.447444691631339,0.2231435513142097,0.22271027543736643,0.0004332758768432754,0.0,0.0,0.5,10.0,5000,per_query,2730824406,0.006462970793215726,0.0003343956199199831,742.738955772185,1.0499825732475156,57.50985053359027,0.1114,instanton_2008-05-12_T20_delta0.20_tau20_am50.npz
2008-05-12,20,0.3,0.35667494393873245,20,50.0,12.829958333328435,0.35667494393873245,0.35645539830452666,0.00021954563420578666,0.0,0.0,0.5,10.0,5000,per_query,3562167010,1.6734140013455008e-07,4.678219213765429e-08,80.9138456957423,0.7769778409948606,265.08598420247716,0.004,instanton_2008-05-12_T20_delta0.30_tau20_am50.npz
2008-05-12,60,0.2,0.2231435513142097,60,50.0,1.3386381137692278,0.2231435513142097,0.22177737643044537,0.0013661748837643373,0.0,0.0,0.5,10.0,5000,per_query,3228466324,0.08812720890775955,0.002319485023702747,2364.0377864810425,1.019366930746407,27.108213593870463,0.2788,instanton_2008-05-12_T60_delta0.20_tau60_am50.npz
2008-05-12,60,0.3,0.35667494393873245,60,50.0,4.628970003602214,0.35667494393873245,0.3559108062615479,0.0007641376771845287,0.0,0.0,0.5,10.0,5000,per_query,2179645287,0.0015143328941456425,9.560097238407644e-05,523.3179248341164,1.0382964655547116,69.50781235358858,0.067,instanton_2008-05-12_T60_delta0.30_tau60_am50.npz
2008-05-13,20,0.2,0.2231435513142097,20,50.0,3.460227170547418,0.2231435513142097,0.2227074644260325,0.00043608688817720065,0.0,0.0,0.5,10.0,5000,per_query,1487294304,0.0054594287408441305,0.0002757504480388863,1032.69538663283,1.02726888030916,42.06558364634185,0.1008,instanton_2008-05-13_T20_delta0.20_tau20_am50.npz
2008-05-13,20,0.3,0.35667494393873245,20,50.0,12.860861989266239,0.35667494393873245,0.356453749735131,0.00022119420360144915,0.0,0.0,0.5,10.0,5000,per_query,346305081,2.0340072143039618e-07,5.239528113074874e-08,1.2602701018265594,6.941665469528947,30913.079415100983,0.005,instanton_2008-05-13_T20_delta0.30_tau20_am50.npz
2008-05-13,60,0.2,0.2231435513142097,60,50.0,1.338465541775319,0.2231435513142097,0.22169924514515582,0.0014443061690538883,0.0,0.0,0.5,10.0,5000,per_query,159913730,0.09020375065927995,0.0024535888386523494,2512.93280703245,1.0116774712610264,16.791403392022886,0.2812,instanton_2008-05-13_T60_delta0.20_tau60_am50.npz
2008-05-13,60,0.3,0.35667494393873245,60,50.0,4.634419635955131,0.35667494393873245,0.3558829944108659,0.0007919495278665423,0.0,0.0,0.5,10.0,5000,per_query,1966002095,0.0016003150178955081,9.640532652194107e-05,665.0209935048518,0.9181541904391852,64.36624160799245,0.072,instanton_2008-05-13_T60_delta0.30_tau60_am50.npz
2008-05-14,20,0.2,0.2231435513142097,20,50.0,4.476632081104929,0.2231435513142097,0.22265628486059796,0.0004872664536117455,0.0,0.0,0.5,10.0,5000,per_query,254081877,0.0016345525230572941,9.959353427744156e-05,728.6922804027973,1.0107409792321538,43.84545343122812,0.0716,instanton_2008-05-14_T20_delta0.20_tau20_am50.npz
2008-05-14,20,0.3,0.35667494393873245,20,50.0,15.962954539217217,0.35667494393873245,0.35641142518679114,0.00026351875194130514,0.0,0.0,0.5,10.0,5000,per_query,187794905,7.734925977790145e-09,2.7442016731863778e-09,6.172565205956052,1.1991070554928707,2381.1594880771195,0.0022,instanton_2008-05-14_T20_delta0.30_tau20_am50.npz
2008-05-14,60,0.2,0.2231435513142097,60,50.0,1.6963198241312893,0.2231435513142097,0.2215397391237497,0.0016038121904600189,0.0,0.0,0.5,10.0,5000,per_query,3764105950,0.05297712478879459,0.0016740372927710446,2082.8085604684766,1.009856029604606,19.418321544070604,0.225,instanton_2008-05-14_T60_delta0.20_tau60_am50.npz
2008-05-14,60,0.3,0.35667494393873245,60,50.0,5.659855616855679,0.35667494393873245,0.35575435430625113,0.0009205896324813168,0.0,0.0,0.5,10.0,5000,per_query,885856369,0.0005241146332124625,3.911904604959703e-05,215.35936892042844,1.013163669322394,241.50471703700168,0.0518,instanton_2008-05-14_T60_delta0.30_tau60_am50.npz
2008-05-15,20,0.2,0.2231435513142097,20,50.0,5.021090752268432,0.2231435513142097,0.222317738462821,0.0008258128513887186,0.0,0.0,0.5,10.0,5000,per_query,3864895682,0.000966915531611378,7.179432868972706e-05,737.9107900072189,0.9547560427952972,44.62133714617517,0.0608,instanton_2008-05-15_T20_delta0.20_tau20_am50.npz
2008-05-15,20,0.3,0.35667494393873245,20,50.0,16.480293001296857,0.35667494393873245,0.35620754149292644,0.00046740244580600887,0.0,0.0,0.5,10.0,5000,per_query,2977723937,4.75816199123609e-09,1.7387685770851494e-09,48.033216559136264,0.9159546870275994,399.24122156912784,0.0022,instanton_2008-05-15_T20_delta0.30_tau20_am50.npz
2008-05-15,60,0.2,0.2231435513142097,60,100.0,1.9320762670229805,0.2231435513142097,0.22313313473377416,1.0416580435546052e-05,0.0,0.0,0.5,10.0,5000,per_query,3047491248,0.04276712112034024,0.0013455851330293417,1814.813509577883,1.0340759751252833,23.76202784490565,0.2176,instanton_2008-05-15_T60_delta0.20_tau60_am100.npz
2008-05-15,60,0.3,0.35667494393873245,60,50.0,5.837472675893161,0.35667494393873245,0.3550788052757543,0.0015961386629781416,0.0,0.0,0.5,10.0,5000,per_query,3830178412,0.00040001453617167495,3.058851538440197e-05,196.54599497597465,1.020488679229841,200.0625273650739,0.0478,instanton_2008-05-15_T60_delta0.30_tau60_am50.npz
2008-05-16,20,0.2,0.2231435513142097,20,50.0,5.262482910897099,0.2231435513142097,0.222280145586347,0.0008634057278626983,0.0,0.0,0.5,10.0,5000,per_query,2164782568,0.0006834259687419214,4.795484662367811e-05,324.990077821142,0.9919664722787668,189.2638347814898,0.055,instanton_2008-05-16_T20_delta0.20_tau20_am50.npz
2008-05-16,20,0.3,0.35667494393873245,20,50.0,17.097031338100738,0.35667494393873245,0.3561800997605573,0.0004948441781751356,0.0,0.0,0.5,10.0,5000,per_query,3872912364,2.296857767884381e-09,9.751672161581266e-10,10.067623065258323,1.1404877606849144,1694.621832102849,0.0012,instanton_2008-05-16_T20_delta0.30_tau20_am50.npz
2008-05-16,60,0.2,0.2231435513142097,60,100.0,2.0185423663769777,0.2231435513142097,0.22313152233369582,1.2028980513889564e-05,0.0,0.0,0.5,10.0,5000,per_query,2453428917,0.03865586166498891,0.001257576631663653,1910.9360641512988,1.0118844972846481,22.17856400175143,0.21,instanton_2008-05-16_T60_delta0.20_tau60_am100.npz
2008-05-16,60,0.3,0.35667494393873245,60,50.0,6.026174118574627,0.35667494393873245,0.354915680175135,0.001759263763597474,0.0,0.0,0.5,10.0,5000,per_query,2099044781,0.0003608863952790822,3.6674829638780135e-05,128.99146634985718,1.0393512264351281,300.670503945746,0.042,instanton_2008-05-16_T60_delta0.30_tau60_am50.npz
2008-05-19,20,0.2,0.2231435513142097,20,50.0,5.429955721774587,0.2231435513142097,0.2221718434081783,0.0009717079060314049,0.0,0.0,0.5,10.0,5000,per_query,1393424174,0.0006051914043429324,4.2683121448470066e-05,263.7926052644098,1.0855645800577045,162.72296213519166,0.054,instanton_2008-05-19_T20_delta0.20_tau20_am50.npz
2008-05-19,20,0.3,0.35667494393873245,20,50.0,17.338431789940845,0.35667494393873245,0.3561112602529377,0.0005636836857947358,0.0,0.0,0.5,10.0,5000,per_query,863745514,2.4311325012008074e-09,9.861168360919212e-10,47.01493283764668,0.9203473519903517,429.13322764285283,0.0016,instanton_2008-05-19_T20_delta0.30_tau20_am50.npz
2008-05-19,60,0.2,0.2231435513142097,60,100.0,2.0800231253524037,0.2231435513142106,0.223128349567288,1.520174692171139e-05,0.0,8.881784197001252e-16,0.5,10.0,5000,per_query,2937648570,0.03335022056841348,0.0011177560885176567,1997.6262226407525,1.0271553972913179,14.909328776403546,0.1948,instanton_2008-05-19_T60_delta0.20_tau60_am100.npz
2008-05-19,60,0.3,0.35667494393873245,60,100.0,6.172671736419682,0.35667494393873245,0.3566656680007876,9.2759379448637e-06,0.0,0.0,0.5,10.0,5000,per_query,732987475,0.0003028095814205449,2.355379040275881e-05,371.4572795301235,0.9187313192623818,98.37098748561375,0.0462,instanton_2008-05-19_T60_delta0.30_tau60_am100.npz
2008-05-20,20,0.2,0.2231435513142097,20,50.0,4.8218552318662065,0.2231435513142097,0.22246206893697718,0.000681482377232534,0.0,0.0,0.5,10.0,5000,per_query,1661771900,0.0011720188126905882,8.23598032118652e-05,632.8587279181716,1.0005471056239226,54.27847597338757,0.0626,instanton_2008-05-20_T20_delta0.20_tau20_am50.npz
2008-05-20,20,0.3,0.35667494393873245,20,50.0,16.285153790582562,0.35667494393873245,0.3562952062151403,0.00037973772359212177,0.0,0.0,0.5,10.0,5000,per_query,1893646777,6.692363541945908e-09,2.4988497668448324e-09,17.854538245938873,0.8810367047442748,944.4966628885993,0.002,instanton_2008-05-20_T20_delta0.30_tau20_am50.npz
2008-05-20,60,0.2,0.2231435513142097,60,100.0,1.8587025971478184,0.2231435513142097,0.22313633155910306,7.21975510664663e-06,0.0,0.0,0.5,10.0,5000,per_query,4057900964,0.049446800627407916,0.0016301346391218606,2079.724508782542,1.0067958808573136,17.1158694964154,0.222,instanton_2008-05-20_T60_delta0.20_tau60_am100.npz
2008-05-20,60,0.3,0.35667494393873245,60,50.0,5.765895799437037,0.35667494393873245,0.35524906858329874,0.0014258753554337034,0.0,0.0,0.5,10.0,5000,per_query,3196824737,0.0005289634657341132,4.2672571348744806e-05,259.05636276187823,1.036369452260618,157.9626859282372,0.0534,instanton_2008-05-20_T60_delta0.30_tau60_am50.npz
2008-05-21,20,0.2,0.2231435513142097,20,50.0,3.4422122831498503,0.2231435513142097,0.2228161763894505,0.00032737492475920504,0.0,0.0,0.5,10.0,5000,per_query,359785430,0.005974936938231464,0.0002864248549011968,1216.8465085646317,0.9394669874142632,36.96014932490212,0.1108,instanton_2008-05-21_T20_delta0.20_tau20_am50.npz
2008-05-21,20,0.3,0.35667494393873245,20,50.0,13.414137644805086,0.35667494393873245,0.35651113512024146,0.00016380881849098472,0.0,0.0,0.5,10.0,5000,per_query,1419079353,8.297305117207538e-08,2.2930752232256056e-08,38.26433961391887,0.9113512316553901,579.0732849497426,0.004,instanton_2008-05-21_T20_delta0.30_tau20_am50.npz
2008-05-21,60,0.2,0.2231435513142097,60,50.0,1.3501372617543728,0.2231435513142097,0.22193539652906136,0.001208154785148352,0.0,0.0,0.5,10.0,5000,per_query,1309171906,0.08935184216685112,0.0024401512151774126,2457.103231970822,1.0043374129876086,15.587364829162723,0.2732,instanton_2008-05-21_T60_delta0.20_tau60_am50.npz
2008-05-21,60,0.3,0.35667494393873245,60,50.0,4.84183118739621,0.35667494393873245,0.35605654203419945,0.0006184019045329947,0.0,0.0,0.5,10.0,5000,per_query,1826986455,0.0013326046881909017,8.954855693157642e-05,697.0664923963404,0.9894959605541822,44.56431821086681,0.0674,instanton_2008-05-21_T60_delta0.30_tau60_am50.npz
2008-05-22,20,0.2,0.2231435513142097,20,50.0,3.470801998476574,0.2231435513142097,0.22281397335586828,0.00032957795834143155,0.0,0.0,0.5,10.0,5000,per_query,4012099030,0.006205266140158163,0.00030647784261330214,985.5687406859969,1.0057123185062236,58.07053438947177,0.1126,instanton_2008-05-22_T20_delta0.20_tau20_am50.npz
2008-05-22,20,0.3,0.35667494393873245,20,50.0,13.500001237986666,0.35667494393873245,0.35650957044348086,0.00016537349525158618,0.0,0.0,0.5,10.0,5000,per_query,3691632647,9.279640894356918e-08,2.721091865090924e-08,89.90802434503053,0.7179291471623713,243.08096015729978,0.0042,instanton_2008-05-22_T20_delta0.30_tau20_am50.npz
2008-05-22,60,0.2,0.2231435513142097,60,50.0,1.3476667436588186,0.2231435513142097,0.22201834521898078,0.0011252060952289256,0.0,0.0,0.5,10.0,5000,per_query,4246788032,0.08746977101937799,0.0022983961544304735,2499.794272028245,0.991793674190879,23.625019062107686,0.2804,instanton_2008-05-22_T60_delta0.20_tau60_am50.npz
2008-05-22,60,0.3,0.35667494393873245,60,50.0,4.846260395773637,0.35667494393873245,0.3560517632246194,0.0006231807141130474,0.0,0.0,0.5,10.0,5000,per_query,146430509,0.0013224036323193837,8.240031073460687e-05,407.161320937834,0.9843263912482111,110.36295491547601,0.0696,instanton_2008-05-22_T60_delta0.30_tau60_am50.npz
2008-05-23,20,0.2,0.2231435513142097,20,50.0,2.6974190281680728,0.2231435513142097,0.22295470493773095,0.00018884637647875735,0.0,0.0,0.5,10.0,5000,per_query,3673272260,0.014965921811929198,0.0006189145133021821,1207.098297539029,1.0112525798049123,49.90071929004674,0.1464,instanton_2008-05-23_T20_delta0.20_tau20_am50.npz
2008-05-23,20,0.3,0.35667494393873245,20,50.0,11.942247395526925,0.35667494393873245,0.35658790706603494,8.703687269751015e-05,0.0,0.0,0.5,10.0,5000,per_query,1562292332,4.6098522805384583e-07,8.809918632729687e-08,70.63442698277578,0.8350164712109653,375.9210202169768,0.0068,instanton_2008-05-23_T20_delta0.30_tau20_am50.npz
2008-05-23,60,0.2,0.2231435513142097,60,50.0,1.083998745300402,0.2231435513142097,0.22246918416939376,0.0006743671448159461,0.0,0.0,0.5,10.0,5000,per_query,2094229655,0.12611134015057382,0.0032226539949370067,2995.528682260257,1.0002317181467373,13.702982093508862,0.3074,instanton_2008-05-23_T60_delta0.20_tau60_am50.npz
2008-05-23,60,0.3,0.35667494393873245,60,50.0,4.331527988774895,0.35667494393873245,0.35634311253752493,0.0003318314012075163,0.0,0.0,0.5,10.0,5000,per_query,2282357595,0.0023997490136828505,0.00017238612654120044,545.1410979886405,0.9943657896778338,113.10951337103091,0.0758,instanton_2008-05-23_T60_delta0.30_tau60_am50.npz
2008-05-27,20,0.2,0.2231435513142097,20,50.0,3.002637032353369,0.2231435513142097,0.22288872124695747,0.000254830067252243,0.0,0.0,0.5,10.0,5000,per_query,2077897369,0.010073908871189054,0.0004380398030915164,1267.9178774546408,0.9874435831993884,35.71881060659766,0.127,instanton_2008-05-27_T20_delta0.20_tau20_am50.npz
2008-05-27,20,0.3,0.35667494393873245,20,50.0,12.396242415674259,0.35667494393873245,0.3565527263369077,0.00012221760182473673,0.0,0.0,0.5,10.0,5000,per_query,3315078729,2.1980855860847794e-07,5.692899923658786e-08,50.445146962856114,1.064814347182054,529.2620954207939,0.0036,instanton_2008-05-27_T20_delta0.30_tau20_am50.npz
2008-05-27,60,0.2,0.2231435513142097,60,50.0,1.1823693693003197,0.2231435513142097,0.2223098635280607,0.0008336877861490066,0.0,0.0,0.5,10.0,5000,per_query,2206013161,0.11102377602922252,0.002722284419305523,2604.6486254011393,1.0115958447695896,27.20860660301676,0.3098,instanton_2008-05-27_T60_delta0.20_tau60_am50.npz
2008-05-27,60,0.3,0.35667494393873245,60,50.0,4.474153062036673,0.35667494393873245,0.35623188495655533,0.0004430589821771136,0.0,0.0,0.5,10.0,5000,per_query,3918087023,0.0021381277858738444,0.00011789611322972067,786.4246632352668,0.9705172908419192,37.915016553112565,0.084,instanton_2008-05-27_T60_delta0.30_tau60_am50.npz
2008-05-28,20,0.2,0.2231435513142097,20,50.0,3.2255332366537943,0.2231435513142097,0.22283538403364211,0.000308167280567595,0.0,0.0,0.5,10.0,5000,per_query,327338402,0.007938175833339707,0.0003688026677025529,1145.7484612215148,0.9879822397118653,33.727439104735794,0.121,instanton_2008-05-28_T20_delta0.20_tau20_am50.npz
2008-05-28,20,0.3,0.35667494393873245,20,50.0,12.779060578380133,0.35667494393873245,0.3565233172136191,0.00015162672511337405,0.0,0.0,0.5,10.0,5000,per_query,397749273,1.7142058428927963e-07,3.852282113241465e-08,34.85953510806709,0.9424161739306668,571.6414957242154,0.0052,instanton_2008-05-28_T20_delta0.30_tau20_am50.npz
2008-05-28,60,0.2,0.2231435513142097,60,50.0,1.2612346832440013,0.2231435513142097,0.2221468891760443,0.000996662138165405,0.0,0.0,0.5,10.0,5000,per_query,4204427594,0.10185587918398369,0.002674291927159155,2649.204422465609,1.0079315171303527,19.690797216596355,0.2928,instanton_2008-05-28_T60_delta0.20_tau60_am50.npz
2008-05-28,60,0.3,0.35667494393873245,60,50.0,4.604597235764133,0.35667494393873245,0.35613624910315433,0.0005386948355781129,0.0,0.0,0.5,10.0,5000,per_query,2005251245,0.001747058804947171,0.0001084041154954368,733.6293678629024,1.013770267450517,48.14192486824998,0.073,instanton_2008-05-28_T60_delta0.30_tau60_am50.npz
2008-05-29,20,0.2,0.2231435513142097,20,50.0,3.4924754508664844,0.2231435513142097,0.2227637067677195,0.0003798445464902045,0.0,0.0,0.5,10.0,5000,per_query,3385286029,0.005518693385050663,0.0002794114600687466,896.99177664172,1.00957468570747,69.24831642427418,0.1014,instanton_2008-05-29_T20_delta0.20_tau20_am50.npz
2008-05-29,20,0.3,0.35667494393873245,20,50.0,13.257624820126333,0.35667494393873245,0.3564829967118106,0.0001919472269218403,0.0,0.0,0.5,10.0,5000,per_query,856787045,1.425354772839584e-07,3.1086222709888634e-08,53.79502486835417,0.945714010138722,390.4255057711217,0.0056,instanton_2008-05-29_T20_delta0.30_tau20_am50.npz
2008-05-29,60,0.2,0.2231435513142097,60,50.0,1.3539626472861728,0.2231435513142097,0.22189592212598352,0.0012476291882261847,0.0,0.0,0.5,10.0,5000,per_query,641063706,0.08440372995355323,0.002251899911079346,2650.409597882006,1.0108952818274306,10.639162524696266,0.2722,instanton_2008-05-29_T60_delta0.20_tau60_am50.npz
2008-05-29,60,0.3,0.35667494393873245,60,50.0,4.7668768385504645,0.35667494393873245,0.35599090635759545,0.0006840375811369981,0.0,0.0,0.5,10.0,5000,per_query,2135797105,0.0015928366182045815,9.671675508084118e-05,494.44406331555984,0.993881413115581,102.385115374682,0.0742,instanton_2008-05-29_T60_delta0.30_tau60_am50.npz
2008-05-30,20,0.2,0.2231435513142097,20,50.0,4.142074034152377,0.2231435513142097,0.22271600837687267,0.0004275429373370443,0.0,0.0,0.5,10.0,5000,per_query,400836477,0.002517159449254349,0.00013875683255680166,444.4381546463928,1.0486233008990624,153.7389403615139,0.082,instanton_2008-05-30_T20_delta0.20_tau20_am50.npz
2008-05-30,20,0.3,0.35667494393873245,20,50.0,15.181472900375933,0.35667494393873245,0.3564489693704873,0.0002259745682451353,0.0,0.0,0.5,10.0,5000,per_query,4206840330,6.73958718039874e-09,3.325745616920799e-09,34.705959845427465,0.8804335109253494,595.2178962630253,0.001,instanton_2008-05-30_T20_delta0.30_tau20_am50.npz
2008-05-30,60,0.2,0.2231435513142097,60,50.0,1.5822009568985096,0.2231435513142097,0.221750421626842,0.0013931296873677113,0.0,0.0,0.5,10.0,5000,per_query,3831493729,0.06405351793016532,0.001839225309551924,2212.172259088419,1.00641836005056,20.108036085404517,0.2472,instanton_2008-05-30_T60_delta0.20_tau60_am50.npz
2008-05-30,60,0.3,0.35667494393873245,60,50.0,5.40269852567572,0.35667494393873245,0.35587846501554754,0.0007964789231849068,0.0,0.0,0.5,10.0,5000,per_query,2560635362,0.0006866986501880541,5.2890991414065085e-05,393.35859902898335,0.9758987040079173,145.85903234614645,0.0542,instanton_2008-05-30_T60_delta0.30_tau60_am50.npz
2008-06-02,20,0.2,0.2231435513142097,20,50.0,3.420719329945065,0.2231435513142097,0.22286760183190957,0.0002759494823001418,0.0,0.0,0.5,10.0,5000,per_query,3222750600,0.006556056502515911,0.000301905814972974,751.7216634947471,1.0541547109951026,78.27260535852098,0.1152,instanton_2008-06-02_T20_delta0.20_tau20_am50.npz
2008-06-02,20,0.3,0.35667494393873245,20,50.0,13.748417682158925,0.35667494393873245,0.3565378906989398,0.0001370532397926283,0.0,0.0,0.5,10.0,5000,per_query,1095086550,6.712406021219306e-08,1.83405055653813e-08,109.2128044956021,0.7660748442649381,158.17596357112345,0.0032,instanton_2008-06-02_T20_delta0.30_tau20_am50.npz
2008-06-02,60,0.2,0.2231435513142097,60,50.0,1.3369024118367512,0.2231435513142097,0.22216595442391718,0.0009775968902925314,0.0,0.0,0.5,10.0,5000,per_query,2983057745,0.09287633962870906,0.0024831944596613803,2463.908505259931,1.0150209544788427,22.220559189459518,0.2794,instanton_2008-06-02_T60_delta0.20_tau60_am50.npz
2008-06-02,60,0.3,0.35667494393873245,60,50.0,4.92834885256366,0.35667494393873245,0.3561634143798642,0.00051152955886824,0.0,0.0,0.5,10.0,5000,per_query,2210047394,0.001173587135998226,8.039316653258505e-05,401.1505887026607,1.0286298929317639,113.84549592018418,0.0648,instanton_2008-06-02_T60_delta0.30_tau60_am50.npz
2008-06-03,20,0.2,0.2231435513142097,20,50.0,3.096477308972592,0.2231435513142097,0.22292660327037783,0.00021694804383187716,0.0,0.0,0.5,10.0,5000,per_query,2954363739,0.009559888124788534,0.00041786104799764633,979.5864762358027,0.9900285052106752,57.42257147422368,0.1272,instanton_2008-06-03_T20_delta0.20_tau20_am50.npz
2008-06-03,20,0.3,0.35667494393873245,20,50.0,13.155639011590983,0.35667494393873245,0.3565710408727494,0.00010390306598306864,0.0,0.0,0.5,10.0,5000,per_query,1316201952,1.2127762493070452e-07,2.997639207374351e-08,80.63255613380134,0.9067714674305065,216.24118436610846,0.0044,instanton_2008-06-03_T20_delta0.30_tau20_am50.npz
2008-06-03,60,0.2,0.2231435513142097,60,50.0,1.221472928028388,0.2231435513142097,0.22240656443168394,0.0007369868825257697,0.0,0.0,0.5,10.0,5000,per_query,2462939952,0.10904383477316092,0.0027959923363942737,2793.4656972898383,0.9938598711091092,12.159257286525834,0.3004,instanton_2008-06-03_T60_delta0.20_tau60_am50.npz
2008-06-03,60,0.3,0.35667494393873245,60,50.0,4.726949063734841,0.35667494393873245,0.3562968389084311,0.00037810503030133447,0.0,0.0,0.5,10.0,5000,per_query,3034379603,0.0015511090748804286,9.398871423755524e-05,235.42892128812232,1.018717718021333,256.2293488610635,0.0726,instanton_2008-06-03_T60_delta0.30_tau60_am50.npz
2008-06-04,20,0.2,0.2231435513142097,20,50.0,3.1472989660888206,0.2231435513142097,0.222930549583638,0.00021300173057170468,0.0,0.0,0.5,10.0,5000,per_query,2274801835,0.008638913359104466,0.0003849523160244548,1159.1162780407806,0.9985649522686599,43.51798293990955,0.1206,instanton_2008-06-04_T20_delta0.20_tau20_am50.npz
2008-06-04,20,0.3,0.35667494393873245,20,50.0,13.402344096055593,0.35667494393873245,0.3565726092256769,0.00010233471305554076,0.0,0.0,0.5,10.0,5000,per_query,3087253156,1.1269656238930739e-07,2.7737873642812102e-08,34.81964225963669,0.9613618644805032,527.5052531195199,0.0042,instanton_2008-06-04_T20_delta0.30_tau20_am50.npz
2008-06-04,60,0.2,0.2231435513142097,60,50.0,1.2380526128706282,0.2231435513142097,0.22242395671952853,0.0007195945946811833,0.0,0.0,0.5,10.0,5000,per_query,3891500479,0.10312398114594389,0.002574607278456602,2701.062123653446,0.9977924861405231,13.796122314165105,0.3012,instanton_2008-06-04_T60_delta0.20_tau60_am50.npz
2008-06-04,60,0.3,0.35667494393873245,60,50.0,4.805315209164599,0.35667494393873245,0.3563012879612133,0.0003736559775191495,0.0,0.0,0.5,10.0,5000,per_query,2810165694,0.0014804233732171534,9.390222828595613e-05,639.557550689919,0.9968311167519529,78.22298775205228,0.0714,instanton_2008-06-04_T60_delta0.30_tau60_am50.npz
2008-06-05,20,0.2,0.2231435513142097,20,50.0,4.177277468197038,0.2231435513142097,0.22265875040261118,0.00048480091159852634,0.0,0.0,0.5,10.0,5000,per_query,554145059,0.00266023220423252,0.00014607708954674723,871.4149180173629,1.027147035752138,40.47834130669817,0.0886,instanton_2008-06-05_T20_delta0.20_tau20_am50.npz
2008-06-05,20,0.3,0.35667494393873245,20,50.0,15.008070702211773,0.35667494393873245,0.35641677427895946,0.0002581696597729888,0.0,0.0,0.5,10.0,5000,per_query,2797694874,1.4792262981892999e-08,5.093509173510519e-09,23.47210889723038,1.003256791255671,919.8007016538681,0.002,instanton_2008-06-05_T20_delta0.30_tau20_am50.npz
2008-06-05,60,0.2,0.2231435513142097,60,50.0,1.6088840777953561,0.2231435513142097,0.2216741442441874,0.0014694070700222994,0.0,0.0,0.5,10.0,5000,per_query,38482716,0.06448249139324493,0.0017570405659308073,2051.8339973862953,0.9861728254077816,26.189212767204065,0.2638,instanton_2008-06-05_T60_delta0.20_tau60_am50.npz
2008-06-05,60,0.3,0.35667494393873245,60,50.0,5.365281327787921,0.35667494393873245,0.35581776492406814,0.000857179014664311,0.0,0.0,0.5,10.0,5000,per_query,1302239247,0.0007972009844066461,5.641680034455002e-05,126.80818378660162,1.0614444753793655,412.41412995089865,0.058,instanton_2008-06-05_T60_delta0.30_tau60_am50.npz
2008-06-06,20,0.2,0.2231435513142097,20,50.0,1.778693378331265,0.2231435513142097,0.22301799980705184,0.00012555150715787278,0.0,0.0,0.5,10.0,5000,per_query,2971375621,0.04699501016694693,0.0014443099811909325,1947.792177269084,0.9986500285091926,30.27061209013332,0.2218,instanton_2008-06-06_T20_delta0.20_tau20_am50.npz
2008-06-06,20,0.3,0.35667494393873245,20,50.0,8.96369464403281,0.35667494393873245,0.3566232537076548,5.169023107765014e-05,0.0,0.0,0.5,10.0,5000,per_query,2543422220,9.902717146688147e-06,1.3839877554362181e-06,24.999842371932598,1.0565311894558427,1017.2264564813246,0.0126,instanton_2008-06-06_T20_delta0.30_tau20_am50.npz
2008-06-06,60,0.2,0.2231435513142097,60,50.0,0.7658335893986986,0.2231435513142097,0.22263340031668388,0.0005101509975258267,0.0,0.0,0.5,10.0,5000,per_query,2987400129,0.21269619472571522,0.0044893978851545295,3373.065768063398,1.0054789632719818,7.908492122789294,0.3914,instanton_2008-06-06_T60_delta0.20_tau60_am50.npz
2008-06-06,60,0.3,0.35667494393873245,60,50.0,3.3424797565579816,0.35667494393873245,0.3564610995410229,0.00021384439770955055,0.0,0.0,0.5,10.0,5000,per_query,2543413662,0.007396919902617682,0.00034592384833219436,1005.7751426458987,0.9974172161634848,42.68752589834813,0.1158,instanton_2008-06-06_T60_delta0.30_tau60_am50.npz
2008-06-09,20,0.2,0.2231435513142097,20,50.0,1.8619001743657575,0.2231435513142097,0.22300547035074825,0.00013808096346146215,0.0,0.0,0.5,10.0,5000,per_query,2810368930,0.04114778766983215,0.001323726740514515,2064.582409862259,0.9878640478030749,22.108745620921308,0.2068,instanton_2008-06-09_T20_delta0.20_tau20_am50.npz
2008-06-09,20,0.3,0.35667494393873245,20,50.0,9.12870740101521,0.35667494393873245,0.3566171531120528,5.779082667967117e-05,0.0,0.0,0.5,10.0,5000,per_query,127636548,1.0422298575628978e-05,1.405943542910851e-06,103.07980933660232,1.110747712146097,244.5611263578604,0.015,instanton_2008-06-09_T20_delta0.30_tau20_am50.npz
2008-06-09,60,0.2,0.2231435513142097,60,50.0,0.7668239994968576,0.2231435513142097,0.22268354202808727,0.0004600092861224425,0.0,0.0,0.5,10.0,5000,per_query,838551361,0.20318915576666363,0.00405269445497329,3375.986630519048,0.9910131432529877,7.182376670943338,0.3972,instanton_2008-06-09_T60_delta0.20_tau60_am50.npz
2008-06-09,60,0.3,0.35667494393873245,60,50.0,3.365556510141466,0.35667494393873245,0.3564618237303794,0.0002131202083530681,0.0,0.0,0.5,10.0,5000,per_query,1665737546,0.008091678628755119,0.0003817512156112692,1084.7198838736228,0.9982857768693618,42.56745839067835,0.1222,instanton_2008-06-09_T60_delta0.30_tau60_am50.npz
2008-06-10,20,0.2,0.2231435513142097,20,50.0,1.7379079948790692,0.2231435513142097,0.2230298615501285,0.00011368976408121512,0.0,0.0,0.5,10.0,5000,per_query,3070726885,0.049456080497832434,0.0015151744892488441,2061.6233993029036,0.9973739648409305,18.968138293870346,0.22,instanton_2008-06-10_T20_delta0.20_tau20_am50.npz
2008-06-10,20,0.3,0.35667494393873245,20,50.0,9.006182459663275,0.35667494393873245,0.35662865291997736,4.629101875508468e-05,0.0,0.0,0.5,10.0,5000,per_query,1639365588,1.7413405296584587e-05,1.9830554806240867e-06,279.3839028109216,0.8561497462544843,89.13175436720687,0.023,instanton_2008-06-10_T20_delta0.30_tau20_am50.npz
2008-06-10,60,0.2,0.2231435513142097,60,50.0,0.7225724541033913,0.2231435513142097,0.22276168866499368,0.00038186264921602486,0.0,0.0,0.5,10.0,5000,per_query,2127674123,0.2275400874334146,0.004392969968243621,3403.380253649342,0.9849270031501137,9.809908084481032,0.4204,instanton_2008-06-10_T60_delta0.20_tau60_am50.npz
2008-06-10,60,0.3,0.35667494393873245,60,50.0,3.3212606297700713,0.35667494393873245,0.35650543445596217,0.00016950948277028033,0.0,0.0,0.5,10.0,5000,per_query,2128966148,0.008058375128862627,0.0003940627271631898,1058.6079805697034,1.0110722025208716,42.98394660635127,0.1188,instanton_2008-06-10_T60_delta0.30_tau60_am50.npz
2008-06-11,20,0.2,0.2231435513142097,20,50.0,1.1849703327606944,0.2231435513142097,0.2230792017557821,6.434955842760104e-05,0.0,0.0,0.5,10.0,5000,per_query,2262363102,0.09728594741279084,0.0024725661696103985,2705.4173862457765,0.9979895906366517,16.05382887794318,0.2844,instanton_2008-06-11_T20_delta0.20_tau20_am50.npz
2008-06-11,20,0.3,0.35667494393873245,20,50.0,7.535338788378351,0.35667494393873245,0.35665175925980197,2.318467893047682e-05,0.0,0.0,0.5,10.0,5000,per_query,668813478,5.3408103577668145e-05,5.329287598556216e-06,159.2223814288111,1.067712961285282,306.71982947405473,0.0256,instanton_2008-06-11_T20_delta0.30_tau20_am50.npz
2008-06-11,60,0.2,0.2231435513142097,60,50.0,0.5213106931910133,0.2231435513142097,0.22292007847796835,0.00022347283624135628,0.0,0.0,0.5,10.0,5000,per_query,3139330717,0.29730911197133875,0.005259919552805581,3806.21710865083,1.004060620377844,4.688122768424373,0.4588,instanton_2008-06-11_T60_delta0.20_tau60_am50.npz
2008-06-11,60,0.3,0.35667494393873245,60,50.0,2.8179610405544766,0.35667494393873245,0.3565895023108254,8.544162790702359e-05,0.0,0.0,0.5,10.0,5000,per_query,1204859408,0.014989329019664072,0.0006237968267921075,1271.639854739733,0.9804122855840507,47.03191847584601,0.1466,instanton_2008-06-11_T60_delta0.30_tau60_am50.npz
2008-06-12,20,0.2,0.2231435513142097,20,50.0,1.290217962381322,0.2231435513142097,0.2230693706768987,7.418063731101654e-05,0.0,0.0,0.5,10.0,5000,per_query,4241200156,0.08468472550131555,0.0022473910362534803,2579.192320550179,1.012575054022095,14.612750324128738,0.269,instanton_2008-06-12_T20_delta0.20_tau20_am50.npz
2008-06-12,20,0.3,0.35667494393873245,20,50.0,7.762815365228964,0.35667494393873245,0.35664742928062676,2.7514658105687317e-05,0.0,0.0,0.5,10.0,5000,per_query,1190190759,4.521421322728058e-05,4.765042037047448e-06,86.70795196399042,1.0994511306608812,439.09447589016446,0.0238,instanton_2008-06-12_T20_delta0.30_tau20_am50.npz
2008-06-12,60,0.2,0.2231435513142097,60,50.0,0.5529014035647652,0.2231435513142097,0.2229009364272363,0.0002426148869734135,0.0,0.0,0.5,10.0,5000,per_query,1501336422,0.28605502678217254,0.004943943089612051,3773.921238203258,0.9937154666748742,5.7646039724978895,0.4632,instanton_2008-06-12_T60_delta0.20_tau60_am50.npz
2008-06-12,60,0.3,0.35667494393873245,60,50.0,2.887935855702808,0.35667494393873245,0.35657599982666,9.894411207245213e-05,0.0,0.0,0.5,10.0,5000,per_query,2463000711,0.013097886821122364,0.0005484064924487453,1212.7874830367393,0.9956294395971345,41.37581729951498,0.1412,instanton_2008-06-12_T60_delta0.30_tau60_am50.npz
2008-06-13,20,0.2,0.2231435513142097,20,50.0,1.6794024331518003,0.2231435513142097,0.22302322503806593,0.00012032627614377844,0.0,0.0,0.5,10.0,5000,per_query,1766601392,0.051545528823492885,0.001535294141145968,2298.522863297697,0.9921830752021591,13.210819227547352,0.2282,instanton_2008-06-13_T20_delta0.20_tau20_am50.npz
2008-06-13,20,0.3,0.35667494393873245,20,50.0,8.593157271517363,0.35667494393873245,0.35662610267018735,4.884126854509674e-05,0.0,0.0,0.5,10.0,5000,per_query,3765638889,1.6165872642103606e-05,2.0554859238905682e-06,170.41913314733046,1.0163802596874953,235.21309819145554,0.017,instanton_2008-06-13_T20_delta0.30_tau20_am50.npz
2008-06-13,60,0.2,0.2231435513142097,60,50.0,0.701438322636556,0.2231435513142097,0.22277491555595041,0.00036863575825929473,0.0,0.0,0.5,10.0,5000,per_query,2422199956,0.2249157850586118,0.004260611805670296,3495.696733024831,0.9943565998955757,6.245853401847836,0.4146,instanton_2008-06-13_T60_delta0.20_tau60_am50.npz
2008-06-13,60,0.3,0.35667494393873245,60,50.0,3.1823352645076484,0.35667494393873245,0.35650788502304653,0.0001670589156859137,0.0,0.0,0.5,10.0,5000,per_query,1814709606,0.00862187871861215,0.00037038339038390826,950.29485618675,1.0066063441783917,79.95386725229031,0.127,instanton_2008-06-13_T60_delta0.30_tau60_am50.npz
2008-06-16,20,0.2,0.2231435513142097,20,50.0,1.6990540059602666,0.2231435513142097,0.22302044822743206,0.00012310308677765391,0.0,0.0,0.5,10.0,5000,per_query,2643953366,0.05232738803483053,0.0015362346984237078,2018.1030379090334,0.995794369231328,28.748710066312658,0.2342,instanton_2008-06-16_T20_delta0.20_tau20_am50.npz
2008-06-16,20,0.3,0.35667494393873245,20,50.0,8.63412567993846,0.35667494393873245,0.3566247623723502,5.0181566382256904e-05,0.0,0.0,0.5,10.0,5000,per_query,467002733,2.584834884030282e-05,2.741756391501647e-06,254.92672416288397,0.9085710601232578,124.05236584769908,0.0248,instanton_2008-06-16_T20_delta0.30_tau20_am50.npz
2008-06-16,60,0.2,0.2231435513142097,60,50.0,0.7051856748774018,0.2231435513142097,0.22275079042735513,0.00039276088685458177,0.0,0.0,0.5,10.0,5000,per_query,4215684570,0.21382993218383994,0.004228995179521965,3568.6764849529495,1.0067206095948007,5.73782836655889,0.3938,instanton_2008-06-16_T60_delta0.20_tau60_am50.npz
2008-06-16,60,0.3,0.35667494393873245,60,50.0,3.19313249383528,0.35667494393873245,0.3564992170897705,0.00017572684896194346,0.0,0.0,0.5,10.0,5000,per_query,3591259430,0.009441333786617902,0.00040973529758832176,1096.9761710178116,0.9772660726537596,38.24450840944417,0.1344,instanton_2008-06-16_T60_delta0.30_tau60_am50.npz
2008-06-17,20,0.2,0.2231435513142097,20,50.0,1.5347744217681496,0.2231435513142097,0.22304166470808084,0.0001018866061288648,0.0,0.0,0.5,10.0,5000,per_query,880919281,0.06418163801391037,0.0018802998593558488,2350.074470464502,1.0255225123247673,13.350199958277337,0.2444,instanton_2008-06-17_T20_delta0.20_tau20_am50.npz
2008-06-17,20,0.3,0.35667494393873245,20,50.0,8.27273119522857,0.35667494393873245,0.35663478071357435,4.016322515809634e-05,0.0,0.0,0.5,10.0,5000,per_query,2023097999,2.960402920837707e-05,3.2518851999875247e-06,170.10384310620316,0.8875110349709808,183.02801232671285,0.0226,instanton_2008-06-17_T20_delta0.30_tau20_am50.npz
2008-06-17,60,0.2,0.2231435513142097,60,50.0,0.6446607881641662,0.2231435513142097,0.22280764278439857,0.0003359085298111353,0.0,0.0,0.5,10.0,5000,per_query,3114946253,0.24065754129167335,0.004528242109111319,3670.4933151341115,1.0011049452636966,5.573654872277084,0.42,instanton_2008-06-17_T60_delta0.20_tau60_am50.npz
2008-06-17,60,0.3,0.35667494393873245,60,50.0,3.067319428814083,0.35667494393873245,0.35653075048689775,0.00014419345183469545,0.0,0.0,0.5,10.0,5000,per_query,22098603,0.009766581556632788,0.0004176765045305164,1211.4633267846264,1.0073441419634093,41.40492414251085,0.1278,instanton_2008-06-17_T60_delta0.30_tau60_am50.npz
2008-06-18,20,0.2,0.2231435513142097,20,50.0,1.2307660640761002,0.2231435513142097,0.22307345104898246,7.010026522724644e-05,0.0,0.0,0.5,10.0,5000,per_query,3440703938,0.0940022777063658,0.0024508435580245735,2697.905184747546,1.0026131167635648,14.134806391543634,0.2816,instanton_2008-06-18_T20_delta0.20_tau20_am50.npz
2008-06-18,20,0.3,0.35667494393873245,20,50.0,7.573045874555839,0.35667494393873245,0.35664929411400514,2.5649824727302928e-05,0.0,0.0,0.5,10.0,5000,per_query,2489089825,6.878549678817112e-05,6.020683706741476e-06,318.645538644362,0.896494072950479,102.98816842773411,0.0328,instanton_2008-06-18_T20_delta0.30_tau20_am50.npz
2008-06-18,60,0.2,0.2231435513142097,60,50.0,0.5331824462910415,0.2231435513142097,0.22290498075537535,0.00023857055883436118,0.0,0.0,0.5,10.0,5000,per_query,116540330,0.2880984693403023,0.00516875455198324,3799.1340953020276,1.008427133707487,5.900528125734868,0.447,instanton_2008-06-18_T60_delta0.20_tau60_am50.npz
2008-06-18,60,0.3,0.35667494393873245,60,50.0,2.825119035110032,0.35667494393873245,0.35658236955874933,9.257437998311246e-05,0.0,0.0,0.5,10.0,5000,per_query,3337121084,0.013522839988181132,0.0005640626497236595,968.2380821653064,1.0565800692853948,81.67283002276282,0.141,instanton_2008-06-18_T60_delta0.30_tau60_am50.npz
2008-06-19,20,0.2,0.2231435513142097,20,50.0,1.3731077500917745,0.2231435513142097,0.22306976019809177,7.379111611793832e-05,0.0,0.0,0.5,10.0,5000,per_query,4078414406,0.07859181398264246,0.002166222199598647,2564.5878389274635,0.9707077438358709,17.97938756263574,0.2664,instanton_2008-06-19_T20_delta0.20_tau20_am50.npz
2008-06-19,20,0.3,0.35667494393873245,20,50.0,8.241789873173097,0.35667494393873245,0.35664727799079365,2.7665947938793067e-05,0.0,0.0,0.5,10.0,5000,per_query,33246040,2.5303518494080534e-05,3.009716242321576e-06,10.41693007810451,1.4566398458340242,2218.252779996225,0.019,instanton_2008-06-19_T20_delta0.30_tau20_am50.npz
2008-06-19,60,0.2,0.2231435513142097,60,50.0,0.5860051196751652,0.2231435513142097,0.22290280767506054,0.00024074363914916574,0.0,0.0,0.5,10.0,5000,per_query,1584113173,0.265292955822149,0.004724615665310437,3733.6785033319525,0.9961956419216423,7.039702588474244,0.4428,instanton_2008-06-19_T60_delta0.20_tau60_am50.npz
2008-06-19,60,0.3,0.35667494393873245,60,50.0,3.0526520053515824,0.35667494393873245,0.3565761000211456,9.884391758685496e-05,0.0,0.0,0.5,10.0,5000,per_query,1265127543,0.009970333026096621,0.0004606401603751766,1091.6432185559038,1.0292072184390628,37.292800063817914,0.1234,instanton_2008-06-19_T60_delta0.30_tau60_am50.npz
2008-06-20,20,0.2,0.2231435513142097,20,50.0,0.8439702973976978,0.2231435513142097,0.2231032352917497,4.031602246001853e-05,0.0,0.0,0.5,10.0,5000,per_query,2223298686,0.16019053105477882,0.0034714426343464776,3272.617103484515,1.0018667739621094,10.954967225927357,0.3494,instanton_2008-06-20_T20_delta0.20_tau20_am50.npz
2008-06-20,20,0.3,0.35667494393873245,20,50.0,6.66334482329757,0.35667494393873245,0.3566619707217864,1.297321694604392e-05,0.0,0.0,0.5,10.0,5000,per_query,3191369264,0.00015251130831887857,1.4412891524610948e-05,240.0953193712046,1.0102998101669776,176.3848913449123,0.0328,instanton_2008-06-20_T20_delta0.30_tau20_am50.npz
2008-06-20,60,0.2,0.2231435513142097,60,50.0,0.39124040714631236,0.2231435513142097,0.2230001041213221,0.00014344719288761354,0.0,0.0,0.5,10.0,5000,per_query,1641591701,0.3669745556551446,0.0057784903678016735,4099.339677750444,1.0038439423388286,4.639289173159797,0.5074,instanton_2008-06-20_T60_delta0.20_tau60_am50.npz
2008-06-20,60,0.3,0.35667494393873245,60,50.0,2.510820217246277,0.35667494393873245,0.3566262010014949,4.874293723755585e-05,0.0,0.0,0.5,10.0,5000,per_query,1902754537,0.02150741484368376,0.0008316536075698168,1535.5815981196629,0.9649715306248304,28.369920593153786,0.1728,instanton_2008-06-20_T60_delta0.30_tau60_am50.npz
2008-06-23,20,0.2,0.2231435513142097,20,50.0,0.8631655490169315,0.2231435513142097,0.22310455678385033,3.899453035938194e-05,0.0,0.0,0.5,10.0,5000,per_query,4012785423,0.14629330533623808,0.0032883477561319635,3231.367881050411,1.0021238971506519,13.933468966498468,0.3302,instanton_2008-06-23_T20_delta0.20_tau20_am50.npz
2008-06-23,20,0.3,0.35667494393873245,20,50.0,6.9182518709280885,0.35667494393873245,0.35666242414738836,1.2519791344089981e-05,0.0,0.0,0.5,10.0,5000,per_query,1976822786,0.00012345683774889289,1.0694359415521045e-05,183.102372326339,1.0337687885048785,192.14745228351958,0.0354,instanton_2008-06-23_T20_delta0.30_tau20_am50.npz
2008-06-23,60,0.2,0.2231435513142097,60,50.0,0.3911092154159733,0.2231435513142097,0.22301825641522655,0.0001252948989831637,0.0,0.0,0.5,10.0,5000,per_query,51628736,0.37836043346441983,0.0056427838711444744,4084.66201984428,0.9924084686150713,7.139978235098213,0.5304,instanton_2008-06-23_T60_delta0.20_tau60_am50.npz
2008-06-23,60,0.3,0.35667494393873245,60,50.0,2.5892823146946675,0.35667494393873245,0.35663003016184813,4.4913776884314416e-05,0.0,0.0,0.5,10.0,5000,per_query,531175358,0.01809291091628936,0.0006994447962381347,1483.1855093774145,0.9855523037235351,21.110810820775217,0.155,instanton_2008-06-23_T60_delta0.30_tau60_am50.npz
2008-06-24,20,0.2,0.2231435513142097,20,50.0,0.8270112387357218,0.2231435513142097,0.223107180911307,3.637040290271898e-05,0.0,0.0,0.5,10.0,5000,per_query,909992737,0.1618538286224956,0.003524681337096765,3284.1941951063704,1.0087985521747131,8.299896587996146,0.3478,instanton_2008-06-24_T20_delta0.20_tau20_am50.npz
2008-06-24,20,0.3,0.35667494393873245,20,50.0,6.883567715548591,0.35667494393873245,0.3566634563982021,1.1487540530374929e-05,0.0,0.0,0.5,10.0,5000,per_query,3592334888,0.00013751439217724338,1.1304409246080916e-05,254.58767197286113,0.926874580204226,153.62092634241745,0.0382,instanton_2008-06-24_T20_delta0.30_tau20_am50.npz
2008-06-24,60,0.2,0.2231435513142097,60,50.0,0.3772095236384049,0.2231435513142097,0.22302701928973612,0.00011653202447359234,0.0,0.0,0.5,10.0,5000,per_query,3455609512,0.3803125581150244,0.0057539988803525345,4188.38080491696,0.9953539147367588,3.6765175953704547,0.5228,instanton_2008-06-24_T60_delta0.20_tau60_am50.npz
2008-06-24,60,0.3,0.35667494393873245,60,50.0,2.575977424948843,0.35667494393873245,0.3566345761010741,4.036783765837271e-05,0.0,0.0,0.5,10.0,5000,per_query,510607262,0.018770303636822028,0.0007621365511657544,1302.4326474293525,1.0124055019709177,29.73925164237946,0.162,instanton_2008-06-24_T60_delta0.30_tau60_am50.npz
2008-06-25,20,0.2,0.2231435513142097,20,50.0,0.944807371376069,0.2231435513142097,0.22310054465891227,4.300665529743952e-05,0.0,0.0,0.5,10.0,5000,per_query,4144712741,0.13732077729463607,0.0031761070878662586,3130.9290721347547,1.0075798267927247,8.64146172951184,0.3246,instanton_2008-06-25_T20_delta0.20_tau20_am50.npz
2008-06-25,20,0.3,0.35667494393873245,20,50.0,7.186054793161489,0.35667494393873245,0.35666074557329264,1.4198365439810345e-05,0.0,0.0,0.5,10.0,5000,per_query,2834233010,9.664581784074128e-05,9.123882111481006e-06,121.28251156800594,1.0403327477635964,269.412612343219,0.032,instanton_2008-06-25_T20_delta0.30_tau20_am50.npz
2008-06-25,60,0.2,0.2231435513142097,60,50.0,0.4230795915398853,0.2231435513142097,0.22301106514608549,0.00013248616812422398,0.0,0.0,0.5,10.0,5000,per_query,1279528448,0.35819406684488636,0.005384572271502447,4052.3761412403437,0.9888234323529181,4.3320149718804055,0.5216,instanton_2008-06-25_T60_delta0.20_tau60_am50.npz
2008-06-25,60,0.3,0.35667494393873245,60,50.0,2.6826624499371925,0.35667494393873245,0.3566260033679427,4.894057078974612e-05,0.0,0.0,0.5,10.0,5000,per_query,3844828784,0.01694778706251459,0.0006460391130848232,1481.4681818817357,0.9635148925166642,34.675174448725755,0.1586,instanton_2008-06-25_T60_delta0.30_tau60_am50.npz
2008-06-26,20,0.2,0.2231435513142097,20,50.0,0.29951684495260483,0.2231435513142097,0.22312666074304932,1.689057116038839e-05,0.0,0.0,0.5,10.0,5000,per_query,3892944044,0.3875335716696525,0.005673474156723303,4268.249612480853,0.9977814727014065,4.32522259757293,0.5242,instanton_2008-06-26_T20_delta0.20_tau20_am50.npz
2008-06-26,20,0.3,0.35667494393873245,20,50.0,4.5581984711689305,0.35667494393873245,0.35667091605206913,4.027886663315883e-06,0.0,0.0,0.5,10.0,5000,per_query,3262897987,0.0015839774479590527,9.278400610809711e-05,737.449911284034,0.9928071050328506,50.32106495098295,0.0702,instanton_2008-06-26_T20_delta0.30_tau20_am50.npz
2008-06-26,60,0.2,0.2231435513142097,60,50.0,0.1792932743057025,0.2231435513142097,0.2230775459626244,6.600535158529652e-05,0.0,0.0,0.5,10.0,5000,per_query,158563724,0.5861753039268315,0.006661107446578876,4568.335371007554,1.0010627403793064,2.5708803474393163,0.6576,instanton_2008-06-26_T60_delta0.20_tau60_am50.npz
2008-06-26,60,0.3,0.35667494393873245,60,50.0,1.7742682885907572,0.35667494393873245,0.35665931877814305,1.5625160589394227e-05,0.0,0.0,0.5,10.0,5000,per_query,4073036914,0.05343812541374318,0.001754236011465468,2178.5125980041785,1.0006797160879854,19.31216745093265,0.2236,instanton_2008-06-26_T60_delta0.30_tau60_am50.npz
2008-06-27,20,0.2,0.2231435513142097,20,50.0,0.22961111330682027,0.2231435513142097,0.22312929249454871,1.4258819660994959e-05,0.0,0.0,0.5,10.0,5000,per_query,824960210,0.436468068461043,0.005979180154572535,4469.118793686713,1.0016738990930416,3.0720340068697523,0.5518,instanton_2008-06-27_T20_delta0.20_tau20_am50.npz
2008-06-27,20,0.3,0.35667494393873245,20,50.0,4.269293461061163,0.35667494393873245,0.3566717782669713,3.1656717611738827e-06,0.0,0.0,0.5,10.0,5000,per_query,1707478285,0.0020168518517013788,0.00011648554112423324,449.0684009890594,1.024217105688685,166.31515302456876,0.0746,instanton_2008-06-27_T20_delta0.30_tau20_am50.npz
2008-06-27,60,0.2,0.2231435513142097,60,50.0,0.13019225874130042,0.2231435513142097,0.22309808626762884,4.546504658087258e-05,0.0,0.0,0.5,10.0,5000,per_query,1864700389,0.6286890124012721,0.006305158760275343,4692.1916711743015,0.9939944765686695,2.3610857723043295,0.6994,instanton_2008-06-27_T60_delta0.20_tau60_am50.npz
2008-06-27,60,0.3,0.35667494393873245,60,50.0,1.6476740669442786,0.35667494393873245,0.356664213523195,1.0730415537452132e-05,0.0,0.0,0.5,10.0,5000,per_query,891242720,0.05965776946291893,0.0017459627751602144,2066.797399606417,0.9975706990043979,22.610105842647574,0.2434,instanton_2008-06-27_T60_delta0.30_tau60_am50.npz
2008-06-30,20,0.2,0.2231435513142097,20,50.0,0.27909253171461385,0.2231435513142097,0.22312765241460664,1.589889960307289e-05,0.0,0.0,0.5,10.0,5000,per_query,1556755127,0.40657214677578163,0.005733268682306398,4345.511967750846,0.9974620068288328,3.681480795533826,0.539,instanton_2008-06-30_T20_delta0.20_tau20_am50.npz
2008-06-30,20,0.3,0.35667494393873245,20,50.0,4.540161016046966,0.35667494393873245,0.35667123748959195,3.706449140494783e-06,0.0,0.0,0.5,10.0,5000,per_query,32509095,0.0017677578697427414,0.00010796242715215332,502.0346939628477,1.0901051317754924,106.18587102521434,0.0716,instanton_2008-06-30_T20_delta0.30_tau20_am50.npz
2008-06-30,60,0.2,0.2231435513142097,60,50.0,0.15091013535987594,0.2231435513142097,0.22309548580758953,4.806550662017628e-05,0.0,0.0,0.5,10.0,5000,per_query,1434485460,0.5943213675129974,0.0062518701594135116,4639.807114741411,0.9972267793762288,2.500083171534988,0.6786,instanton_2008-06-30_T60_delta0.20_tau60_am50.npz
2008-06-30,60,0.3,0.35667494393873245,60,50.0,1.7449540539246848,0.35667494393873245,0.35666254830243194,1.239563630051066e-05,0.0,0.0,0.5,10.0,5000,per_query,261124152,0.052677623545584674,0.0016429060955916574,2123.4481689811955,1.0245164454924953,21.099142353784952,0.2276,instanton_2008-06-30_T60_delta0.30_tau60_am50.npz
2008-07-01,20,0.2,0.2231435513142097,20,50.0,0.3230848750888874,0.2231435513142097,0.22312602341398158,1.7527900228131443e-05,0.0,0.0,0.5,10.0,5000,per_query,2832920728,0.37348017883295087,0.005687137083231839,4259.433411428747,1.0087813511839223,4.2161585168843185,0.507,instanton_2008-07-01_T20_delta0.20_tau20_am50.npz
2008-07-01,20,0.3,0.35667494393873245,20,50.0,4.7230052103235725,0.35667494393873245,0.3566706921576568,4.251781075659267e-06,0.0,0.0,0.5,10.0,5000,per_query,2945624230,0.001339496077032378,8.717976153425083e-05,403.7692627101738,1.0363414343516761,132.17417632318777,0.0664,instanton_2008-07-01_T20_delta0.30_tau20_am50.npz
2008-07-01,60,0.2,0.2231435513142097,60,50.0,0.16999273160002157,0.2231435513142097,0.22309090498499806,5.264632921164747e-05,0.0,0.0,0.5,10.0,5000,per_query,2059766409,0.5655138735535861,0.006307017281097489,4599.269378328871,1.0008308977313811,2.9229092323451944,0.6538,instanton_2008-07-01_T60_delta0.20_tau60_am50.npz
2008-07-01,60,0.3,0.35667494393873245,60,50.0,1.8107983482930183,0.35667494393873245,0.3566605795382154,1.43644005170529e-05,0.0,0.0,0.5,10.0,5000,per_query,1513792388,0.04870926565712725,0.0014733335202101073,2081.327481753992,0.9983757775416916,18.74102260077388,0.2252,instanton_2008-07-01_T60_delta0.30_tau60_am50.npz
2008-07-02,20,0.2,0.2231435513142097,20,50.0,0.11704714516692204,0.2231435513142097,0.22313313241707444,1.0418897135267002e-05,0.0,0.0,0.5,10.0,5000,per_query,3928418708,0.5714688850221586,0.006290333679608388,4716.068350600933,0.9990168557664636,2.68360620184334,0.6468,instanton_2008-07-02_T20_delta0.20_tau20_am50.npz
2008-07-02,20,0.3,0.35667494393873245,20,50.0,3.621991902462193,0.35667494393873245,0.35667295921720044,1.9847215320112355e-06,0.0,0.0,0.5,10.0,5000,per_query,1390995628,0.005096408901279281,0.000244085466130269,916.7566691537475,1.0073275956452012,64.34499242762168,0.1076,instanton_2008-07-02_T20_delta0.30_tau20_am50.npz
2008-07-02,60,0.2,0.2231435513142097,53,50.0,0.08340375660610308,0.2231435513142097,0.22311257728111045,3.09740330992625e-05,0.0,0.0,0.5,10.0,5000,per_query,2393353894,0.7152938447146071,0.0061311682193477225,4799.311884563944,1.0022125111276383,1.9543955528769137,0.7578,instanton_2008-07-02_T60_delta0.20_tau53_am50.npz
2008-07-02,60,0.3,0.35667494393873245,60,50.0,1.4201478787116262,0.35667494393873245,0.3566678565941599,7.087344572553889e-06,0.0,0.0,0.5,10.0,5000,per_query,2783132641,0.07755784447866768,0.0021882669431155435,2531.5336055272764,1.0120918577194051,16.70945488734733,0.2558,instanton_2008-07-02_T60_delta0.30_tau60_am50.npz
2008-07-03,20,0.2,0.2231435513142097,20,50.0,0.1385754901222447,0.2231435513142097,0.22313281390008655,1.0737414123163092e-05,0.0,0.0,0.5,10.0,5000,per_query,3419932328,0.5432658418592744,0.006217850453301181,4651.184639002495,0.9993930459891082,2.552965880901063,0.6314,instanton_2008-07-03_T20_delta0.20_tau20_am50.npz
2008-07-03,20,0.3,0.35667494393873245,20,50.0,4.0262004340442346,0.35667494393873245,0.3566728461636153,2.097775117171352e-06,0.0,0.0,0.5,10.0,5000,per_query,3035188086,0.0030274843531515844,0.00016364996124997226,892.1142984767132,1.0287839646273143,60.279361445554095,0.0892,instanton_2008-07-03_T20_delta0.30_tau20_am50.npz
2008-07-03,60,0.2,0.2231435513142097,60,50.0,0.089326416777691,0.2231435513142097,0.22311022137121572,3.332994299398706e-05,0.0,0.0,0.5,10.0,5000,per_query,583271276,0.7024653611099243,0.006098953142739852,4780.528786709614,1.0019865760494306,2.0017415111852697,0.7528,instanton_2008-07-03_T60_delta0.20_tau60_am50.npz
2008-07-03,60,0.3,0.35667494393873245,60,50.0,1.5598032080638469,0.35667494393873245,0.35666771630503025,7.2276337022003645e-06,0.0,0.0,0.5,10.0,5000,per_query,1120698545,0.06766570805993656,0.0018888752490557798,2236.4591655059203,1.0195339485527517,23.473790349401334,0.251,instanton_2008-07-03_T60_delta0.30_tau60_am50.npz
2008-07-07,20,0.2,0.2231435513142097,20,50.0,0.07785069550000087,0.2231435513142097,0.2231354492651958,8.10204901391387e-06,0.0,0.0,0.5,10.0,5000,per_query,3173583594,0.655545160128288,0.006233529501517174,4803.81519290653,1.0029212570291912,2.1746552092762172,0.7092,instanton_2008-07-07_T20_delta0.20_tau20_am50.npz
2008-07-07,20,0.3,0.35667494393873245,20,50.0,4.587474997309527,0.35667494393873245,0.3566735527987035,1.391140028950133e-06,0.0,0.0,0.5,10.0,5000,per_query,511139214,0.0016295790362438986,9.753163286768847e-05,497.59759610058,0.9766406219030254,129.92380248886653,0.074,instanton_2008-07-07_T20_delta0.30_tau20_am50.npz
2008-07-07,60,0.2,0.2231435513142097,41,50.0,0.06476750641640064,0.2231435513142097,0.22312671717830312,1.683413590658489e-05,0.0,0.0,0.5,10.0,5000,per_query,1565751025,0.766164262390887,0.005643486240507012,4831.929879414614,1.0008514115120795,1.9561005459704415,0.8072,instanton_2008-07-07_T60_delta0.20_tau41_am50.npz
2008-07-07,60,0.3,0.35667494393873245,60,50.0,1.7646935255000116,0.35667494393873245,0.35666986484652696,5.0790922054844145e-06,0.0,0.0,0.5,10.0,5000,per_query,3277015006,0.05257002827864435,0.0015904885085903158,2129.2643724555414,1.0074662426979266,13.627935800990063,0.2302,instanton_2008-07-07_T60_delta0.30_tau60_am50.npz
2008-07-08,20,0.2,0.2231435513142097,20,50.0,0.2569842942639867,0.2231435513142097,0.22313020486602841,1.3346448181295045e-05,0.0,0.0,0.5,10.0,5000,per_query,4008539148,0.4246255412933693,0.005916536528897908,4434.0224623358,0.992811661485308,3.6154722399039407,0.5456,instanton_2008-07-08_T20_delta0.20_tau20_am50.npz
2008-07-08,20,0.3,0.35667494393873245,20,50.0,5.176907970478686,0.35667494393873245,0.3566719854304603,2.958508272143945e-06,0.0,0.0,0.5,10.0,5000,per_query,3290876019,0.0009508013012594251,6.0548474793114164e-05,286.1132653501833,1.0445611429417032,196.86014483806758,0.0622,instanton_2008-07-08_T20_delta0.30_tau20_am50.npz
2008-07-08,60,0.2,0.2231435513142097,60,50.0,0.15599535509677898,0.2231435513142097,0.22310757110229318,3.598021191653089e-05,0.0,0.0,0.5,10.0,5000,per_query,665514935,0.6054647749987931,0.006217136677049899,4620.618013787431,1.0041451524796035,2.9217649913767882,0.6888,instanton_2008-07-08_T60_delta0.20_tau60_am50.npz
2008-07-08,60,0.3,0.35667494393873245,60,50.0,1.9765342814125562,0.35667494393873245,0.35666557743392335,9.366504809094067e-06,0.0,0.0,0.5,10.0,5000,per_query,3331403853,0.039227858014526884,0.0012666788605135062,2047.05414681915,0.9709614772186417,13.927901306896857,0.2068,instanton_2008-07-08_T60_delta0.30_tau60_am50.npz
2008-07-09,20,0.2,0.2231435513142097,20,50.0,0.05266312498008821,0.2231435513142097,0.22313584187595126,7.70943825845194e-06,0.0,0.0,0.5,10.0,5000,per_query,2360894546,0.7105868184048675,0.0060371372410153576,4873.727136091291,1.0016313667800623,1.9279469059427072,0.7494,instanton_2008-07-09_T20_delta0.20_tau20_am50.npz
2008-07-09,20,0.3,0.35667494393873245,20,50.0,3.7350788031188666,0.35667494393873245,0.3566736875135037,1.2564252287461386e-06,0.0,0.0,0.5,10.0,5000,per_query,555324654,0.004156038536604356,0.0002121260634504159,825.0266483045633,1.0637037725372662,63.24052311053169,0.0948,instanton_2008-07-09_T20_delta0.30_tau20_am50.npz
2008-07-09,60,0.2,0.2231435513142097,35,50.0,0.04642284232766599,0.2231435513142097,0.22312999619531038,1.3555118899333252e-05,0.0,0.0,0.5,10.0,5000,per_query,2467429981,0.8008260924874421,0.005409521372956644,4883.083594504581,1.003510159887277,1.7061364802074974,0.8296,instanton_2008-07-09_T60_delta0.20_tau35_am50.npz
2008-07-09,60,0.3,0.35667494393873245,60,50.0,1.4613603172421308,0.35667494393873245,0.3566703513234346,4.592615297838165e-06,0.0,0.0,0.5,10.0,5000,per_query,2566838344,0.07770016603954195,0.002232634264927581,2565.371369299985,0.9943605042357638,9.937625125977702,0.2648,instanton_2008-07-09_T60_delta0.30_tau60_am50.npz
2008-07-10,20,0.2,0.2231435513142097,20,50.0,0.08450590580278347,0.2231435513142097,0.22313495622689317,8.595087316543015e-06,0.0,0.0,0.5,10.0,5000,per_query,1814469884,0.6399706081247585,0.006252512534765992,4798.1497218415625,1.0007535137066537,2.18081311804155,0.6974,instanton_2008-07-10_T20_delta0.20_tau20_am50.npz
2008-07-10,20,0.3,0.35667494393873245,20,50.0,4.149827957235869,0.35667494393873245,0.35667343812221386,1.5058165185877215e-06,0.0,0.0,0.5,10.0,5000,per_query,3553278643,0.0026236130374026334,0.0001433671688409336,706.619098982921,1.0259752248792335,85.61894380355544,0.0836,instanton_2008-07-10_T20_delta0.30_tau20_am50.npz
2008-07-10,60,0.2,0.2231435513142097,53,50.0,0.06558364145000717,0.2231435513142097,0.22312113684851909,2.241446569062333e-05,0.0,0.0,0.5,10.0,5000,per_query,1297705754,0.7655477966335522,0.005601415830118448,4843.599333265953,0.9952091053639801,1.8132791987077401,0.8088,instanton_2008-07-10_T60_delta0.20_tau53_am50.npz
2008-07-10,60,0.3,0.35667494393873245,60,50.0,1.604096690696021,0.35667494393873245,0.35666976837195197,5.175566780479812e-06,0.0,0.0,0.5,10.0,5000,per_query,112695867,0.06454702746723123,0.0018159053987513835,2183.254630302255,1.019952239117501,14.40679643923035,0.2528,instanton_2008-07-10_T60_delta0.30_tau60_am50.npz
2008-07-11,20,0.2,0.2231435513142097,16,50.0,0.01703768190499357,0.2231435513142097,0.22313847798509734,5.073329112370573e-06,0.0,0.0,0.5,10.0,5000,per_query,143626328,0.8077951747100414,0.005343789268011858,4957.787032796473,0.9995300562418499,1.4123047603035281,0.8262,instanton_2008-07-11_T20_delta0.20_tau16_am50.npz
2008-07-11,20,0.3,0.35667494393873245,20,50.0,3.451553817300571,0.35667494393873245,0.3566740351667752,9.087719572420383e-07,0.0,0.0,0.5,10.0,5000,per_query,2230104159,0.006094914232428671,0.00028914719724955503,1062.3499776781423,0.9923479826532692,43.85479148093733,0.1086,instanton_2008-07-11_T20_delta0.30_tau20_am50.npz
2008-07-11,60,0.2,0.2231435513142097,16,50.0,0.017037684811199626,0.2231435513142097,0.22313847812095133,5.073193258375852e-06,0.0,0.0,0.5,10.0,5000,per_query,3418819032,0.8740049962715489,0.00455456731680236,4958.142672881376,1.0014788271259178,1.4259439399133245,0.8866,instanton_2008-07-11_T60_delta0.20_tau16_am50.npz
2008-07-11,60,0.3,0.35667494393873245,60,50.0,1.3570486577314738,0.35667494393873245,0.35667175194541034,3.191993322104736e-06,0.0,0.0,0.5,10.0,5000,per_query,2200232147,0.08362018509379374,0.0023461848607376906,2594.006536579438,1.0019559854832842,13.3766360265653,0.2658,instanton_2008-07-11_T60_delta0.30_tau60_am50.npz
2008-07-14,20,0.2,0.2231435513142097,0,,,0.2278014927731302,0.2278014927731302,,0.0,0.0,0.5,10.0,5000,per_query,2911172593,1.0,0.0,5000.0,1.0,1.0,1.0,
2008-07-14,20,0.3,0.35667494393873245,20,50.0,3.1035384207071095,0.35667494393873245,0.3566743235462235,6.203925089209861e-07,0.0,0.0,0.5,10.0,5000,per_query,2566897209,0.008598495846044017,0.00038328557693742137,1200.0035920108285,0.9886309676532629,32.07422235222193,0.1248,instanton_2008-07-14_T20_delta0.30_tau20_am50.npz
2008-07-14,60,0.2,0.2231435513142097,0,,,0.2278014927731302,0.2278014927731302,,0.0,0.0,0.5,10.0,5000,per_query,332237478,1.0,0.0,5000.0,1.0,1.0,1.0,
2008-07-14,60,0.3,0.35667494393873245,60,50.0,1.2296219077036241,0.35667494393873245,0.35667279835103827,2.145587694180051e-06,0.0,0.0,0.5,10.0,5000,per_query,1872525899,0.10770152201745758,0.0027515142795101425,2761.211979438242,0.9948334384515393,9.509925922076947,0.297,instanton_2008-07-14_T60_delta0.30_tau60_am50.npz
2008-07-15,20,0.2,0.2231435513142097,0,,,0.2419988946776197,0.2419988946776197,,0.0,0.0,0.5,10.0,5000,per_query,768302663,1.0,0.0,5000.0,1.0,1.0,1.0,
2008-07-15,20,0.3,0.35667494393873245,20,50.0,2.366199859818,0.35667494393873245,0.3566746007833661,3.431553663446607e-07,0.0,0.0,0.5,10.0,5000,per_query,941186933,0.02260094772055379,0.000837743439201468,1499.5289033006243,1.0172070990975028,33.8691743902481,0.1694,instanton_2008-07-15_T20_delta0.30_tau20_am50.npz
2008-07-15,60,0.2,0.2231435513142097,0,,,0.2419988946776197,0.2419988946776197,,0.0,0.0,0.5,10.0,5000,per_query,3320781124,1.0,0.0,5000.0,1.0,1.0,1.0,
2008-07-15,60,0.3,0.35667494393873245,60,50.0,0.9631389935111975,0.35667494393873245,0.35667375269671364,1.191242018805383e-06,0.0,0.0,0.5,10.0,5000,per_query,1241549807,0.16111765523514396,0.0035608447357949155,3047.3904975761857,1.0005040193892316,11.037051387899973,0.3582,instanton_2008-07-15_T60_delta0.30_tau60_am50.npz
2008-07-16,20,0.2,0.2231435513142097,19,50.0,0.01734015713747711,0.2231435513142097,0.22313737702418202,6.174290027693985e-06,0.0,0.0,0.5,10.0,5000,per_query,367779753,0.8029466765049261,0.005396293294081745,4958.217097964302,0.9993832507203526,1.4274457462203023,0.8214,instanton_2008-07-16_T20_delta0.20_tau19_am50.npz
2008-07-16,20,0.3,0.35667494393873245,20,50.0,2.9395626084884365,0.35667494393873245,0.35667401435483015,9.295839022982477e-07,0.0,0.0,0.5,10.0,5000,per_query,2983096944,0.010650677035286566,0.0004677598269484624,1333.2280061383128,0.9650308746489187,29.509053399887463,0.1276,instanton_2008-07-16_T20_delta0.30_tau20_am50.npz
2008-07-16,60,0.2,0.2231435513142097,19,50.0,0.017340184633770007,0.2231435513142097,0.22313737609087347,6.175223336235547e-06,0.0,0.0,0.5,10.0,5000,per_query,4146250788,0.8662405185467902,0.004641111861293535,4957.3737207213635,0.9997233633660293,1.4161646848338585,0.8808,instanton_2008-07-16_T60_delta0.20_tau19_am50.npz
2008-07-16,60,0.3,0.35667494393873245,60,50.0,1.174092702870013,0.35667494393873245,0.3566721709683849,2.7729703475642964e-06,0.0,0.0,0.5,10.0,5000,per_query,2703170175,0.11559249500093124,0.002760857870169358,2803.234282855371,1.0132239785227624,9.573414397039546,0.3158,instanton_2008-07-16_T60_delta0.30_tau60_am50.npz
2008-07-17,20,0.2,0.2231435513142097,20,50.0,0.0631326479711765,0.2231435513142097,0.2231351483309556,8.40298325410771e-06,0.0,0.0,0.5,10.0,5000,per_query,3616674475,0.6721588973792259,0.006217138377080229,4842.204426622317,1.0037693392451528,1.9648520145642603,0.7176,instanton_2008-07-17_T20_delta0.20_tau20_am50.npz
2008-07-17,20,0.3,0.35667494393873245,20,50.0,3.3431324274975305,0.35667494393873245,0.3566735230006355,1.420938096963198e-06,0.0,0.0,0.5,10.0,5000,per_query,1068439351,0.0068931549854387856,0.00035313474952195656,788.429336950944,1.0306852454685498,92.23089853936759,0.1108,instanton_2008-07-17_T20_delta0.30_tau20_am50.npz
2008-07-17,60,0.2,0.2231435513142097,43,50.0,0.0510660966981259,0.2231435513142097,0.2231256201091112,1.793120509852031e-05,0.0,0.0,0.5,10.0,5000,per_query,2382539410,0.7850141179897222,0.005531792778154257,4873.677648463432,1.0009808985450666,1.7036913941970722,0.8178,instanton_2008-07-17_T60_delta0.20_tau43_am50.npz
2008-07-17,60,0.3,0.35667494393873245,60,50.0,1.3145581203739325,0.35667494393873245,0.35667030968536295,4.634253369495411e-06,0.0,0.0,0.5,10.0,5000,per_query,677022746,0.09329473688532744,0.002426638124795543,2676.342837773308,0.9947634874592244,13.969622028702362,0.2858,instanton_2008-07-17_T60_delta0.30_tau60_am50.npz
2008-07-18,20,0.2,0.2231435513142097,20,50.0,0.10521102104090427,0.2231435513142097,0.22313358881848622,9.962495723492282e-06,0.0,0.0,0.5,10.0,5000,per_query,2172303550,0.5936446875786329,0.00624578137780244,4743.486074003224,0.9950854449372695,2.2076762517171575,0.6672,instanton_2008-07-18_T20_delta0.20_tau20_am50.npz
2008-07-18,20,0.3,0.35667494393873245,20,50.0,3.5774330046983254,0.35667494393873245,0.35667308961167254,1.8543270599025163e-06,0.0,0.0,0.5,10.0,5000,per_query,2057802015,0.005378328565666879,0.00025139669440308595,846.6484186047463,1.0014784616956223,53.58791566677155,0.1098,instanton_2008-07-18_T20_delta0.30_tau20_am50.npz
2008-07-18,60,0.2,0.2231435513142097,60,50.0,0.0726049811200745,0.2231435513142097,0.2231147120101573,2.8839304052397097e-05,0.0,0.0,0.5,10.0,5000,per_query,670223538,0.7345287447883678,0.005915919222921627,4820.14998353521,1.002149870317868,1.8400348747074178,0.7774,instanton_2008-07-18_T60_delta0.20_tau60_am50.npz
2008-07-18,60,0.3,0.35667494393873245,60,50.0,1.397420983141513,0.35667494393873245,0.3566687350416835,6.208897048942674e-06,0.0,0.0,0.5,10.0,5000,per_query,790436957,0.08361096755848013,0.002298938771952953,2576.5302361324316,0.9975217082437215,16.24656383619427,0.2744,instanton_2008-07-18_T60_delta0.30_tau60_am50.npz
2008-07-21,20,0.2,0.2231435513142097,20,50.0,0.1171470029035481,0.2231435513142097,0.22313342732294483,1.0123991264876508e-05,0.0,0.0,0.5,10.0,5000,per_query,1689084720,0.5692882582945714,0.006342572555084419,4710.449895689095,1.0031560932245684,2.3286809236804165,0.6434,instanton_2008-07-21_T20_delta0.20_tau20_am50.npz
2008-07-21,20,0.3,0.35667494393873245,20,50.0,3.8383805204241632,0.35667494393873245,0.3566730309795618,1.9129591706246174e-06,0.0,0.0,0.5,10.0,5000,per_query,2267318190,0.003974977516172714,0.00021615486277263914,831.0354804618421,0.9964717549647965,63.661669423209425,0.096,instanton_2008-07-21_T20_delta0.30_tau20_am50.npz
2008-07-21,60,0.2,0.2231435513142097,60,50.0,0.07856508116629282,0.2231435513142097,0.22311318007272263,3.037124148708159e-05,0.0,0.0,0.5,10.0,5000,per_query,935753819,0.7175100656833662,0.006014992293703672,4808.866639405337,1.0023603671034569,2.0935583486419103,0.7632,instanton_2008-07-21_T60_delta0.20_tau60_am50.npz
2008-07-21,60,0.3,0.35667494393873245,60,50.0,1.4915232513643886,0.35667494393873245,0.3566686045971119,6.339341620531513e-06,0.0,0.0,0.5,10.0,5000,per_query,2927815764,0.07287264149288847,0.0020586225327207616,2363.484332258275,1.0235005978260814,18.157514010013745,0.2572,instanton_2008-07-21_T60_delta0.30_tau60_am50.npz
2008-07-22,20,0.2,0.2231435513142097,20,50.0,0.22457151209159207,0.2231435513142097,0.22312946452894167,1.4086785268041524e-05,0.0,0.0,0.5,10.0,5000,per_query,2692675355,0.4596864757122154,0.006013570750425973,4438.152209486025,0.9982068410063286,5.025158519328223,0.576,instanton_2008-07-22_T20_delta0.20_tau20_am50.npz
2008-07-22,20,0.3,0.35667494393873245,20,50.0,4.2418264999510695,0.35667494393873245,0.3566718347341986,3.1092045338354524e-06,0.0,0.0,0.5,10.0,5000,per_query,1746973627,0.0025180962013567694,0.00013627548376160032,938.3416685788841,0.926543307596946,33.4395912912473,0.0864,instanton_2008-07-22_T20_delta0.30_tau20_am50.npz
2008-07-22,60,0.2,0.2231435513142097,60,50.0,0.1267052447855606,0.2231435513142097,0.2231002811445313,4.327016967842212e-05,0.0,0.0,0.5,10.0,5000,per_query,3709140143,0.6211693408233223,0.006294961940397231,4696.701565677088,1.0018944551429685,2.3146714616971966,0.6918,instanton_2008-07-22_T60_delta0.20_tau60_am50.npz
2008-07-22,60,0.3,0.35667494393873245,60,50.0,1.6373196221037725,0.35667494393873245,0.35666439834260366,1.0545596128785917e-05,0.0,0.0,0.5,10.0,5000,per_query,351909340,0.06252725948405562,0.0018218152802175198,2060.3538766837646,0.9936476284156355,19.162426499977023,0.2442,instanton_2008-07-22_T60_delta0.30_tau60_am50.npz
2008-07-23,20,0.2,0.2231435513142097,20,50.0,0.2891087681143478,0.2231435513142097,0.22312690921010425,1.6642104105457634e-05,0.0,0.0,0.5,10.0,5000,per_query,247069098,0.40037216562126243,0.0057476115725542225,4334.996889783072,0.9978547132824337,3.6850133088602464,0.5318,instanton_2008-07-23_T20_delta0.20_tau20_am50.npz
2008-07-23,20,0.3,0.35667494393873245,20,50.0,4.4738595069511495,0.35667494393873245,0.35667100647195227,3.937466780179477e-06,0.0,0.0,0.5,10.0,5000,per_query,505034690,0.0018766032632523818,0.00010627565278689861,665.1752474921087,0.9712862570845883,80.94621173715319,0.0764,instanton_2008-07-23_T20_delta0.30_tau20_am50.npz
2008-07-23,60,0.2,0.2231435513142097,60,50.0,0.15508435187517855,0.2231435513142097,0.22309441094038807,4.914037382164338e-05,0.0,0.0,0.5,10.0,5000,per_query,3037474680,0.5952731613929836,0.006252153272150426,4636.6451325336075,0.9951100892395621,2.791954482916332,0.6798,instanton_2008-07-23_T60_delta0.20_tau60_am50.npz
2008-07-23,60,0.3,0.35667494393873245,60,50.0,1.721749476985823,0.35667494393873245,0.3566618142894571,1.3129649275356314e-05,0.0,0.0,0.5,10.0,5000,per_query,342768582,0.05507820387773722,0.001637748297381782,1964.9250297975047,1.0053750228824783,28.303513615349374,0.2376,instanton_2008-07-23_T60_delta0.30_tau60_am50.npz
2008-07-24,20,0.2,0.2231435513142097,20,50.0,0.07281076945754855,0.2231435513142097,0.22313456817717814,8.98313703157072e-06,0.0,0.0,0.5,10.0,5000,per_query,1374941647,0.6391480549138632,0.00623957011909182,4819.81443550105,1.0010624221736442,2.3516474241447285,0.6946,instanton_2008-07-24_T20_delta0.20_tau20_am50.npz
2008-07-24,20,0.3,0.35667494393873245,20,50.0,3.1912415087580692,0.35667494393873245,0.35667337702874224,1.5669099902027028e-06,0.0,0.0,0.5,10.0,5000,per_query,3639636390,0.008381911165589784,0.0003945547233885107,1347.9310704290924,0.9629000646069639,22.28223472015763,0.1208,instanton_2008-07-24_T20_delta0.30_tau20_am50.npz
2008-07-24,60,0.2,0.2231435513142097,40,50.0,0.05749276322182368,0.2231435513142097,0.22312515509888886,1.839621532084834e-05,0.0,0.0,0.5,10.0,5000,per_query,2969414713,0.7671802919385151,0.005679770445548564,4857.548339688013,1.0014241537578081,1.7638010425928432,0.8032,instanton_2008-07-24_T60_delta0.20_tau40_am50.npz
2008-07-24,60,0.3,0.35667494393873245,60,50.0,1.2649336641547853,0.35667494393873245,0.35666919932510766,5.744613624791839e-06,0.0,0.0,0.5,10.0,5000,per_query,1858566220,0.09944650530951755,0.002614120815818499,2641.95132389601,0.9951951029489599,11.942618756663727,0.2886,instanton_2008-07-24_T60_delta0.30_tau60_am50.npz
2008-07-25,20,0.2,0.2231435513142097,20,50.0,0.08609419357927581,0.2231435513142097,0.223134621378005,8.929936204715716e-06,0.0,0.0,0.5,10.0,5000,per_query,1324668322,0.6298049422454531,0.006275289434038146,4792.677955850474,1.0027813854909375,2.023047408340129,0.6884,instanton_2008-07-25_T20_delta0.20_tau20_am50.npz
2008-07-25,20,0.3,0.35667494393873245,20,50.0,3.8074412271278955,0.35667494393873245,0.3566733615273465,1.5824113859252975e-06,0.0,0.0,0.5,10.0,5000,per_query,2315151087,0.004189020700801921,0.00023032241787194298,616.4580673519263,1.0043328483095557,92.91711368768819,0.0982,instanton_2008-07-25_T20_delta0.30_tau20_am50.npz
2008-07-25,60,0.2,0.2231435513142097,59,50.0,0.06419182312184901,0.2231435513142097,0.22311680272721635,2.6748586993363688e-05,0.0,0.0,0.5,10.0,5000,per_query,1875180989,0.7550267992838194,0.0057816100214971135,4843.379063851839,0.9990005099656996,1.8389334923442668,0.7938,instanton_2008-07-25_T60_delta0.20_tau59_am50.npz
2008-07-25,60,0.3,0.35667494393873245,60,50.0,1.4810972882357127,0.35667494393873245,0.35666954295886466,5.400979867786759e-06,0.0,0.0,0.5,10.0,5000,per_query,810868155,0.07057638774583215,0.001978901853363919,2579.189371573848,0.9784102816686844,10.822985646211018,0.2518,instanton_2008-07-25_T60_delta0.30_tau60_am50.npz
2008-07-28,20,0.2,0.2231435513142097,10,50.0,0.009512875774744202,0.2231435513142097,0.22314050870988744,3.0426043222675503e-06,0.0,0.0,0.5,10.0,5000,per_query,117086709,0.8242300413972152,0.0051775043891668475,4975.467670459864,0.999888420244203,1.2688797068542605,0.8384,instanton_2008-07-28_T20_delta0.20_tau10_am50.npz
2008-07-28,20,0.3,0.35667494393873245,20,50.0,2.9988242116302657,0.35667494393873245,0.3566741053387057,8.38600026753511e-07,0.0,0.0,0.5,10.0,5000,per_query,621575808,0.00953779172276954,0.00040912560987513887,1394.803075793622,0.9777383858579398,24.72885978817441,0.1264,instanton_2008-07-28_T20_delta0.30_tau20_am50.npz
2008-07-28,60,0.2,0.2231435513142097,10,50.0,0.009512901265583526,0.2231435513142097,0.2231405092327874,3.042081422321985e-06,0.0,0.0,0.5,10.0,5000,per_query,104123442,0.891366068225159,0.0042532962740776566,4976.558690792131,0.9988996691967416,1.3330285446212675,0.9014,instanton_2008-07-28_T60_delta0.20_tau10_am50.npz
2008-07-28,60,0.3,0.35667494393873245,60,50.0,1.1927194107410128,0.35667494393873245,0.3566719641630103,2.9797757221672327e-06,0.0,0.0,0.5,10.0,5000,per_query,2012885848,0.11274194179142594,0.00302174123299317,2698.465350627546,1.007135904200957,11.133422642994999,0.3012,instanton_2008-07-28_T60_delta0.30_tau60_am50.npz
2008-07-29,20,0.2,0.2231435513142097,20,50.0,0.11959046658116655,0.2231435513142097,0.22313290808650432,1.0643227705386948e-05,0.0,0.0,0.5,10.0,5000,per_query,4037757006,0.5759695787874615,0.006256264909715171,4724.647784021012,0.992184775763468,2.220775044631964,0.6542,instanton_2008-07-29_T20_delta0.20_tau20_am50.npz
2008-07-29,20,0.3,0.35667494393873245,20,50.0,3.5433894651613165,0.35667494393873245,0.3566728996579869,2.04428074557228e-06,0.0,0.0,0.5,10.0,5000,per_query,408832835,0.005192380694808186,0.00026355556414568303,895.4574230031599,1.0276835282171413,63.96836704712723,0.1,instanton_2008-07-29_T20_delta0.30_tau20_am50.npz
2008-07-29,60,0.2,0.2231435513142097,44,50.0,0.0858705142043134,0.2231435513142097,0.2231206030650732,2.2948249136511834e-05,0.0,0.0,0.5,10.0,5000,per_query,3693994462,0.7186321562660836,0.00589225801422734,4793.249142462191,0.9979512845470155,1.919433584081505,0.7726,instanton_2008-07-29_T60_delta0.20_tau44_am50.npz
2008-07-29,60,0.3,0.35667494393873245,60,50.0,1.3902385642385393,0.35667494393873245,0.35666863530935355,6.3086293788927605e-06,0.0,0.0,0.5,10.0,5000,per_query,1742889589,0.08571589297259095,0.0021914373727653326,2566.11918504433,0.9863807010092358,12.618710677218026,0.2854,instanton_2008-07-29_T60_delta0.30_tau60_am50.npz
2008-07-30,20,0.2,0.2231435513142097,20,50.0,0.2846231642317302,0.2231435513142097,0.22312540322152952,1.8148092680192462e-05,0.0,0.0,0.5,10.0,5000,per_query,507457984,0.3881228107824815,0.005697512350178226,4310.460370725573,1.002374482992353,4.261784921343007,0.5198,instanton_2008-07-30_T20_delta0.20_tau20_am50.npz
2008-07-30,20,0.3,0.35667494393873245,20,50.0,4.045987194783394,0.35667494393873245,0.3566705716993681,4.372239364336394e-06,0.0,0.0,0.5,10.0,5000,per_query,1851554848,0.003048999891159035,0.00016257576838294007,622.8788061957847,1.0160126871061328,95.88470323498467,0.0888,instanton_2008-07-30_T20_delta0.30_tau20_am50.npz
2008-07-30,60,0.2,0.2231435513142097,60,50.0,0.15748824169929024,0.2231435513142097,0.22309522039795215,4.8330916257555145e-05,0.0,0.0,0.5,10.0,5000,per_query,420883581,0.5926032225570965,0.0061487038881470005,4633.582814758887,1.000242313992068,2.490713653189454,0.6816,instanton_2008-07-30_T60_delta0.20_tau60_am50.npz
2008-07-30,60,0.3,0.35667494393873245,60,50.0,1.5769779103020845,0.35667494393873245,0.3566610147945717,1.3929144160762519e-05,0.0,0.0,0.5,10.0,5000,per_query,2710546487,0.06627828299411538,0.001835430417241698,2221.5514383499726,1.017746059480895,13.513186041193226,0.2524,instanton_2008-07-30_T60_delta0.30_tau60_am50.npz
2008-07-31,20,0.2,0.2231435513142097,20,50.0,0.15087867620039483,0.2231435513142097,0.2231314725185758,1.207879563391856e-05,0.0,0.0,0.5,10.0,5000,per_query,3801047845,0.5321950893017786,0.006269497189400807,4635.068729184593,0.9997866932959092,2.8167596252480553,0.6202,instanton_2008-07-31_T20_delta0.20_tau20_am50.npz
2008-07-31,20,0.3,0.35667494393873245,20,50.0,3.5817724173329326,0.35667494393873245,0.3566724884513386,2.455487393859812e-06,0.0,0.0,0.5,10.0,5000,per_query,2626871886,0.00525990307749159,0.00025390038058954804,642.8623494540485,1.023191489329312,104.12447700412503,0.1096,instanton_2008-07-31_T20_delta0.30_tau20_am50.npz
2008-07-31,60,0.2,0.2231435513142097,60,50.0,0.09244815610111137,0.2231435513142097,0.22310479250291237,3.8758811297334717e-05,0.0,0.0,0.5,10.0,5000,per_query,2167481860,0.6939903325890712,0.006189851698165786,4776.849648456656,1.0004526998818557,2.2240677246082132,0.744,instanton_2008-07-31_T60_delta0.20_tau60_am50.npz
2008-07-31,60,0.3,0.35667494393873245,60,50.0,1.3985836682806507,0.35667494393873245,0.35666638715764787,8.556781084578802e-06,0.0,0.0,0.5,10.0,5000,per_query,448207346,0.08383221105681354,0.002239734647554964,2463.442677372729,0.9881779084646508,14.634907440441868,0.2776,instanton_2008-07-31_T60_delta0.30_tau60_am50.npz
2008-08-01,20,0.2,0.2231435513142097,20,50.0,0.10672874556744284,0.2231435513142097,0.22313318672642968,1.0364587780031798e-05,0.0,0.0,0.5,10.0,5000,per_query,3240681862,0.5968901281028853,0.006286666357768744,4740.527551251135,0.9965042871538866,2.2549861354823992,0.6682,instanton_2008-08-01_T20_delta0.20_tau20_am50.npz
2008-08-01,20,0.3,0.35667494393873245,20,50.0,3.3453208758859243,0.35667494393873245,0.35667299147309617,1.952465636279044e-06,0.0,0.0,0.5,10.0,5000,per_query,2062694269,0.007198456498254109,0.0003400086176689453,1017.1465284502624,0.980694760294653,36.410237369611686,0.115,instanton_2008-08-01_T20_delta0.30_tau20_am50.npz
2008-08-01,60,0.2,0.2231435513142097,60,50.0,0.07190392617778904,0.2231435513142097,0.22311078941013207,3.276190407763835e-05,0.0,0.0,0.5,10.0,5000,per_query,2909832768,0.7163471256224522,0.006064757537135583,4818.510781726034,1.0021501858378299,2.010103250030974,0.7586,instanton_2008-08-01_T60_delta0.20_tau60_am50.npz
2008-08-01,60,0.3,0.35667494393873245,60,50.0,1.312435895643614,0.35667494393873245,0.3566682925129454,6.651425787040921e-06,0.0,0.0,0.5,10.0,5000,per_query,856071182,0.09341568245375524,0.002497238284336055,2479.3000946409475,0.9936181598914301,17.596394446063652,0.2828,instanton_2008-08-01_T60_delta0.30_tau60_am50.npz
2008-08-04,20,0.2,0.2231435513142097,20,50.0,0.04866132878200959,0.2231435513142097,0.22313551810733312,8.033206876589816e-06,0.0,0.0,0.5,10.0,5000,per_query,595280616,0.6964545254116405,0.006089466864776089,4878.607048900061,1.0012371796156323,1.728648008032797,0.7368,instanton_2008-08-04_T20_delta0.20_tau20_am50.npz
2008-08-04,20,0.3,0.35667494393873245,20,50.0,2.9936038210145735,0.35667494393873245,0.3566736330906357,1.3108480967360947e-06,0.0,0.0,0.5,10.0,5000,per_query,1808986733,0.011299112221850599,0.000468808113098231,1232.2411557754392,0.9843042936003785,27.467506046789605,0.138,instanton_2008-08-04_T20_delta0.30_tau20_am50.npz
2008-08-04,60,0.2,0.2231435513142097,40,50.0,0.041144586179773776,0.2231435513142097,0.22312743463146223,1.6116682747480127e-05,0.0,0.0,0.5,10.0,5000,per_query,701958157,0.8042351883173322,0.005312884707942681,4899.616597631289,0.9981818272578257,1.623805225005917,0.8342,instanton_2008-08-04_T60_delta0.20_tau40_am50.npz
2008-08-04,60,0.3,0.35667494393873245,60,50.0,1.1851037804746967,0.35667494393873245,0.3566703700734246,4.573865307833103e-06,0.0,0.0,0.5,10.0,5000,per_query,3677042971,0.10925758949125916,0.0027681391421624526,2774.5306507711643,1.0090233557556454,14.298608113760817,0.301,instanton_2008-08-04_T60_delta0.30_tau60_am50.npz
2008-08-05,20,0.2,0.2231435513142097,20,50.0,0.25265408195134836,0.2231435513142097,0.22312616675390462,1.738456030508928e-05,0.0,0.0,0.5,10.0,5000,per_query,1140023802,0.427321601778163,0.005884722493115566,4415.155554116132,0.999461898355974,3.4526648382065286,0.5496,instanton_2008-08-05_T20_delta0.20_tau20_am50.npz
2008-08-05,20,0.3,0.35667494393873245,20,50.0,3.7590000280578186,0.35667494393873245,0.35667084852346775,4.0954152646932585e-06,0.0,0.0,0.5,10.0,5000,per_query,756895143,0.0037543660120098856,0.00019682980384544397,893.6041794204874,1.01652884901839,56.865393294343505,0.0904,instanton_2008-08-05_T20_delta0.30_tau20_am50.npz
2008-08-05,60,0.2,0.2231435513142097,60,50.0,0.1498354578782252,0.2231435513142097,0.2231002322009381,4.331911327160043e-05,0.0,0.0,0.5,10.0,5000,per_query,4056546986,0.6082383217787437,0.0061415811489372914,4639.515213380974,1.0015583363396345,2.9896056609512724,0.6938,instanton_2008-08-05_T60_delta0.20_tau60_am50.npz
2008-08-05,60,0.3,0.35667494393873245,60,50.0,1.4734017988208077,0.35667494393873245,0.3566623163550533,1.2627583679147847e-05,0.0,0.0,0.5,10.0,5000,per_query,3857799042,0.07722568251485454,0.002050513470161051,2403.7179332874844,0.9967493015073785,21.575946790947462,0.2712,instanton_2008-08-05_T60_delta0.30_tau60_am50.npz
2008-08-06,20,0.2,0.2231435513142097,20,50.0,0.32865087452731534,0.2231435513142097,0.2231235100991995,2.0041215010202507e-05,0.0,0.0,0.5,10.0,5000,per_query,2232356806,0.37166844367843577,0.0056308877289157075,4256.360843194647,0.9969297039901228,4.27899050617196,0.5104,instanton_2008-08-06_T20_delta0.20_tau20_am50.npz
2008-08-06,20,0.3,0.35667494393873245,20,50.0,4.247595979071288,0.35667494393873245,0.35666992714895773,5.016789774714425e-06,0.0,0.0,0.5,10.0,5000,per_query,1027711304,0.0025329015355657174,0.00013752096213985035,570.01057543703,1.005051775501296,110.43911983792214,0.0866,instanton_2008-08-06_T20_delta0.30_tau20_am50.npz
2008-08-06,60,0.2,0.2231435513142097,60,50.0,0.1701147200233296,0.2231435513142097,0.22308539217384915,5.815914036055858e-05,0.0,0.0,0.5,10.0,5000,per_query,704762631,0.5665057867026814,0.006273487258522435,4588.858709773613,1.0056602244088995,3.007324796091937,0.6552,instanton_2008-08-06_T60_delta0.20_tau60_am50.npz
2008-08-06,60,0.3,0.35667494393873245,60,50.0,1.6413392282823767,0.35667494393873245,0.35665843682779474,1.6507110937702407e-05,0.0,0.0,0.5,10.0,5000,per_query,732699457,0.06333016329989302,0.0018510193725315095,2238.25589075778,0.9888352599630914,13.731823519517393,0.2498,instanton_2008-08-06_T60_delta0.30_tau60_am50.npz
2008-08-07,20,0.2,0.2231435513142097,20,50.0,0.15460976868587376,0.2231435513142097,0.22313096462269222,1.2586691517491033e-05,0.0,0.0,0.5,10.0,5000,per_query,1783968233,0.5196029279303187,0.006225105314614996,4645.887538109881,1.0007060687136142,2.4383669169368942,0.6096,instanton_2008-08-07_T20_delta0.20_tau20_am50.npz
2008-08-07,20,0.3,0.35667494393873245,20,50.0,3.4461173248634696,0.35667494393873245,0.35667234936903647,2.5945696959794873e-06,0.0,0.0,0.5,10.0,5000,per_query,1669442958,0.006153620055975246,0.0002935241704268353,939.0982172353869,0.974332773616029,46.01783961885214,0.1136,instanton_2008-08-07_T20_delta0.30_tau20_am50.npz
2008-08-07,60,0.2,0.2231435513142097,60,50.0,0.09612473416652893,0.2231435513142097,0.223100823914808,4.272739940169856e-05,0.0,0.0,0.5,10.0,5000,per_query,3490625950,0.678845643264148,0.006216525363391355,4756.912227788994,0.9923776260159786,2.036569097251295,0.7346,instanton_2008-08-07_T60_delta0.20_tau60_am50.npz
2008-08-07,60,0.3,0.35667494393873245,60,50.0,1.3518248550771885,0.35667494393873245,0.3566656990724999,9.244866232549498e-06,0.0,0.0,0.5,10.0,5000,per_query,2298219546,0.08769040103368309,0.002482804935862431,2526.2123193493408,1.0046440436438437,11.876927997609032,0.2704,instanton_2008-08-07_T60_delta0.30_tau60_am50.npz
2008-08-08,20,0.2,0.2231435513142097,20,50.0,0.34237804179164133,0.2231435513142097,0.22312118154932659,2.2369764883123366e-05,0.0,0.0,0.5,10.0,5000,per_query,1850336111,0.36465963151733916,0.005570119530389885,4207.882708945686,1.002915225181383,3.940769654534642,0.5062,instanton_2008-08-08_T20_delta0.20_tau20_am50.npz
2008-08-08,20,0.3,0.35667494393873245,20,50.0,4.041091751821606,0.35667494393873245,0.3566691781187368,5.7658199956733824e-06,0.0,0.0,0.5,10.0,5000,per_query,2450474968,0.003155730887656202,0.0001733927771325044,635.2897191633286,0.9943909775985609,79.65775654080613,0.0874,instanton_2008-08-08_T20_delta0.30_tau20_am50.npz
2008-08-08,60,0.2,0.2231435513142097,60,50.0,0.17635183109702188,0.2231435513142097,0.22308204348894822,6.150782526148646e-05,0.0,0.0,0.5,10.0,5000,per_query,3656825621,0.562069863485063,0.006158277714355232,4570.712987104314,1.0030659517818787,2.8136165300003673,0.659,instanton_2008-08-08_T60_delta0.20_tau60_am50.npz
2008-08-08,60,0.3,0.35667494393873245,60,50.0,1.5684458123152705,0.35667494393873245,0.3566565773717656,1.8366566966854236e-05,0.0,0.0,0.5,10.0,5000,per_query,455025886,0.06304747422704016,0.001818518061867369,2203.7852098337125,1.0437943311055686,18.774456784312786,0.2426,instanton_2008-08-08_T60_delta0.30_tau60_am50.npz
2008-08-11,20,0.2,0.2231435513142097,20,50.0,0.48340222372766195,0.2231435513142097,0.2231118936595431,3.165765466661696e-05,0.0,0.0,0.5,10.0,5000,per_query,610267820,0.2704119679417374,0.004887179880032602,3924.4393229969523,1.0125383643393557,5.515318482695764,0.4294,instanton_2008-08-11_T20_delta0.20_tau20_am50.npz
2008-08-11,20,0.3,0.35667494393873245,20,50.0,4.460542199377814,0.35667494393873245,0.35666587147891704,9.07245981540683e-06,0.0,0.0,0.5,10.0,5000,per_query,16178392,0.0016801992263504317,9.70024580944057e-05,692.9342390352735,0.9692091050836065,79.32929163967289,0.0724,instanton_2008-08-11_T20_delta0.30_tau20_am50.npz
2008-08-11,60,0.2,0.2231435513142097,60,50.0,0.2330442753656154,0.2231435513142097,0.22305036796621014,9.318334799957029e-05,0.0,0.0,0.5,10.0,5000,per_query,3020347867,0.48675835121758554,0.006108178169970001,4446.4776130565815,1.0045319017083514,3.164047914965326,0.6004,instanton_2008-08-11_T60_delta0.20_tau60_am50.npz
2008-08-11,60,0.3,0.35667494393873245,60,50.0,1.720099841652852,0.35667494393873245,0.35664453389979567,3.041003893677896e-05,0.0,0.0,0.5,10.0,5000,per_query,782287616,0.05353047504511056,0.0015824175167348862,1843.926917124241,0.9994897156556002,45.86227171998795,0.2338,instanton_2008-08-11_T60_delta0.30_tau60_am50.npz
2008-08-12,20,0.2,0.2231435513142097,20,50.0,0.3454085699118513,0.2231435513142097,0.22312128230342232,2.2269010787390187e-05,0.0,0.0,0.5,10.0,5000,per_query,3263625607,0.3552391921276928,0.005475187740182006,4231.092395365822,0.997713775736163,3.7653895493351155,0.4982,instanton_2008-08-12_T20_delta0.20_tau20_am50.npz
2008-08-12,20,0.3,0.35667494393873245,20,50.0,4.090924706216088,0.35667494393873245,0.3566692093102919,5.734628440556833e-06,0.0,0.0,0.5,10.0,5000,per_query,4025168847,0.002850568236510479,0.00015741583321487041,656.2984287785582,1.0370726533335928,66.16566099117732,0.0826,instanton_2008-08-12_T20_delta0.30_tau20_am50.npz
2008-08-12,60,0.2,0.2231435513142097,60,50.0,0.17511432011214448,0.2231435513142097,0.22307071391248368,7.283740172603359e-05,0.0,0.0,0.5,10.0,5000,per_query,1092225065,0.5577026481579016,0.00632929519320184,4572.633388174582,0.9968572212431889,2.868283350162092,0.648,instanton_2008-08-12_T60_delta0.20_tau60_am50.npz
2008-08-12,60,0.3,0.35667494393873245,60,50.0,1.5837142753314541,0.35667494393873245,0.3566547519207681,2.019201796432668e-05,0.0,0.0,0.5,10.0,5000,per_query,1014768325,0.06391289882122034,0.0019156717991826626,2280.1630193332903,0.9951445698532884,13.762143368283594,0.2386,instanton_2008-08-12_T60_delta0.30_tau60_am50.npz
2008-08-13,20,0.2,0.2231435513142097,20,50.0,0.3077941559291006,0.2231435513142097,0.2231252069308427,1.8344383367008277e-05,0.0,0.0,0.5,10.0,5000,per_query,3386197395,0.38273379696112864,0.00567887620574452,4270.43214325218,1.0047402464669053,4.62874202372025,0.5168,instanton_2008-08-13_T20_delta0.20_tau20_am50.npz
2008-08-13,20,0.3,0.35667494393873245,20,50.0,4.318171004570054,0.35667494393873245,0.35667047661936646,4.4673193659861e-06,0.0,0.0,0.5,10.0,5000,per_query,53452644,0.001960684593085208,0.0001144430072487036,693.9629365304053,0.9797278687190603,65.6305944598372,0.0768,instanton_2008-08-13_T20_delta0.30_tau20_am50.npz
2008-08-13,60,0.2,0.2231435513142097,60,50.0,0.16306213818075596,0.2231435513142097,0.22308297561112678,6.0575703082932364e-05,0.0,0.0,0.5,10.0,5000,per_query,2005110632,0.5819678441117885,0.006324250159678276,4608.80175666393,0.9930154973523749,2.817250272747512,0.6674,instanton_2008-08-13_T60_delta0.20_tau60_am50.npz
2008-08-13,60,0.3,0.35667494393873245,60,50.0,1.6667950843316337,0.35667494393873245,0.356659141469029,1.5802469703452005e-05,0.0,0.0,0.5,10.0,5000,per_query,463233927,0.05607405210905952,0.0017084641378625268,2183.046510161848,1.0074906313892693,17.271572625072455,0.2346,instanton_2008-08-13_T60_delta0.30_tau60_am50.npz
2008-08-14,20,0.2,0.2231435513142097,20,50.0,0.41673910756882904,0.2231435513142097,0.2231201253078563,2.3426006353410855e-05,0.0,0.0,0.5,10.0,5000,per_query,1124743552,0.321592828072863,0.005197668315289388,4056.3814835120115,0.9986721177655669,5.2593882491095,0.4792,instanton_2008-08-14_T20_delta0.20_tau20_am50.npz
2008-08-14,20,0.3,0.35667494393873245,20,50.0,4.713927595429464,0.35667494393873245,0.3566687106586395,6.233280092970972e-06,0.0,0.0,0.5,10.0,5000,per_query,3254995905,0.0014762228859744046,9.032334346694137e-05,551.322242906353,1.0047864413878365,65.51432997029085,0.0718,instanton_2008-08-14_T20_delta0.30_tau20_am50.npz
2008-08-14,60,0.2,0.2231435513142097,60,50.0,0.20677927130707544,0.2231435513142097,0.22307388233995518,6.966897425453311e-05,0.0,0.0,0.5,10.0,5000,per_query,3933824373,0.5218655276035715,0.006208795870324252,4497.817182800104,1.0031086737374337,3.0125633346304226,0.6276,instanton_2008-08-14_T60_delta0.20_tau60_am50.npz
2008-08-14,60,0.3,0.35667494393873245,60,50.0,1.8083993929817745,0.35667494393873245,0.3566540810889185,2.086284981395181e-05,0.0,0.0,0.5,10.0,5000,per_query,2913105447,0.05032550255359983,0.0015485270860068306,1802.8240501413084,1.0219792442789988,26.118718630875794,0.2268,instanton_2008-08-14_T60_delta0.30_tau60_am50.npz
2008-08-15,20,0.2,0.2231435513142097,20,50.0,0.494912548993526,0.2231435513142097,0.22311598571502333,2.7565599186374357e-05,0.0,0.0,0.5,10.0,5000,per_query,892152624,0.27196394188882306,0.004825946104222274,3908.338859836152,0.9910404011081558,5.847089832757233,0.438,instanton_2008-08-15_T20_delta0.20_tau20_am50.npz
2008-08-15,20,0.3,0.35667494393873245,20,50.0,4.965752395611767,0.35667494393873245,0.3566672174965664,7.726442166067216e-06,0.0,0.0,0.5,10.0,5000,per_query,2804905721,0.0010633155532474563,6.780365360163564e-05,186.6310555245791,1.0488975411486983,266.8784508947543,0.0644,instanton_2008-08-15_T20_delta0.30_tau20_am50.npz
2008-08-15,60,0.2,0.2231435513142097,60,50.0,0.2391557327459585,0.2231435513142097,0.223061850519211,8.170079499869587e-05,0.0,0.0,0.5,10.0,5000,per_query,2083926889,0.4960975694528224,0.006087698713210197,4420.357409992413,1.0039459169064573,3.858266863411179,0.6118,instanton_2008-08-15_T60_delta0.20_tau60_am50.npz
2008-08-15,60,0.3,0.35667494393873245,60,50.0,1.8993758083891448,0.35667494393873245,0.35664877358883373,2.617034989871314e-05,0.0,0.0,0.5,10.0,5000,per_query,4147399191,0.04233192332005083,0.0013206508823720637,1985.4502076350784,0.995055462530922,19.93340509040947,0.2122,instanton_2008-08-15_T60_delta0.30_tau60_am50.npz
2008-08-18,20,0.2,0.2231435513142097,20,50.0,0.28118386838276943,0.2231435513142097,0.22312601926210807,1.7532052101643103e-05,0.0,0.0,0.5,10.0,5000,per_query,2478726787,0.4040581763050538,0.005842883761520275,4354.612878305157,1.0026352637926312,3.8770876974503876,0.5294,instanton_2008-08-18_T20_delta0.20_tau20_am50.npz
2008-08-18,20,0.3,0.35667494393873245,20,50.0,4.132111652105558,0.35667494393873245,0.3566707578380335,4.1861006989663e-06,0.0,0.0,0.5,10.0,5000,per_query,4033491347,0.0027124357372899682,0.00014571476333152057,778.1405558943139,0.9944198827954241,64.84719580823152,0.0874,instanton_2008-08-18_T20_delta0.30_tau20_am50.npz
2008-08-18,60,0.2,0.2231435513142097,60,50.0,0.1522479383016484,0.2231435513142097,0.22308425630233764,5.9295011872073644e-05,0.0,0.0,0.5,10.0,5000,per_query,3956626952,0.5937234895304583,0.006431008822106799,4639.691369665673,0.9979572847540612,3.1875836008282965,0.6684,instanton_2008-08-18_T60_delta0.20_tau60_am50.npz
2008-08-18,60,0.3,0.35667494393873245,60,50.0,1.6015012430324238,0.35667494393873245,0.356659875595672,1.5068343060420375e-05,0.0,0.0,0.5,10.0,5000,per_query,2989433333,0.06217633335572147,0.001833659541274041,2357.8733453122786,0.9913266296944128,17.474818816606895,0.246,instanton_2008-08-18_T60_delta0.30_tau60_am50.npz
2008-08-19,20,0.2,0.2231435513142097,20,50.0,0.16371474473135722,0.2231435513142097,0.22313101553409087,1.2535780118838602e-05,0.0,0.0,0.5,10.0,5000,per_query,1979256981,0.5056212424922301,0.006144963728644541,4596.295423290812,0.9987947678632078,2.718626940204207,0.6042,instanton_2008-08-19_T20_delta0.20_tau20_am50.npz
2008-08-19,20,0.3,0.35667494393873245,20,50.0,3.6641312818498224,0.35667494393873245,0.3566723473410489,2.596597683535151e-06,0.0,0.0,0.5,10.0,5000,per_query,3266167300,0.004727768075478749,0.0002593747000588983,1147.4907932824892,0.9474704024408693,29.186310694512184,0.1016,instanton_2008-08-19_T20_delta0.30_tau20_am50.npz
2008-08-19,60,0.2,0.2231435513142097,60,50.0,0.10087604446949716,0.2231435513142097,0.2231025834265461,4.0967887663612146e-05,0.0,0.0,0.5,10.0,5000,per_query,1491716076,0.674264968003845,0.0062462799238621495,4765.725212536146,0.9983447194417008,1.9960086462485982,0.7284,instanton_2008-08-19_T60_delta0.20_tau60_am50.npz
2008-08-19,60,0.3,0.35667494393873245,60,50.0,1.4311539071945067,0.35667494393873245,0.3566660201205991,8.923818133332873e-06,0.0,0.0,0.5,10.0,5000,per_query,4134173652,0.08273178978962718,0.0022234165707448743,2459.9409071960945,0.9943824739180138,13.471305998828951,0.2762,instanton_2008-08-19_T60_delta0.30_tau60_am50.npz
2008-08-20,20,0.2,0.2231435513142097,20,50.0,0.21008623204717752,0.2231435513142097,0.22312914325103428,1.4408063175430641e-05,0.0,0.0,0.5,10.0,5000,per_query,2958942244,0.4655800539234593,0.006104515573967065,4485.845544955203,1.0059968935242911,3.0176709099454286,0.5734,instanton_2008-08-20_T20_delta0.20_tau20_am50.npz
2008-08-20,20,0.3,0.35667494393873245,20,50.0,3.868005839260147,0.35667494393873245,0.35667176754725993,3.1763914725146947e-06,0.0,0.0,0.5,10.0,5000,per_query,3573548587,0.0040567080658311825,0.00019651553791075538,661.1722275859318,0.9929492256184651,106.03354375449344,0.1036,instanton_2008-08-20_T20_delta0.30_tau20_am50.npz
2008-08-20,60,0.2,0.2231435513142097,60,50.0,0.11826379655582604,0.2231435513142097,0.22309987361020678,4.367770400293125e-05,0.0,0.0,0.5,10.0,5000,per_query,1181915643,0.6473415416751054,0.006201617824187333,4713.784785973653,0.9972597838885388,2.555018996393258,0.716,instanton_2008-08-20_T60_delta0.20_tau60_am50.npz
2008-08-20,60,0.3,0.35667494393873245,60,50.0,1.5019210279399418,0.35667494393873245,0.35666427997199257,1.0663966739876685e-05,0.0,0.0,0.5,10.0,5000,per_query,1848223748,0.07377504527421286,0.0020392933849280705,2383.89679988457,1.0095759883902446,16.70358877268889,0.2636,instanton_2008-08-20_T60_delta0.30_tau60_am50.npz
2008-08-21,20,0.2,0.2231435513142097,20,50.0,0.2539649396668643,0.2231435513142097,0.2231283408245366,1.5210489673123107e-05,0.0,0.0,0.5,10.0,5000,per_query,2401287876,0.42817738885627316,0.005910567884826817,4406.103709259926,0.9949126813868776,3.73492253460296,0.5508,instanton_2008-08-21_T20_delta0.20_tau20_am50.npz
2008-08-21,20,0.3,0.35667494393873245,20,50.0,4.355234597006865,0.35667494393873245,0.35667147309620617,3.4708425262763853e-06,0.0,0.0,0.5,10.0,5000,per_query,2776992764,0.002137914659771893,0.00011492894220448112,556.879639612396,1.0184992292559611,111.359835397575,0.0824,instanton_2008-08-21_T20_delta0.30_tau20_am50.npz
2008-08-21,60,0.2,0.2231435513142097,60,50.0,0.13957423466392935,0.2231435513142097,0.22309790813251684,4.5643181692867074e-05,0.0,0.0,0.5,10.0,5000,per_query,1339087885,0.6119544453950019,0.006247605498544805,4662.785136603132,0.9998648838417875,2.6968064522301005,0.6896,instanton_2008-08-21_T60_delta0.20_tau60_am50.npz
2008-08-21,60,0.3,0.35667494393873245,60,50.0,1.6784202993117354,0.35667494393873245,0.356663341090365,1.1602848367431307e-05,0.0,0.0,0.5,10.0,5000,per_query,4012156509,0.05920935816884758,0.0017734452565130677,2286.5532787414986,1.0089382151883415,15.56836725270036,0.2406,instanton_2008-08-21_T60_delta0.30_tau60_am50.npz
2008-08-22,20,0.2,0.2231435513142097,20,50.0,0.43697470648741144,0.2231435513142097,0.2231194512348713,2.4100079338396085e-05,0.0,0.0,0.5,10.0,5000,per_query,2755589338,0.30121377687733664,0.005097346818489239,3996.2416741053717,1.0012156003068688,4.8057114903080835,0.4582,instanton_2008-08-22_T20_delta0.20_tau20_am50.npz
2008-08-22,20,0.3,0.35667494393873245,20,50.0,4.831054783703821,0.35667494393873245,0.35666845763891875,6.486299813701635e-06,0.0,0.0,0.5,10.0,5000,per_query,3637814567,0.0011497916285183826,8.210818404062269e-05,682.6269778731903,0.9745507000289435,64.4692309015295,0.057,instanton_2008-08-22_T20_delta0.30_tau20_am50.npz
2008-08-22,60,0.2,0.2231435513142097,60,50.0,0.22034321692180342,0.2231435513142097,0.22307617198888074,6.737932532896451e-05,0.0,0.0,0.5,10.0,5000,per_query,530341812,0.5156348188439852,0.006104675631427485,4464.471791707955,1.0038145448499345,3.4094566015229457,0.627,instanton_2008-08-22_T60_delta0.20_tau60_am50.npz
2008-08-22,60,0.3,0.35667494393873245,60,50.0,1.8557272599596664,0.35667494393873245,0.35665388672639153,2.1057212340913622e-05,0.0,0.0,0.5,10.0,5000,per_query,3711827037,0.04719410717454723,0.001412635974185136,1895.1606174258784,1.020055175273507,26.586808139712545,0.2312,instanton_2008-08-22_T60_delta0.30_tau60_am50.npz
2008-08-25,20,0.2,0.2231435513142097,20,50.0,0.16732153790943244,0.2231435513142097,0.22313091886324266,1.2632450967053899e-05,0.0,0.0,0.5,10.0,5000,per_query,2366171362,0.5022775538747777,0.006194147649894812,4591.759957256469,1.0038069344225238,2.732661344912558,0.598,instanton_2008-08-25_T20_delta0.20_tau20_am50.npz
2008-08-25,20,0.3,0.35667494393873245,20,50.0,3.703602560134214,0.35667494393873245,0.3566723183374165,2.6256013159198233e-06,0.0,0.0,0.5,10.0,5000,per_query,1397533594,0.004367595219473166,0.00021626184415435965,430.34947379172166,0.977454246921806,180.3197726091136,0.0998,instanton_2008-08-25_T20_delta0.30_tau20_am50.npz
2008-08-25,60,0.2,0.2231435513142097,60,50.0,0.10519102470804305,0.2231435513142097,0.22309981139846524,4.373991574446734e-05,0.0,0.0,0.5,10.0,5000,per_query,2933588291,0.6826610080192768,0.006244753210896092,4742.940094591805,0.9965619240107794,2.2394658651828134,0.7366,instanton_2008-08-25_T60_delta0.20_tau60_am50.npz
2008-08-25,60,0.3,0.35667494393873245,60,50.0,1.4477653429064306,0.35667494393873245,0.3566653691291837,9.574809548773544e-06,0.0,0.0,0.5,10.0,5000,per_query,2116847143,0.08187996313688382,0.0023284374597482434,2342.221546431056,1.0002451506377081,17.104420536493958,0.2724,instanton_2008-08-25_T60_delta0.30_tau60_am50.npz
2008-08-26,20,0.2,0.2231435513142097,20,50.0,0.21781992888382115,0.2231435513142097,0.22312975685736625,1.3794456843463365e-05,0.0,0.0,0.5,10.0,5000,per_query,2041238901,0.45550300354171197,0.006113923134229249,4481.719675582281,1.007175224740376,4.102096655692743,0.5614,instanton_2008-08-26_T20_delta0.20_tau20_am50.npz
2008-08-26,20,0.3,0.35667494393873245,20,50.0,4.232461835077783,0.35667494393873245,0.3566719247265029,3.019212229560253e-06,0.0,0.0,0.5,10.0,5000,per_query,2252228158,0.0025533156749356144,0.0001357835796676203,697.6513310800726,0.956083445657136,70.22300375867219,0.0876,instanton_2008-08-26_T20_delta0.30_tau20_am50.npz
2008-08-26,60,0.2,0.2231435513142097,60,50.0,0.12432741871023593,0.2231435513142097,0.22309991781826266,4.363349594704857e-05,0.0,0.0,0.5,10.0,5000,per_query,2055290901,0.6350051323070104,0.006247395490314487,4690.698852745113,0.9963803330301585,2.3727777377242156,0.7068,instanton_2008-08-26_T60_delta0.20_tau60_am50.npz
2008-08-26,60,0.3,0.35667494393873245,60,50.0,1.6343036895319043,0.35667494393873245,0.356664519492373,1.0424446359458273e-05,0.0,0.0,0.5,10.0,5000,per_query,533217778,0.06440233831698768,0.0018814257199438597,2233.893393500032,1.0068889434882975,16.557891195508553,0.248,instanton_2008-08-26_T60_delta0.30_tau60_am50.npz
2008-08-27,20,0.2,0.2231435513142097,20,50.0,0.361317769864802,0.2231435513142097,0.22312489817936232,1.8653134847390618e-05,0.0,0.0,0.5,10.0,5000,per_query,1346147593,0.3410365096599106,0.005413711136549721,4196.115960673782,1.0023502878268098,3.942437373204281,0.484,instanton_2008-08-27_T20_delta0.20_tau20_am50.npz
2008-08-27,20,0.3,0.35667494393873245,20,50.0,4.9559430643694045,0.35667494393873245,0.35667029181806686,4.652120665582515e-06,0.0,0.0,0.5,10.0,5000,per_query,1472178022,0.000989148417981133,6.173383387651643e-05,178.38693978566488,1.0390844159487156,321.13494837317836,0.0618,instanton_2008-08-27_T20_delta0.30_tau20_am50.npz
2008-08-27,60,0.2,0.2231435513142097,60,50.0,0.18832466920233046,0.2231435513142097,0.2230897695187748,5.3781795434915125e-05,0.0,0.0,0.5,10.0,5000,per_query,2958469638,0.5576077116330114,0.006270665632890174,4557.033346662555,1.0001804740711873,2.963515296593824,0.653,instanton_2008-08-27_T60_delta0.20_tau60_am50.npz
2008-08-27,60,0.3,0.35667494393873245,60,50.0,1.8959190319236119,0.35667494393873245,0.35665961047571404,1.5333463018407656e-05,0.0,0.0,0.5,10.0,5000,per_query,2471871359,0.04262481756795298,0.001359375556844218,1995.6851788437475,0.9825685199992858,18.345146602601883,0.2124,instanton_2008-08-27_T60_delta0.30_tau60_am50.npz
2008-08-28,20,0.2,0.2231435513142097,20,50.0,0.5694554411514244,0.2231435513142097,0.22311575611078904,2.7795203420666326e-05,0.0,0.0,0.5,10.0,5000,per_query,4162855264,0.2461813955644322,0.004546907564487405,3782.0204946683266,0.9975509769347715,7.358785652753947,0.4182,instanton_2008-08-28_T20_delta0.20_tau20_am50.npz
2008-08-28,20,0.3,0.35667494393873245,20,50.0,5.645243190307934,0.35667494393873245,0.35666699550637215,7.948432360294078e-06,0.0,0.0,0.5,10.0,5000,per_query,1819230346,0.0005344455331510229,3.977713098933402e-05,379.1221377284551,0.9384636872136283,154.3672795101586,0.0544,instanton_2008-08-28_T20_delta0.30_tau20_am50.npz
2008-08-28,60,0.2,0.2231435513142097,60,50.0,0.276565227743436,0.2231435513142097,0.2230606975053009,8.285380890882266e-05,0.0,0.0,0.5,10.0,5000,per_query,3570704482,0.45886197916466537,0.0060428933837110566,4344.596764181298,1.004222651494139,3.873175907030096,0.5832,instanton_2008-08-28_T60_delta0.20_tau60_am50.npz
2008-08-28,60,0.3,0.35667494393873245,60,50.0,2.145631051175037,0.35667494393873245,0.35664872695702066,2.6216981711790766e-05,0.0,0.0,0.5,10.0,5000,per_query,3884584366,0.031087711137774032,0.0010351856496502243,1827.3972010365533,0.9842695358692588,16.02838694271783,0.1946,instanton_2008-08-28_T60_delta0.30_tau60_am50.npz
2008-08-29,20,0.2,0.2231435513142097,20,50.0,0.37465889891550264,0.2231435513142097,0.22312413371593554,1.9417598274173997e-05,0.0,0.0,0.5,10.0,5000,per_query,3334284565,0.3376043677223235,0.005343087303342263,4148.612502317739,1.000465728663064,4.499177616182626,0.487,instanton_2008-08-29_T20_delta0.20_tau20_am50.npz
2008-08-29,20,0.3,0.35667494393873245,20,50.0,4.951760920844393,0.35667494393873245,0.3566700380228145,4.905915917952086e-06,0.0,0.0,0.5,10.0,5000,per_query,181862121,0.0010709592373759327,6.848956731865051e-05,390.58494236969614,1.0305634586221837,160.6863806154403,0.0648,instanton_2008-08-29_T20_delta0.30_tau20_am50.npz
2008-08-29,60,0.2,0.2231435513142097,60,50.0,0.19324226033993241,0.2231435513142097,0.223079222938944,6.432837526570978e-05,0.0,0.0,0.5,10.0,5000,per_query,51607924,0.5485327492504463,0.0063149737382633695,4549.909910136334,0.9957361651971907,3.5216987735809644,0.643,instanton_2008-08-29_T60_delta0.20_tau60_am50.npz
2008-08-29,60,0.3,0.35667494393873245,60,50.0,1.8934973643186388,0.35667494393873245,0.3566575689638114,1.7374974921047226e-05,0.0,0.0,0.5,10.0,5000,per_query,62285288,0.04181789231346581,0.001344087651622125,1937.8167279143283,0.9933521227394317,18.908194096008955,0.2084,instanton_2008-08-29_T60_delta0.30_tau60_am50.npz
2008-09-02,20,0.2,0.2231435513142097,20,50.0,0.2895735583987518,0.2231435513142097,0.223127606757612,1.594455659770233e-05,0.0,0.0,0.5,10.0,5000,per_query,1547577816,0.3965121744389141,0.005772668764167901,4320.860884870249,1.0047902357788492,3.6872339550108952,0.5268,instanton_2008-09-02_T20_delta0.20_tau20_am50.npz
2008-09-02,20,0.3,0.35667494393873245,20,50.0,4.688614239659068,0.35667494393873245,0.3566712075530756,3.7363856568717324e-06,0.0,0.0,0.5,10.0,5000,per_query,2273794643,0.0014498223604880274,8.500953108860687e-05,749.1794800525953,0.928861123546537,59.47717175056402,0.0716,instanton_2008-09-02_T20_delta0.30_tau20_am50.npz
2008-09-02,60,0.2,0.2231435513142097,60,50.0,0.15762389445788272,0.2231435513142097,0.22309299748050115,5.0553833708555374e-05,0.0,0.0,0.5,10.0,5000,per_query,4223495170,0.5984104852129608,0.006336052666948664,4619.3794149297655,0.9996652621036892,2.7129979643976356,0.6786,instanton_2008-09-02_T60_delta0.20_tau60_am50.npz
2008-09-02,60,0.3,0.35667494393873245,60,50.0,1.7995905453765841,0.35667494393873245,0.3566619183641553,1.3025574577163468e-05,0.0,0.0,0.5,10.0,5000,per_query,4216107406,0.0484346357357024,0.0014945636182995615,1986.0480253648373,1.0059791757228909,22.88354219459694,0.2226,instanton_2008-09-02_T60_delta0.30_tau60_am50.npz
2008-09-03,20,0.2,0.2231435513142097,20,50.0,0.3386815742328226,0.2231435513142097,0.22312798490677377,1.5566407435940732e-05,0.0,0.0,0.5,10.0,5000,per_query,3033379774,0.37417770241709863,0.005620619084179468,4203.935320284323,0.9976255034952101,4.386744010269969,0.5168,instanton_2008-09-03_T20_delta0.20_tau20_am50.npz
2008-09-03,20,0.3,0.35667494393873245,20,50.0,5.587953771977293,0.35667494393873245,0.35667123979585824,3.704142874205729e-06,0.0,0.0,0.5,10.0,5000,per_query,3277193852,0.0005672299419491074,4.262387191588292e-05,474.92608375488936,1.0061224047778592,82.50269607389711,0.0532,instanton_2008-09-03_T20_delta0.30_tau20_am50.npz
2008-09-03,60,0.2,0.2231435513142097,60,50.0,0.18186704585286947,0.2231435513142097,0.22309483290494558,4.871840926412574e-05,0.0,0.0,0.5,10.0,5000,per_query,2389367616,0.5544616118462584,0.006297351398189628,4563.621525823083,0.9961313520452397,2.977603262878292,0.6482,instanton_2008-09-03_T60_delta0.20_tau60_am50.npz
2008-09-03,60,0.3,0.35667494393873245,60,50.0,2.116368653934345,0.35667494393873245,0.356662119522829,1.2824415903445185e-05,0.0,0.0,0.5,10.0,5000,per_query,1422975111,0.032253976208343735,0.0010920757527515036,1820.801889678039,1.018136150937456,20.894951007028883,0.193,instanton_2008-09-03_T60_delta0.30_tau60_am50.npz
2008-09-04,20,0.2,0.2231435513142097,20,50.0,0.01980236167852412,0.2231435513142097,0.2231369555203777,6.5957938319982645e-06,0.0,0.0,0.5,10.0,5000,per_query,331043923,0.8020931036817696,0.005394176290261646,4951.317809826973,0.9989489821162526,1.384415414155401,0.8222,instanton_2008-09-04_T20_delta0.20_tau20_am50.npz
2008-09-04,20,0.3,0.35667494393873245,20,50.0,3.052775176430565,0.35667494393873245,0.3566739884566079,9.554821245316703e-07,0.0,0.0,0.5,10.0,5000,per_query,3109696139,0.01030963369064077,0.0004390548047637996,1248.331585320374,1.001479082491742,40.875372377696415,0.1312,instanton_2008-09-04_T20_delta0.30_tau20_am50.npz
2008-09-04,60,0.2,0.2231435513142097,21,50.0,0.019795722524128517,0.2231435513142097,0.22313662385285227,6.927461357442155e-06,0.0,0.0,0.5,10.0,5000,per_query,3185303160,0.8605761069175045,0.004727165426611502,4950.848791261548,1.0006781839967571,1.4157138264867635,0.876,instanton_2008-09-04_T60_delta0.20_tau21_am50.npz
2008-09-04,60,0.3,0.35667494393873245,60,50.0,1.235671132348193,0.35667494393873245,0.3566712682909339,3.6756477985733227e-06,0.0,0.0,0.5,10.0,5000,per_query,2841152784,0.10695946924741931,0.0027952008472831983,2671.010765438889,0.9864357306924557,13.476844210856644,0.2996,instanton_2008-09-04_T60_delta0.30_tau60_am50.npz
2008-09-05,20,0.2,0.2231435513142097,20,50.0,0.033884493384225514,0.2231435513142097,0.22313641253150607,7.138782703641766e-06,0.0,0.0,0.5,10.0,5000,per_query,637702820,0.7470404866675239,0.005818735146357169,4916.931641055255,0.999355039523996,1.7811827671836054,0.7774,instanton_2008-09-05_T20_delta0.20_tau20_am50.npz
2008-09-05,20,0.3,0.35667494393873245,20,50.0,3.3554078264549045,0.35667494393873245,0.356673846129131,1.0978096014468974e-06,0.0,0.0,0.5,10.0,5000,per_query,3243022034,0.007031778639463576,0.0003183751282712124,998.0362188410774,0.9773117847027217,56.51416221822075,0.1172,instanton_2008-09-05_T20_delta0.30_tau20_am50.npz
2008-09-05,60,0.2,0.2231435513142097,32,50.0,0.032128508946841536,0.2231435513142097,0.2231321171776175,1.1434136592214372e-05,0.0,0.0,0.5,10.0,5000,per_query,2919736038,0.8324162749089761,0.0050296321120108095,4919.207230553477,0.9984221034181104,1.6148940927987694,0.8568,instanton_2008-09-05_T60_delta0.20_tau32_am50.npz
2008-09-05,60,0.3,0.35667494393873245,60,50.0,1.3181568018001872,0.35667494393873245,0.3566710688368335,3.8751018989202635e-06,0.0,0.0,0.5,10.0,5000,per_query,3392089008,0.0923067759514634,0.0024668048168590582,2582.3895602196185,1.004428313684203,16.77860290422585,0.276,instanton_2008-09-05_T60_delta0.30_tau60_am50.npz
2008-09-08,20,0.2,0.2231435513142097,20,50.0,0.19008072591092426,0.2231435513142097,0.22313099187249374,1.2559441715964681e-05,0.0,0.0,0.5,10.0,5000,per_query,1531683254,0.4851982562956284,0.006110942602931031,4564.481067736412,0.993334998232987,2.6646738025854284,0.5906,instanton_2008-09-08_T20_delta0.20_tau20_am50.npz
2008-09-08,20,0.3,0.35667494393873245,20,50.0,4.222458988700258,0.35667494393873245,0.35667230038570974,2.6435530227075787e-06,0.0,0.0,0.5,10.0,5000,per_query,4228126458,0.002766240047343751,0.00015182664082219244,816.1342817597168,0.9455390702348386,58.460944235719396,0.0882,instanton_2008-09-08_T20_delta0.30_tau20_am50.npz
2008-09-08,60,0.2,0.2231435513142097,60,50.0,0.12212832416055391,0.2231435513142097,0.22311052121434383,3.303009986588279e-05,0.0,0.0,0.5,10.0,5000,per_query,1268113250,0.6445252888522758,0.006116202179049974,4707.976103657818,1.0025057688834458,2.2793882681568505,0.718,instanton_2008-09-08_T60_delta0.20_tau60_am50.npz
2008-09-08,60,0.3,0.35667494393873245,60,50.0,1.6385279671311945,0.35667494393873245,0.35666661931431065,8.324624421796045e-06,0.0,0.0,0.5,10.0,5000,per_query,3097666991,0.06396670044819433,0.0017598620183585543,2290.622099119954,0.9987292487075763,14.329351898373957,0.2552,instanton_2008-09-08_T60_delta0.30_tau60_am50.npz
2008-09-09,20,0.2,0.2231435513142097,0,,,0.2237356937765531,0.2237356937765531,,0.0,0.0,0.5,10.0,5000,per_query,3710563743,1.0,0.0,5000.0,1.0,1.0,1.0,
2008-09-09,20,0.3,0.35667494393873245,20,50.0,2.395062799150955,0.35667494393873245,0.3566742279884867,7.159502457554368e-07,0.0,0.0,0.5,10.0,5000,per_query,3298097955,0.023226682319392483,0.0008565911201490984,1412.7929943029728,1.0189070544837735,47.814388980635485,0.1726,instanton_2008-09-09_T20_delta0.30_tau20_am50.npz
2008-09-09,60,0.2,0.2231435513142097,0,,,0.2237356937765531,0.2237356937765531,,0.0,0.0,0.5,10.0,5000,per_query,2945650259,1.0,0.0,5000.0,1.0,1.0,1.0,
2008-09-09,60,0.3,0.35667494393873245,60,50.0,0.9772101742740722,0.35667494393873245,0.3566722312522739,2.7126864585724775e-06,0.0,0.0,0.5,10.0,5000,per_query,682675728,0.1448989555734594,0.0034346382245075066,3191.303570010558,0.998278309014271,8.70838649746343,0.3268,instanton_2008-09-09_T60_delta0.30_tau60_am50.npz
2008-09-10,20,0.2,0.2231435513142097,12,50.0,0.009936407015596692,0.2231435513142097,0.22313984067479176,3.710639417953132e-06,0.0,0.0,0.5,10.0,5000,per_query,2936256189,0.8285909328262177,0.005146897340801311,4975.331588357355,1.00051111092989,1.278444629851578,0.8416,instanton_2008-09-10_T20_delta0.20_tau12_am50.npz
2008-09-10,20,0.3,0.35667494393873245,20,50.0,2.5859506974884328,0.35667494393873245,0.35667409475079026,8.49187942186802e-07,0.0,0.0,0.5,10.0,5000,per_query,1977980918,0.016464537193332632,0.0006653999105606946,1542.0879699963793,0.9966822428129904,22.338380562437465,0.148,instanton_2008-09-10_T20_delta0.30_tau20_am50.npz
2008-09-10,60,0.2,0.2231435513142097,12,50.0,0.009936468428315701,0.2231435513142097,0.22313984043911983,3.7108750898795506e-06,0.0,0.0,0.5,10.0,5000,per_query,1509355154,0.8918125076742526,0.004279770137630581,4975.327352447667,1.000463205938847,1.263300001425769,0.9006,instanton_2008-09-10_T60_delta0.20_tau12_am50.npz
2008-09-10,60,0.3,0.35667494393873245,60,50.0,1.0334745405830326,0.35667494393873245,0.3566720349586303,2.908980102134251e-06,0.0,0.0,0.5,10.0,5000,per_query,980174998,0.1399291257045827,0.003222341169020085,2971.30533317844,1.0054314161157991,8.688068003321753,0.3362,instanton_2008-09-10_T60_delta0.30_tau60_am50.npz
2008-09-11,20,0.2,0.2231435513142097,20,50.0,0.06843050242543296,0.2231435513142097,0.22313457511115597,8.976203053734366e-06,0.0,0.0,0.5,10.0,5000,per_query,1006364004,0.6581420933217141,0.006223797098522167,4834.558076426479,1.0033733496157915,1.974463727684091,0.7076,instanton_2008-09-11_T20_delta0.20_tau20_am50.npz
2008-09-11,20,0.3,0.35667494393873245,20,50.0,3.0068367162103056,0.35667494393873245,0.3566733870852996,1.5568534328380679e-06,0.0,0.0,0.5,10.0,5000,per_query,674701064,0.009552448408655915,0.00040482022239240957,961.376051715146,1.005648372992227,84.38412776007394,0.1286,instanton_2008-09-11_T20_delta0.30_tau20_am50.npz
2008-09-11,60,0.2,0.2231435513142097,42,50.0,0.05327757461736302,0.2231435513142097,0.22312496740068344,1.858391352627109e-05,0.0,0.0,0.5,10.0,5000,per_query,1956035787,0.7786085980394511,0.00555846481400834,4872.363068020087,1.000544407438831,1.7152658267431073,0.8132,instanton_2008-09-11_T60_delta0.20_tau42_am50.npz
2008-09-11,60,0.3,0.35667494393873245,60,50.0,1.1901218506720543,0.35667494393873245,0.3566700466889019,4.897249830548844e-06,0.0,0.0,0.5,10.0,5000,per_query,4156325837,0.10773496823556764,0.002650818990921399,2791.896241561567,1.013460569246309,11.379827063549403,0.2988,instanton_2008-09-11_T60_delta0.30_tau60_am50.npz
2008-09-12,20,0.2,0.2231435513142097,20,50.0,0.0988216645319945,0.2231435513142097,0.22313335331464756,1.0197999562144844e-05,0.0,0.0,0.5,10.0,5000,per_query,610250253,0.5982075939720708,0.00629092401165298,4757.842500834415,1.0006419260881085,2.226897053118599,0.666,instanton_2008-09-12_T20_delta0.20_tau20_am50.npz
2008-09-12,20,0.3,0.35667494393873245,20,50.0,3.2051815215154007,0.35667494393873245,0.3566730451155369,1.898823195567445e-06,0.0,0.0,0.5,10.0,5000,per_query,1861588814,0.00852490794110488,0.0003898532576103336,961.8816857772425,1.0061772887540072,65.70769091889079,0.1212,instanton_2008-09-12_T20_delta0.30_tau20_am50.npz
2008-09-12,60,0.2,0.2231435513142097,60,50.0,0.06709758251071543,0.2231435513142097,0.22311383949901042,2.9711815199284786e-05,0.0,0.0,0.5,10.0,5000,per_query,432795123,0.7438611090890416,0.005778928339822191,4835.5004172945055,0.995986851501603,1.8944565898694903,0.7888,instanton_2008-09-12_T60_delta0.20_tau60_am50.npz
2008-09-12,60,0.3,0.35667494393873245,60,50.0,1.2604589012353666,0.35667494393873245,0.3566686671302879,6.2768084445608e-06,0.0,0.0,0.5,10.0,5000,per_query,3111309378,0.09882593889081143,0.0024517880430327994,2593.365783238167,0.9788420104994213,13.106651285281549,0.3006,instanton_2008-09-12_T60_delta0.30_tau60_am50.npz
2008-09-15,20,0.2,0.2231435513142097,0,,,0.2494656443916332,0.2494656443916332,,0.0,0.0,0.5,10.0,5000,per_query,1203263178,1.0,0.0,5000.0,1.0,1.0,1.0,
2008-09-15,20,0.3,0.35667494393873245,20,50.0,1.0341865261712788,0.35667494393873245,0.3566746990960832,2.4484264926627475e-07,0.0,0.0,0.5,10.0,5000,per_query,4092291962,0.12059698467326939,0.002866650217479688,3011.1205298449986,0.998225333205688,10.75337069115718,0.3088,instanton_2008-09-15_T20_delta0.30_tau20_am50.npz
2008-09-15,60,0.2,0.2231435513142097,0,,,0.2494656443916332,0.2494656443916332,,0.0,0.0,0.5,10.0,5000,per_query,823308947,1.0,0.0,5000.0,1.0,1.0,1.0,
2008-09-15,60,0.3,0.35667494393873245,60,50.0,0.4836890330826576,0.35667494393873245,0.3566738209832332,1.1229554992553403e-06,0.0,0.0,0.5,10.0,5000,per_query,3805675794,0.3359631577885456,0.0059476537904451805,3943.838119745232,1.0031852618005388,4.7008204286846516,0.4738,instanton_2008-09-15_T60_delta0.30_tau60_am50.npz
2008-09-16,20,0.2,0.2231435513142097,0,,,0.2328668137867326,0.2328668137867326,,0.0,0.0,0.5,10.0,5000,per_query,751304048,1.0,0.0,5000.0,1.0,1.0,1.0,
2008-09-16,20,0.3,0.35667494393873245,20,50.0,1.3408616792160066,0.35667494393873245,0.3566744662887329,4.776499995529093e-07,0.0,0.0,0.5,10.0,5000,per_query,3190118920,0.08053702503031981,0.0021611480405727065,2647.4479256217837,0.9898166108964109,12.857009794466745,0.2694,instanton_2008-09-16_T20_delta0.30_tau20_am50.npz
2008-09-16,60,0.2,0.2231435513142097,0,,,0.2328668137867326,0.2328668137867326,,0.0,0.0,0.5,10.0,5000,per_query,213285550,1.0,0.0,5000.0,1.0,1.0,1.0,
2008-09-16,60,0.3,0.35667494393873245,60,50.0,0.5579225952277207,0.35667494393873245,0.35667332078577996,1.623152952490159e-06,0.0,0.0,0.5,10.0,5000,per_query,1371802804,0.27372801742799346,0.004863953645047316,3776.382132727693,1.0029501887510055,4.870884324937916,0.4432,instanton_2008-09-16_T60_delta0.30_tau60_am50.npz
2008-09-17,20,0.2,0.2231435513142097,0,,,0.2788720168003182,0.2788720168003182,,0.0,0.0,0.5,10.0,5000,per_query,4053815899,1.0,0.0,5000.0,1.0,1.0,1.0,
2008-09-17,20,0.3,0.35667494393873245,20,50.0,0.42941898781764676,0.35667494393873245,0.356674865195977,7.874275542718578e-08,0.0,0.0,0.5,10.0,5000,per_query,2812310726,0.30045937268652817,0.005078259756062769,4066.6991821445636,1.003999769089199,3.9200755754483683,0.457,instanton_2008-09-17_T20_delta0.30_tau20_am50.npz
2008-09-17,60,0.2,0.2231435513142097,0,,,0.2788720168003182,0.2788720168003182,,0.0,0.0,0.5,10.0,5000,per_query,1708278186,1.0,0.0,5000.0,1.0,1.0,1.0,
2008-09-17,60,0.3,0.35667494393873245,58,50.0,0.22764168573275004,0.35667494393873245,0.3566746108256327,3.331130997707987e-07,0.0,0.0,0.5,10.0,5000,per_query,2469824256,0.5109887632097276,0.0065740159608158755,4451.407688397045,1.0028910689573396,2.909116105447053,0.6024,instanton_2008-09-17_T60_delta0.30_tau58_am50.npz
2008-09-18,20,0.2,0.2231435513142097,0,,,0.2496318634152734,0.2496318634152734,,0.0,0.0,0.5,10.0,5000,per_query,1900656232,1.0,0.0,5000.0,1.0,1.0,1.0,
2008-09-18,20,0.3,0.35667494393873245,20,50.0,0.7127125727671298,0.35667494393873245,0.35667470314408956,2.4079464289172847e-07,0.0,0.0,0.5,10.0,5000,per_query,1917929418,0.19541486269175593,0.003923730570208411,3575.825590462123,0.9799867143276808,6.7884361557750275,0.381,instanton_2008-09-18_T20_delta0.30_tau20_am50.npz
2008-09-18,60,0.2,0.2231435513142097,0,,,0.2496318634152734,0.2496318634152734,,0.0,0.0,0.5,10.0,5000,per_query,45231512,1.0,0.0,5000.0,1.0,1.0,1.0,
2008-09-18,60,0.3,0.35667494393873245,60,50.0,0.3080400219757124,0.35667494393873245,0.3566742521610289,6.917777035653216e-07,0.0,0.0,0.5,10.0,5000,per_query,3643065257,0.41723139017815536,0.005839779491823905,4276.8285967186475,1.0094124812404934,4.343480711645021,0.55,instanton_2008-09-18_T60_delta0.30_tau60_am50.npz
2008-09-19,20,0.2,0.2231435513142097,20,50.0,0.015730795813237577,0.2231435513142097,0.22313580053070137,7.750783508342352e-06,0.0,0.0,0.5,10.0,5000,per_query,1244039532,0.786443716029027,0.0055490305506600696,4960.666272954381,0.9989994883247735,1.4055554898277367,0.8058,instanton_2008-09-19_T20_delta0.20_tau20_am50.npz
2008-09-19,20,0.3,0.35667494393873245,20,50.0,1.109113517596841,0.35667494393873245,0.35667376748410895,1.1764546234971363e-06,0.0,0.0,0.5,10.0,5000,per_query,4250057641,0.10871082653567592,0.0026351251449970286,2906.9269662486026,0.9909065524400141,11.07292355686499,0.2988,instanton_2008-09-19_T20_delta0.30_tau20_am50.npz
2008-09-19,60,0.2,0.2231435513142097,36,50.0,0.014006842181068251,0.2231435513142097,0.223129496067334,1.4055246875699368e-05,0.0,0.0,0.5,10.0,5000,per_query,2804918296,0.8679750476855752,0.0045929551416098655,4964.518507855502,0.9972542437056945,1.3103017125213834,0.8826,instanton_2008-09-19_T60_delta0.20_tau36_am50.npz
2008-09-19,60,0.3,0.35667494393873245,60,50.0,0.47724621674264045,0.35667494393873245,0.3566720181219063,2.92581682614923e-06,0.0,0.0,0.5,10.0,5000,per_query,242675924,0.3195699689706822,0.004963957239708048,3951.674565020472,1.0006173755737466,4.539448076848599,0.495,instanton_2008-09-19_T60_delta0.30_tau60_am50.npz
2008-09-22,20,0.2,0.2231435513142097,0,,,0.2335864406766559,0.2335864406766559,,0.0,0.0,0.5,10.0,5000,per_query,1510250657,1.0,0.0,5000.0,1.0,1.0,1.0,
2008-09-22,20,0.3,0.35667494393873245,20,50.0,0.77746241829928,0.35667494393873245,0.3566744870777532,4.568609792698908e-07,0.0,0.0,0.5,10.0,5000,per_query,3032646962,0.17432544448256643,0.0036513531230056152,3409.7042634857175,1.0002272548280835,9.42329424148455,0.3586,instanton_2008-09-22_T20_delta0.30_tau20_am50.npz
2008-09-22,60,0.2,0.2231435513142097,0,,,0.2335864406766559,0.2335864406766559,,0.0,0.0,0.5,10.0,5000,per_query,2926555657,1.0,0.0,5000.0,1.0,1.0,1.0,
2008-09-22,60,0.3,0.35667494393873245,60,50.0,0.32865131646413187,0.35667494393873245,0.3566734880440876,1.4558946448417487e-06,0.0,0.0,0.5,10.0,5000,per_query,2006061428,0.3972163142715404,0.0057639615278283676,4261.62938150933,0.9965399844724075,3.375215102691287,0.5354,instanton_2008-09-22_T60_delta0.30_tau60_am50.npz
2008-09-23,20,0.2,0.2231435513142097,0,,,0.2566006150625712,0.2566006150625712,,0.0,0.0,0.5,10.0,5000,per_query,788570549,1.0,0.0,5000.0,1.0,1.0,1.0,
2008-09-23,20,0.3,0.35667494393873245,20,50.0,0.5195562028772145,0.35667494393873245,0.3566747613363441,1.8260238832112918e-07,0.0,0.0,0.5,10.0,5000,per_query,3072313993,0.2584961699899984,0.004655258317301197,3859.353253800683,0.9969567910893554,4.539860231496275,0.4286,instanton_2008-09-23_T20_delta0.30_tau20_am50.npz
2008-09-23,60,0.2,0.2231435513142097,0,,,0.2566006150625712,0.2566006150625712,,0.0,0.0,0.5,10.0,5000,per_query,2527761227,1.0,0.0,5000.0,1.0,1.0,1.0,
2008-09-23,60,0.3,0.35667494393873245,60,50.0,0.2318973559737734,0.35667494393873245,0.35667430224202157,6.416967108791027e-07,0.0,0.0,0.5,10.0,5000,per_query,2265186737,0.46949696689457104,0.006260246708589283,4445.13952693368,1.0095411013651479,3.2551487952087097,0.574,instanton_2008-09-23_T60_delta0.30_tau60_am50.npz
2008-09-24,20,0.2,0.2231435513142097,0,,,0.2534006332493899,0.2534006332493899,,0.0,0.0,0.5,10.0,5000,per_query,683633206,1.0,0.0,5000.0,1.0,1.0,1.0,
2008-09-24,20,0.3,0.35667494393873245,20,50.0,0.55136150238999,0.35667494393873245,0.3566747368927956,2.070459368397337e-07,0.0,0.0,0.5,10.0,5000,per_query,925000710,0.24907358534602161,0.004489405090854509,3820.880363395121,0.9901853073522124,5.278258383189122,0.4266,instanton_2008-09-24_T20_delta0.30_tau20_am50.npz
2008-09-24,60,0.2,0.2231435513142097,0,,,0.2534006332493899,0.2534006332493899,,0.0,0.0,0.5,10.0,5000,per_query,3514950872,1.0,0.0,5000.0,1.0,1.0,1.0,
2008-09-24,60,0.3,0.35667494393873245,60,50.0,0.24018283590204784,0.35667494393873245,0.35667427398825335,6.699504790930177e-07,0.0,0.0,0.5,10.0,5000,per_query,2773616679,0.4734320243262285,0.006101861797363035,4428.030875999207,0.9969347842797867,3.3557062380093865,0.5906,instanton_2008-09-24_T60_delta0.30_tau60_am50.npz
2008-09-25,20,0.2,0.2231435513142097,0,,,0.2378821134735593,0.2378821134735593,,0.0,0.0,0.5,10.0,5000,per_query,721871512,1.0,0.0,5000.0,1.0,1.0,1.0,
2008-09-25,20,0.3,0.35667494393873245,20,50.0,0.7101287869255564,0.35667494393873245,0.3566745601799539,3.837587785326946e-07,0.0,0.0,0.5,10.0,5000,per_query,4281069837,0.19145635952987042,0.0038515176405668847,3449.0570437951865,1.0055016945667385,9.463337977936556,0.3754,instanton_2008-09-25_T20_delta0.30_tau20_am50.npz
2008-09-25,60,0.2,0.2231435513142097,0,,,0.2378821134735593,0.2378821134735593,,0.0,0.0,0.5,10.0,5000,per_query,2429983711,1.0,0.0,5000.0,1.0,1.0,1.0,
2008-09-25,60,0.3,0.35667494393873245,60,50.0,0.3033624358144708,0.35667494393873245,0.3566738147793167,1.129159415746983e-06,0.0,0.0,0.5,10.0,5000,per_query,1364919493,0.42037222737083646,0.005753982380580691,4290.444347127518,0.9943365407811332,3.3853177385009507,0.5608,instanton_2008-09-25_T60_delta0.30_tau60_am50.npz
2008-09-26,20,0.2,0.2231435513142097,0,,,0.2373855428391191,0.2373855428391191,,0.0,0.0,0.5,10.0,5000,per_query,3086641301,1.0,0.0,5000.0,1.0,1.0,1.0,
2008-09-26,20,0.3,0.35667494393873245,20,50.0,0.7249932320441583,0.35667494393873245,0.35667455228725675,3.916514756951983e-07,0.0,0.0,0.5,10.0,5000,per_query,2011853043,0.18205992050770875,0.0037791687112490044,3450.8917717209556,1.0018979916481512,6.944282213928149,0.3632,instanton_2008-09-26_T20_delta0.30_tau20_am50.npz
2008-09-26,60,0.2,0.2231435513142097,0,,,0.2373855428391191,0.2373855428391191,,0.0,0.0,0.5,10.0,5000,per_query,2173135321,1.0,0.0,5000.0,1.0,1.0,1.0,
2008-09-26,60,0.3,0.35667494393873245,60,50.0,0.3079725602856008,0.35667494393873245,0.35667373830511906,1.2056336133881018e-06,0.0,0.0,0.5,10.0,5000,per_query,1470217239,0.41536779692237963,0.005839338011737773,4306.079935582023,1.0026145691592023,3.412876192465274,0.547,instanton_2008-09-26_T60_delta0.30_tau60_am50.npz
2008-09-29,20,0.2,0.2231435513142097,0,,,0.3189876914179885,0.3189876914179885,,0.0,0.0,0.5,10.0,5000,per_query,1131620429,1.0,0.0,5000.0,1.0,1.0,1.0,
2008-09-29,20,0.3,0.35667494393873245,20,50.0,0.055093931358968,0.35667494393873245,0.35667492393538325,2.000334919927127e-08,0.0,0.0,0.5,10.0,5000,per_query,3130167102,0.6539325837262617,0.006224799523058308,4864.450212896111,0.9996819259887696,2.100005322764066,0.7018,instanton_2008-09-29_T20_delta0.30_tau20_am50.npz
2008-09-29,60,0.2,0.2231435513142097,0,,,0.3189876914179885,0.3189876914179885,,0.0,0.0,0.5,10.0,5000,per_query,4260198119,1.0,0.0,5000.0,1.0,1.0,1.0,
2008-09-29,60,0.3,0.35667494393873245,35,50.0,0.04004026559502756,0.35667494393873245,0.35667490873927843,3.5199454018197684e-08,0.0,0.0,0.5,10.0,5000,per_query,2524241088,0.7929943926588728,0.005388386899624325,4901.273367113891,0.9975895418384689,1.754747990658325,0.825,instanton_2008-09-29_T60_delta0.30_tau35_am50.npz
2008-09-30,20,0.2,0.2231435513142097,0,,,0.2784315351360007,0.2784315351360007,,0.0,0.0,0.5,10.0,5000,per_query,2122370526,1.0,0.0,5000.0,1.0,1.0,1.0,
2008-09-30,20,0.3,0.35667494393873245,20,50.0,0.18966706930631314,0.35667494393873245,0.35667486448491825,7.945381419460773e-08,0.0,0.0,0.5,10.0,5000,per_query,2475766591,0.4716253753360847,0.0060474655905504646,4543.774503600574,0.9951311922345081,2.6615338998469067,0.5798,instanton_2008-09-30_T20_delta0.30_tau20_am50.npz
2008-09-30,60,0.2,0.2231435513142097,0,,,0.2784315351360007,0.2784315351360007,,0.0,0.0,0.5,10.0,5000,per_query,1113262718,1.0,0.0,5000.0,1.0,1.0,1.0,
2008-09-30,60,0.3,0.35667494393873245,60,50.0,0.09608147795882942,0.35667494393873245,0.3566747542194024,1.8971933002376318e-07,0.0,0.0,0.5,10.0,5000,per_query,229821487,0.6527772655760316,0.006082932035900008,4756.8470409164165,1.002013816112036,2.1560446077946755,0.7196,instanton_2008-09-30_T60_delta0.30_tau60_am50.npz
2008-10-01,20,0.2,0.2231435513142097,0,,,0.2778282906605529,0.2778282906605529,,0.0,0.0,0.5,10.0,5000,per_query,1329613280,1.0,0.0,5000.0,1.0,1.0,1.0,
2008-10-01,20,0.3,0.35667494393873245,20,50.0,0.1924101293847113,0.35667494393873245,0.35667486264461346,8.129411899204797e-08,0.0,0.0,0.5,10.0,5000,per_query,3399971012,0.4657789122637662,0.006085003631852376,4542.959923436734,0.9994956550087223,3.045637113397645,0.5712,instanton_2008-10-01_T20_delta0.30_tau20_am50.npz
2008-10-01,60,0.2,0.2231435513142097,0,,,0.2778282906605529,0.2778282906605529,,0.0,0.0,0.5,10.0,5000,per_query,4130671954,1.0,0.0,5000.0,1.0,1.0,1.0,
2008-10-01,60,0.3,0.35667494393873245,60,50.0,0.08917369569826775,0.35667494393873245,0.35667470422063285,2.3971809959277834e-07,0.0,0.0,0.5,10.0,5000,per_query,3903656956,0.6513478368167321,0.006244173035933097,4780.765832503339,1.005851515165958,2.0374137136208472,0.7078,instanton_2008-10-01_T60_delta0.30_tau60_am50.npz
2008-10-02,20,0.2,0.2231435513142097,0,,,0.3147766797182596,0.3147766797182596,,0.0,0.0,0.5,10.0,5000,per_query,4121777739,1.0,0.0,5000.0,1.0,1.0,1.0,
2008-10-02,20,0.3,0.35667494393873245,20,50.0,0.059520797544655675,0.35667494393873245,0.3566749210993434,2.283938904668048e-08,0.0,0.0,0.5,10.0,5000,per_query,4155595868,0.6672051595520809,0.006155902987570906,4859.35471212722,0.998003610593774,1.7721306005618684,0.716,instanton_2008-10-02_T20_delta0.30_tau20_am50.npz
2008-10-02,60,0.2,0.2231435513142097,0,,,0.3147766797182596,0.3147766797182596,,0.0,0.0,0.5,10.0,5000,per_query,3469194817,1.0,0.0,5000.0,1.0,1.0,1.0,
2008-10-02,60,0.3,0.35667494393873245,54,50.0,0.0384478739418853,0.35667494393873245,0.35667486857304453,7.536568791266518e-08,0.0,0.0,0.5,10.0,5000,per_query,2641005865,0.7816519622548818,0.005694308206004333,4906.170089279106,1.0018275940420045,1.6789504239408777,0.804,instanton_2008-10-02_T60_delta0.30_tau54_am50.npz
2008-10-03,20,0.2,0.2231435513142097,0,,,0.3283692611463786,0.3283692611463786,,0.0,0.0,0.5,10.0,5000,per_query,2443608325,1.0,0.0,5000.0,1.0,1.0,1.0,
2008-10-03,20,0.3,0.35667494393873245,20,50.0,0.03004677100707475,0.35667494393873245,0.3566749288310165,1.5107715967133117e-08,0.0,0.0,0.5,10.0,5000,per_query,237453386,0.7278974262660601,0.005953513806749607,4926.8485171041375,0.999168065212822,1.5802007331070678,0.758,instanton_2008-10-03_T20_delta0.30_tau20_am50.npz
2008-10-03,60,0.2,0.2231435513142097,0,,,0.3283692611463786,0.3283692611463786,,0.0,0.0,0.5,10.0,5000,per_query,2039864942,1.0,0.0,5000.0,1.0,1.0,1.0,
2008-10-03,60,0.3,0.35667494393873245,55,50.0,0.02013067960595348,0.35667494393873245,0.3566749003442391,4.3594493348564356e-08,0.0,0.0,0.5,10.0,5000,per_query,2322370115,0.8258213429446354,0.005185462171858712,4949.519561209423,1.000836887579527,1.39507190766685,0.8426,instanton_2008-10-03_T60_delta0.30_tau55_am50.npz
2008-10-06,20,0.2,0.2231435513142097,0,,,0.3806451474061818,0.3806451474061818,,0.0,0.0,0.5,10.0,5000,per_query,2986614763,1.0,0.0,5000.0,1.0,1.0,1.0,
2008-10-06,20,0.3,0.35667494393873245,0,,,0.3806451474061818,0.3806451474061818,,0.0,0.0,0.5,10.0,5000,per_query,1245270719,1.0,0.0,5000.0,1.0,1.0,1.0,
2008-10-06,60,0.2,0.2231435513142097,0,,,0.3806451474061818,0.3806451474061818,,0.0,0.0,0.5,10.0,5000,per_query,3933993196,1.0,0.0,5000.0,1.0,1.0,1.0,
2008-10-06,60,0.3,0.35667494393873245,0,,,0.3806451474061818,0.3806451474061818,,0.0,0.0,0.5,10.0,5000,per_query,402224864,1.0,0.0,5000.0,1.0,1.0,1.0,
2008-10-07,20,0.2,0.2231435513142097,0,,,0.4264652519315044,0.4264652519315044,,0.0,0.0,0.5,10.0,5000,per_query,4224720802,1.0,0.0,5000.0,1.0,1.0,1.0,
2008-10-07,20,0.3,0.35667494393873245,0,,,0.4264652519315044,0.4264652519315044,,0.0,0.0,0.5,10.0,5000,per_query,1879915929,1.0,0.0,5000.0,1.0,1.0,1.0,
2008-10-07,60,0.2,0.2231435513142097,0,,,0.4264652519315044,0.4264652519315044,,0.0,0.0,0.5,10.0,5000,per_query,2727186642,1.0,0.0,5000.0,1.0,1.0,1.0,
2008-10-07,60,0.3,0.35667494393873245,0,,,0.4264652519315044,0.4264652519315044,,0.0,0.0,0.5,10.0,5000,per_query,3281846467,1.0,0.0,5000.0,1.0,1.0,1.0,
2008-10-08,20,0.2,0.2231435513142097,0,,,0.4519807330882299,0.4519807330882299,,0.0,0.0,0.5,10.0,5000,per_query,1027409236,1.0,0.0,5000.0,1.0,1.0,1.0,
2008-10-08,20,0.3,0.35667494393873245,0,,,0.4519807330882299,0.4519807330882299,,0.0,0.0,0.5,10.0,5000,per_query,476956271,1.0,0.0,5000.0,1.0,1.0,1.0,
2008-10-08,60,0.2,0.2231435513142097,0,,,0.4519807330882299,0.4519807330882299,,0.0,0.0,0.5,10.0,5000,per_query,1036186340,1.0,0.0,5000.0,1.0,1.0,1.0,
2008-10-08,60,0.3,0.35667494393873245,0,,,0.4519807330882299,0.4519807330882299,,0.0,0.0,0.5,10.0,5000,per_query,4136943356,1.0,0.0,5000.0,1.0,1.0,1.0,
2008-10-09,20,0.2,0.2231435513142097,0,,,0.5243784390351296,0.5243784390351296,,0.0,0.0,0.5,10.0,5000,per_query,4067870525,1.0,0.0,5000.0,1.0,1.0,1.0,
2008-10-09,20,0.3,0.35667494393873245,0,,,0.5243784390351296,0.5243784390351296,,0.0,0.0,0.5,10.0,5000,per_query,855044151,1.0,0.0,5000.0,1.0,1.0,1.0,
2008-10-09,60,0.2,0.2231435513142097,0,,,0.5243784390351296,0.5243784390351296,,0.0,0.0,0.5,10.0,5000,per_query,4159058227,1.0,0.0,5000.0,1.0,1.0,1.0,
2008-10-09,60,0.3,0.35667494393873245,0,,,0.5243784390351296,0.5243784390351296,,0.0,0.0,0.5,10.0,5000,per_query,222193355,1.0,0.0,5000.0,1.0,1.0,1.0,
2008-10-10,20,0.2,0.2231435513142097,0,,,0.548933071005619,0.548933071005619,,0.0,0.0,0.5,10.0,5000,per_query,4195427763,1.0,0.0,5000.0,1.0,1.0,1.0,
2008-10-10,20,0.3,0.35667494393873245,0,,,0.548933071005619,0.548933071005619,,0.0,0.0,0.5,10.0,5000,per_query,2400278040,1.0,0.0,5000.0,1.0,1.0,1.0,
2008-10-10,60,0.2,0.2231435513142097,0,,,0.548933071005619,0.548933071005619,,0.0,0.0,0.5,10.0,5000,per_query,3971287075,1.0,0.0,5000.0,1.0,1.0,1.0,
2008-10-10,60,0.3,0.35667494393873245,0,,,0.548933071005619,0.548933071005619,,0.0,0.0,0.5,10.0,5000,per_query,2124152527,1.0,0.0,5000.0,1.0,1.0,1.0,
2008-10-13,20,0.2,0.2231435513142097,0,,,0.4133555332009591,0.4133555332009591,,0.0,0.0,0.5,10.0,5000,per_query,193895331,1.0,0.0,5000.0,1.0,1.0,1.0,
2008-10-13,20,0.3,0.35667494393873245,0,,,0.4133555332009591,0.4133555332009591,,0.0,0.0,0.5,10.0,5000,per_query,4087172370,1.0,0.0,5000.0,1.0,1.0,1.0,
2008-10-13,60,0.2,0.2231435513142097,0,,,0.4133555332009591,0.4133555332009591,,0.0,0.0,0.5,10.0,5000,per_query,2372699624,1.0,0.0,5000.0,1.0,1.0,1.0,
2008-10-13,60,0.3,0.35667494393873245,0,,,0.4133555332009591,0.4133555332009591,,0.0,0.0,0.5,10.0,5000,per_query,3889200526,1.0,0.0,5000.0,1.0,1.0,1.0,
2008-10-14,20,0.2,0.2231435513142097,0,,,0.4282664124150193,0.4282664124150193,,0.0,0.0,0.5,10.0,5000,per_query,1672619128,1.0,0.0,5000.0,1.0,1.0,1.0,
2008-10-14,20,0.3,0.35667494393873245,0,,,0.4282664124150193,0.4282664124150193,,0.0,0.0,0.5,10.0,5000,per_query,2732942182,1.0,0.0,5000.0,1.0,1.0,1.0,
2008-10-14,60,0.2,0.2231435513142097,0,,,0.4282664124150193,0.4282664124150193,,0.0,0.0,0.5,10.0,5000,per_query,1592226490,1.0,0.0,5000.0,1.0,1.0,1.0,
2008-10-14,60,0.3,0.35667494393873245,0,,,0.4282664124150193,0.4282664124150193,,0.0,0.0,0.5,10.0,5000,per_query,4206756603,1.0,0.0,5000.0,1.0,1.0,1.0,
2008-10-15,20,0.2,0.2231435513142097,0,,,0.5319035388434896,0.5319035388434896,,0.0,0.0,0.5,10.0,5000,per_query,2926350296,1.0,0.0,5000.0,1.0,1.0,1.0,
2008-10-15,20,0.3,0.35667494393873245,0,,,0.5319035388434896,0.5319035388434896,,0.0,0.0,0.5,10.0,5000,per_query,481164943,1.0,0.0,5000.0,1.0,1.0,1.0,
2008-10-15,60,0.2,0.2231435513142097,0,,,0.5319035388434896,0.5319035388434896,,0.0,0.0,0.5,10.0,5000,per_query,1473406287,1.0,0.0,5000.0,1.0,1.0,1.0,
2008-10-15,60,0.3,0.35667494393873245,0,,,0.5319035388434896,0.5319035388434896,,0.0,0.0,0.5,10.0,5000,per_query,2705729354,1.0,0.0,5000.0,1.0,1.0,1.0,
2008-10-16,20,0.2,0.2231435513142097,0,,,0.4910903110084152,0.4910903110084152,,0.0,0.0,0.5,10.0,5000,per_query,113163877,1.0,0.0,5000.0,1.0,1.0,1.0,
2008-10-16,20,0.3,0.35667494393873245,0,,,0.4910903110084152,0.4910903110084152,,0.0,0.0,0.5,10.0,5000,per_query,805321371,1.0,0.0,5000.0,1.0,1.0,1.0,
2008-10-16,60,0.2,0.2231435513142097,0,,,0.4910903110084152,0.4910903110084152,,0.0,0.0,0.5,10.0,5000,per_query,3255619230,1.0,0.0,5000.0,1.0,1.0,1.0,
2008-10-16,60,0.3,0.35667494393873245,0,,,0.4910903110084152,0.4910903110084152,,0.0,0.0,0.5,10.0,5000,per_query,730454261,1.0,0.0,5000.0,1.0,1.0,1.0,
2008-10-17,20,0.2,0.2231435513142097,0,,,0.4970810007899207,0.4970810007899207,,0.0,0.0,0.5,10.0,5000,per_query,2784909915,1.0,0.0,5000.0,1.0,1.0,1.0,
2008-10-17,20,0.3,0.35667494393873245,0,,,0.4970810007899207,0.4970810007899207,,0.0,0.0,0.5,10.0,5000,per_query,316835478,1.0,0.0,5000.0,1.0,1.0,1.0,
2008-10-17,60,0.2,0.2231435513142097,0,,,0.4970810007899207,0.4970810007899207,,0.0,0.0,0.5,10.0,5000,per_query,4264582736,1.0,0.0,5000.0,1.0,1.0,1.0,
2008-10-17,60,0.3,0.35667494393873245,0,,,0.4970810007899207,0.4970810007899207,,0.0,0.0,0.5,10.0,5000,per_query,3814978145,1.0,0.0,5000.0,1.0,1.0,1.0,
2008-10-20,20,0.2,0.2231435513142097,0,,,0.4387365678445398,0.4387365678445398,,0.0,0.0,0.5,10.0,5000,per_query,344641859,1.0,0.0,5000.0,1.0,1.0,1.0,
2008-10-20,20,0.3,0.35667494393873245,0,,,0.4387365678445398,0.4387365678445398,,0.0,0.0,0.5,10.0,5000,per_query,1120883673,1.0,0.0,5000.0,1.0,1.0,1.0,
2008-10-20,60,0.2,0.2231435513142097,0,,,0.4387365678445398,0.4387365678445398,,0.0,0.0,0.5,10.0,5000,per_query,2412594239,1.0,0.0,5000.0,1.0,1.0,1.0,
2008-10-20,60,0.3,0.35667494393873245,0,,,0.4387365678445398,0.4387365678445398,,0.0,0.0,0.5,10.0,5000,per_query,3186364611,1.0,0.0,5000.0,1.0,1.0,1.0,
2008-10-21,20,0.2,0.2231435513142097,0,,,0.4690471644638663,0.4690471644638663,,0.0,0.0,0.5,10.0,5000,per_query,1636172225,1.0,0.0,5000.0,1.0,1.0,1.0,
2008-10-21,20,0.3,0.35667494393873245,0,,,0.4690471644638663,0.4690471644638663,,0.0,0.0,0.5,10.0,5000,per_query,2001904430,1.0,0.0,5000.0,1.0,1.0,1.0,
2008-10-21,60,0.2,0.2231435513142097,0,,,0.4690471644638663,0.4690471644638663,,0.0,0.0,0.5,10.0,5000,per_query,273083337,1.0,0.0,5000.0,1.0,1.0,1.0,
2008-10-21,60,0.3,0.35667494393873245,0,,,0.4690471644638663,0.4690471644638663,,0.0,0.0,0.5,10.0,5000,per_query,1473660667,1.0,0.0,5000.0,1.0,1.0,1.0,
2008-10-22,20,0.2,0.2231435513142097,0,,,0.5250397845380963,0.5250397845380963,,0.0,0.0,0.5,10.0,5000,per_query,2095341141,1.0,0.0,5000.0,1.0,1.0,1.0,
2008-10-22,20,0.3,0.35667494393873245,0,,,0.5250397845380963,0.5250397845380963,,0.0,0.0,0.5,10.0,5000,per_query,1339154330,1.0,0.0,5000.0,1.0,1.0,1.0,
2008-10-22,60,0.2,0.2231435513142097,0,,,0.5250397845380963,0.5250397845380963,,0.0,0.0,0.5,10.0,5000,per_query,3834624099,1.0,0.0,5000.0,1.0,1.0,1.0,
2008-10-22,60,0.3,0.35667494393873245,0,,,0.5250397845380963,0.5250397845380963,,0.0,0.0,0.5,10.0,5000,per_query,97969510,1.0,0.0,5000.0,1.0,1.0,1.0,
2008-10-23,20,0.2,0.2231435513142097,0,,,0.5135219944862124,0.5135219944862124,,0.0,0.0,0.5,10.0,5000,per_query,4232827677,1.0,0.0,5000.0,1.0,1.0,1.0,
2008-10-23,20,0.3,0.35667494393873245,0,,,0.5135219944862124,0.5135219944862124,,0.0,0.0,0.5,10.0,5000,per_query,3192082757,1.0,0.0,5000.0,1.0,1.0,1.0,
2008-10-23,60,0.2,0.2231435513142097,0,,,0.5135219944862124,0.5135219944862124,,0.0,0.0,0.5,10.0,5000,per_query,1647826968,1.0,0.0,5000.0,1.0,1.0,1.0,
2008-10-23,60,0.3,0.35667494393873245,0,,,0.5135219944862124,0.5135219944862124,,0.0,0.0,0.5,10.0,5000,per_query,2441563913,1.0,0.0,5000.0,1.0,1.0,1.0,
2008-10-24,20,0.2,0.2231435513142097,0,,,0.5655678122025369,0.5655678122025369,,0.0,0.0,0.5,10.0,5000,per_query,667685185,1.0,0.0,5000.0,1.0,1.0,1.0,
2008-10-24,20,0.3,0.35667494393873245,0,,,0.5655678122025369,0.5655678122025369,,0.0,0.0,0.5,10.0,5000,per_query,2032568756,1.0,0.0,5000.0,1.0,1.0,1.0,
2008-10-24,60,0.2,0.2231435513142097,0,,,0.5655678122025369,0.5655678122025369,,0.0,0.0,0.5,10.0,5000,per_query,3388032854,1.0,0.0,5000.0,1.0,1.0,1.0,
2008-10-24,60,0.3,0.35667494393873245,0,,,0.5655678122025369,0.5655678122025369,,0.0,0.0,0.5,10.0,5000,per_query,1308375739,1.0,0.0,5000.0,1.0,1.0,1.0,
2008-10-27,20,0.2,0.2231435513142097,0,,,0.6017144233772775,0.6017144233772775,,0.0,0.0,0.5,10.0,5000,per_query,3194437047,1.0,0.0,5000.0,1.0,1.0,1.0,
2008-10-27,20,0.3,0.35667494393873245,0,,,0.6017144233772775,0.6017144233772775,,0.0,0.0,0.5,10.0,5000,per_query,1763155029,1.0,0.0,5000.0,1.0,1.0,1.0,
2008-10-27,60,0.2,0.2231435513142097,0,,,0.6017144233772775,0.6017144233772775,,0.0,0.0,0.5,10.0,5000,per_query,3771854128,1.0,0.0,5000.0,1.0,1.0,1.0,
2008-10-27,60,0.3,0.35667494393873245,0,,,0.6017144233772775,0.6017144233772775,,0.0,0.0,0.5,10.0,5000,per_query,2125415413,1.0,0.0,5000.0,1.0,1.0,1.0,
2008-10-28,20,0.2,0.2231435513142097,0,,,0.4911970274433734,0.4911970274433734,,0.0,0.0,0.5,10.0,5000,per_query,1719836551,1.0,0.0,5000.0,1.0,1.0,1.0,
2008-10-28,20,0.3,0.35667494393873245,0,,,0.4911970274433734,0.4911970274433734,,0.0,0.0,0.5,10.0,5000,per_query,3414952138,1.0,0.0,5000.0,1.0,1.0,1.0,
2008-10-28,60,0.2,0.2231435513142097,0,,,0.4911970274433734,0.4911970274433734,,0.0,0.0,0.5,10.0,5000,per_query,2443382795,1.0,0.0,5000.0,1.0,1.0,1.0,
2008-10-28,60,0.3,0.35667494393873245,0,,,0.4911970274433734,0.4911970274433734,,0.0,0.0,0.5,10.0,5000,per_query,2095536656,1.0,0.0,5000.0,1.0,1.0,1.0,
2008-10-29,20,0.2,0.2231435513142097,0,,,0.4984759730136572,0.4984759730136572,,0.0,0.0,0.5,10.0,5000,per_query,3159748765,1.0,0.0,5000.0,1.0,1.0,1.0,
2008-10-29,20,0.3,0.35667494393873245,0,,,0.4984759730136572,0.4984759730136572,,0.0,0.0,0.5,10.0,5000,per_query,2814313871,1.0,0.0,5000.0,1.0,1.0,1.0,
2008-10-29,60,0.2,0.2231435513142097,0,,,0.4984759730136572,0.4984759730136572,,0.0,0.0,0.5,10.0,5000,per_query,1667738497,1.0,0.0,5000.0,1.0,1.0,1.0,
2008-10-29,60,0.3,0.35667494393873245,0,,,0.4984759730136572,0.4984759730136572,,0.0,0.0,0.5,10.0,5000,per_query,1539939576,1.0,0.0,5000.0,1.0,1.0,1.0,
2008-10-30,20,0.2,0.2231435513142097,0,,,0.4644671694531412,0.4644671694531412,,0.0,0.0,0.5,10.0,5000,per_query,1291600597,1.0,0.0,5000.0,1.0,1.0,1.0,
2008-10-30,20,0.3,0.35667494393873245,0,,,0.4644671694531412,0.4644671694531412,,0.0,0.0,0.5,10.0,5000,per_query,2109146161,1.0,0.0,5000.0,1.0,1.0,1.0,
2008-10-30,60,0.2,0.2231435513142097,0,,,0.4644671694531412,0.4644671694531412,,0.0,0.0,0.5,10.0,5000,per_query,1765904609,1.0,0.0,5000.0,1.0,1.0,1.0,
2008-10-30,60,0.3,0.35667494393873245,0,,,0.4644671694531412,0.4644671694531412,,0.0,0.0,0.5,10.0,5000,per_query,1096355687,1.0,0.0,5000.0,1.0,1.0,1.0,
2008-10-31,20,0.2,0.2231435513142097,0,,,0.4589788766523544,0.4589788766523544,,0.0,0.0,0.5,10.0,5000,per_query,1094133361,1.0,0.0,5000.0,1.0,1.0,1.0,
2008-10-31,20,0.3,0.35667494393873245,0,,,0.4589788766523544,0.4589788766523544,,0.0,0.0,0.5,10.0,5000,per_query,3984818702,1.0,0.0,5000.0,1.0,1.0,1.0,
2008-10-31,60,0.2,0.2231435513142097,0,,,0.4589788766523544,0.4589788766523544,,0.0,0.0,0.5,10.0,5000,per_query,3420955601,1.0,0.0,5000.0,1.0,1.0,1.0,
2008-10-31,60,0.3,0.35667494393873245,0,,,0.4589788766523544,0.4589788766523544,,0.0,0.0,0.5,10.0,5000,per_query,3131996667,1.0,0.0,5000.0,1.0,1.0,1.0,
