Date,Tdays,delta,d,tau_star,alpha_m,action,dtilde_tau,dexact_tau,exact_shortfall,prehit_max_violation,hit_err,lam,umax,N,seed_mode,seed_used,p_hat,se,ess,mean_weight,max_weight,hit_rate_Q,instanton_file
2007-01-03,20,0.2,0.2231435513142097,20,200.0,15.675938549546098,0.2231435513142097,0.2228428966904703,0.00030065462373940477,0.0,0.0,0.5,10.0,5000,per_query,1456016049,7.022613847646873e-09,2.4043663772570584e-09,41.77811380385801,0.8099152466754378,326.54916557013945,0.0022,instanton_2007-01-03_T20_delta0.20_tau20_am200.npz
2007-01-03,20,0.3,0.35667494393873245,20,200.0,33.60445106774637,0.35667494393873245,0.35646184731530095,0.00021309662343149682,0.0,0.0,0.5,10.0,5000,per_query,4197321030,0.0,0.0,63.514336865809604,0.9083469854679046,278.1741101216917,0.0,instanton_2007-01-03_T20_delta0.30_tau20_am200.npz
2007-01-03,60,0.2,0.2231435513142097,60,200.0,5.497549646143794,0.2231435513142097,0.2212455805473601,0.0018979707668496104,0.0,0.0,0.5,10.0,5000,per_query,155156259,0.000830000841949695,6.016384965003626e-05,141.47677114708705,1.089277499941445,293.0897421057391,0.06,instanton_2007-01-03_T60_delta0.20_tau60_am200.npz
2007-01-03,60,0.3,0.35667494393873245,60,200.0,11.470287722912692,0.35667494393873245,0.3551952447677307,0.0014796991710017693,0.0,0.0,0.5,10.0,5000,per_query,2324819662,1.3969848801516815e-06,2.5150311060318545e-07,89.71545166151776,0.9099755632057095,346.13673709162384,0.0108,instanton_2007-01-03_T60_delta0.30_tau60_am200.npz
2007-01-04,20,0.2,0.2231435513142097,20,200.0,16.22911531686316,0.2231435513142097,0.22266675314808992,0.0004767981661197851,0.0,0.0,0.5,10.0,5000,per_query,3491325078,4.939095881627849e-09,1.836555589054323e-09,90.4427325319887,0.7971377913665124,144.40066670080571,0.002,instanton_2007-01-04_T20_delta0.20_tau20_am200.npz
2007-01-04,20,0.3,0.35667494393873245,20,200.0,34.46513004778448,0.35667494393873245,0.35633275982645785,0.00034218411227460166,0.0,0.0,0.5,10.0,5000,per_query,2628630323,0.0,0.0,5.703696884803217,1.3124014790243825,2709.2448014868096,0.0,instanton_2007-01-04_T20_delta0.30_tau20_am200.npz
2007-01-04,60,0.2,0.2231435513142097,50,200.0,6.687995967958603,0.2231435513142097,0.2212046934792511,0.0019388578349586183,0.0,0.0,0.5,10.0,5000,per_query,1658583251,0.0008594411104533243,6.701246469219922e-05,439.46791779014166,0.9455291835624976,77.63473966974537,0.0776,instanton_2007-01-04_T60_delta0.20_tau50_am200.npz
2007-01-04,60,0.3,0.35667494393873245,55,200.0,12.734131635171288,0.35667494393873245,0.35471397811148897,0.001960965827243477,0.0,0.0,0.5,10.0,5000,per_query,2954446550,7.206269787616444e-07,1.529287913331238e-07,3.8090656447571654,1.558524850394987,3977.445213742486,0.0096,instanton_2007-01-04_T60_delta0.30_tau55_am200.npz
2007-01-05,20,0.2,0.2231435513142097,20,200.0,15.03049045968234,0.2231435513142097,0.22305263449821222,9.091681599748824e-05,0.0,0.0,0.5,10.0,5000,per_query,4081658546,2.2924793807827252e-08,6.461830333287413e-09,12.309002743009646,1.097226172797674,1411.4466375794755,0.0034,instanton_2007-01-05_T20_delta0.20_tau20_am200.npz
2007-01-05,20,0.3,0.35667494393873245,20,100.0,32.63892196632209,0.35667494393873245,0.35489476907086015,0.0017801748678722973,0.0,0.0,0.5,10.0,5000,per_query,1572230373,0.0,0.0,32.08215205373965,0.7334162634384203,468.3022129709159,0.0,instanton_2007-01-05_T20_delta0.30_tau20_am100.npz
2007-01-05,60,0.2,0.2231435513142097,60,200.0,5.306081983206165,0.2231435513142097,0.2225910059259153,0.000552545388294412,0.0,0.0,0.5,10.0,5000,per_query,4108883281,0.0009002334642115365,6.403328485510279e-05,234.83497054153798,1.024303962824125,243.9867568919528,0.0598,instanton_2007-01-05_T60_delta0.20_tau60_am200.npz
2007-01-05,60,0.3,0.35667494393873245,60,200.0,11.247733667014913,0.35667494393873245,0.3562679881823865,0.0004069557563459725,0.0,0.0,0.5,10.0,5000,per_query,4221392073,1.2385779909737977e-06,2.2189139362071716e-07,212.8567823426318,0.8099738269440386,108.07856788400183,0.0096,instanton_2007-01-05_T60_delta0.30_tau60_am200.npz
2007-01-08,20,0.2,0.2231435513142097,20,200.0,15.456094835226942,0.2231435513142097,0.22291346269089463,0.0002300886233150834,0.0,0.0,0.5,10.0,5000,per_query,649110971,1.2361044205857259e-08,4.199224152480421e-09,69.19141213147472,0.8263266178640811,314.4152545311173,0.0024,instanton_2007-01-08_T20_delta0.20_tau20_am200.npz
2007-01-08,20,0.3,0.35667494393873245,20,200.0,33.29390687126442,0.35667494393873245,0.3565128279843037,0.00016211595442872095,0.0,0.0,0.5,10.0,5000,per_query,3493511260,0.0,0.0,86.2096235599859,0.767826066485968,175.27434094830812,0.0,instanton_2007-01-08_T20_delta0.30_tau20_am200.npz
2007-01-08,60,0.2,0.2231435513142097,60,200.0,5.4341614451292575,0.2231435513142097,0.2216901884914444,0.001453362822765314,0.0,0.0,0.5,10.0,5000,per_query,3779143768,0.0009072634458452807,6.0290885411522116e-05,328.6794131290466,1.008132731611948,182.01089270730893,0.0636,instanton_2007-01-08_T60_delta0.20_tau60_am200.npz
2007-01-08,60,0.3,0.35667494393873245,60,200.0,11.37933244265198,0.35667494393873245,0.35557900780168783,0.0010959361370446175,0.0,0.0,0.5,10.0,5000,per_query,307924187,1.445642974331419e-06,2.717252783366717e-07,82.14426533010786,0.9612643263692585,252.38140064282962,0.0088,instanton_2007-01-08_T60_delta0.30_tau60_am200.npz
2007-01-09,20,0.2,0.2231435513142097,20,200.0,15.461818884205139,0.2231435513142097,0.22294942776417503,0.00019412355003467496,0.0,0.0,0.5,10.0,5000,per_query,185977586,2.6239178767238428e-08,9.730135728642444e-09,3.165849111275536,1.7867017780574672,4999.498503787279,0.003,instanton_2007-01-09_T20_delta0.20_tau20_am200.npz
2007-01-09,20,0.3,0.35667494393873245,20,200.0,33.36995292396604,0.35667494393873245,0.3565379038694312,0.0001370400693012641,0.0,0.0,0.5,10.0,5000,per_query,2920513341,0.0,0.0,30.375192892706742,0.873026322731309,641.4196525142123,0.0,instanton_2007-01-09_T20_delta0.30_tau20_am200.npz
2007-01-09,60,0.2,0.2231435513142097,60,200.0,5.437403550652918,0.2231435513142097,0.22198892968481765,0.0011546216293920608,0.0,0.0,0.5,10.0,5000,per_query,489988406,0.0010425740342347486,7.683092642396641e-05,522.7261383411943,0.9809550746979762,72.85039031526708,0.0662,instanton_2007-01-09_T60_delta0.20_tau60_am200.npz
2007-01-09,60,0.3,0.35667494393873245,60,200.0,11.400763963319184,0.35667494393873245,0.35574769637599424,0.0009272475627382093,0.0,0.0,0.5,10.0,5000,per_query,3807622510,1.0847635772984843e-06,1.9158257356471998e-07,54.091698097672435,0.909981819974519,394.8252403012157,0.0088,instanton_2007-01-09_T60_delta0.30_tau60_am200.npz
2007-01-10,20,0.2,0.2231435513142097,20,200.0,15.800956515290462,0.2231435513142097,0.222755816175483,0.00038773513872669696,0.0,0.0,0.5,10.0,5000,per_query,790359417,6.049406728201232e-09,2.3325732829757224e-09,18.942674575936294,0.9795194353484156,878.4471928283358,0.0016,instanton_2007-01-10_T20_delta0.20_tau20_am200.npz
2007-01-10,20,0.3,0.35667494393873245,20,200.0,33.746543178033335,0.35667494393873245,0.35640084708666464,0.00027409685206780665,0.0,0.0,0.5,10.0,5000,per_query,996194252,0.0,0.0,26.756736010640715,0.7146129672682325,621.9184399493809,0.0,instanton_2007-01-10_T20_delta0.30_tau20_am200.npz
2007-01-10,60,0.2,0.2231435513142097,54,200.0,6.080266579182837,0.2231435513142097,0.22126820383218337,0.001875347482026335,0.0,0.0,0.5,10.0,5000,per_query,908255503,0.0008540870848699182,6.0323656654585645e-05,272.3137087328343,1.0669317670546592,189.5009531538323,0.0694,instanton_2007-01-10_T60_delta0.20_tau54_am200.npz
2007-01-10,60,0.3,0.35667494393873245,60,200.0,11.508712572192097,0.35667494393873245,0.35474813963832297,0.0019268043004094793,0.0,0.0,0.5,10.0,5000,per_query,4204828745,9.35459947713041e-07,1.8851402109472013e-07,160.96881905235355,0.857547412793498,146.04892230095393,0.0074,instanton_2007-01-10_T60_delta0.30_tau60_am200.npz
2007-01-11,20,0.2,0.2231435513142097,20,200.0,16.209097499961633,0.2231435513142097,0.2221222188742189,0.0010213324399908075,0.0,0.0,0.5,10.0,5000,per_query,2962314935,4.702378531739727e-09,1.687502681011359e-09,18.78686551781786,1.0535651717651924,1024.949048734852,0.002,instanton_2007-01-11_T20_delta0.20_tau20_am200.npz
2007-01-11,20,0.3,0.35667494393873245,20,200.0,34.20381387186404,0.35667494393873245,0.3559504059267322,0.0007245380120002309,0.0,0.0,0.5,10.0,5000,per_query,3885656859,0.0,0.0,9.216015331925322,1.1292729522400695,1789.409988754461,0.0,instanton_2007-01-11_T20_delta0.30_tau20_am200.npz
2007-01-11,60,0.2,0.2231435513142097,28,200.0,11.62103088057005,0.2231435513142097,0.22122415645104443,0.0019193948631652802,0.0,0.0,0.5,10.0,5000,per_query,2832529794,0.0008602843312497296,0.0002004419634641483,68.34299486128494,0.9265636516808723,368.60968618947,0.0674,instanton_2007-01-11_T60_delta0.20_tau28_am200.npz
2007-01-11,60,0.3,0.35667494393873245,33,200.0,20.731078212000742,0.35667494393873245,0.3547198007432826,0.001955143195449871,0.0,0.0,0.5,10.0,5000,per_query,1946298867,1.5883377366507307e-06,7.719199955120391e-07,54.37773911143035,0.5712937847059656,175.14191156175985,0.01,instanton_2007-01-11_T60_delta0.30_tau33_am200.npz
2007-01-12,20,0.2,0.2231435513142097,20,200.0,16.107956081448254,0.2231435513142097,0.2212955847533582,0.0018479665608515106,0.0,0.0,0.5,10.0,5000,per_query,3082974602,1.9808610571243578e-09,1.1711267087511716e-09,40.088755879050375,0.9668604247185358,413.939529449084,0.0008,instanton_2007-01-12_T20_delta0.20_tau20_am200.npz
2007-01-12,20,0.3,0.35667494393873245,20,200.0,33.895234604698544,0.35667494393873245,0.3553693745398192,0.0013055693989132422,0.0,0.0,0.5,10.0,5000,per_query,3175815540,0.0,0.0,28.648777364404385,0.7956631516529904,514.406629445106,0.0,instanton_2007-01-12_T20_delta0.30_tau20_am200.npz
2007-01-12,60,0.2,0.2231435513142097,20,200.0,16.107956081448254,0.2231435513142097,0.2212955847533582,0.0018479665608515106,0.0,0.0,0.5,10.0,5000,per_query,59177514,0.00046161181519068694,0.00012125544030588037,48.149699403250324,0.9898813826552137,302.12280161686385,0.0624,instanton_2007-01-12_T60_delta0.20_tau20_am200.npz
2007-01-12,60,0.3,0.35667494393873245,24,200.0,28.198202994197892,0.35667494393873245,0.3547114187958673,0.00196352514286513,0.0,0.0,0.5,10.0,5000,per_query,1112714132,2.6234035473152194e-08,1.583921702667917e-08,2.287983957285078,1.5011917980094782,4952.73600042748,0.0016,instanton_2007-01-12_T60_delta0.30_tau24_am200.npz
2007-01-16,20,0.2,0.2231435513142097,20,200.0,15.915320537033839,0.2231435513142097,0.22200830664818838,0.001135244666021329,0.0,0.0,0.5,10.0,5000,per_query,598361535,1.246112931129159e-08,4.360014441371023e-09,17.813977355626825,0.8980723897514615,901.3762083923477,0.0024,instanton_2007-01-16_T20_delta0.20_tau20_am200.npz
2007-01-16,20,0.3,0.35667494393873245,20,200.0,33.64145571914143,0.35667494393873245,0.3558814625054145,0.0007934814333179219,0.0,0.0,0.5,10.0,5000,per_query,3719500400,0.0,0.0,54.57341725474618,0.8055962647293198,315.3536177070587,0.0,instanton_2007-01-16_T20_delta0.30_tau20_am200.npz
2007-01-16,60,0.2,0.2231435513142097,26,200.0,12.272762021901972,0.2231435513142097,0.2212570243539007,0.0018865269603089985,0.0,0.0,0.5,10.0,5000,per_query,2267237622,0.00047359012183682754,7.001413343496823e-05,123.0871018394608,0.8924825113835066,154.87792315681526,0.072,instanton_2007-01-16_T60_delta0.20_tau26_am200.npz
2007-01-16,60,0.3,0.35667494393873245,31,200.0,21.697308674115252,0.35667494393873245,0.3547184339822156,0.001956509956516861,0.0,0.0,0.5,10.0,5000,per_query,2581152919,4.808456188501006e-07,1.7705941270079833e-07,27.370322974933714,0.7972179508113366,538.8592244661652,0.012,instanton_2007-01-16_T60_delta0.30_tau31_am200.npz
2007-01-17,20,0.2,0.2231435513142097,20,200.0,16.40210840224862,0.2231435513142097,0.22186490592896035,0.0012786453852493551,0.0,0.0,0.5,10.0,5000,per_query,1155584838,1.0449691364590957e-08,2.7174132465455087e-09,15.111999933092564,1.2197081695964067,1362.4827827961437,0.0036,instanton_2007-01-17_T20_delta0.20_tau20_am200.npz
2007-01-17,20,0.3,0.35667494393873245,20,200.0,34.50223579919741,0.35667494393873245,0.35576105636910516,0.0009138875696272919,0.0,0.0,0.5,10.0,5000,per_query,1086552114,0.0,0.0,38.04832335342716,0.8377968446535604,421.76670062814384,0.0,instanton_2007-01-17_T20_delta0.30_tau20_am200.npz
2007-01-17,60,0.2,0.2231435513142097,25,200.0,13.138674855743243,0.2231435513142097,0.2211719800819294,0.0019715712322803114,0.0,0.0,0.5,10.0,5000,per_query,2629018313,0.0006626811155308774,0.00012028305837429311,16.390854017958038,1.1698896071362788,1104.9109277806028,0.0754,instanton_2007-01-17_T60_delta0.20_tau25_am200.npz
2007-01-17,60,0.3,0.35667494393873245,29,200.0,23.75703460829391,0.35667494393873245,0.35470190599774654,0.001973037940985911,0.0,0.0,0.5,10.0,5000,per_query,596952939,5.583455013189572e-07,2.919744917084529e-07,89.32038346905661,0.4006962501012358,90.30117671378314,0.0094,instanton_2007-01-17_T60_delta0.30_tau29_am200.npz
2007-01-18,20,0.2,0.2231435513142097,20,200.0,15.98864012823636,0.2231435513142097,0.2225567460263438,0.0005868052878659213,0.0,0.0,0.5,10.0,5000,per_query,61698339,4.272855637908328e-09,1.873265643363203e-09,81.0271839501752,0.6470316347353361,164.44278172745746,0.0016,instanton_2007-01-18_T20_delta0.20_tau20_am200.npz
2007-01-18,20,0.3,0.35667494393873245,20,200.0,33.95575456326858,0.35667494393873245,0.35625889166471225,0.0004160522740201955,0.0,0.0,0.5,10.0,5000,per_query,829720617,0.0,0.0,34.94216405130525,0.8487284287005575,596.6428524712547,0.0,instanton_2007-01-18_T20_delta0.30_tau20_am200.npz
2007-01-18,60,0.2,0.2231435513142097,39,200.0,8.33386312179356,0.2231435513142097,0.22123689820286874,0.0019066531113409724,0.0,0.0,0.5,10.0,5000,per_query,941085492,0.0005716625178790339,5.518026382833573e-05,43.1229762746936,1.0814784385238367,778.3135437691435,0.07,instanton_2007-01-18_T60_delta0.20_tau39_am200.npz
2007-01-18,60,0.3,0.35667494393873245,48,200.0,14.299298352214635,0.35667494393873245,0.35478696286432854,0.0018879810744039105,0.0,0.0,0.5,10.0,5000,per_query,3356100140,1.3867601972760473e-06,4.487385357756267e-07,94.12201980250192,0.8423718545115909,264.3595620784186,0.0122,instanton_2007-01-18_T60_delta0.30_tau48_am200.npz
2007-01-19,20,0.2,0.2231435513142097,20,200.0,16.21805737017527,0.2231435513142097,0.22222658280224028,0.0009169685119694293,0.0,0.0,0.5,10.0,5000,per_query,2609861478,6.18120145127103e-09,2.369239729028821e-09,81.53270014853635,0.6375380238063435,160.42393059201376,0.002,instanton_2007-01-19_T20_delta0.20_tau20_am200.npz
2007-01-19,20,0.3,0.35667494393873245,20,200.0,34.24829550999444,0.35667494393873245,0.35602375749503157,0.0006511864437008796,0.0,0.0,0.5,10.0,5000,per_query,3663186270,0.0,0.0,28.71075977296947,0.9739161565828607,626.6585310143608,0.0,instanton_2007-01-19_T20_delta0.30_tau20_am200.npz
2007-01-19,60,0.2,0.2231435513142097,30,200.0,10.871500427344202,0.2231435513142097,0.2211934228721839,0.0019501284420258003,0.0,0.0,0.5,10.0,5000,per_query,3271675429,0.001054947408100881,0.0002292045460030396,29.98630382441573,0.9596538748687788,822.3796471604935,0.0774,instanton_2007-01-19_T60_delta0.20_tau30_am200.npz
2007-01-19,60,0.3,0.35667494393873245,35,200.0,19.591103706726827,0.35667494393873245,0.35471936208235366,0.0019555818563787852,0.0,0.0,0.5,10.0,5000,per_query,4113385911,6.379298044101941e-07,2.891841522954549e-07,29.351042241211868,0.9266526091447634,458.09382463558654,0.012,instanton_2007-01-19_T60_delta0.30_tau35_am200.npz
2007-01-22,20,0.2,0.2231435513142097,20,200.0,15.8519689470644,0.2231435513142097,0.22268447918154077,0.0004590721326689362,0.0,0.0,0.5,10.0,5000,per_query,572163269,4.558371100157952e-09,2.338615661839309e-09,32.351958647567294,1.029541169075757,550.862617993706,0.0008,instanton_2007-01-22_T20_delta0.20_tau20_am200.npz
2007-01-22,20,0.3,0.35667494393873245,20,200.0,33.782729652811845,0.35667494393873245,0.3563497178763475,0.00032522606238494234,0.0,0.0,0.5,10.0,5000,per_query,4151699458,0.0,0.0,46.79566855651132,0.7828895846924403,374.3650279561227,0.0,instanton_2007-01-22_T20_delta0.30_tau20_am200.npz
2007-01-22,60,0.2,0.2231435513142097,49,200.0,6.66860754560707,0.2231435513142097,0.22127111570116487,0.0018724356130448427,0.0,0.0,0.5,10.0,5000,per_query,3168214251,0.0007899313613607423,6.387224528687154e-05,273.04013249859963,1.007175212490211,185.10652444122167,0.0698,instanton_2007-01-22_T60_delta0.20_tau49_am200.npz
2007-01-22,60,0.3,0.35667494393873245,56,200.0,12.288300665499833,0.35667494393873245,0.3547840131854656,0.0018909307532668507,0.0,0.0,0.5,10.0,5000,per_query,3372822781,9.823009554319003e-07,1.6295420458634642e-07,76.33267629292251,0.9379620691450345,369.8031920164326,0.0102,instanton_2007-01-22_T60_delta0.30_tau56_am200.npz
2007-01-23,20,0.2,0.2231435513142097,20,200.0,16.120126446263452,0.2231435513142097,0.2222598225522212,0.0008837287619885004,0.0,0.0,0.5,10.0,5000,per_query,1482565694,6.777659258420045e-09,2.6564328378640637e-09,62.612265372673974,0.7214879200261103,271.4988659371302,0.0018,instanton_2007-01-23_T20_delta0.20_tau20_am200.npz
2007-01-23,20,0.3,0.35667494393873245,20,200.0,34.078710479219666,0.35667494393873245,0.3560474543031784,0.0006274896355540349,0.0,0.0,0.5,10.0,5000,per_query,2465008683,0.0,0.0,71.24049802054348,0.7871576674462056,215.85866020172924,0.0,instanton_2007-01-23_T20_delta0.30_tau20_am200.npz
2007-01-23,60,0.2,0.2231435513142097,31,200.0,10.46797484397344,0.2231435513142097,0.22116150236521648,0.0019820489489932314,0.0,0.0,0.5,10.0,5000,per_query,4027658755,0.0005202519724231781,6.50677574380353e-05,37.08771805409783,1.1916194721956812,845.9190611556961,0.0712,instanton_2007-01-23_T60_delta0.20_tau31_am200.npz
2007-01-23,60,0.3,0.35667494393873245,36,200.0,18.96574687177631,0.35667494393873245,0.35469414565787183,0.0019807982808606184,0.0,0.0,0.5,10.0,5000,per_query,2758989604,5.178310347095864e-07,1.4098919378439386e-07,42.12030326058888,0.6929037104771567,315.5283351770256,0.0126,instanton_2007-01-23_T60_delta0.30_tau36_am200.npz
2007-01-24,20,0.2,0.2231435513142097,20,200.0,16.1152709640168,0.2231435513142097,0.22129350013295124,0.001850051181258472,0.0,0.0,0.5,10.0,5000,per_query,791126815,8.866572215919718e-09,3.917942524364025e-09,16.102572398040653,0.9204486405827389,1037.118121264733,0.0024,instanton_2007-01-24_T20_delta0.20_tau20_am200.npz
2007-01-24,20,0.3,0.35667494393873245,20,200.0,33.90848748318123,0.35667494393873245,0.35537021634184107,0.0013047275968913752,0.0,0.0,0.5,10.0,5000,per_query,3372098316,0.0,0.0,59.40032501905873,0.774363881838855,260.6955708751102,0.0,instanton_2007-01-24_T20_delta0.30_tau20_am200.npz
2007-01-24,60,0.2,0.2231435513142097,20,200.0,16.115271105347247,0.2231435513142097,0.22129334822282676,0.0018502030913829515,0.0,0.0,0.5,10.0,5000,per_query,3510644194,0.0006305177714343115,0.0001462590571991301,2.2482119728231917,2.4257188510305427,8070.9383716618195,0.068,instanton_2007-01-24_T60_delta0.20_tau20_am200.npz
2007-01-24,60,0.3,0.35667494393873245,24,200.0,28.209104493610027,0.35667494393873245,0.3547069307369721,0.0019680132017603214,0.0,0.0,0.5,10.0,5000,per_query,1020293880,1.7756811043437196e-07,8.323240965536363e-08,13.712491506989373,0.7858338217171599,977.3907482345746,0.0018,instanton_2007-01-24_T60_delta0.30_tau24_am200.npz
2007-01-25,20,0.2,0.2231435513142097,20,200.0,14.328263252080307,0.2231435513142097,0.22300990627349027,0.0001336450407194434,0.0,0.0,0.5,10.0,5000,per_query,1896827881,4.3292818691438366e-08,1.0512344282896144e-08,20.555185275838685,1.1771094316705024,936.7050786314738,0.0042,instanton_2007-01-25_T20_delta0.20_tau20_am200.npz
2007-01-25,20,0.3,0.35667494393873245,20,200.0,31.37502095840955,0.35667494393873245,0.35658410891703785,9.083502169460189e-05,0.0,0.0,0.5,10.0,5000,per_query,2956109954,0.0,0.0,85.14887475409374,0.7248494485112136,148.08973722432847,0.0,instanton_2007-01-25_T20_delta0.30_tau20_am200.npz
2007-01-25,60,0.2,0.2231435513142097,60,200.0,5.072458702837236,0.2231435513142097,0.22232140065730643,0.0008221506569032755,0.0,0.0,0.5,10.0,5000,per_query,1137785460,0.0011244097646042458,7.488976725311339e-05,786.6579992740398,0.9268611768736564,41.291347321903814,0.0644,instanton_2007-01-25_T60_delta0.20_tau60_am200.npz
2007-01-25,60,0.3,0.35667494393873245,60,200.0,10.777359114620422,0.35667494393873245,0.356026584215023,0.0006483597237094685,0.0,0.0,0.5,10.0,5000,per_query,3700622522,2.010757164216602e-06,3.376772920426301e-07,141.97858674444694,0.8371251972839189,151.27245286474482,0.0096,instanton_2007-01-25_T60_delta0.30_tau60_am200.npz
2007-01-26,20,0.2,0.2231435513142097,20,200.0,14.399507583535096,0.2231435513142097,0.2230314009189902,0.00011215039521950132,0.0,0.0,0.5,10.0,5000,per_query,3879511957,5.16951944239173e-08,1.529426260954732e-08,60.51143577879955,0.7320920433761248,362.40019069755715,0.0036,instanton_2007-01-26_T20_delta0.20_tau20_am200.npz
2007-01-26,20,0.3,0.35667494393873245,20,100.0,31.344235341542362,0.35667494393873245,0.3547249919163651,0.0019499520223673628,0.0,0.0,0.5,10.0,5000,per_query,3611980156,0.0,0.0,43.2937869055434,0.829304877502365,351.7344168865836,0.0,instanton_2007-01-26_T20_delta0.30_tau20_am100.npz
2007-01-26,60,0.2,0.2231435513142097,60,200.0,5.094523329557757,0.2231435513142097,0.22248059833166867,0.000662952982541043,0.0,0.0,0.5,10.0,5000,per_query,735921743,0.0013378964917577633,8.508243716081415e-05,535.5215711538593,1.0019275290080896,81.7635207708323,0.073,instanton_2007-01-26_T60_delta0.20_tau60_am200.npz
2007-01-26,60,0.3,0.35667494393873245,60,200.0,10.839344544655098,0.35667494393873245,0.3561692380210637,0.0005057059176687417,0.0,0.0,0.5,10.0,5000,per_query,3177794586,1.6961948484485915e-06,2.9077816274341447e-07,78.05339575401688,1.021654310780752,340.9989818638674,0.0094,instanton_2007-01-26_T60_delta0.30_tau60_am200.npz
2007-01-29,20,0.2,0.2231435513142097,20,200.0,14.55787669271271,0.2231435513142097,0.2230424182510662,0.00010113306314352144,0.0,0.0,0.5,10.0,5000,per_query,2027917497,3.133273368415196e-08,9.934429590694519e-09,46.21958397591093,0.9109802365406786,387.91730428580325,0.0026,instanton_2007-01-29_T20_delta0.20_tau20_am200.npz
2007-01-29,20,0.3,0.35667494393873245,20,100.0,31.69489321659757,0.35667494393873245,0.35481695581183903,0.0018579881268934173,0.0,0.0,0.5,10.0,5000,per_query,585947253,0.0,0.0,8.951306128834197,1.1952456998651,1932.7870969862715,0.0,instanton_2007-01-29_T20_delta0.30_tau20_am100.npz
2007-01-29,60,0.2,0.2231435513142097,60,200.0,5.147815438309098,0.2231435513142097,0.22255239068495225,0.0005911606292574589,0.0,0.0,0.5,10.0,5000,per_query,653465882,0.0011735614225886596,7.85935515538025e-05,416.1800848445212,1.010570983019141,148.22464007124015,0.0688,instanton_2007-01-29_T60_delta0.20_tau60_am200.npz
2007-01-29,60,0.3,0.35667494393873245,60,200.0,10.94852540214548,0.35667494393873245,0.3562363671845299,0.0004385767542025576,0.0,0.0,0.5,10.0,5000,per_query,2710474247,2.200249371466976e-06,3.7101131761027215e-07,165.36074613199264,0.8258819550620876,135.1579867359738,0.012,instanton_2007-01-29_T60_delta0.30_tau60_am200.npz
2007-01-30,20,0.2,0.2231435513142097,20,200.0,15.024946118989872,0.2231435513142097,0.22285471176905336,0.0002888395451563497,0.0,0.0,0.5,10.0,5000,per_query,1137421152,1.6452792214768372e-08,5.070858023474664e-09,21.51616790868841,0.9748287783446338,958.2821291102571,0.0028,instanton_2007-01-30_T20_delta0.20_tau20_am200.npz
2007-01-30,20,0.3,0.35667494393873245,20,200.0,32.40387436773629,0.35667494393873245,0.35647518280617785,0.00019976113255459893,0.0,0.0,0.5,10.0,5000,per_query,282032850,0.0,0.0,15.294513469065913,1.1182547647977157,1307.837458735527,0.0,instanton_2007-01-30_T20_delta0.30_tau20_am200.npz
2007-01-30,60,0.2,0.2231435513142097,60,200.0,5.284553549514079,0.2231435513142097,0.2213784922354094,0.0017650590788003129,0.0,0.0,0.5,10.0,5000,per_query,2167252741,0.0010576260131458868,8.31450193585624e-05,121.13677556013907,1.0726904546861753,419.21868781952315,0.0638,instanton_2007-01-30_T60_delta0.20_tau60_am200.npz
2007-01-30,60,0.3,0.35667494393873245,60,200.0,11.095813282992097,0.35667494393873245,0.3551726844055523,0.0015022595331801725,0.0,0.0,0.5,10.0,5000,per_query,428357095,1.6525871760801915e-06,2.6616137818996055e-07,103.53662784438515,0.8693403864781191,225.6107238280564,0.0112,instanton_2007-01-30_T60_delta0.30_tau60_am200.npz
2007-01-31,20,0.2,0.2231435513142097,20,200.0,15.568613790316826,0.2231435513142097,0.22186430677808744,0.0012792445361222704,0.0,0.0,0.5,10.0,5000,per_query,3589240058,1.890809647991479e-08,5.129843711554385e-09,52.60370672551745,0.8232181800226254,301.16713266897693,0.0034,instanton_2007-01-31_T20_delta0.20_tau20_am200.npz
2007-01-31,20,0.3,0.35667494393873245,20,200.0,32.979783205879784,0.35667494393873245,0.3557928197881317,0.0008821241506007382,0.0,0.0,0.5,10.0,5000,per_query,3238209765,0.0,0.0,36.920569515350756,0.8165584887909112,408.52208524908434,0.0,instanton_2007-01-31_T20_delta0.30_tau20_am200.npz
2007-01-31,60,0.2,0.2231435513142097,25,200.0,12.47783887865236,0.2231435513142097,0.22115653603886276,0.0019870152753469483,0.0,0.0,0.5,10.0,5000,per_query,2271902370,0.0019332890820073349,0.0009668107656116078,34.37874048307923,1.0752911232002844,736.7495548206964,0.0716,instanton_2007-01-31_T60_delta0.20_tau25_am200.npz
2007-01-31,60,0.3,0.35667494393873245,29,200.0,22.731082707377336,0.35667494393873245,0.3547344014090985,0.0019405425296339374,0.0,0.0,0.5,10.0,5000,per_query,131885995,3.7987056560416325e-07,1.7306160229534586e-07,23.58961777449475,0.5654693772734666,475.58671363007267,0.0106,instanton_2007-01-31_T60_delta0.30_tau29_am200.npz
2007-02-01,20,0.2,0.2231435513142097,20,200.0,15.511854344508144,0.2231435513142097,0.22134448144985175,0.0017990698643579606,0.0,0.0,0.5,10.0,5000,per_query,208277659,2.45277904237224e-08,1.2683791984129027e-08,14.815030880842846,1.017352742476152,1225.030914862625,0.0034,instanton_2007-02-01_T20_delta0.20_tau20_am200.npz
2007-02-01,20,0.3,0.35667494393873245,20,200.0,32.81196640288458,0.35667494393873245,0.35543557709829177,0.001239366840440681,0.0,0.0,0.5,10.0,5000,per_query,616360508,0.0,0.0,31.945404605943317,0.9847691185522505,530.1817263806278,0.0,instanton_2007-02-01_T20_delta0.30_tau20_am200.npz
2007-02-01,60,0.2,0.2231435513142097,21,200.0,14.773931801198811,0.2231435513142097,0.22114590145694724,0.0019976498572624735,0.0,0.0,0.5,10.0,5000,per_query,3000712854,0.0006619891957544658,0.0002255910416828408,152.68015471951418,0.6772700789387692,115.36071345747138,0.0748,instanton_2007-02-01_T60_delta0.20_tau21_am200.npz
2007-02-01,60,0.3,0.35667494393873245,24,200.0,27.307222984433743,0.35667494393873245,0.35478740223414196,0.0018875417045904896,0.0,0.0,0.5,10.0,5000,per_query,3189246738,2.7365050721940705e-07,1.8713129468658687e-07,30.930062713995888,0.7249788312829111,533.3836328819231,0.002,instanton_2007-02-01_T60_delta0.30_tau24_am200.npz
2007-02-02,20,0.2,0.2231435513142097,20,200.0,15.525941145958528,0.2231435513142097,0.22134505690070494,0.0017984944135047698,0.0,0.0,0.5,10.0,5000,per_query,767773159,1.9582788103209955e-08,8.949281152230288e-09,18.54507816320447,1.0597314475195199,823.3788418587288,0.0022,instanton_2007-02-02_T20_delta0.20_tau20_am200.npz
2007-02-02,20,0.3,0.35667494393873245,20,200.0,32.83764091269549,0.35667494393873245,0.35543417720708614,0.0012407667316463034,0.0,0.0,0.5,10.0,5000,per_query,3440336286,0.0,0.0,77.63315818871224,0.7300981263053603,166.18629939402933,0.0,instanton_2007-02-02_T20_delta0.30_tau20_am200.npz
2007-02-02,60,0.2,0.2231435513142097,21,200.0,14.787310479836561,0.2231435513142097,0.2211467758110297,0.001996775503180004,0.0,0.0,0.5,10.0,5000,per_query,3063089602,0.001985842259682959,0.0009155022852141158,63.72559573923936,0.8852321887833517,321.90853047106594,0.0746,instanton_2007-02-02_T60_delta0.20_tau21_am200.npz
2007-02-02,60,0.3,0.35667494393873245,24,200.0,27.3283405905649,0.35667494393873245,0.3547914098584135,0.0018835340803189382,0.0,0.0,0.5,10.0,5000,per_query,1984140407,1.2154343147847659e-06,7.092795306951035e-07,11.914476922112984,0.981951851929427,1275.6701730957386,0.0032,instanton_2007-02-02_T60_delta0.30_tau24_am200.npz
2007-02-05,20,0.2,0.2231435513142097,20,200.0,15.880912647631131,0.2231435513142097,0.2213133516554633,0.001830199658746423,0.0,0.0,0.5,10.0,5000,per_query,3195845587,5.7382609299586755e-09,2.3841396255847417e-09,20.857661999438232,0.9425218033559671,916.9312244975746,0.0014,instanton_2007-02-05_T20_delta0.20_tau20_am200.npz
2007-02-05,20,0.3,0.35667494393873245,20,200.0,33.48343079258907,0.35667494393873245,0.35539460182859006,0.001280342110142385,0.0,0.0,0.5,10.0,5000,per_query,2959197485,0.0,0.0,13.228368281235378,1.049677306247714,1298.199114775794,0.0,instanton_2007-02-05_T20_delta0.30_tau20_am200.npz
2007-02-05,60,0.2,0.2231435513142097,20,200.0,15.880911924584794,0.2231435513142097,0.2213118732969228,0.0018316780172868974,0.0,0.0,0.5,10.0,5000,per_query,3557426825,0.00038935170479172045,7.202906500027706e-05,48.93567240336335,0.6947044392381023,300.74393547166125,0.0722,instanton_2007-02-05_T60_delta0.20_tau20_am200.npz
2007-02-05,60,0.3,0.35667494393873245,24,200.0,27.85953638671593,0.35667494393873245,0.35473979401492084,0.0019351499238116077,0.0,0.0,0.5,10.0,5000,per_query,4007479116,1.073211393052707e-07,5.432950052014737e-08,42.57347479509145,0.7834231093565234,397.15329926134183,0.0024,instanton_2007-02-05_T60_delta0.30_tau24_am200.npz
2007-02-06,20,0.2,0.2231435513142097,20,200.0,16.001028716533817,0.2231435513142097,0.22130331543834725,0.0018402358758624615,0.0,0.0,0.5,10.0,5000,per_query,1307820129,1.0786605936555233e-08,4.06059454411179e-09,23.822921432045234,0.9509063137205827,871.6624255582833,0.0026,instanton_2007-02-06_T20_delta0.20_tau20_am200.npz
2007-02-06,20,0.3,0.35667494393873245,20,200.0,33.70141547195378,0.35667494393873245,0.3553795959322992,0.0012953480064332723,0.0,0.0,0.5,10.0,5000,per_query,1251549255,0.0,0.0,46.28396495866528,0.75980985252292,354.8864628838184,0.0,instanton_2007-02-06_T20_delta0.30_tau20_am200.npz
2007-02-06,60,0.2,0.2231435513142097,20,200.0,16.001028716533817,0.2231435513142097,0.22130331543834725,0.0018402358758624615,0.0,0.0,0.5,10.0,5000,per_query,2232803582,0.00041861764002069766,0.00010953088435657963,18.723847222325297,1.3639131311460895,1192.0462848663453,0.0626,instanton_2007-02-06_T60_delta0.20_tau20_am200.npz
2007-02-06,60,0.3,0.35667494393873245,24,200.0,28.038812529899346,0.35667494393873245,0.3547235465662455,0.0019513973724869516,0.0,0.0,0.5,10.0,5000,per_query,3409943687,1.9691369695757762e-07,1.1491487187150813e-07,5.074844210178131,0.9956665121584669,2158.891389418999,0.0024,instanton_2007-02-06_T60_delta0.30_tau24_am200.npz
2007-02-07,20,0.2,0.2231435513142097,20,200.0,15.977487254767508,0.2231435513142097,0.22130560957960288,0.0018379417346068294,0.0,0.0,0.5,10.0,5000,per_query,4254825354,6.517760234810949e-09,2.7875977517580006e-09,67.97795545117226,0.8253680804608828,259.5236370868293,0.0014,instanton_2007-02-07_T20_delta0.20_tau20_am200.npz
2007-02-07,20,0.3,0.35667494393873245,20,200.0,33.65871702289145,0.35667494393873245,0.35538340154253323,0.001291542396199219,0.0,0.0,0.5,10.0,5000,per_query,571553577,0.0,0.0,15.792328202039718,1.0602549145590283,1173.8493013317511,0.0,instanton_2007-02-07_T20_delta0.30_tau20_am200.npz
2007-02-07,60,0.2,0.2231435513142097,20,200.0,15.977487254767508,0.2231435513142097,0.22130560957960288,0.0018379417346068294,0.0,0.0,0.5,10.0,5000,per_query,3460430854,0.0008041310416058395,0.0004293193857251552,30.301108775873228,0.9184908631110705,698.045409650047,0.0596,instanton_2007-02-07_T60_delta0.20_tau20_am200.npz
2007-02-07,60,0.3,0.35667494393873245,24,200.0,28.00369465676453,0.35667494393873245,0.3547247720158664,0.0019501719228660619,0.0,0.0,0.5,10.0,5000,per_query,4146013870,4.482193033817706e-07,2.9282988028562237e-07,8.499335007828984,1.1769227750531828,1935.4568923756096,0.003,instanton_2007-02-07_T60_delta0.30_tau24_am200.npz
2007-02-08,20,0.2,0.2231435513142097,20,200.0,15.915198511899368,0.2231435513142097,0.2218173983506091,0.001326152963600613,0.0,0.0,0.5,10.0,5000,per_query,728209025,1.1075291855714393e-08,4.660391370609898e-09,24.341176191883793,1.2839926543285478,977.6601314590928,0.0024,instanton_2007-02-08_T20_delta0.20_tau20_am200.npz
2007-02-08,20,0.3,0.35667494393873245,20,200.0,33.60700159643413,0.35667494393873245,0.3557482133916636,0.0009267305470688214,0.0,0.0,0.5,10.0,5000,per_query,1015421045,0.0,0.0,19.203358614360884,1.0950036179489737,1063.4748416524988,0.0,instanton_2007-02-08_T20_delta0.30_tau20_am200.npz
2007-02-08,60,0.2,0.2231435513142097,24,200.0,13.277493989965294,0.2231435513142097,0.2212381321752508,0.0019054191389589192,0.0,0.0,0.5,10.0,5000,per_query,321835855,0.0005023534172866364,0.00010327063642139884,71.92546041714218,0.8475874634472026,326.1486837173335,0.068,instanton_2007-02-08_T60_delta0.20_tau24_am200.npz
2007-02-08,60,0.3,0.35667494393873245,28,200.0,23.975912634298297,0.35667494393873245,0.3547827239110797,0.001892220027652769,0.0,0.0,0.5,10.0,5000,per_query,3638066787,6.290592452788248e-07,2.854395347967127e-07,19.07444066501219,0.5611172437102341,511.7547467168133,0.009,instanton_2007-02-08_T60_delta0.30_tau28_am200.npz
2007-02-09,20,0.2,0.2231435513142097,20,200.0,14.927671788360069,0.2231435513142097,0.2228933888980702,0.00025016241613950996,0.0,0.0,0.5,10.0,5000,per_query,258366864,2.7906305421882183e-08,7.323326566459725e-09,39.69227951730861,0.8818053245517411,583.8930503528594,0.0032,instanton_2007-02-09_T20_delta0.20_tau20_am200.npz
2007-02-09,20,0.3,0.35667494393873245,20,200.0,32.273229533457446,0.35667494393873245,0.3565024440999549,0.00017249983877754005,0.0,0.0,0.5,10.0,5000,per_query,1176520743,0.0,0.0,27.15735101393897,1.0979504165777911,644.9442905168635,0.0,instanton_2007-02-09_T20_delta0.30_tau20_am200.npz
2007-02-09,60,0.2,0.2231435513142097,60,200.0,5.261920844277731,0.2231435513142097,0.2214738946568664,0.0016696566573433103,0.0,0.0,0.5,10.0,5000,per_query,2292624270,0.0010981660266418786,8.32622320373496e-05,92.11925492141584,1.1687377180483294,513.5934179954372,0.0628,instanton_2007-02-09_T60_delta0.20_tau60_am200.npz
2007-02-09,60,0.3,0.35667494393873245,60,200.0,11.051827719610305,0.35667494393873245,0.3554848843154357,0.0011900596232967686,0.0,0.0,0.5,10.0,5000,per_query,1324670515,2.302467863698647e-06,5.337641330315043e-07,73.68455541686416,1.0060711825917017,432.7078552457539,0.011,instanton_2007-02-09_T60_delta0.30_tau60_am200.npz
2007-02-12,20,0.2,0.2231435513142097,20,200.0,14.786057843311434,0.2231435513142097,0.22301722378621402,0.00012632752799568436,0.0,0.0,0.5,10.0,5000,per_query,4139461936,2.8491846828791582e-08,8.018118662187358e-09,9.10779114595335,1.2456401746040038,2009.753393951844,0.0032,instanton_2007-02-12_T20_delta0.20_tau20_am200.npz
2007-02-12,20,0.3,0.35667494393873245,20,200.0,32.26661023530957,0.35667494393873245,0.3565877542248792,8.718971385324181e-05,0.0,0.0,0.5,10.0,5000,per_query,935144135,0.0,0.0,23.194418731572373,1.1154345082120063,700.1778640224472,0.0,instanton_2007-02-12_T20_delta0.30_tau20_am200.npz
2007-02-12,60,0.2,0.2231435513142097,60,200.0,5.219749992374052,0.2231435513142097,0.2224376751622792,0.0007058761519305179,0.0,0.0,0.5,10.0,5000,per_query,1783845524,0.0011783109970191035,7.535724861538939e-05,700.5891977603839,0.9236072969287145,38.69406159973281,0.073,instanton_2007-02-12_T60_delta0.20_tau60_am200.npz
2007-02-12,60,0.3,0.35667494393873245,60,200.0,11.055461598039454,0.35667494393873245,0.35608514055647955,0.0005898033822528959,0.0,0.0,0.5,10.0,5000,per_query,2364979819,1.4300657486368677e-06,2.97416663044494e-07,94.28445234498028,0.9449315935575822,262.9374101022219,0.0078,instanton_2007-02-12_T60_delta0.30_tau60_am200.npz
2007-02-13,20,0.2,0.2231435513142097,20,200.0,15.350081259284027,0.2231435513142097,0.2224161896835568,0.0007273616306529007,0.0,0.0,0.5,10.0,5000,per_query,3147715561,1.641260936409535e-08,4.97116215083216e-09,11.861881880885191,1.323339387910721,1620.7998446683384,0.0028,instanton_2007-02-13_T20_delta0.20_tau20_am200.npz
2007-02-13,20,0.3,0.35667494393873245,20,200.0,32.71517966952618,0.35667494393873245,0.3561734322424863,0.0005015116962461263,0.0,0.0,0.5,10.0,5000,per_query,1591314931,0.0,0.0,10.621482282162345,0.9919914458889467,1445.4401194285933,0.0,instanton_2007-02-13_T20_delta0.30_tau20_am200.npz
2007-02-13,60,0.2,0.2231435513142097,35,200.0,8.880222789399896,0.2231435513142097,0.2211499070206555,0.0019936442935541976,0.0,0.0,0.5,10.0,5000,per_query,1061319234,0.0011357251830830637,0.00012435862235076189,131.43730950296256,1.0346416412407073,203.5775171587535,0.0926,instanton_2007-02-13_T60_delta0.20_tau35_am200.npz
2007-02-13,60,0.3,0.35667494393873245,42,200.0,15.694967635916157,0.35667494393873245,0.354703695423944,0.0019712485147884706,0.0,0.0,0.5,10.0,5000,per_query,955155334,1.634606667738804e-06,6.296015197143494e-07,25.214511371607184,0.9219444321259013,641.7730601161412,0.0128,instanton_2007-02-13_T60_delta0.30_tau42_am200.npz
2007-02-14,20,0.2,0.2231435513142097,20,200.0,15.471402503597314,0.2231435513142097,0.22134349051290236,0.001800060801307346,0.0,0.0,0.5,10.0,5000,per_query,670791634,2.6379901007773883e-08,7.51455269980218e-09,12.627813627419327,1.079799006153096,1444.267645039649,0.003,instanton_2007-02-14_T20_delta0.20_tau20_am200.npz
2007-02-14,20,0.3,0.35667494393873245,20,200.0,32.73821278111219,0.35667494393873245,0.3554366570735725,0.001238286865159921,0.0,0.0,0.5,10.0,5000,per_query,2162588841,0.0,0.0,24.880935019508954,0.8987722813847515,646.5348219689971,0.0,instanton_2007-02-14_T20_delta0.30_tau20_am200.npz
2007-02-14,60,0.2,0.2231435513142097,21,200.0,14.735507894707919,0.2231435513142097,0.22115716804723107,0.001986383266978642,0.0,0.0,0.5,10.0,5000,per_query,3800289942,0.0015895594529371927,0.0010447437108691163,33.01785433306761,1.2765232980375745,630.9897158309416,0.0768,instanton_2007-02-14_T60_delta0.20_tau21_am200.npz
2007-02-14,60,0.3,0.35667494393873245,24,200.0,27.24654743802612,0.35667494393873245,0.3548016810754113,0.0018732628633211235,0.0,0.0,0.5,10.0,5000,per_query,293642561,2.720909616439749e-07,1.2085254820432322e-07,22.93538326399812,0.6326235851763311,557.39604213598,0.0034,instanton_2007-02-14_T60_delta0.30_tau24_am200.npz
2007-02-15,20,0.2,0.2231435513142097,20,200.0,15.523619357740989,0.2231435513142097,0.22134570845578594,0.0017978428584237705,0.0,0.0,0.5,10.0,5000,per_query,618733702,9.953578193979969e-09,3.3901086230883926e-09,5.628259051706101,1.0941602945075777,2272.3964234380196,0.0022,instanton_2007-02-15_T20_delta0.20_tau20_am200.npz
2007-02-15,20,0.3,0.35667494393873245,20,200.0,32.83340963927606,0.35667494393873245,0.35543498236184057,0.0012399615768918792,0.0,0.0,0.5,10.0,5000,per_query,3043071422,0.0,0.0,8.69261864742521,1.3865646209666334,2041.8139082628518,0.0,instanton_2007-02-15_T20_delta0.30_tau20_am200.npz
2007-02-15,60,0.2,0.2231435513142097,21,200.0,14.78510432402928,0.2231435513142097,0.22114916122421935,0.001994390089990361,0.0,0.0,0.5,10.0,5000,per_query,1355090815,0.0006527782589346042,0.00011415460557663347,60.491963116211615,0.8231021034469068,309.8021556707683,0.0778,instanton_2007-02-15_T60_delta0.20_tau21_am200.npz
2007-02-15,60,0.3,0.35667494393873245,24,200.0,27.32486005024848,0.35667494393873245,0.35478720391310503,0.0018877400256274157,0.0,0.0,0.5,10.0,5000,per_query,1075723523,2.1485651038793264e-07,1.519510623854542e-07,27.401524521061965,0.866780029471426,554.4837315396354,0.0026,instanton_2007-02-15_T60_delta0.30_tau24_am200.npz
2007-02-16,20,0.2,0.2231435513142097,20,200.0,15.503099198149616,0.2231435513142097,0.2215453440449453,0.0015982072692644067,0.0,0.0,0.5,10.0,5000,per_query,1269394811,1.2608376686421366e-08,4.443843964596715e-09,74.86860876616393,0.7331231867001093,231.51448825964383,0.0026,instanton_2007-02-16_T20_delta0.20_tau20_am200.npz
2007-02-16,20,0.3,0.35667494393873245,20,200.0,32.81677767512144,0.35667494393873245,0.3555799162689741,0.0010950276697583305,0.0,0.0,0.5,10.0,5000,per_query,2426716658,0.0,0.0,20.550505600500028,0.891732692759679,706.3132238301869,0.0,instanton_2007-02-16_T20_delta0.30_tau20_am200.npz
2007-02-16,60,0.2,0.2231435513142097,22,200.0,14.098396549407338,0.2231435513142097,0.2212059876981991,0.001937563616010607,0.0,0.0,0.5,10.0,5000,per_query,1011405066,0.008745843407837751,0.006965692475678569,95.6636005456161,0.6991999537048454,239.73314120631886,0.0688,instanton_2007-02-16_T60_delta0.20_tau22_am200.npz
2007-02-16,60,0.3,0.35667494393873245,26,200.0,25.211240465348645,0.35667494393873245,0.3547198645134948,0.001955079425237649,0.0,0.0,0.5,10.0,5000,per_query,5485808,7.903699414166597e-07,6.639737749159919e-07,11.619720465943121,0.764628042877332,850.7699624600558,0.005,instanton_2007-02-16_T60_delta0.30_tau26_am200.npz
2007-02-20,20,0.2,0.2231435513142097,20,200.0,15.570752566781927,0.2231435513142097,0.22133342714778337,0.0018101241664263412,0.0,0.0,0.5,10.0,5000,per_query,3379845028,2.1738832628774695e-08,5.740453362698228e-09,17.34406709519007,0.8973597547569758,1007.6184659834124,0.004,instanton_2007-02-20_T20_delta0.20_tau20_am200.npz
2007-02-20,20,0.3,0.35667494393873245,20,200.0,32.91930363601807,0.35667494393873245,0.3554308916170159,0.0012440523217165378,0.0,0.0,0.5,10.0,5000,per_query,1405867377,0.0,0.0,18.159137223008596,1.1609664291547854,1000.2129508068127,0.0,instanton_2007-02-20_T20_delta0.30_tau20_am200.npz
2007-02-20,60,0.2,0.2231435513142097,21,200.0,14.829881311554152,0.2231435513142097,0.22114806824961253,0.001995483064597181,0.0,0.0,0.5,10.0,5000,per_query,1080591904,0.0008139452257492801,0.00019680514742246834,40.97911363313662,0.8535364780542446,471.8266932788911,0.0746,instanton_2007-02-20_T60_delta0.20_tau21_am200.npz
2007-02-20,60,0.3,0.35667494393873245,24,200.0,27.39551943027233,0.35667494393873245,0.3547810011331798,0.001893942805552662,0.0,0.0,0.5,10.0,5000,per_query,239553046,1.5225018848361838e-07,7.103686099785271e-08,3.7937933447926175,1.644810952504288,4093.8762605805614,0.0022,instanton_2007-02-20_T60_delta0.30_tau24_am200.npz
2007-02-21,20,0.2,0.2231435513142097,20,200.0,15.582977417142903,0.2231435513142097,0.22151629527075745,0.0016272560434522632,0.0,0.0,0.5,10.0,5000,per_query,1138187109,1.7101098217991556e-08,4.7462242167284105e-09,21.405118247044026,1.214142882887832,1004.5086065870531,0.0034,instanton_2007-02-21_T20_delta0.20_tau20_am200.npz
2007-02-21,20,0.3,0.35667494393873245,20,200.0,32.95931893107077,0.35667494393873245,0.35554959777532247,0.0011253461634099793,0.0,0.0,0.5,10.0,5000,per_query,2246947984,0.0,0.0,29.912538326199144,1.2266782988375369,563.4433834793379,0.0,instanton_2007-02-21_T20_delta0.30_tau20_am200.npz
2007-02-21,60,0.2,0.2231435513142097,22,200.0,14.170316706739191,0.2231435513142097,0.2211612047046856,0.0019823466095241216,0.0,0.0,0.5,10.0,5000,per_query,526052012,0.005335273932419869,0.004197277882956413,33.48319432167021,0.9495780046515924,587.9929446073387,0.079,instanton_2007-02-21_T60_delta0.20_tau22_am200.npz
2007-02-21,60,0.3,0.35667494393873245,25,200.0,26.33212908405613,0.35667494393873245,0.35481622190683915,0.0018587220318933007,0.0,0.0,0.5,10.0,5000,per_query,1691752864,8.20950763091324e-07,5.258358740866294e-07,38.1647912489004,0.6000710216787699,349.24276870052205,0.0054,instanton_2007-02-21_T60_delta0.30_tau25_am200.npz
2007-02-22,20,0.2,0.2231435513142097,20,200.0,15.871622688747342,0.2231435513142097,0.22177343692931384,0.0013701143848958708,0.0,0.0,0.5,10.0,5000,per_query,2353986351,4.6135788462795366e-09,1.7609950921132056e-09,40.36311933896417,0.7675481429827193,483.6332157321272,0.0016,instanton_2007-02-22_T20_delta0.20_tau20_am200.npz
2007-02-22,20,0.3,0.35667494393873245,20,200.0,33.52051516881292,0.35667494393873245,0.35572038301036635,0.0009545609283660994,0.0,0.0,0.5,10.0,5000,per_query,1853884935,0.0,0.0,49.87772938128019,0.7737298660086473,442.1306643861612,0.0,instanton_2007-02-22_T20_delta0.30_tau20_am200.npz
2007-02-22,60,0.2,0.2231435513142097,24,200.0,13.240370038078428,0.2231435513142097,0.22118079709743999,0.0019627542167697243,0.0,0.0,0.5,10.0,5000,per_query,720793395,0.00038954911077849856,5.2830463819998556e-05,38.295858009099035,1.0941393997697102,622.8399765691586,0.0778,instanton_2007-02-22_T60_delta0.20_tau24_am200.npz
2007-02-22,60,0.3,0.35667494393873245,28,200.0,23.913632339582712,0.35667494393873245,0.35472756671035466,0.001947377228377789,0.0,0.0,0.5,10.0,5000,per_query,96957093,3.188818647291411e-05,3.1664064975522074e-05,35.70007530588608,0.793205614559666,359.276464639585,0.0072,instanton_2007-02-22_T60_delta0.30_tau28_am200.npz
2007-02-23,20,0.2,0.2231435513142097,20,200.0,16.190841602355388,0.2231435513142097,0.2225731694516595,0.0005703818625502066,0.0,0.0,0.5,10.0,5000,per_query,1219097490,1.257618144021742e-08,3.642274111352326e-09,51.43998611830185,0.9230211826465089,424.6904393503463,0.0028,instanton_2007-02-23_T20_delta0.20_tau20_am200.npz
2007-02-23,20,0.3,0.35667494393873245,20,200.0,34.33719881436518,0.35667494393873245,0.35626817258118226,0.0004067713575501841,0.0,0.0,0.5,10.0,5000,per_query,3828139971,0.0,0.0,87.66850221745834,0.7159455303123194,225.62533590314825,0.0,instanton_2007-02-23_T20_delta0.30_tau20_am200.npz
2007-02-23,60,0.2,0.2231435513142097,41,200.0,8.041986951626743,0.2231435513142097,0.22118102217503477,0.00196252913917494,0.0,0.0,0.5,10.0,5000,per_query,3153426536,0.0007423600081373108,7.348224420239939e-05,116.29099817523984,0.9911496165021643,351.6726583018382,0.0738,instanton_2007-02-23_T60_delta0.20_tau41_am200.npz
2007-02-23,60,0.3,0.35667494393873245,50,200.0,13.893956967927076,0.35667494393873245,0.35471558478068577,0.0019593591580466807,0.0,0.0,0.5,10.0,5000,per_query,4030584647,1.4422775043148134e-06,4.3850494049589193e-07,67.78479665084464,0.919252342690371,245.92887882344976,0.0106,instanton_2007-02-23_T60_delta0.30_tau50_am200.npz
2007-02-26,20,0.2,0.2231435513142097,20,200.0,16.09112356772844,0.2231435513142097,0.22267581536654202,0.0004677359476676912,0.0,0.0,0.5,10.0,5000,per_query,4031042888,4.4529586589469066e-09,2.0355655314466313e-09,37.19594561405411,1.0300962783846497,613.646484409375,0.0012,instanton_2007-02-26_T20_delta0.20_tau20_am200.npz
2007-02-26,20,0.3,0.35667494393873245,20,200.0,34.217445703227106,0.35667494393873245,0.35634107329428755,0.0003338706444449002,0.0,0.0,0.5,10.0,5000,per_query,2259578467,0.0,0.0,17.170548858881507,1.207530766219409,1173.645909921028,0.0,instanton_2007-02-26_T20_delta0.30_tau20_am200.npz
2007-02-26,60,0.2,0.2231435513142097,50,200.0,6.633292229425043,0.2231435513142097,0.22115022131186368,0.0019933300023460276,0.0,0.0,0.5,10.0,5000,per_query,3847888921,0.0008261701759792493,9.330319326726075e-05,297.4170713883991,0.9692146920030711,124.1393245279466,0.068,instanton_2007-02-26_T60_delta0.20_tau50_am200.npz
2007-02-26,60,0.3,0.35667494393873245,55,200.0,12.647756617952417,0.35667494393873245,0.354804153587299,0.001870790351433449,0.0,0.0,0.5,10.0,5000,per_query,2725164039,7.687763143271087e-07,1.38158305925263e-07,55.1294571437187,1.0987561362012006,409.16746448640845,0.0102,instanton_2007-02-26_T60_delta0.30_tau55_am200.npz
2007-02-27,20,0.2,0.2231435513142097,20,100.0,6.703657733263017,0.2231435513142106,0.22305626749445295,8.728381975675603e-05,0.0,8.881784197001252e-16,0.5,10.0,5000,per_query,416649324,0.00015675671603746185,1.574662122519144e-05,382.00559856584147,0.9509698423258244,95.98899780922835,0.035,instanton_2007-02-27_T20_delta0.20_tau20_am100.npz
2007-02-27,20,0.3,0.35667494393873245,20,100.0,17.941635102572512,0.35667494393873245,0.3566249096253076,5.0034313424873744e-05,0.0,0.0,0.5,10.0,5000,per_query,868831086,4.427531777751401e-10,2.7836971534834986e-10,12.066425352553555,1.5859831950309582,1538.0208817207945,0.0006,instanton_2007-02-27_T20_delta0.30_tau20_am100.npz
2007-02-27,60,0.2,0.2231435513142097,60,100.0,2.5070085676880085,0.2231435513142097,0.2227538305441632,0.00038972077004650885,0.0,0.0,0.5,10.0,5000,per_query,905860457,0.021344297264042775,0.0008042030304607737,1345.9688262421155,1.0104330488503306,53.25081758376702,0.1696,instanton_2007-02-27_T60_delta0.20_tau60_am100.npz
2007-02-27,60,0.3,0.35667494393873245,60,100.0,6.39413495843612,0.35667494393873245,0.3564366981167062,0.00023824582202625066,0.0,0.0,0.5,10.0,5000,per_query,2278876225,0.00026161483267604326,2.2879918646803507e-05,372.0534006631511,0.9621759654875699,98.32568510237928,0.0434,instanton_2007-02-27_T60_delta0.30_tau60_am100.npz
2007-02-28,20,0.2,0.2231435513142097,20,100.0,7.243348386752639,0.2231435513142097,0.22291604610164395,0.0002275052125657595,0.0,0.0,0.5,10.0,5000,per_query,650592516,7.719911160295321e-05,9.4806924554384e-06,207.66563762880463,0.9613872007910408,186.18297725620803,0.0258,instanton_2007-02-28_T20_delta0.20_tau20_am100.npz
2007-02-28,20,0.3,0.35667494393873245,20,100.0,18.561930912061126,0.35667494393873245,0.3565412821017171,0.00013366183701535306,0.0,0.0,0.5,10.0,5000,per_query,2533680815,1.8463133374528297e-11,1.8463133374528294e-11,57.055248816262534,0.8327540220242543,339.4210205418191,0.0002,instanton_2007-02-28_T20_delta0.30_tau20_am100.npz
2007-02-28,60,0.2,0.2231435513142097,60,100.0,2.693359207036796,0.2231435513142106,0.22205964214594864,0.0010839091682610658,0.0,8.881784197001252e-16,0.5,10.0,5000,per_query,2650575968,0.016923633436554526,0.0007009765904910407,1365.8254985846813,1.0147682464424541,32.15668735237099,0.152,instanton_2007-02-28_T60_delta0.20_tau60_am100.npz
2007-02-28,60,0.3,0.35667494393873245,60,100.0,6.60512299490596,0.35667494393873245,0.35601072628294705,0.0006642176557853929,0.0,0.0,0.5,10.0,5000,per_query,1492979199,0.00016008145985989004,1.4345915874873242e-05,305.8910630079758,0.9662506544561559,108.65055190936376,0.034,instanton_2007-02-28_T60_delta0.30_tau60_am100.npz
2007-03-01,20,0.2,0.2231435513142097,20,100.0,7.113558846133979,0.2231435513142097,0.22297152573503265,0.00017202557917705974,0.0,0.0,0.5,10.0,5000,per_query,1668055161,9.58226191360998e-05,9.423656489706094e-06,85.82664700223376,1.1612258056444216,420.53900933257734,0.0304,instanton_2007-03-01_T20_delta0.20_tau20_am100.npz
2007-03-01,20,0.3,0.35667494393873245,20,100.0,18.444927436879908,0.35667494393873245,0.35657449634415883,0.00010044759457361607,0.0,0.0,0.5,10.0,5000,per_query,2550718015,2.1627160396859975e-10,2.1627160396859975e-10,59.48189503039508,0.8494855241293812,322.7471905239008,0.0002,instanton_2007-03-01_T20_delta0.30_tau20_am100.npz
2007-03-01,60,0.2,0.2231435513142097,60,100.0,2.6491409106770525,0.2231435513142106,0.2223417291791776,0.0008018221350321042,0.0,8.881784197001252e-16,0.5,10.0,5000,per_query,4195107521,0.018135407967607618,0.0007485611624867615,1249.750995120656,0.9877780020500558,41.49012904533007,0.1598,instanton_2007-03-01_T60_delta0.20_tau60_am100.npz
2007-03-01,60,0.3,0.35667494393873245,60,100.0,6.565101449245484,0.35667494393873245,0.3561826141000237,0.0004923298387087272,0.0,0.0,0.5,10.0,5000,per_query,4118269388,0.00016784678911459895,1.5004648420905437e-05,221.19268385115666,0.9875930767420413,230.64661323399508,0.0366,instanton_2007-03-01_T60_delta0.30_tau60_am100.npz
2007-03-02,20,0.2,0.2231435513142097,20,100.0,5.981976118651672,0.2231435513142106,0.22309442969531013,4.912161889958355e-05,0.0,8.881784197001252e-16,0.5,10.0,5000,per_query,423362789,0.00036325615329137846,2.706144042900102e-05,220.53811671077713,1.0373501872566495,225.39112616868678,0.0474,instanton_2007-03-02_T20_delta0.20_tau20_am100.npz
2007-03-02,20,0.3,0.35667494393873245,20,50.0,16.41358519922486,0.35667494393873245,0.3547251325163341,0.001949811422398362,0.0,0.0,0.5,10.0,5000,per_query,1293537244,8.16298170658773e-09,2.4620473111796216e-09,17.55415691739785,1.0314578164342971,1017.4939323783861,0.0026,instanton_2007-03-02_T20_delta0.30_tau20_am50.npz
2007-03-02,60,0.2,0.2231435513142097,60,100.0,2.2547816259442537,0.2231435513142106,0.22293139010847263,0.00021216120573708253,0.0,8.881784197001252e-16,0.5,10.0,5000,per_query,2809347695,0.029089196138952257,0.0010109031812296574,1776.2719103121683,0.9725315477152917,15.903326940568157,0.19,instanton_2007-03-02_T60_delta0.20_tau60_am100.npz
2007-03-02,60,0.3,0.35667494393873245,60,100.0,5.9397523514362955,0.35667494393873245,0.35654518223620535,0.00012976170252709807,0.0,0.0,0.5,10.0,5000,per_query,2162206030,0.0004652918154758511,3.697001183208126e-05,281.09591744017416,1.0606261188048418,176.94914375857172,0.0524,instanton_2007-03-02_T60_delta0.30_tau60_am100.npz
2007-03-05,20,0.2,0.2231435513142097,20,100.0,5.25116166911421,0.2231435513142097,0.22312354032263304,2.0010991576668857e-05,0.0,0.0,0.5,10.0,5000,per_query,3475840562,0.0008281030169711164,5.1394740769184074e-05,548.9662347595894,0.9955721364906979,56.63593211463199,0.0632,instanton_2007-03-05_T20_delta0.20_tau20_am100.npz
2007-03-05,20,0.3,0.35667494393873245,20,50.0,15.250673850279128,0.35667494393873245,0.3554603722274976,0.0012145717112348464,0.0,0.0,0.5,10.0,5000,per_query,473213045,1.5704411598312186e-08,4.736505850229079e-09,29.278449767462018,0.8307726565540042,695.2346337122012,0.0028,instanton_2007-03-05_T20_delta0.30_tau20_am50.npz
2007-03-05,60,0.2,0.2231435513142097,60,100.0,1.9969116909974456,0.2231435513142106,0.22306013250722856,8.341880698115034e-05,0.0,8.881784197001252e-16,0.5,10.0,5000,per_query,47734590,0.038705286416336,0.001249634064010324,1871.742680069441,0.9957367335432588,25.253467005170304,0.2078,instanton_2007-03-05_T60_delta0.20_tau60_am100.npz
2007-03-05,60,0.3,0.35667494393873245,60,100.0,5.521108256677927,0.35667494393873245,0.35662588654774563,4.9057390986817495e-05,0.0,0.0,0.5,10.0,5000,per_query,3642493508,0.0005997506113492563,4.2367504948545585e-05,509.97217738661635,0.9755320251563182,63.45739887201557,0.0538,instanton_2007-03-05_T60_delta0.30_tau60_am100.npz
2007-03-06,20,0.2,0.2231435513142097,20,100.0,5.81892126757783,0.2231435513142097,0.22304768824805965,9.586306615005924e-05,0.0,0.0,0.5,10.0,5000,per_query,816723196,0.0003391977193337099,2.6465353478114205e-05,192.78348118102127,1.0736193347538452,296.0980521836216,0.0454,instanton_2007-03-06_T20_delta0.20_tau20_am100.npz
2007-03-06,20,0.3,0.35667494393873245,20,100.0,15.74702054561315,0.35667494393873245,0.3566227906764876,5.2153262244836185e-05,0.0,0.0,0.5,10.0,5000,per_query,794348985,1.234307909420859e-08,3.672083561254041e-09,42.16310716683844,0.8886833209509707,403.9372209739632,0.0028,instanton_2007-03-06_T20_delta0.30_tau20_am100.npz
2007-03-06,60,0.2,0.2231435513142097,60,100.0,2.199752507074879,0.2231435513142106,0.22271018713040647,0.00043336418380324204,0.0,8.881784197001252e-16,0.5,10.0,5000,per_query,2277313453,0.032587098486225465,0.0012159589654320028,1563.9601150368508,1.0219989040370037,24.70793548789531,0.1914,instanton_2007-03-06_T60_delta0.20_tau60_am100.npz
2007-03-06,60,0.3,0.35667494393873245,60,100.0,5.66710632622574,0.35667494393873245,0.35641862571254723,0.0002563182261852148,0.0,0.0,0.5,10.0,5000,per_query,3643772955,0.0004896178170614426,3.4919421966582e-05,399.01124597979174,1.0414822739239133,112.53823816364002,0.052,instanton_2007-03-06_T60_delta0.30_tau60_am100.npz
2007-03-07,20,0.2,0.2231435513142097,20,100.0,5.758291002577574,0.2231435513142106,0.22305647612370727,8.707519050243917e-05,0.0,8.881784197001252e-16,0.5,10.0,5000,per_query,998630695,0.00047546740624860055,3.917086346731905e-05,291.7078312100399,0.9677982663076901,201.2911056074151,0.051,instanton_2007-03-07_T20_delta0.20_tau20_am100.npz
2007-03-07,20,0.3,0.35667494393873245,20,100.0,15.657058053097069,0.35667494393873245,0.3566276756357176,4.726830301482465e-05,0.0,0.0,0.5,10.0,5000,per_query,464835857,1.1884373618458708e-08,4.483894590619573e-09,66.0885560851664,0.7599559383889458,230.34288320982373,0.0024,instanton_2007-03-07_T20_delta0.30_tau20_am100.npz
2007-03-07,60,0.2,0.2231435513142097,60,100.0,2.1785813423933202,0.2231435513142097,0.2227512822845723,0.0003922690296374043,0.0,0.0,0.5,10.0,5000,per_query,2389044581,0.03199606527281425,0.0011383303995265047,1932.1927502258584,0.9933799078631844,21.39169759247152,0.1902,instanton_2007-03-07_T60_delta0.20_tau60_am100.npz
2007-03-07,60,0.3,0.35667494393873245,60,100.0,5.636424442687604,0.35667494393873245,0.356442331191805,0.00023261274692742973,0.0,0.0,0.5,10.0,5000,per_query,1545691011,0.0006029788383031325,4.543718854028322e-05,376.08350399590006,0.970434603531127,100.4595676857004,0.0564,instanton_2007-03-07_T60_delta0.30_tau60_am100.npz
2007-03-08,20,0.2,0.2231435513142097,20,100.0,6.15282064017115,0.2231435513142097,0.2229517203809186,0.000191830933291115,0.0,0.0,0.5,10.0,5000,per_query,237564853,0.0002506067751313023,1.997242713663229e-05,314.17875992782336,0.9515602843150518,147.71451767368768,0.0416,instanton_2007-03-08_T20_delta0.20_tau20_am100.npz
2007-03-08,20,0.3,0.35667494393873245,20,100.0,16.134119912256256,0.35667494393873245,0.3565687254741663,0.00010621846456615458,0.0,0.0,0.5,10.0,5000,per_query,3575408772,2.492502539800994e-09,1.1575010768548776e-09,12.722671550321456,1.3441022791267991,1482.2769233036045,0.0012,instanton_2007-03-08_T20_delta0.30_tau20_am100.npz
2007-03-08,60,0.2,0.2231435513142097,60,100.0,2.3143264453863654,0.2231435513142106,0.22226255189302435,0.0008809994211853578,0.0,8.881784197001252e-16,0.5,10.0,5000,per_query,3147177100,0.02851942348699499,0.001056673417894029,1402.9692885240952,1.0230170701530532,52.47770957763606,0.184,instanton_2007-03-08_T60_delta0.20_tau60_am100.npz
2007-03-08,60,0.3,0.35667494393873245,60,100.0,5.800451630714829,0.35667494393873245,0.3561443171660805,0.0005306267726519209,0.0,0.0,0.5,10.0,5000,per_query,18915175,0.0004891761443156626,3.610355871080274e-05,204.6409626941751,1.0016405021246109,233.6238335716001,0.0498,instanton_2007-03-08_T60_delta0.30_tau60_am100.npz
2007-03-09,20,0.2,0.2231435513142097,20,100.0,6.172353474690653,0.2231435513142097,0.22294633635644612,0.00019721495776359177,0.0,0.0,0.5,10.0,5000,per_query,469989822,0.0003143965007914328,3.3991544372127895e-05,366.1716075742443,0.9385687446698515,104.12632672636632,0.0426,instanton_2007-03-09_T20_delta0.20_tau20_am100.npz
2007-03-09,20,0.3,0.35667494393873245,20,100.0,16.16467214626011,0.35667494393873245,0.3565655883751777,0.00010935556355473608,0.0,0.0,0.5,10.0,5000,per_query,3488333583,6.629781520077766e-09,2.2566163161140847e-09,51.792512099042355,0.7069188651923307,330.7785449062985,0.002,instanton_2007-03-09_T20_delta0.30_tau20_am100.npz
2007-03-09,60,0.2,0.2231435513142097,60,100.0,2.3238366601866955,0.2231435513142097,0.22220262132178004,0.0009409299924296732,0.0,0.0,0.5,10.0,5000,per_query,683739407,0.02701603861173142,0.001022548442103186,1646.2781711362215,1.0008529103000408,21.995117816193872,0.1782,instanton_2007-03-09_T60_delta0.20_tau60_am100.npz
2007-03-09,60,0.3,0.35667494393873245,60,100.0,5.810932922371171,0.35667494393873245,0.3561290248194915,0.0005459191192409563,0.0,0.0,0.5,10.0,5000,per_query,4260728370,0.00044857789884476915,3.406387198714782e-05,299.32504277687764,1.0601080393048394,212.01532481121845,0.0504,instanton_2007-03-09_T60_delta0.30_tau60_am100.npz
2007-03-12,20,0.2,0.2231435513142097,20,100.0,6.35035763932939,0.2231435513142097,0.22291547721727323,0.0002280740969364814,0.0,0.0,0.5,10.0,5000,per_query,2406500854,0.00018939240269835356,1.5701762895271923e-05,402.95288919680905,1.0016079420056017,99.5760633806122,0.036,instanton_2007-03-12_T20_delta0.20_tau20_am100.npz
2007-03-12,20,0.3,0.35667494393873245,20,100.0,16.49899827878422,0.35667494393873245,0.35654734413672884,0.00012759980200360843,0.0,0.0,0.5,10.0,5000,per_query,1732216277,2.677705831121886e-09,1.3566625601382343e-09,2.190576656001652,3.0459876255342695,10242.383276346067,0.001,instanton_2007-03-12_T20_delta0.30_tau20_am100.npz
2007-03-12,60,0.2,0.2231435513142097,60,100.0,2.385317622968402,0.2231435513142106,0.22204326377196892,0.0011002875422407854,0.0,8.881784197001252e-16,0.5,10.0,5000,per_query,3974986093,0.027000612405587605,0.0010304269753018196,1332.4773513032394,1.0075106877911284,51.55935375204024,0.1854,instanton_2007-03-12_T60_delta0.20_tau60_am100.npz
2007-03-12,60,0.3,0.35667494393873245,60,100.0,5.922110147811776,0.35667494393873245,0.35603026147031347,0.0006446824684189778,0.0,0.0,0.5,10.0,5000,per_query,1805153730,0.0003763222117589763,2.976338946637946e-05,146.69791309251963,1.0558408250307694,333.85594576509317,0.0452,instanton_2007-03-12_T60_delta0.30_tau60_am100.npz
2007-03-13,20,0.2,0.2231435513142097,20,100.0,4.715958468398326,0.2231435513142106,0.22310822634512562,3.532496908409399e-05,0.0,8.881784197001252e-16,0.5,10.0,5000,per_query,1508173430,0.001513061339908915,9.05612692622788e-05,433.69574556969303,0.9581044582210699,139.93397578882957,0.0724,instanton_2007-03-13_T20_delta0.20_tau20_am100.npz
2007-03-13,20,0.3,0.35667494393873245,20,50.0,13.460066897840724,0.35667494393873245,0.35512399073922296,0.001550953199509486,0.0,0.0,0.5,10.0,5000,per_query,2785938869,1.2118006312884194e-07,2.6381962053286716e-08,111.43515748375572,0.7848567561389922,148.54856726989476,0.005,instanton_2007-03-13_T20_delta0.30_tau20_am50.npz
2007-03-13,60,0.2,0.2231435513142097,60,100.0,1.8082353160306313,0.2231435513142097,0.22299218022520595,0.00015137108900376006,0.0,0.0,0.5,10.0,5000,per_query,805724172,0.05211032130758706,0.001561332845165008,1948.0840708290452,1.0066849102952364,34.43166087596946,0.2316,instanton_2007-03-13_T60_delta0.20_tau60_am100.npz
2007-03-13,60,0.3,0.35667494393873245,60,100.0,4.930733761234302,0.35667494393873245,0.35658882598434793,8.611795438451253e-05,0.0,0.0,0.5,10.0,5000,per_query,2530309478,0.0011581986852588664,7.875608814088408e-05,523.4522344982436,1.0316086170548007,80.08358622487903,0.0612,instanton_2007-03-13_T60_delta0.30_tau60_am100.npz
2007-03-14,20,0.2,0.2231435513142097,20,100.0,5.125686608697862,0.2231435513142106,0.22307304658706606,7.050472714364986e-05,0.0,8.881784197001252e-16,0.5,10.0,5000,per_query,670744357,0.0009237988010287326,5.958892599559658e-05,581.3508940904366,0.955958773660941,71.77654052036777,0.0616,instanton_2007-03-14_T20_delta0.20_tau20_am100.npz
2007-03-14,20,0.3,0.35667494393873245,20,100.0,14.215209885935183,0.35667494393873245,0.3566381857983876,3.675814034487246e-05,0.0,0.0,0.5,10.0,5000,per_query,2694531273,8.614349616827492e-08,1.775628193841773e-08,41.83920296013035,0.8678501937404742,557.8438468004993,0.0058,instanton_2007-03-14_T20_delta0.30_tau20_am100.npz
2007-03-14,60,0.2,0.2231435513142097,60,100.0,1.9559975332703672,0.2231435513142097,0.22282780351020204,0.0003157478040076711,0.0,0.0,0.5,10.0,5000,per_query,3202247273,0.042806303182270494,0.0013906882370779087,1745.7873116336427,1.001048990910588,28.48075480530169,0.219,instanton_2007-03-14_T60_delta0.20_tau60_am100.npz
2007-03-14,60,0.3,0.35667494393873245,60,100.0,5.151568912440198,0.35667494393873245,0.35649379418853844,0.00018114975019400958,0.0,0.0,0.5,10.0,5000,per_query,1175930039,0.0009511163159962015,6.696979050974062e-05,579.7978906954759,0.9578009676798185,72.106863972036,0.0588,instanton_2007-03-14_T60_delta0.30_tau60_am100.npz
2007-03-15,20,0.2,0.2231435513142097,20,100.0,5.2528060035647375,0.2231435513142097,0.22306320254894185,8.034876526785695e-05,0.0,0.0,0.5,10.0,5000,per_query,3502244807,0.0007994501815446816,5.378072690166042e-05,333.6432086355872,1.0238932589009322,185.84970378357593,0.0594,instanton_2007-03-15_T20_delta0.20_tau20_am100.npz
2007-03-15,20,0.3,0.35667494393873245,20,100.0,14.457605619397546,0.35667494393873245,0.3566327231713169,4.222076741555725e-05,0.0,0.0,0.5,10.0,5000,per_query,2290641964,3.3817142061293074e-08,1.0396771628986575e-08,73.11879701730624,0.960323000926789,285.956581320769,0.0026,instanton_2007-03-15_T20_delta0.30_tau20_am100.npz
2007-03-15,60,0.2,0.2231435513142097,60,100.0,1.9983256452350229,0.2231435513142106,0.22279505061977822,0.0003485006944314861,0.0,8.881784197001252e-16,0.5,10.0,5000,per_query,2456529129,0.042416241797587115,0.001386105164727701,1902.3905521681818,0.9857127917609577,16.177293748485518,0.2136,instanton_2007-03-15_T60_delta0.20_tau60_am100.npz
2007-03-15,60,0.3,0.35667494393873245,60,100.0,5.233508515483419,0.35667494393873245,0.35647158808344326,0.00020335585528918898,0.0,0.0,0.5,10.0,5000,per_query,4069700306,0.0008779045321874719,5.768343702112813e-05,282.73228904014195,1.0733607781753907,173.53044712778487,0.0628,instanton_2007-03-15_T60_delta0.30_tau60_am100.npz
2007-03-16,20,0.2,0.2231435513142097,20,100.0,5.093350973701756,0.2231435513142097,0.22308174739810926,6.180391610044467e-05,0.0,0.0,0.5,10.0,5000,per_query,128917228,0.001001683305710926,7.227054677865044e-05,349.66401130676235,0.9961371465447992,177.28059043738847,0.0662,instanton_2007-03-16_T20_delta0.20_tau20_am100.npz
2007-03-16,20,0.3,0.35667494393873245,20,100.0,14.211601875874486,0.35667494393873245,0.35664280600468334,3.213793404910348e-05,0.0,0.0,0.5,10.0,5000,per_query,2614668052,3.271976083871855e-08,9.440154299630945e-09,40.172140485470756,0.9936081696438763,607.7279705723081,0.003,instanton_2007-03-16_T20_delta0.30_tau20_am100.npz
2007-03-16,60,0.2,0.2231435513142097,60,100.0,1.9430626799505468,0.2231435513142106,0.22287260398546493,0.000270947328744775,0.0,8.881784197001252e-16,0.5,10.0,5000,per_query,4259896838,0.043949797647145204,0.0014272067943308835,2060.863157435944,0.9783181793054387,15.336446198154919,0.216,instanton_2007-03-16_T60_delta0.20_tau60_am100.npz
2007-03-16,60,0.3,0.35667494393873245,60,100.0,5.148790796735508,0.35667494393873245,0.35651925078372315,0.00015569315500929548,0.0,0.0,0.5,10.0,5000,per_query,824124747,0.0009363137430783702,6.0543252707437895e-05,98.8898334598095,1.047245520487499,497.7946406126351,0.0624,instanton_2007-03-16_T60_delta0.30_tau60_am100.npz
2007-03-19,20,0.2,0.2231435513142097,20,100.0,5.549432725376454,0.2231435513142106,0.2229548379309847,0.0001887133832250143,0.0,8.881784197001252e-16,0.5,10.0,5000,per_query,3215192953,0.0005316918614262934,3.866344527368457e-05,512.636665652393,0.9353139720713525,73.00939131945202,0.0508,instanton_2007-03-19_T20_delta0.20_tau20_am100.npz
2007-03-19,20,0.3,0.35667494393873245,20,100.0,14.707193731055684,0.35667494393873245,0.35657425869619175,0.000100685242540699,0.0,0.0,0.5,10.0,5000,per_query,411898943,3.546259695497557e-08,9.115196151030384e-09,10.350548970740977,1.6721455725880852,2437.4609595307047,0.0038,instanton_2007-03-19_T20_delta0.30_tau20_am100.npz
2007-03-19,60,0.2,0.2231435513142097,60,100.0,2.102748524766242,0.2231435513142097,0.2222778198514872,0.0008657314627225077,0.0,0.0,0.5,10.0,5000,per_query,1779710104,0.03927026503329713,0.0013558963922054186,1774.6938000437692,0.9719726856952228,22.358535472520845,0.2128,instanton_2007-03-19_T60_delta0.20_tau60_am100.npz
2007-03-19,60,0.3,0.35667494393873245,60,100.0,5.323230899876872,0.35667494393873245,0.35615636053927346,0.0005185833994589828,0.0,0.0,0.5,10.0,5000,per_query,1982141349,0.0007995599959927906,5.6352025930556644e-05,557.0619257115411,0.9437199072068408,76.03336804457551,0.0578,instanton_2007-03-19_T60_delta0.30_tau60_am100.npz
2007-03-20,20,0.2,0.2231435513142097,20,100.0,5.810838590103089,0.2231435513142106,0.2228267803429489,0.00031677097126081577,0.0,8.881784197001252e-16,0.5,10.0,5000,per_query,3767359778,0.0004169427428288383,3.099453735420874e-05,323.9662605805754,0.9730257438412602,123.2155483535259,0.0494,instanton_2007-03-20_T20_delta0.20_tau20_am100.npz
2007-03-20,20,0.3,0.35667494393873245,20,100.0,15.059513410431157,0.35667494393873245,0.3565034621064944,0.0001714818322380296,0.0,0.0,0.5,10.0,5000,per_query,1036752280,1.626033756694099e-08,5.251311295340162e-09,19.670144227092344,1.1732784323265164,847.4626761234779,0.003,instanton_2007-03-20_T20_delta0.30_tau20_am100.npz
2007-03-20,60,0.2,0.2231435513142097,60,100.0,2.1928575205272853,0.2231435513142097,0.22161443864716812,0.0015291126670415878,0.0,0.0,0.5,10.0,5000,per_query,3300220033,0.03446306437609412,0.0011530367032063936,1781.3774190018155,1.0034266776054108,27.11225413642924,0.2048,instanton_2007-03-20_T60_delta0.20_tau60_am100.npz
2007-03-20,60,0.3,0.35667494393873245,60,100.0,5.442531664705245,0.35667494393873245,0.35576330484984187,0.0009116390888905812,0.0,0.0,0.5,10.0,5000,per_query,2845713044,0.0007378301684233394,5.452771803620195e-05,275.4488211835,1.0717997134621298,182.3555102365549,0.0596,instanton_2007-03-20_T60_delta0.30_tau60_am100.npz
2007-03-21,20,0.2,0.2231435513142097,20,100.0,6.280801732338634,0.2231435513142097,0.22160652909146084,0.001537022222748874,0.0,0.0,0.5,10.0,5000,per_query,2047500866,0.00021796063707364715,1.9253406732137764e-05,396.6683036821951,1.1066826682033166,88.41283743895791,0.037,instanton_2007-03-21_T20_delta0.20_tau20_am100.npz
2007-03-21,20,0.3,0.35667494393873245,20,100.0,15.451910978300731,0.35667494393873245,0.3558272974065231,0.0008476465322093674,0.0,0.0,0.5,10.0,5000,per_query,2807329021,1.230953905347008e-08,3.994505038406356e-09,36.45308088831901,0.7826302310612075,565.2482956303177,0.0024,instanton_2007-03-21_T20_delta0.30_tau20_am100.npz
2007-03-21,60,0.2,0.2231435513142097,60,200.0,2.39644563511495,0.2231435513142097,0.2228550669219569,0.0002884843922528191,0.0,0.0,0.5,10.0,5000,per_query,3140494964,0.03079396379976447,0.0011029432697559152,1300.9683502623955,1.0478167112246388,47.24852888816786,0.1996,instanton_2007-03-21_T60_delta0.20_tau60_am200.npz
2007-03-21,60,0.3,0.35667494393873245,60,200.0,5.620433296201277,0.35667494393873245,0.3565015838896741,0.00017336004905832425,0.0,0.0,0.5,10.0,5000,per_query,1823127927,0.0006462692376650675,5.0287096611953885e-05,416.8903308471291,0.9826081814597183,85.35871385345168,0.0568,instanton_2007-03-21_T60_delta0.30_tau60_am200.npz
2007-03-22,20,0.2,0.2231435513142097,20,100.0,6.243463802619648,0.2231435513142106,0.22172232570320638,0.0014212256110033294,0.0,8.881784197001252e-16,0.5,10.0,5000,per_query,782921715,0.00021300474442979072,1.7910720758864437e-05,415.99910132826005,0.9441725254496142,88.24514178374493,0.0354,instanton_2007-03-22_T20_delta0.20_tau20_am100.npz
2007-03-22,20,0.3,0.35667494393873245,20,100.0,15.39569396064105,0.35667494393873245,0.35589317103529794,0.0007817729034345078,0.0,0.0,0.5,10.0,5000,per_query,3850350741,1.9946986814621538e-08,5.759011682500649e-09,100.54616652909378,0.5436312013556183,135.08083052977472,0.003,instanton_2007-03-22_T20_delta0.30_tau20_am100.npz
2007-03-22,60,0.2,0.2231435513142097,60,200.0,2.3824285665266194,0.2231435513142097,0.22288153894828078,0.00026201236592893196,0.0,0.0,0.5,10.0,5000,per_query,3527460705,0.032171171144599005,0.00117104533501409,1574.8489933178896,1.0174685673376784,23.529318609793684,0.1968,instanton_2007-03-22_T60_delta0.20_tau60_am200.npz
2007-03-22,60,0.3,0.35667494393873245,60,200.0,5.598498988048889,0.35667494393873245,0.3565292145130936,0.00014572942563884084,0.0,0.0,0.5,10.0,5000,per_query,2043374391,0.000700575411546682,5.439337760810489e-05,192.8206921236382,1.1244288433115257,247.2875026985775,0.0548,instanton_2007-03-22_T60_delta0.30_tau60_am200.npz
2007-03-23,20,0.2,0.2231435513142097,20,100.0,6.333522026807914,0.2231435513142106,0.22149212176797128,0.0016514295462384254,0.0,8.881784197001252e-16,0.5,10.0,5000,per_query,3826282516,0.00021606594010918734,1.8111068214225907e-05,313.1936470840148,1.0357690111947406,109.2332714483,0.037,instanton_2007-03-23_T20_delta0.20_tau20_am100.npz
2007-03-23,20,0.3,0.35667494393873245,20,100.0,15.544824446992562,0.35667494393873245,0.35576170670303764,0.0009132372356948082,0.0,0.0,0.5,10.0,5000,per_query,2655422368,1.0421576486459778e-08,4.226285706771913e-09,12.410613918435509,1.2298440045715917,1557.9318526537525,0.0016,instanton_2007-03-23_T20_delta0.30_tau20_am100.npz
2007-03-23,60,0.2,0.2231435513142097,60,200.0,2.4163104522806433,0.2231435513142097,0.2228230222851071,0.00032052902910262304,0.0,0.0,0.5,10.0,5000,per_query,1777998870,0.02968287394411351,0.0010554181377094502,1283.1019153379855,1.0286118890665839,63.24213970778762,0.1942,instanton_2007-03-23_T60_delta0.20_tau60_am200.npz
2007-03-23,60,0.3,0.35667494393873245,60,200.0,5.653138208414596,0.35667494393873245,0.3564781150430907,0.0001968288956417652,0.0,0.0,0.5,10.0,5000,per_query,3048585575,0.0006859036343941486,5.450397163353709e-05,477.84347322230434,0.9877088814529147,90.57877360555733,0.0544,instanton_2007-03-23_T60_delta0.30_tau60_am200.npz
2007-03-26,20,0.2,0.2231435513142097,20,100.0,6.267848273926695,0.2231435513142097,0.2216998625867932,0.0014436887274165144,0.0,0.0,0.5,10.0,5000,per_query,2940563654,0.00026524681559337286,2.0330505956367254e-05,275.81462342089384,1.0725789988433072,142.1371451822136,0.0448,instanton_2007-03-26_T20_delta0.20_tau20_am100.npz
2007-03-26,20,0.3,0.35667494393873245,20,100.0,15.444865396120134,0.35667494393873245,0.3558793553229407,0.0007955886157917647,0.0,0.0,0.5,10.0,5000,per_query,2902483431,2.034151298490401e-08,8.05912484177619e-09,46.02293718675524,0.7053366364773356,421.93008022845197,0.0022,instanton_2007-03-26_T20_delta0.30_tau20_am100.npz
2007-03-26,60,0.2,0.2231435513142097,60,200.0,2.390672177561906,0.2231435513142097,0.2228976396183775,0.00024591169583221273,0.0,0.0,0.5,10.0,5000,per_query,1993661495,0.03221955313971169,0.0012136635396562785,1353.0351648362953,1.038969937702841,45.96741543980436,0.1986,instanton_2007-03-26_T60_delta0.20_tau60_am200.npz
2007-03-26,60,0.3,0.35667494393873245,60,200.0,5.617315975937465,0.35667494393873245,0.3565162213805966,0.00015872255813587088,0.0,0.0,0.5,10.0,5000,per_query,1919135475,0.0007055061585191103,4.82639361613847e-05,492.12505012376783,0.9259609628217708,70.28901454047414,0.0606,instanton_2007-03-26_T60_delta0.30_tau60_am200.npz
2007-03-27,20,0.2,0.2231435513142097,20,100.0,9.328379806583296,0.2231435513142106,0.22183992503064864,0.0013036262835610657,0.0,8.881784197001252e-16,0.5,10.0,5000,per_query,591864148,1.0304258707671291e-05,1.3119685530021469e-06,157.30129347387827,0.919039763102794,158.40224544834794,0.0186,instanton_2007-03-27_T20_delta0.20_tau20_am100.npz
2007-03-27,20,0.3,0.35667494393873245,20,100.0,22.086532555657353,0.35667494393873245,0.3558392573318505,0.0008356866068819357,0.0,0.0,0.5,10.0,5000,per_query,3059568628,0.0,0.0,33.32462561309166,0.925684428845708,479.40381275876024,0.0,instanton_2007-03-27_T20_delta0.30_tau20_am100.npz
2007-03-27,60,0.2,0.2231435513142097,60,200.0,3.4517906836041745,0.2231435513142097,0.2229612555082836,0.00018229580592610262,0.0,0.0,0.5,10.0,5000,per_query,194182701,0.008748657119654444,0.0003970083631183478,982.2168779222527,0.9848194642141869,47.77778201373441,0.133,instanton_2007-03-27_T60_delta0.20_tau60_am200.npz
2007-03-27,60,0.3,0.35667494393873245,60,200.0,7.8223364340937875,0.35667494393873245,0.35655497532663993,0.00011996861209251364,0.0,0.0,0.5,10.0,5000,per_query,3438636562,4.8428093310970636e-05,4.9329449071025894e-06,259.83313376221315,0.7623734424252859,143.5049631360009,0.0252,instanton_2007-03-27_T60_delta0.30_tau60_am200.npz
2007-03-28,20,0.2,0.2231435513142097,20,100.0,8.927676390276396,0.2231435513142106,0.2225087056871109,0.0006348456270988123,0.0,8.881784197001252e-16,0.5,10.0,5000,per_query,54307063,1.2355450343273367e-05,1.5156864326394883e-06,186.77570752168648,0.9955583578594956,208.8996938354717,0.0184,instanton_2007-03-28_T20_delta0.20_tau20_am100.npz
2007-03-28,20,0.3,0.35667494393873245,20,100.0,21.64307173485939,0.35667494393873245,0.3562735576588878,0.00040138627984465103,0.0,0.0,0.5,10.0,5000,per_query,2734966265,0.0,0.0,86.60442076631287,0.837995185958077,239.23450422590722,0.0,instanton_2007-03-28_T20_delta0.30_tau20_am100.npz
2007-03-28,60,0.2,0.2231435513142097,60,200.0,3.2993849751338526,0.2231435513142097,0.2230965446406019,4.7006673607796756e-05,0.0,0.0,0.5,10.0,5000,per_query,4016410101,0.008866360470049675,0.0004176923236240589,1055.2773257170074,0.9728896919985826,42.124457276821026,0.121,instanton_2007-03-28_T60_delta0.20_tau60_am200.npz
2007-03-28,60,0.3,0.35667494393873245,60,200.0,7.6559601441374205,0.35667494393873245,0.35664497799595907,2.996594277338005e-05,0.0,0.0,0.5,10.0,5000,per_query,1103317916,5.6480289185282737e-05,6.026116248698478e-06,293.40280466149187,0.9171965823713568,123.21360684500742,0.0264,instanton_2007-03-28_T60_delta0.30_tau60_am200.npz
2007-03-29,20,0.2,0.2231435513142097,20,100.0,9.02900154105918,0.2231435513142097,0.22243848620563167,0.0007050651085780402,0.0,0.0,0.5,10.0,5000,per_query,1798854103,1.1316253983262256e-05,1.4161860896849743e-06,113.06774876057173,0.9437269234372665,293.8814954565666,0.017,instanton_2007-03-29_T20_delta0.20_tau20_am100.npz
2007-03-29,20,0.3,0.35667494393873245,20,100.0,21.796665225307517,0.35667494393873245,0.3562275450560879,0.0004473988826445563,0.0,0.0,0.5,10.0,5000,per_query,1516175745,0.0,0.0,47.57410922105529,0.8100024692018456,358.68736934537105,0.0,instanton_2007-03-29_T20_delta0.30_tau20_am100.npz
2007-03-29,60,0.2,0.2231435513142097,60,200.0,3.335312352236298,0.2231435513142097,0.22308878230827922,5.476900593048839e-05,0.0,0.0,0.5,10.0,5000,per_query,2848722171,0.008126668168452977,0.000379830125448933,1036.9235742581693,0.9871382064404346,61.241981088501475,0.122,instanton_2007-03-29_T60_delta0.20_tau60_am200.npz
2007-03-29,60,0.3,0.35667494393873245,60,200.0,7.707965680270385,0.35667494393873245,0.35663858774743495,3.635619129749301e-05,0.0,0.0,0.5,10.0,5000,per_query,2785748236,5.439761960551008e-05,5.812938843065471e-06,212.56017492547653,0.9827912991095734,185.02338267673704,0.0268,instanton_2007-03-29_T60_delta0.30_tau60_am200.npz
2007-03-30,20,0.2,0.2231435513142097,20,100.0,9.543783756967237,0.2231435513142106,0.22240950400730775,0.0007340473069019637,0.0,8.881784197001252e-16,0.5,10.0,5000,per_query,3106101947,5.0324237242221255e-06,7.302194326784494e-07,158.94014059073425,0.9548041963085901,216.26177219043547,0.0124,instanton_2007-03-30_T20_delta0.20_tau20_am100.npz
2007-03-30,20,0.3,0.35667494393873245,20,100.0,22.86542269306989,0.35667494393873245,0.35619960188325894,0.0004753420554735044,0.0,0.0,0.5,10.0,5000,per_query,2745215280,0.0,0.0,71.36286424301966,0.7715068670942005,254.7942027561875,0.0,instanton_2007-03-30_T20_delta0.30_tau20_am100.npz
2007-03-30,60,0.2,0.2231435513142097,60,200.0,3.510720893371336,0.2231435513142097,0.22308623497247382,5.7316341735891285e-05,0.0,0.0,0.5,10.0,5000,per_query,1761240652,0.006744003759699481,0.00033151896965365825,796.3098439318564,1.0181170616692914,87.3964241880244,0.1144,instanton_2007-03-30_T60_delta0.20_tau60_am200.npz
2007-03-30,60,0.3,0.35667494393873245,60,200.0,8.058672515764444,0.35667494393873245,0.35663476088803403,4.018305069841688e-05,0.0,0.0,0.5,10.0,5000,per_query,2068495165,4.935462474597142e-05,6.338427375951568e-06,233.50092691948885,0.9448095690336551,163.53852308939327,0.0256,instanton_2007-03-30_T60_delta0.30_tau60_am200.npz
2007-04-02,20,0.2,0.2231435513142097,20,100.0,9.910833905899187,0.2231435513142106,0.22231518195514788,0.0008283693590618313,0.0,8.881784197001252e-16,0.5,10.0,5000,per_query,318185247,4.077023412134676e-06,6.430874433342976e-07,113.87928994226675,0.9246851959971318,284.91583649683344,0.0116,instanton_2007-04-02_T20_delta0.20_tau20_am100.npz
2007-04-02,20,0.3,0.35667494393873245,20,100.0,23.561860704161713,0.35667494393873245,0.35613203929610293,0.0005429046426295159,0.0,0.0,0.5,10.0,5000,per_query,454421637,0.0,0.0,48.75740087972589,0.6756829276848965,335.3214292126684,0.0,instanton_2007-04-02_T20_delta0.30_tau20_am100.npz
2007-04-02,60,0.2,0.2231435513142097,60,200.0,3.6377047782720204,0.2231435513142097,0.22306503902597274,7.851228823696488e-05,0.0,0.0,0.5,10.0,5000,per_query,3616765426,0.006375198692192017,0.00035319109683566,488.1016133688701,1.011546893263154,157.80580193674447,0.1118,instanton_2007-04-02_T60_delta0.20_tau60_am200.npz
2007-04-02,60,0.3,0.35667494393873245,60,200.0,8.288044274215759,0.35667494393873245,0.35662493953770014,5.000440103231085e-05,0.0,0.0,0.5,10.0,5000,per_query,3556152247,3.0511576075082158e-05,3.3253585738589566e-06,227.85085027959423,0.9883322742938467,126.8775684480299,0.0232,instanton_2007-04-02_T60_delta0.30_tau60_am200.npz
2007-04-03,20,0.2,0.2231435513142097,20,200.0,11.546420656927136,0.2231435513142097,0.22303625280772188,0.00010729850648782957,0.0,0.0,0.5,10.0,5000,per_query,3461895416,7.01987140964473e-07,1.3957057066253062e-07,78.92451375324868,0.9730613308705724,283.09414047066554,0.0064,instanton_2007-04-03_T20_delta0.20_tau20_am200.npz
2007-04-03,20,0.3,0.35667494393873245,20,100.0,25.881168849767587,0.35667494393873245,0.3549464818125889,0.0017284621261435262,0.0,0.0,0.5,10.0,5000,per_query,3127395106,0.0,0.0,22.841701115992592,0.9752995454368416,705.6567635372337,0.0,instanton_2007-04-03_T20_delta0.30_tau20_am100.npz
2007-04-03,60,0.2,0.2231435513142097,60,200.0,4.1567297110752905,0.2231435513142097,0.22253939866941064,0.0006041526447990719,0.0,0.0,0.5,10.0,5000,per_query,112558830,0.00392583500516849,0.00021066382250369873,641.8611300746734,1.0406860561423603,72.15364090549095,0.1006,instanton_2007-04-03_T60_delta0.20_tau60_am200.npz
2007-04-03,60,0.3,0.35667494393873245,60,200.0,9.083464900883678,0.35667494393873245,0.3562143136864133,0.00046063025231912746,0.0,0.0,0.5,10.0,5000,per_query,3921263592,1.3758192325515425e-05,1.8655835403107363e-06,201.87799214309942,0.8948959498533666,198.35436663428501,0.0172,instanton_2007-04-03_T60_delta0.30_tau60_am200.npz
2007-04-04,20,0.2,0.2231435513142097,20,200.0,11.648931328055788,0.2231435513142097,0.22300962964128157,0.00013392167292813895,0.0,0.0,0.5,10.0,5000,per_query,132800565,6.829992494103525e-07,1.334525086411408e-07,37.582617673437966,1.2321496844517923,727.6367823136256,0.0066,instanton_2007-04-04_T20_delta0.20_tau20_am200.npz
2007-04-04,20,0.3,0.35667494393873245,20,100.0,25.990192094152647,0.35667494393873245,0.3547236635733446,0.0019512803653878308,0.0,0.0,0.5,10.0,5000,per_query,287534325,0.0,0.0,30.369354807321667,0.8325728711511811,629.2353816583247,0.0,instanton_2007-04-04_T20_delta0.30_tau20_am100.npz
2007-04-04,60,0.2,0.2231435513142097,60,200.0,4.194321621860876,0.2231435513142097,0.22229423511481006,0.0008493161993996523,0.0,0.0,0.5,10.0,5000,per_query,3808243065,0.003816438138476732,0.00022733724525083213,840.1802693593235,0.9720366271696952,35.58327055244821,0.0952,instanton_2007-04-04_T60_delta0.20_tau60_am200.npz
2007-04-04,60,0.3,0.35667494393873245,60,200.0,9.123415113021133,0.35667494393873245,0.35613103377819755,0.0005439101605348995,0.0,0.0,0.5,10.0,5000,per_query,2648422023,1.46592111392713e-05,2.0261487152204778e-06,26.836973547161122,1.0933800120508448,1001.8009905363946,0.0182,instanton_2007-04-04_T60_delta0.30_tau60_am200.npz
2007-04-05,20,0.2,0.2231435513142097,20,200.0,12.146636438976811,0.2231435513142097,0.2229086575813124,0.0002348937328973122,0.0,0.0,0.5,10.0,5000,per_query,2516920929,5.509789183340707e-07,1.2040269328417298e-07,25.463656014645736,1.0646748196553624,926.2380901326025,0.008,instanton_2007-04-05_T20_delta0.20_tau20_am200.npz
2007-04-05,20,0.3,0.35667494393873245,20,200.0,26.98655576225176,0.35667494393873245,0.3565315423994706,0.00014340153926184485,0.0,0.0,0.5,10.0,5000,per_query,3129156550,0.0,0.0,26.684288258203797,0.6864365153469433,606.5844369989344,0.0,instanton_2007-04-05_T20_delta0.30_tau20_am200.npz
2007-04-05,60,0.2,0.2231435513142097,60,200.0,4.3462911066144905,0.2231435513142097,0.22167849815589502,0.0014650531583146886,0.0,0.0,0.5,10.0,5000,per_query,1388777433,0.00309827767892465,0.00017464624482558063,361.9311914565826,1.0290103059758124,178.8184720937677,0.0922,instanton_2007-04-05_T60_delta0.20_tau60_am200.npz
2007-04-05,60,0.3,0.35667494393873245,60,200.0,9.373745474761472,0.35667494393873245,0.3555950419527969,0.0010799019859355496,0.0,0.0,0.5,10.0,5000,per_query,2483635469,1.2341489356734179e-05,2.1101613212661355e-06,64.17854666980013,1.009897086966806,511.8385981631527,0.0172,instanton_2007-04-05_T60_delta0.30_tau60_am200.npz
2007-04-09,20,0.2,0.2231435513142097,20,200.0,12.267800462397332,0.2231435513142097,0.22283028464252475,0.00031326667168496414,0.0,0.0,0.5,10.0,5000,per_query,991913309,3.62810034894844e-07,7.325487818952775e-08,26.467989026866185,0.9782258702779582,905.3400007491003,0.0058,instanton_2007-04-09_T20_delta0.20_tau20_am200.npz
2007-04-09,20,0.3,0.35667494393873245,20,200.0,27.135349014495027,0.35667494393873245,0.35648331350373574,0.00019163043499670351,0.0,0.0,0.5,10.0,5000,per_query,2274131128,0.0,0.0,19.08471877652309,0.8093060033234692,838.5197675266105,0.0,instanton_2007-04-09_T20_delta0.30_tau20_am200.npz
2007-04-09,60,0.2,0.2231435513142097,60,200.0,4.378330661388157,0.2231435513142097,0.22119730845126018,0.001946242862949532,0.0,0.0,0.5,10.0,5000,per_query,651839775,0.003277619162419932,0.00017367819644241526,214.66666159676845,1.048264796393042,240.39581194539858,0.1004,instanton_2007-04-09_T60_delta0.20_tau60_am200.npz
2007-04-09,60,0.3,0.35667494393873245,60,200.0,9.4143903404803,0.35667494393873245,0.3552597245775857,0.0014152193611467467,0.0,0.0,0.5,10.0,5000,per_query,964391191,1.0288536212091426e-05,1.5378386328204294e-06,97.44428737086189,1.0568826204664241,277.46252088785144,0.016,instanton_2007-04-09_T60_delta0.30_tau60_am200.npz
2007-04-10,20,0.2,0.2231435513142097,20,200.0,12.378835126007322,0.2231435513142097,0.2227417538331835,0.0004017974810262004,0.0,0.0,0.5,10.0,5000,per_query,3117388709,3.2974648363264986e-07,6.787512757466675e-08,23.63129050855585,1.3999295932477023,1180.4459276716698,0.0062,instanton_2007-04-10_T20_delta0.20_tau20_am200.npz
2007-04-10,20,0.3,0.35667494393873245,20,200.0,27.278841727628425,0.35667494393873245,0.35642944859684533,0.0002454953418871142,0.0,0.0,0.5,10.0,5000,per_query,2768695134,0.0,0.0,19.14672313970702,0.9097931598779172,920.4622472581082,0.0,instanton_2007-04-10_T20_delta0.30_tau20_am200.npz
2007-04-10,60,0.2,0.2231435513142097,54,200.0,4.837017472502374,0.2231435513142097,0.2211970249445674,0.0019465263696423207,0.0,0.0,0.5,10.0,5000,per_query,2336399981,0.0033204255253277857,0.00021068982071996377,471.2642770141789,1.0674090419266586,101.28061208178327,0.1022,instanton_2007-04-10_T60_delta0.20_tau54_am200.npz
2007-04-10,60,0.3,0.35667494393873245,60,200.0,9.451330630411755,0.35667494393873245,0.35481104496733806,0.0018638989713943843,0.0,0.0,0.5,10.0,5000,per_query,709668924,1.0833034254285546e-05,2.0494220161156264e-06,127.81104196592467,1.0550022666998624,213.94324848051733,0.014,instanton_2007-04-10_T60_delta0.30_tau60_am200.npz
2007-04-11,20,0.2,0.2231435513142097,20,200.0,13.5821730321601,0.2231435513142097,0.22295744801582362,0.00018610329838608664,0.0,0.0,0.5,10.0,5000,per_query,3798799927,1.121315938160787e-07,2.532062383820878e-08,106.11155727856438,0.7639121624368719,235.7324439095825,0.0052,instanton_2007-04-11_T20_delta0.20_tau20_am200.npz
2007-04-11,20,0.3,0.35667494393873245,20,200.0,29.830009713601985,0.35667494393873245,0.3565530854776826,0.00012185846104983966,0.0,0.0,0.5,10.0,5000,per_query,3817044673,0.0,0.0,72.80895113814196,0.7749729776405716,235.69517421166987,0.0,instanton_2007-04-11_T20_delta0.30_tau20_am200.npz
2007-04-11,60,0.2,0.2231435513142097,60,200.0,4.823150073273965,0.2231435513142097,0.22204546200216324,0.0010980893120464685,0.0,0.0,0.5,10.0,5000,per_query,2168065995,0.0019167369300311869,0.00013843658449775,451.79826205658514,1.0303905827073792,94.15764636455111,0.0766,instanton_2007-04-11_T60_delta0.20_tau60_am200.npz
2007-04-11,60,0.3,0.35667494393873245,60,200.0,10.28223540170641,0.35667494393873245,0.3557967665562467,0.0008781773824857453,0.0,0.0,0.5,10.0,5000,per_query,2481759153,3.779911970230882e-06,5.374153118619389e-07,238.5134966048151,0.7996810906965643,84.57831342852182,0.0144,instanton_2007-04-11_T60_delta0.30_tau60_am200.npz
2007-04-12,20,0.2,0.2231435513142097,20,200.0,14.20992172002413,0.2231435513142097,0.2226700143824738,0.0004735369317359073,0.0,0.0,0.5,10.0,5000,per_query,3246648809,4.6626281670520284e-08,1.247833427012076e-08,65.07167914777217,0.8201627913333034,288.55732712109057,0.0036,instanton_2007-04-12_T20_delta0.20_tau20_am200.npz
2007-04-12,20,0.3,0.35667494393873245,20,200.0,30.713943280605648,0.35667494393873245,0.3563603769543553,0.00031456698437715147,0.0,0.0,0.5,10.0,5000,per_query,3272711504,0.0,0.0,22.08368819310159,1.0459968533880568,916.8855945504049,0.0,instanton_2007-04-12_T20_delta0.30_tau20_am200.npz
2007-04-12,60,0.2,0.2231435513142097,48,200.0,6.12830450594033,0.2231435513142097,0.22114710079842137,0.0019964505157883394,0.0,0.0,0.5,10.0,5000,per_query,1302456322,0.001550080189402264,0.00011021723854202452,373.73080017440714,1.0326949144672712,88.17984802651357,0.0898,instanton_2007-04-12_T60_delta0.20_tau48_am200.npz
2007-04-12,60,0.3,0.35667494393873245,55,200.0,11.435851322764512,0.35667494393873245,0.3548401314017555,0.0018348125369769264,0.0,0.0,0.5,10.0,5000,per_query,4117027673,3.4303507957175433e-06,5.165922661343822e-07,116.24358386715127,0.8933365589599352,234.28384928430958,0.0162,instanton_2007-04-12_T60_delta0.30_tau55_am200.npz
2007-04-13,20,0.2,0.2231435513142097,20,200.0,14.546012892119222,0.2231435513142097,0.22179583648633105,0.0013477148278786544,0.0,0.0,0.5,10.0,5000,per_query,2706132967,4.7096262638004854e-08,1.082454394144421e-08,56.5540351563634,0.809238549089801,374.12831293919675,0.0048,instanton_2007-04-13_T20_delta0.20_tau20_am200.npz
2007-04-13,20,0.3,0.35667494393873245,20,200.0,31.083976751001252,0.35667494393873245,0.3557863295168513,0.0008886144218811509,0.0,0.0,0.5,10.0,5000,per_query,212783036,0.0,0.0,22.180624280332143,0.827000727539681,825.0994060123222,0.0,instanton_2007-04-13_T20_delta0.30_tau20_am200.npz
2007-04-13,60,0.2,0.2231435513142097,24,200.0,12.143923733504455,0.2231435513142097,0.2211984323024554,0.001945119011754315,0.0,0.0,0.5,10.0,5000,per_query,1231746910,0.0012264604253114924,0.0004730684819408669,80.71749556648079,0.992095496856494,231.87567872253803,0.0814,instanton_2007-04-13_T60_delta0.20_tau24_am200.npz
2007-04-13,60,0.3,0.35667494393873245,28,200.0,22.209017778665455,0.35667494393873245,0.35480925015942244,0.001865693779310007,0.0,0.0,0.5,10.0,5000,per_query,1938358346,1.2183513641170528e-06,5.328761038369726e-07,17.973962304634824,1.0212470218225351,769.170904268923,0.0146,instanton_2007-04-13_T60_delta0.30_tau28_am200.npz
2007-04-16,20,0.2,0.2231435513142097,20,200.0,14.227662342515579,0.2231435513142097,0.22144508467120438,0.0016984666430053252,0.0,0.0,0.5,10.0,5000,per_query,1788445917,6.5322636364973e-08,1.459253802462019e-08,33.24201794032271,0.9187739707714754,530.5900886908936,0.0052,instanton_2007-04-16_T20_delta0.20_tau20_am200.npz
2007-04-16,20,0.3,0.35667494393873245,20,200.0,30.454223471126838,0.35667494393873245,0.3555708758617797,0.0011040680769527356,0.0,0.0,0.5,10.0,5000,per_query,364040614,0.0,0.0,42.327710286821976,0.9967528606309792,447.3312853476027,0.0,instanton_2007-04-16_T20_delta0.30_tau20_am200.npz
2007-04-16,60,0.2,0.2231435513142097,21,200.0,13.553933194828405,0.2231435513142097,0.22126312808420057,0.0018804232300091428,0.0,0.0,0.5,10.0,5000,per_query,1277396579,0.0019594843834863014,0.000585430845057407,39.209677782808214,0.8486841284583543,580.5521251237988,0.0942,instanton_2007-04-16_T60_delta0.20_tau21_am200.npz
2007-04-16,60,0.3,0.35667494393873245,25,200.0,24.353588167522407,0.35667494393873245,0.3548182121305681,0.0018567318081643691,0.0,0.0,0.5,10.0,5000,per_query,1585144060,1.4608370582969249e-06,7.286910661905001e-07,33.82158467883141,0.6519976333116889,399.49009885595456,0.009,instanton_2007-04-16_T60_delta0.30_tau25_am200.npz
2007-04-17,20,0.2,0.2231435513142097,20,200.0,14.90620335920515,0.2231435513142097,0.22139004725151068,0.0017535040626990295,0.0,0.0,0.5,10.0,5000,per_query,925538766,3.353631284188544e-08,9.750994162838634e-09,68.91262623024677,0.7789511448275669,288.3573604889478,0.0032,instanton_2007-04-17_T20_delta0.20_tau20_am200.npz
2007-04-17,20,0.3,0.35667494393873245,20,200.0,31.70426068878408,0.35667494393873245,0.3554962494555376,0.0011786944831948531,0.0,0.0,0.5,10.0,5000,per_query,3674220225,0.0,0.0,24.766430495743222,0.904572526938599,797.0129809667427,0.0,instanton_2007-04-17_T20_delta0.30_tau20_am200.npz
2007-04-17,60,0.2,0.2231435513142097,21,200.0,14.198589366994897,0.2231435513142097,0.22120220575482374,0.0019413455593859652,0.0,0.0,0.5,10.0,5000,per_query,271361023,0.0013800417851594588,0.0009036523393879666,66.14170759764747,0.8944785969805628,307.4033412902145,0.076,instanton_2007-04-17_T60_delta0.20_tau21_am200.npz
2007-04-17,60,0.3,0.35667494393873245,25,200.0,25.33880277242131,0.35667494393873245,0.3547127780684818,0.001962165870250665,0.0,0.0,0.5,10.0,5000,per_query,4269524093,3.0021343434589933e-07,1.2421969579821708e-07,26.34766450642794,0.9560973002787266,616.5678162450455,0.0044,instanton_2007-04-17_T60_delta0.30_tau25_am200.npz
2007-04-18,20,0.2,0.2231435513142097,20,200.0,15.053772556132518,0.2231435513142097,0.22137765204772641,0.001765899266483295,0.0,0.0,0.5,10.0,5000,per_query,393452602,1.865099581007289e-08,5.831728626576489e-09,12.134872404923227,1.328911212760285,1658.807713645152,0.0028,instanton_2007-04-18_T20_delta0.20_tau20_am200.npz
2007-04-18,20,0.3,0.35667494393873245,20,200.0,31.974835017654968,0.35667494393873245,0.3554844075163057,0.0011905364224267245,0.0,0.0,0.5,10.0,5000,per_query,2691010116,0.0,0.0,93.7665662897068,0.7232128614668389,153.05408666600871,0.0,instanton_2007-04-18_T20_delta0.30_tau20_am200.npz
2007-04-18,60,0.2,0.2231435513142097,21,200.0,14.33878152303013,0.2231435513142097,0.2211923764461874,0.0019511748680223207,0.0,0.0,0.5,10.0,5000,per_query,1650761408,0.0010058979419777475,0.00022793859201714552,48.30883882941344,1.05979447842862,459.6069825756968,0.0792,instanton_2007-04-18_T60_delta0.20_tau21_am200.npz
2007-04-18,60,0.3,0.35667494393873245,25,200.0,25.55198558838002,0.35667494393873245,0.3546979036645759,0.001977040274156572,0.0,0.0,0.5,10.0,5000,per_query,3293487728,9.10840552311273e-07,4.5818559630972063e-07,9.812703206370259,0.7941404311995554,1171.6532109540497,0.0052,instanton_2007-04-18_T60_delta0.30_tau25_am200.npz
2007-04-19,20,0.2,0.2231435513142097,20,200.0,16.516954713043514,0.2231435513142097,0.22138524916356417,0.001758302150645541,0.0,0.0,0.5,10.0,5000,per_query,436022437,8.029855745738994e-10,8.029855745738994e-10,24.838262170042537,1.1970575558925234,661.0510223697444,0.0002,instanton_2007-04-19_T20_delta0.20_tau20_am200.npz
2007-04-19,20,0.3,0.35667494393873245,20,200.0,34.6468336777529,0.35667494393873245,0.3554168881333091,0.0012580558054233748,0.0,0.0,0.5,10.0,5000,per_query,938400075,0.0,0.0,42.86595601679106,0.9836847363260411,422.6770012169625,0.0,instanton_2007-04-19_T20_delta0.30_tau20_am200.npz
2007-04-19,60,0.2,0.2231435513142097,21,200.0,15.729399838347021,0.2231435513142097,0.2212035847090128,0.0019399666051969078,0.0,0.0,0.5,10.0,5000,per_query,2118986422,0.0002625430185877798,4.619278176668312e-05,5.42015760989474,1.3813409695031813,2853.879935915509,0.069,instanton_2007-04-19_T60_delta0.20_tau21_am200.npz
2007-04-19,60,0.3,0.35667494393873245,24,200.0,28.81901651278081,0.35667494393873245,0.35479109206782145,0.001883851870911002,0.0,0.0,0.5,10.0,5000,per_query,578969072,2.0469986130280664e-05,2.033389586855449e-05,31.29069059094693,0.8028770786750317,428.5417771089049,0.002,instanton_2007-04-19_T60_delta0.30_tau24_am200.npz
2007-04-20,20,0.2,0.2231435513142097,20,200.0,16.028552067622662,0.2231435513142097,0.2213012981596041,0.001842253154605622,0.0,0.0,0.5,10.0,5000,per_query,3234698493,1.1012708802787866e-08,3.4274410965277843e-09,32.385996393065284,0.935388506179084,590.5402935799777,0.0026,instanton_2007-04-20_T20_delta0.20_tau20_am200.npz
2007-04-20,20,0.3,0.35667494393873245,20,200.0,33.75132398952949,0.35667494393873245,0.3553773643708604,0.0012975795678720203,0.0,0.0,0.5,10.0,5000,per_query,3338772882,0.0,0.0,46.04313997273757,0.7999562227661637,318.02555645515497,0.0,instanton_2007-04-20_T20_delta0.30_tau20_am200.npz
2007-04-20,60,0.2,0.2231435513142097,20,200.0,16.028552067622662,0.2231435513142097,0.2213012981596041,0.001842253154605622,0.0,0.0,0.5,10.0,5000,per_query,3311328113,0.0006905101654546799,0.00017747821522818796,48.00287699310249,0.7698216452758445,414.3191853249159,0.0674,instanton_2007-04-20_T60_delta0.20_tau20_am200.npz
2007-04-20,60,0.3,0.35667494393873245,24,200.0,28.079855968586454,0.35667494393873245,0.3547258581895374,0.0019490857491950564,0.0,0.0,0.5,10.0,5000,per_query,180419135,3.9130575583007115e-07,1.7185045032492688e-07,69.38957612325892,0.5578291484013628,195.1563232157684,0.0036,instanton_2007-04-20_T60_delta0.30_tau24_am200.npz
2007-04-23,20,0.2,0.2231435513142097,20,200.0,15.602450782722748,0.2231435513142097,0.22240486137379634,0.0007386899404133729,0.0,0.0,0.5,10.0,5000,per_query,504797147,9.232210785619866e-09,3.8449847032247784e-09,72.9854094657845,0.7093093914128945,158.6232218663003,0.0018,instanton_2007-04-23_T20_delta0.20_tau20_am200.npz
2007-04-23,20,0.3,0.35667494393873245,20,200.0,33.176703603895426,0.35667494393873245,0.35616002175391426,0.0005149221848181895,0.0,0.0,0.5,10.0,5000,per_query,3592764341,0.0,0.0,42.07954662404211,0.8410646569472112,432.36534548552845,0.0,instanton_2007-04-23_T20_delta0.30_tau20_am200.npz
2007-04-23,60,0.2,0.2231435513142097,34,200.0,9.277630661523997,0.2231435513142097,0.22121034455712163,0.0019332067570880795,0.0,0.0,0.5,10.0,5000,per_query,1629550997,0.0008947169633876687,0.00015421152942922262,48.198467241949515,1.1392934557733974,642.1190995378583,0.0774,instanton_2007-04-23_T60_delta0.20_tau34_am200.npz
2007-04-23,60,0.3,0.35667494393873245,41,200.0,16.282994290276545,0.35667494393873245,0.35468199611749274,0.00199294782123971,0.0,0.0,0.5,10.0,5000,per_query,1729934272,1.1669432641433697e-06,3.7672223592893056e-07,48.04333031347359,0.8422610861345509,391.5156951620182,0.0116,instanton_2007-04-23_T60_delta0.30_tau41_am200.npz
2007-04-24,20,0.2,0.2231435513142097,20,200.0,15.652805733606565,0.2231435513142097,0.222333803452897,0.0008097478613127151,0.0,0.0,0.5,10.0,5000,per_query,3161476843,8.946260522522363e-09,2.927941604709159e-09,9.384184161187934,1.4556362302805264,1991.9669095281856,0.0026,instanton_2007-04-24_T20_delta0.20_tau20_am200.npz
2007-04-24,20,0.3,0.35667494393873245,20,200.0,33.244064307787134,0.35667494393873245,0.3561096865028768,0.0005652574358556706,0.0,0.0,0.5,10.0,5000,per_query,2501509996,0.0,0.0,51.90435162810477,0.6585209567409095,345.46069747263215,0.0,instanton_2007-04-24_T20_delta0.30_tau20_am200.npz
2007-04-24,60,0.2,0.2231435513142097,32,200.0,9.865890438422177,0.2231435513142097,0.2212254224016874,0.0019181289125222989,0.0,0.0,0.5,10.0,5000,per_query,2315793522,0.0009526862243097127,0.00017385034666122473,172.58798709000604,0.986288627638574,176.4954656331561,0.0832,instanton_2007-04-24_T60_delta0.20_tau32_am200.npz
2007-04-24,60,0.3,0.35667494393873245,38,200.0,17.56586903551549,0.35667494393873245,0.3547206765064228,0.001954267432309642,0.0,0.0,0.5,10.0,5000,per_query,1293475212,1.1750170259129982e-06,4.761656883462427e-07,54.0177790740487,0.6911077248546493,297.53442007970693,0.0114,instanton_2007-04-24_T60_delta0.30_tau38_am200.npz
2007-04-25,20,0.2,0.2231435513142097,20,200.0,15.535255118904104,0.2231435513142097,0.22134252145831557,0.0018010298558941429,0.0,0.0,0.5,10.0,5000,per_query,1010308580,8.205920509462045e-09,3.1169725667018774e-09,17.407280997207643,0.8190201953165009,919.3876877684571,0.002,instanton_2007-04-25_T20_delta0.20_tau20_am200.npz
2007-04-25,20,0.3,0.35667494393873245,20,200.0,32.85462002612713,0.35667494393873245,0.35543270670866445,0.0012422372300679996,0.0,0.0,0.5,10.0,5000,per_query,772105708,0.0,0.0,24.705361317559035,0.9879084330044481,827.1617672748063,0.0,instanton_2007-04-25_T20_delta0.30_tau20_am200.npz
2007-04-25,60,0.2,0.2231435513142097,21,200.0,14.796159457716694,0.2231435513142097,0.22114835853452242,0.0019951927796872937,0.0,0.0,0.5,10.0,5000,per_query,140636879,0.008974532291027577,0.008214619215501056,71.26896711320342,0.7448895332813339,272.29968145196796,0.0708,instanton_2007-04-25_T60_delta0.20_tau21_am200.npz
2007-04-25,60,0.3,0.35667494393873245,24,200.0,27.342310481413545,0.35667494393873245,0.3547917478246818,0.0018831961140506337,0.0,0.0,0.5,10.0,5000,per_query,3248904829,1.2388402446654962e-06,6.443315909858169e-07,9.83453532832588,1.0959380469845141,1575.4408523883928,0.0036,instanton_2007-04-25_T60_delta0.30_tau24_am200.npz
2007-04-26,20,0.2,0.2231435513142097,20,200.0,15.82329892672653,0.2231435513142097,0.221314811140517,0.0018287401736927222,0.0,0.0,0.5,10.0,5000,per_query,3162400313,1.036018794498891e-08,3.3812735450401867e-09,51.035937425318416,1.0097404627117503,331.20691073671685,0.0028,instanton_2007-04-26_T20_delta0.20_tau20_am200.npz
2007-04-26,20,0.3,0.35667494393873245,20,200.0,33.37877933504429,0.35667494393873245,0.3554026913690347,0.0012722525696977627,0.0,0.0,0.5,10.0,5000,per_query,2970221515,0.0,0.0,34.83407363054012,0.9517847643665703,603.384734020109,0.0,instanton_2007-04-26_T20_delta0.30_tau20_am200.npz
2007-04-26,60,0.2,0.2231435513142097,20,200.0,15.82329931255566,0.2231435513142097,0.22131365375626633,0.001829897557943383,0.0,0.0,0.5,10.0,5000,per_query,3563969938,0.0018107460890578221,0.0009574083797561327,13.187518658146436,1.4422269184989762,1496.9991841164986,0.0724,instanton_2007-04-26_T60_delta0.20_tau20_am200.npz
2007-04-26,60,0.3,0.35667494393873245,24,200.0,27.77346454797923,0.35667494393873245,0.35475289536756804,0.001922048571164403,0.0,0.0,0.5,10.0,5000,per_query,2503444518,3.4899539375287764e-07,2.5151778834931225e-07,20.872377519641752,0.6397171004803093,611.4357052523072,0.0016,instanton_2007-04-26_T60_delta0.30_tau24_am200.npz
2007-04-27,20,0.2,0.2231435513142097,20,200.0,15.75704685900142,0.2231435513142097,0.221655091927496,0.0014884593867137141,0.0,0.0,0.5,10.0,5000,per_query,30979563,5.301293796700161e-09,2.5385315836605504e-09,37.30900676569333,0.827258168073522,564.0468519648731,0.0012,instanton_2007-04-27_T20_delta0.20_tau20_am200.npz
2007-04-27,20,0.3,0.35667494393873245,20,200.0,33.29434974442021,0.35667494393873245,0.3556392801899495,0.0010356637487829445,0.0,0.0,0.5,10.0,5000,per_query,669535395,0.0,0.0,47.8758080438782,1.0775301426132093,373.005491728664,0.0,instanton_2007-04-27_T20_delta0.30_tau20_am200.npz
2007-04-27,60,0.2,0.2231435513142097,23,200.0,13.710119254977629,0.2231435513142097,0.22116759176777023,0.0019759595464394764,0.0,0.0,0.5,10.0,5000,per_query,540387917,0.0010504415833626339,0.00035774392535887383,116.92966268107013,0.756386322821347,167.7870413744474,0.0758,instanton_2007-04-27_T60_delta0.20_tau23_am200.npz
2007-04-27,60,0.3,0.35667494393873245,27,200.0,24.628864264751133,0.35667494393873245,0.35469671578921247,0.0019782281495199783,0.0,0.0,0.5,10.0,5000,per_query,600275058,7.505929178166453e-07,3.166223702281142e-07,17.64941562450534,0.7246361482158064,618.72399386721,0.0074,instanton_2007-04-27_T60_delta0.30_tau27_am200.npz
2007-04-30,20,0.2,0.2231435513142097,20,200.0,14.527909077509957,0.2231435513142097,0.2229140948168764,0.00022945649733330242,0.0,0.0,0.5,10.0,5000,per_query,3759334251,3.8741787587028626e-08,1.0373389343534988e-08,26.87361774820363,1.039392181385771,558.1719506405198,0.0036,instanton_2007-04-30_T20_delta0.20_tau20_am200.npz
2007-04-30,20,0.3,0.35667494393873245,20,200.0,31.55201158937869,0.35667494393873245,0.3565190335916224,0.00015591034711004426,0.0,0.0,0.5,10.0,5000,per_query,639260277,0.0,0.0,63.58288502453214,0.7271457517849172,249.8120980486255,0.0,instanton_2007-04-30_T20_delta0.30_tau20_am200.npz
2007-04-30,60,0.2,0.2231435513142097,60,200.0,5.129640068727148,0.2231435513142097,0.22180079712787215,0.001342754186337558,0.0,0.0,0.5,10.0,5000,per_query,2550381705,0.00134711385717511,8.329150017051654e-05,482.0496597376389,0.9657069464690545,109.69856961094935,0.0762,instanton_2007-04-30_T60_delta0.20_tau60_am200.npz
2007-04-30,60,0.3,0.35667494393873245,60,200.0,10.825350455111767,0.35667494393873245,0.35555278122885436,0.0011221627098780829,0.0,0.0,0.5,10.0,5000,per_query,762678283,1.909956662363284e-06,3.534011310891154e-07,47.61956258701915,1.0797515315158197,613.5135309869759,0.0094,instanton_2007-04-30_T60_delta0.30_tau60_am200.npz
2007-05-01,20,0.2,0.2231435513142097,20,200.0,14.77714126950602,0.2231435513142097,0.22275302653583573,0.0003905247783739796,0.0,0.0,0.5,10.0,5000,per_query,1945928046,3.3749142477933515e-08,9.532440409786776e-09,17.496429956973223,1.2570917649557962,1033.9141969100192,0.0028,instanton_2007-05-01_T20_delta0.20_tau20_am200.npz
2007-05-01,20,0.3,0.35667494393873245,20,200.0,31.83726116294782,0.35667494393873245,0.3564080450430236,0.00026689889570885583,0.0,0.0,0.5,10.0,5000,per_query,2774001161,0.0,0.0,54.376474273581636,0.9255341225381126,430.32374594800126,0.0,instanton_2007-05-01_T20_delta0.30_tau20_am200.npz
2007-05-01,60,0.2,0.2231435513142097,55,200.0,5.615735513254423,0.2231435513142097,0.2211526512897164,0.001990900024493314,0.0,0.0,0.5,10.0,5000,per_query,3943412110,0.001228003209364506,8.458028738782439e-05,311.2330035542899,1.0003600226951936,189.84378482532946,0.0786,instanton_2007-05-01_T60_delta0.20_tau55_am200.npz
2007-05-01,60,0.3,0.35667494393873245,60,200.0,10.903842614131841,0.35667494393873245,0.35469910962964946,0.001975834309082991,0.0,0.0,0.5,10.0,5000,per_query,2208495876,1.7862980773476309e-06,3.37474546567216e-07,4.405116949056209,1.7933979371388742,4234.486249806217,0.0096,instanton_2007-05-01_T60_delta0.30_tau60_am200.npz
2007-05-02,20,0.2,0.2231435513142097,20,200.0,15.796340186061709,0.2231435513142097,0.2216252756292718,0.0015182756849378976,0.0,0.0,0.5,10.0,5000,per_query,2483410064,8.503443682683653e-09,3.1750769560882127e-09,19.349937121346965,1.061118791274132,955.1435900900495,0.0022,instanton_2007-05-02_T20_delta0.20_tau20_am200.npz
2007-05-02,20,0.3,0.35667494393873245,20,200.0,33.36271137969076,0.35667494393873245,0.35561944421683744,0.0010554997218950035,0.0,0.0,0.5,10.0,5000,per_query,2831554068,0.0,0.0,1.3283018653855534,5.564237351726122,24135.269342221975,0.0,instanton_2007-05-02_T20_delta0.30_tau20_am200.npz
2007-05-02,60,0.2,0.2231435513142097,22,200.0,14.364909788119732,0.2231435513142097,0.22129668961528015,0.0018468616989295583,0.0,0.0,0.5,10.0,5000,per_query,529443084,0.0011646714734422144,0.00043927027044702536,48.38033151571285,0.9075017384302869,411.94919563235766,0.0752,instanton_2007-05-02_T60_delta0.20_tau22_am200.npz
2007-05-02,60,0.3,0.35667494393873245,26,200.0,25.62675895546227,0.35667494393873245,0.3547977235397566,0.0018772203989758651,0.0,0.0,0.5,10.0,5000,per_query,2212261501,6.902692121946745e-08,2.4223984340861543e-08,21.59524421169278,0.7956112718732563,675.1351030267291,0.004,instanton_2007-05-02_T60_delta0.30_tau26_am200.npz
2007-05-03,20,0.2,0.2231435513142097,20,200.0,15.703494023981385,0.2231435513142097,0.22132643282443887,0.0018171184897708414,0.0,0.0,0.5,10.0,5000,per_query,299041324,1.1998487749843742e-08,3.935313534722405e-09,31.582087982474754,0.9355700766564731,587.532035699475,0.0024,instanton_2007-05-03_T20_delta0.20_tau20_am200.npz
2007-05-03,20,0.3,0.35667494393873245,20,200.0,33.160962344939065,0.35667494393873245,0.35541325485428477,0.0012616890844476814,0.0,0.0,0.5,10.0,5000,per_query,342964264,0.0,0.0,10.827993218226492,0.8997348276960664,1309.3190746746338,0.0,instanton_2007-05-03_T20_delta0.30_tau20_am200.npz
2007-05-03,60,0.2,0.2231435513142097,20,200.0,15.7034941074802,0.2231435513142097,0.22132796318057846,0.0018155881336312518,0.0,0.0,0.5,10.0,5000,per_query,2594384945,0.0008110324403706351,0.0003438188474661277,86.00631270391196,0.7952111306909,242.84405404940284,0.071,instanton_2007-05-03_T60_delta0.20_tau20_am200.npz
2007-05-03,60,0.3,0.35667494393873245,24,200.0,27.594305066668035,0.35667494393873245,0.3547687088967768,0.0019062350419556395,0.0,0.0,0.5,10.0,5000,per_query,3785241583,1.2976014880360117e-07,6.822129750234608e-08,36.930810373642295,0.721857057643163,392.16289432668,0.003,instanton_2007-05-03_T60_delta0.30_tau24_am200.npz
2007-05-04,20,0.2,0.2231435513142097,20,200.0,15.664844712686367,0.2231435513142097,0.22132846518690918,0.0018150861273005248,0.0,0.0,0.5,10.0,5000,per_query,2112281925,9.755538912757263e-09,3.168023543738407e-09,24.789110618637217,1.1629064444575357,700.7473410998793,0.0024,instanton_2007-05-04_T20_delta0.20_tau20_am200.npz
2007-05-04,20,0.3,0.35667494393873245,20,200.0,33.0906375625832,0.35667494393873245,0.3554195884879885,0.0012553554507439557,0.0,0.0,0.5,10.0,5000,per_query,3297529520,0.0,0.0,35.6176850973607,0.8206810041719586,492.7535173170567,0.0,instanton_2007-05-04_T20_delta0.30_tau20_am200.npz
2007-05-04,60,0.2,0.2231435513142097,20,200.0,15.664846667232917,0.2231435513142097,0.22133277472263924,0.0018107765915704732,0.0,0.0,0.5,10.0,5000,per_query,3987280832,0.0006797694296857154,0.00033072150089092793,68.47765122244229,0.804219377485254,214.74651972279912,0.066,instanton_2007-05-04_T60_delta0.20_tau20_am200.npz
2007-05-04,60,0.3,0.35667494393873245,24,200.0,27.53645544942671,0.35667494393873245,0.3547713924544862,0.0019035514842462575,0.0,0.0,0.5,10.0,5000,per_query,1893675717,1.114991953864473e-05,1.1074298085032758e-05,30.608132254290084,0.8147292290561334,542.4362496739767,0.0024,instanton_2007-05-04_T60_delta0.30_tau24_am200.npz
2007-05-07,20,0.2,0.2231435513142097,20,200.0,15.6752257024165,0.2231435513142097,0.22132944093382623,0.0018141103803834824,0.0,0.0,0.5,10.0,5000,per_query,1901131844,8.328386762303157e-09,3.5240220901670963e-09,23.580352511818422,0.83985749532267,602.1846902363184,0.0014,instanton_2007-05-07_T20_delta0.20_tau20_am200.npz
2007-05-07,20,0.3,0.35667494393873245,20,200.0,33.10952797536571,0.35667494393873245,0.35541538790401095,0.0012595560347214985,0.0,0.0,0.5,10.0,5000,per_query,2500556680,0.0,0.0,43.09214782704731,0.8093301977331399,440.6439201059945,0.0,instanton_2007-05-07_T20_delta0.30_tau20_am200.npz
2007-05-07,60,0.2,0.2231435513142097,20,200.0,15.6752257024165,0.2231435513142097,0.22132944093382623,0.0018141103803834824,0.0,0.0,0.5,10.0,5000,per_query,1133828952,0.0013090353389871214,0.00042295078957143027,63.70226305758875,0.7308607570185526,243.27043566763507,0.0776,instanton_2007-05-07_T60_delta0.20_tau20_am200.npz
2007-05-07,60,0.3,0.35667494393873245,24,200.0,27.5519964575762,0.35667494393873245,0.3547744104297843,0.0019005335089481434,0.0,0.0,0.5,10.0,5000,per_query,663696012,9.166144687179334e-08,5.168932509566394e-08,46.11608434456987,0.5780269864338812,307.8916797321683,0.0022,instanton_2007-05-07_T60_delta0.30_tau24_am200.npz
2007-05-08,20,0.2,0.2231435513142097,20,200.0,15.557736541555634,0.2231435513142097,0.22184248836042908,0.0013010629537806295,0.0,0.0,0.5,10.0,5000,per_query,3186592244,1.0704190521836543e-08,3.5018065325642115e-09,17.918993588466083,0.9920070129970896,865.497733887391,0.0024,instanton_2007-05-08_T20_delta0.20_tau20_am200.npz
2007-05-08,20,0.3,0.35667494393873245,20,200.0,32.95668651685017,0.35667494393873245,0.3557762730950049,0.0008986708437275226,0.0,0.0,0.5,10.0,5000,per_query,2944669092,0.0,0.0,30.635632103014498,0.7857317952852897,414.61911990960493,0.0,instanton_2007-05-08_T20_delta0.30_tau20_am200.npz
2007-05-08,60,0.2,0.2231435513142097,24,200.0,12.982386530543302,0.2231435513142097,0.2212724625736744,0.0018710887405353205,0.0,0.0,0.5,10.0,5000,per_query,257345885,0.0012184931030462145,0.00030473866901604437,5.37583571299136,1.8405259817599158,3678.725146981527,0.0768,instanton_2007-05-08_T60_delta0.20_tau24_am200.npz
2007-05-08,60,0.3,0.35667494393873245,29,200.0,22.71466216289497,0.35667494393873245,0.35470463614209446,0.0019703077966379823,0.0,0.0,0.5,10.0,5000,per_query,2926637284,7.368822112939031e-07,3.541001834391405e-07,45.14002528058475,0.5012634070463069,183.01244328447538,0.0098,instanton_2007-05-08_T60_delta0.30_tau29_am200.npz
2007-05-09,20,0.2,0.2231435513142097,20,200.0,15.724884256439353,0.2231435513142097,0.2213254763328596,0.0018180749813501151,0.0,0.0,0.5,10.0,5000,per_query,2845586795,1.382432529709219e-08,3.87184454166261e-09,26.477282082968742,0.9371535066804061,522.973773685971,0.0032,instanton_2007-05-09_T20_delta0.20_tau20_am200.npz
2007-05-09,20,0.3,0.35667494393873245,20,200.0,33.199871913437434,0.35667494393873245,0.3554110723251931,0.001263871613539358,0.0,0.0,0.5,10.0,5000,per_query,3002597696,0.0,0.0,17.196029747732553,1.072001797317144,870.9495120649539,0.0,instanton_2007-05-09_T20_delta0.30_tau20_am200.npz
2007-05-09,60,0.2,0.2231435513142097,20,200.0,15.724884256439353,0.2231435513142097,0.2213254763328596,0.0018180749813501151,0.0,0.0,0.5,10.0,5000,per_query,2604492181,0.0014548587758739448,0.0007451168273406709,110.29666795765064,0.6689385851777091,139.02912944036476,0.0706,instanton_2007-05-09_T60_delta0.20_tau20_am200.npz
2007-05-09,60,0.3,0.35667494393873245,24,200.0,27.626309659504756,0.35667494393873245,0.3547635278660932,0.001911416072639227,0.0,0.0,0.5,10.0,5000,per_query,3216971949,3.702742122174405e-07,2.4250252998873136e-07,10.769567013053662,1.06070349387236,1250.2304007047271,0.0022,instanton_2007-05-09_T60_delta0.30_tau24_am200.npz
2007-05-10,20,0.2,0.2231435513142097,20,200.0,14.176198070130459,0.2231435513142097,0.2229717463998604,0.0001718049143493161,0.0,0.0,0.5,10.0,5000,per_query,2995833428,8.440216648362205e-08,1.8416221943133866e-08,64.93169875907186,0.8609527639714062,304.6796578912527,0.0056,instanton_2007-05-10_T20_delta0.20_tau20_am200.npz
2007-05-10,20,0.3,0.35667494393873245,20,200.0,30.99139094118455,0.35667494393873245,0.3565595468757401,0.00011539706299235064,0.0,0.0,0.5,10.0,5000,per_query,3698562507,0.0,0.0,57.19554017277796,0.8485033967801541,359.64454899051606,0.0,instanton_2007-05-10_T20_delta0.30_tau20_am200.npz
2007-05-10,60,0.2,0.2231435513142097,60,200.0,5.0188822494451415,0.2231435513142097,0.22209287171749637,0.0010506795967133442,0.0,0.0,0.5,10.0,5000,per_query,3518984580,0.0012847330782965003,8.924491513756035e-05,500.8755309029224,0.9492818695963422,86.94358362485018,0.0664,instanton_2007-05-10_T60_delta0.20_tau60_am200.npz
2007-05-10,60,0.3,0.35667494393873245,60,200.0,10.652495214337685,0.35667494393873245,0.3559166383019736,0.000758305636758827,0.0,0.0,0.5,10.0,5000,per_query,671995807,2.3222979181074047e-06,3.6597920256679264e-07,234.0900361812682,0.9569330141557957,95.37720641049144,0.0102,instanton_2007-05-10_T60_delta0.30_tau60_am200.npz
2007-05-11,20,0.2,0.2231435513142097,20,200.0,14.789373557198955,0.2231435513142097,0.22207028236632098,0.001073268947888728,0.0,0.0,0.5,10.0,5000,per_query,1286490396,2.914073197408293e-08,8.159033764625869e-09,15.027935686011467,1.30712479662974,1333.371443276984,0.0034,instanton_2007-05-11_T20_delta0.20_tau20_am200.npz
2007-05-11,20,0.3,0.35667494393873245,20,200.0,31.5815844140691,0.35667494393873245,0.3559553438492813,0.0007196000894511556,0.0,0.0,0.5,10.0,5000,per_query,1913529076,0.0,0.0,30.45258010638102,0.8755791411254171,554.7591985975065,0.0,instanton_2007-05-11_T20_delta0.30_tau20_am200.npz
2007-05-11,60,0.2,0.2231435513142097,27,200.0,11.002188513890976,0.2231435513142097,0.22122311465035427,0.0019204366638554404,0.0,0.0,0.5,10.0,5000,per_query,1228471932,0.0016494835725609637,0.00034597921674337314,52.57402281842175,1.0749571301173906,534.3941942495202,0.0896,instanton_2007-05-11_T60_delta0.20_tau27_am200.npz
2007-05-11,60,0.3,0.35667494393873245,33,200.0,19.1850074326943,0.35667494393873245,0.35467650589694166,0.0019984380417907843,0.0,0.0,0.5,10.0,5000,per_query,632267342,2.7817255130589222e-06,1.2009618244837852e-06,32.23096250858515,0.7995479310710769,491.01998875714645,0.0144,instanton_2007-05-11_T60_delta0.30_tau33_am200.npz
2007-05-14,20,0.2,0.2231435513142097,20,200.0,15.018092736464856,0.2231435513142097,0.22248481370439332,0.0006587376098163844,0.0,0.0,0.5,10.0,5000,per_query,291690143,1.4342693686448247e-08,5.514650617883889e-09,67.64993005821356,0.8499796225318121,316.3248021919353,0.0026,instanton_2007-05-14_T20_delta0.20_tau20_am200.npz
2007-05-14,20,0.3,0.35667494393873245,20,200.0,32.12776713640716,0.35667494393873245,0.35622655090193955,0.00044839303679289344,0.0,0.0,0.5,10.0,5000,per_query,1584965909,0.0,0.0,30.73587742056751,1.2040898027964624,586.773038309285,0.0,instanton_2007-05-14_T20_delta0.30_tau20_am200.npz
2007-05-14,60,0.2,0.2231435513142097,37,200.0,8.246218906445304,0.2231435513142097,0.22116096213952297,0.001982589174686744,0.0,0.0,0.5,10.0,5000,per_query,3438276207,0.0012158174720503538,0.00015654619893476604,9.891084101959585,1.3545051769029022,2132.7254437463193,0.0778,instanton_2007-05-14_T60_delta0.20_tau37_am200.npz
2007-05-14,60,0.3,0.35667494393873245,45,200.0,14.436793272362635,0.35667494393873245,0.3547766538594237,0.001898290079308751,0.0,0.0,0.5,10.0,5000,per_query,1766398132,1.9884178451823773e-06,5.295711853988497e-07,36.974495071017564,1.2737081662104577,605.5834255834508,0.0124,instanton_2007-05-14_T60_delta0.30_tau45_am200.npz
2007-05-15,20,0.2,0.2231435513142097,20,200.0,15.081966802972639,0.2231435513142097,0.22244316551748522,0.0007003857967244898,0.0,0.0,0.5,10.0,5000,per_query,1507283215,6.606254010939683e-09,3.85995533969566e-09,47.401526619657126,0.8505690060755258,381.473442248102,0.0012,instanton_2007-05-15_T20_delta0.20_tau20_am200.npz
2007-05-15,20,0.3,0.35667494393873245,20,200.0,32.22924794905232,0.35667494393873245,0.3561951125938174,0.0004798313449150271,0.0,0.0,0.5,10.0,5000,per_query,3503407916,0.0,0.0,115.00350763393163,0.6922622257397263,127.39237997841943,0.0,instanton_2007-05-15_T20_delta0.30_tau20_am200.npz
2007-05-15,60,0.2,0.2231435513142097,35,200.0,8.731748084956811,0.2231435513142097,0.2212088372517833,0.0019347140624264014,0.0,0.0,0.5,10.0,5000,per_query,2012479980,0.0011307158594725624,0.0002516112734677398,170.59439981995243,0.9182901134385116,139.2165477075593,0.0876,instanton_2007-05-15_T60_delta0.20_tau35_am200.npz
2007-05-15,60,0.3,0.35667494393873245,43,200.0,15.126445687965024,0.35667494393873245,0.3546844550520971,0.001990488886635333,0.0,0.0,0.5,10.0,5000,per_query,447125158,2.2114502562787982e-06,1.031171577153569e-06,2.788508006694666,2.371032787925937,7071.698923387121,0.0132,instanton_2007-05-15_T60_delta0.30_tau43_am200.npz
2007-05-16,20,0.2,0.2231435513142097,20,200.0,15.204125765554064,0.2231435513142097,0.22136651008816166,0.0017770412260480484,0.0,0.0,0.5,10.0,5000,per_query,529504184,1.744938824867375e-08,5.173274142944528e-09,6.082505828547482,1.6142400816943583,3215.358021991256,0.0028,instanton_2007-05-16_T20_delta0.20_tau20_am200.npz
2007-05-16,20,0.3,0.35667494393873245,20,200.0,32.25006370520168,0.35667494393873245,0.355469510380515,0.0012054335582174502,0.0,0.0,0.5,10.0,5000,per_query,1230943212,0.0,0.0,52.6861329525504,0.6947072821209508,279.9852884011152,0.0,instanton_2007-05-16_T20_delta0.30_tau20_am200.npz
2007-05-16,60,0.2,0.2231435513142097,21,200.0,14.481611799191018,0.2231435513142097,0.221179682106472,0.001963869207737723,0.0,0.0,0.5,10.0,5000,per_query,3278090813,0.0008325022586087393,0.00018717708335363534,28.34329588203543,1.1129529997290273,693.5532401826855,0.0838,instanton_2007-05-16_T60_delta0.20_tau21_am200.npz
2007-05-16,60,0.3,0.35667494393873245,24,200.0,26.844930908268587,0.35667494393873245,0.3548336099902798,0.0018413339484526503,0.0,0.0,0.5,10.0,5000,per_query,1710340508,2.966778676349646e-06,1.954089162378065e-06,9.722865221941406,0.9053893883130564,997.6913468155243,0.0036,instanton_2007-05-16_T60_delta0.30_tau24_am200.npz
2007-05-17,20,0.2,0.2231435513142097,20,200.0,15.01109622830224,0.2231435513142097,0.22206101120973543,0.0010825401044742833,0.0,0.0,0.5,10.0,5000,per_query,2271802119,2.1231467479619516e-08,6.1873699755992025e-09,27.873502964376662,1.054480533112618,777.1335210363208,0.0032,instanton_2007-05-17_T20_delta0.20_tau20_am200.npz
2007-05-17,20,0.3,0.35667494393873245,20,200.0,31.989245441374322,0.35667494393873245,0.355943040597932,0.0007319033408004216,0.0,0.0,0.5,10.0,5000,per_query,4271045972,0.0,0.0,14.735088924142703,1.210945796657961,1400.567783582044,0.0,instanton_2007-05-17_T20_delta0.30_tau20_am200.npz
2007-05-17,60,0.2,0.2231435513142097,27,200.0,11.164238874580363,0.2231435513142097,0.22121563273502787,0.001927918579181842,0.0,0.0,0.5,10.0,5000,per_query,1572557852,0.0016741694613032622,0.0002622660085472429,77.2127802570111,0.9489245167373872,344.9079219789287,0.0858,instanton_2007-05-17_T60_delta0.20_tau27_am200.npz
2007-05-17,60,0.3,0.35667494393873245,32,200.0,20.023268774908786,0.35667494393873245,0.3547407222877741,0.0019342216509583565,0.0,0.0,0.5,10.0,5000,per_query,2237169188,1.855222744818732e-06,8.751375941160188e-07,7.7847071518887505,0.8237545848308561,1385.7838850374187,0.0114,instanton_2007-05-17_T60_delta0.30_tau32_am200.npz
2007-05-18,20,0.2,0.2231435513142097,20,200.0,15.251808155721264,0.2231435513142097,0.22136079818474297,0.001782753129466741,0.0,0.0,0.5,10.0,5000,per_query,1957212863,2.166602466071622e-08,5.901231720337195e-09,97.46442972376474,0.6867367063801528,130.17394831078227,0.0034,instanton_2007-05-18_T20_delta0.20_tau20_am200.npz
2007-05-18,20,0.3,0.35667494393873245,20,200.0,32.33725801707128,0.35667494393873245,0.35545909592317226,0.0012158480155601836,0.0,0.0,0.5,10.0,5000,per_query,2041090858,0.0,0.0,15.073541533126638,0.942855358736402,1153.3423081320907,0.0,instanton_2007-05-18_T20_delta0.30_tau20_am200.npz
2007-05-18,60,0.2,0.2231435513142097,21,200.0,14.526906832097065,0.2231435513142097,0.2211682521295426,0.001975299184667101,0.0,0.0,0.5,10.0,5000,per_query,3731221610,0.0007634162670272462,0.0001788710658618385,20.04609576996793,1.19962584335169,832.2023425921121,0.0788,instanton_2007-05-18_T60_delta0.20_tau21_am200.npz
2007-05-18,60,0.3,0.35667494393873245,24,200.0,26.91667048614864,0.35667494393873245,0.35482852103885776,0.001846422899874689,0.0,0.0,0.5,10.0,5000,per_query,2546451605,2.806675920824019e-06,1.7980747973307267e-06,19.97563564405507,0.825392234971356,616.0112146312431,0.004,instanton_2007-05-18_T60_delta0.30_tau24_am200.npz
2007-05-21,20,0.2,0.2231435513142097,20,200.0,15.282719935756907,0.2231435513142097,0.221577177666056,0.0015663736481537072,0.0,0.0,0.5,10.0,5000,per_query,1444697603,1.1519839206932483e-08,4.1690621673136735e-09,78.97465297694333,0.9006649080419322,199.3100386338936,0.0024,instanton_2007-05-21_T20_delta0.20_tau20_am200.npz
2007-05-21,20,0.3,0.35667494393873245,20,200.0,32.4162141040091,0.35667494393873245,0.35560842931669523,0.001066514622037218,0.0,0.0,0.5,10.0,5000,per_query,2830852095,0.0,0.0,98.9852496158453,0.7917524188394122,177.33414975677837,0.0,instanton_2007-05-21_T20_delta0.30_tau20_am200.npz
2007-05-21,60,0.2,0.2231435513142097,22,200.0,13.899225792616614,0.2231435513142097,0.22124083166056607,0.0019027196536436364,0.0,0.0,0.5,10.0,5000,per_query,1502272964,0.0007063058151910306,0.00011698430358720334,39.33283761934468,1.037816088963647,436.5662008871687,0.0804,instanton_2007-05-21_T60_delta0.20_tau22_am200.npz
2007-05-21,60,0.3,0.35667494393873245,26,200.0,24.909134319169116,0.35667494393873245,0.354771348695893,0.001903595242839451,0.0,0.0,0.5,10.0,5000,per_query,2881503881,6.353963174520503e-07,3.2285321198910923e-07,1.400897188796972,3.6513457572241017,15415.939402848464,0.0066,instanton_2007-05-21_T60_delta0.30_tau26_am200.npz
2007-05-22,20,0.2,0.2231435513142097,20,200.0,15.211400593615352,0.2231435513142097,0.22186100741734816,0.0012825438968615543,0.0,0.0,0.5,10.0,5000,per_query,1286894286,2.1477688665015138e-08,5.811675464185155e-09,10.83007465006509,1.418516620968145,1532.9029730248521,0.0038,instanton_2007-05-22_T20_delta0.20_tau20_am200.npz
2007-05-22,20,0.3,0.35667494393873245,20,200.0,32.32270544846464,0.35667494393873245,0.3558008595175828,0.0008740844211496679,0.0,0.0,0.5,10.0,5000,per_query,941544783,0.0,0.0,13.448628898544083,1.3507274262587399,1682.311837452482,0.0,instanton_2007-05-22_T20_delta0.30_tau20_am200.npz
2007-05-22,60,0.2,0.2231435513142097,25,200.0,12.19439321795268,0.2231435513142097,0.2211480537007393,0.0019954976134703983,0.0,0.0,0.5,10.0,5000,per_query,1748235943,0.0011544243267925254,0.00019696177290701007,44.50245301012801,1.0482812875641212,525.7385623310591,0.0848,instanton_2007-05-22_T60_delta0.20_tau25_am200.npz
2007-05-22,60,0.3,0.35667494393873245,29,200.0,22.287790115264126,0.35667494393873245,0.3547452517864018,0.001929692152330631,0.0,0.0,0.5,10.0,5000,per_query,1838284322,1.2489261794087152e-06,7.935773644851342e-07,10.783975861603738,0.7080226191715705,943.8340638263461,0.0136,instanton_2007-05-22_T60_delta0.30_tau29_am200.npz
2007-05-23,20,0.2,0.2231435513142097,20,200.0,15.67767018533532,0.2231435513142097,0.2217908338879493,0.0013527174262604191,0.0,0.0,0.5,10.0,5000,per_query,268417821,2.336515263618189e-08,6.298453922624185e-09,85.28577742031388,0.6916467517059008,258.67726662827147,0.0044,instanton_2007-05-23_T20_delta0.20_tau20_am200.npz
2007-05-23,20,0.3,0.35667494393873245,20,200.0,33.168125361292866,0.35667494393873245,0.35573784715386214,0.000937096784870306,0.0,0.0,0.5,10.0,5000,per_query,2221456674,0.0,0.0,24.95823788037352,0.7789848070832024,613.0996417889485,0.0,instanton_2007-05-23_T20_delta0.30_tau20_am200.npz
2007-05-23,60,0.2,0.2231435513142097,24,200.0,13.080327126394684,0.2231435513142097,0.22121005692251927,0.001933494391690438,0.0,0.0,0.5,10.0,5000,per_query,355647184,0.0008563693973933482,0.00019539944691468074,20.57209027325896,0.9912405900659209,984.3585132843305,0.0792,instanton_2007-05-23_T60_delta0.20_tau24_am200.npz
2007-05-23,60,0.3,0.35667494393873245,28,200.0,23.66777604953186,0.35667494393873245,0.3547524238440838,0.001922520094648661,0.0,0.0,0.5,10.0,5000,per_query,3802584413,2.7360711016265004e-07,9.706840859946011e-08,14.44666420108494,0.7939041317489536,768.3773673734264,0.007,instanton_2007-05-23_T60_delta0.30_tau28_am200.npz
2007-05-24,20,0.2,0.2231435513142097,20,200.0,14.298956132074423,0.2231435513142097,0.22296302621848518,0.00018052509572452635,0.0,0.0,0.5,10.0,5000,per_query,3048949190,4.1186023348136616e-08,1.0945072238252618e-08,78.5774217050667,0.8808444667675034,285.0759490807617,0.0032,instanton_2007-05-24_T20_delta0.20_tau20_am200.npz
2007-05-24,20,0.3,0.35667494393873245,20,200.0,31.20549303608934,0.35667494393873245,0.35655273574167534,0.0001222081970571054,0.0,0.0,0.5,10.0,5000,per_query,2542856224,0.0,0.0,22.058169439405567,0.9436257228998886,893.9876415364746,0.0,instanton_2007-05-24_T20_delta0.30_tau20_am200.npz
2007-05-24,60,0.2,0.2231435513142097,60,200.0,5.055143245064886,0.2231435513142097,0.22199970155034787,0.0011438497638618372,0.0,0.0,0.5,10.0,5000,per_query,4253157251,0.0013662432171081937,9.183850664158879e-05,456.6708109021463,1.050592742424648,91.07107105204224,0.0718,instanton_2007-05-24_T60_delta0.20_tau60_am200.npz
2007-05-24,60,0.3,0.35667494393873245,60,200.0,10.721758970530283,0.35667494393873245,0.3557525721152617,0.000922371823470769,0.0,0.0,0.5,10.0,5000,per_query,1830718854,1.9997425982517685e-06,3.689176502359602e-07,123.90102865915527,0.8202493508764084,149.7209248592736,0.0094,instanton_2007-05-24_T60_delta0.30_tau60_am200.npz
2007-05-25,20,0.2,0.2231435513142097,20,200.0,14.661043427210023,0.2231435513142097,0.22271495636211291,0.00042859495209679466,0.0,0.0,0.5,10.0,5000,per_query,2282932315,3.53370229967551e-08,9.972681087419905e-09,50.26187623796686,0.8317976534539255,286.0212517140214,0.0034,instanton_2007-05-25_T20_delta0.20_tau20_am200.npz
2007-05-25,20,0.3,0.35667494393873245,20,200.0,31.590968493598552,0.35667494393873245,0.3563849481305823,0.00028999580815014525,0.0,0.0,0.5,10.0,5000,per_query,964501908,0.0,0.0,97.79943366714711,0.7543442709486798,202.3511585584624,0.0,instanton_2007-05-25_T20_delta0.30_tau20_am200.npz
2007-05-25,60,0.2,0.2231435513142097,54,200.0,5.6662129519014615,0.2231435513142097,0.22118238982701932,0.001961161487190388,0.0,0.0,0.5,10.0,5000,per_query,326285083,0.0013770728977549101,0.0001029474031554629,466.8528836448712,0.9705703093128919,101.9853625582342,0.0794,instanton_2007-05-25_T60_delta0.20_tau54_am200.npz
2007-05-25,60,0.3,0.35667494393873245,58,200.0,11.173192546082445,0.35667494393873245,0.3546799800028797,0.001994963935852745,0.0,0.0,0.5,10.0,5000,per_query,587645610,2.5352210260908876e-06,3.964044334175342e-07,94.59827731801333,0.8854754961723961,204.6948904103674,0.0114,instanton_2007-05-25_T60_delta0.30_tau58_am200.npz
2007-05-29,20,0.2,0.2231435513142097,20,200.0,15.325155803063211,0.2231435513142097,0.22216617445569664,0.0009773768585130682,0.0,0.0,0.5,10.0,5000,per_query,1104366432,2.0402732416246924e-08,6.88285278746182e-09,48.64620723635,0.8203678540591589,309.04937195693674,0.0026,instanton_2007-05-29_T20_delta0.20_tau20_am200.npz
2007-05-29,20,0.3,0.35667494393873245,20,200.0,32.59322839193156,0.35667494393873245,0.3560044934920459,0.0006704504466865657,0.0,0.0,0.5,10.0,5000,per_query,1559198987,0.0,0.0,22.633012306421794,0.6025751820977958,600.7722693758077,0.0,instanton_2007-05-29_T20_delta0.30_tau20_am200.npz
2007-05-29,60,0.2,0.2231435513142097,29,200.0,10.628146508210309,0.2231435513142097,0.22118280287637937,0.0019607484378303397,0.0,0.0,0.5,10.0,5000,per_query,209443963,0.001154047952667499,0.0002539869524328931,117.95749316183841,0.9309730871113691,228.01354813255963,0.081,instanton_2007-05-29_T60_delta0.20_tau29_am200.npz
2007-05-29,60,0.3,0.35667494393873245,34,200.0,19.212583409422468,0.35667494393873245,0.35473059512741134,0.001944348811321106,0.0,0.0,0.5,10.0,5000,per_query,2005222962,1.1977612002642223e-06,4.4295727438022134e-07,10.623313565967653,1.3769730860356024,1910.4631464947938,0.0118,instanton_2007-05-29_T60_delta0.30_tau34_am200.npz
2007-05-30,20,0.2,0.2231435513142097,20,200.0,15.230325466663745,0.2231435513142097,0.22136502366331,0.0017785276508996972,0.0,0.0,0.5,10.0,5000,per_query,654965402,1.4491613624721399e-08,4.4825187440557676e-09,17.577258576485313,1.1363843557159712,1065.1122110532572,0.0024,instanton_2007-05-30_T20_delta0.20_tau20_am200.npz
2007-05-30,20,0.3,0.35667494393873245,20,200.0,32.29797616903384,0.35667494393873245,0.3554656786633119,0.0012092652754205346,0.0,0.0,0.5,10.0,5000,per_query,1628739267,0.0,0.0,51.577945629332795,0.7791199319890998,400.2635907389674,0.0,instanton_2007-05-30_T20_delta0.30_tau20_am200.npz
2007-05-30,60,0.2,0.2231435513142097,21,200.0,14.50649909417533,0.2231435513142097,0.22117484461588433,0.0019687066983253843,0.0,0.0,0.5,10.0,5000,per_query,75785975,0.0012834186518324816,0.0004676675039224595,60.76301658026421,0.7550644897333469,257.47242969265517,0.0764,instanton_2007-05-30_T60_delta0.20_tau21_am200.npz
2007-05-30,60,0.3,0.35667494393873245,24,200.0,26.884357932347466,0.35667494393873245,0.3548361239181128,0.001838820020619636,0.0,0.0,0.5,10.0,5000,per_query,2511150749,5.036307429683165e-06,3.3981429712238423e-06,20.045053694514205,1.1522223331943124,954.9888083380358,0.0052,instanton_2007-05-30_T60_delta0.30_tau24_am200.npz
2007-05-31,20,0.2,0.2231435513142097,20,200.0,15.3175801612043,0.2231435513142097,0.2217672923157945,0.001376258998415203,0.0,0.0,0.5,10.0,5000,per_query,1167667923,1.333350827382339e-08,4.333127439492861e-09,10.839103810847835,1.0399708775103276,1480.0580311760152,0.0024,instanton_2007-05-31_T20_delta0.20_tau20_am200.npz
2007-05-31,20,0.3,0.35667494393873245,20,200.0,32.504044631776026,0.35667494393873245,0.3557318712217086,0.000943072717023874,0.0,0.0,0.5,10.0,5000,per_query,1188920187,0.0,0.0,28.595418146106358,0.9099518212815921,625.7512295276841,0.0,instanton_2007-05-31_T20_delta0.30_tau20_am200.npz
2007-05-31,60,0.2,0.2231435513142097,24,200.0,12.781836865076702,0.2231435513142097,0.2211685240944714,0.001975027219738301,0.0,0.0,0.5,10.0,5000,per_query,927394818,0.002728545978902308,0.001687128124932293,110.74385785062056,0.7452917187520062,190.25109538442436,0.0798,instanton_2007-05-31_T60_delta0.20_tau24_am200.npz
2007-05-31,60,0.3,0.35667494393873245,28,200.0,23.202178256358266,0.35667494393873245,0.3547285027251892,0.0019464412135432596,0.0,0.0,0.5,10.0,5000,per_query,2726831553,1.0348317685185882e-06,5.090699286471117e-07,9.837427510876624,1.1970909232186613,1456.2408273901679,0.0108,instanton_2007-05-31_T60_delta0.30_tau28_am200.npz
2007-06-01,20,0.2,0.2231435513142097,20,200.0,15.432072678276993,0.2231435513142097,0.22134838809605384,0.0017951632181558708,0.0,0.0,0.5,10.0,5000,per_query,928919118,7.2402225787105106e-09,3.5132439896034235e-09,116.24420476530354,0.7075664301104132,150.477586722497,0.0014,instanton_2007-06-01_T20_delta0.20_tau20_am200.npz
2007-06-01,20,0.3,0.35667494393873245,20,200.0,32.6664673760362,0.35667494393873245,0.35544263027679524,0.0012323136619372121,0.0,0.0,0.5,10.0,5000,per_query,676656432,0.0,0.0,27.176004489659903,0.7963533231575199,536.7223375546837,0.0,instanton_2007-06-01_T20_delta0.30_tau20_am200.npz
2007-06-01,60,0.2,0.2231435513142097,21,200.0,14.69814641024851,0.2231435513142097,0.22115425680250134,0.0019892945117083727,0.0,0.0,0.5,10.0,5000,per_query,2976784894,0.0005531891047367571,0.00012954274644512762,44.482698111736696,0.9572661593874967,556.0027201428212,0.0766,instanton_2007-06-01_T60_delta0.20_tau21_am200.npz
2007-06-01,60,0.3,0.35667494393873245,24,200.0,27.187524405213413,0.35667494393873245,0.3548040594691857,0.001870884469546752,0.0,0.0,0.5,10.0,5000,per_query,853488307,3.628221600898982e-07,2.137184098059485e-07,22.603889125244052,0.8732083363151043,787.7706261328053,0.004,instanton_2007-06-01_T60_delta0.30_tau24_am200.npz
2007-06-04,20,0.2,0.2231435513142097,20,200.0,15.509642693173973,0.2231435513142097,0.22134013567762167,0.001803415636588035,0.0,0.0,0.5,10.0,5000,per_query,164031422,9.673133259553579e-09,3.4757864754006815e-09,29.662319048885085,0.9402971558083449,731.5566917165402,0.002,instanton_2007-06-04_T20_delta0.20_tau20_am200.npz
2007-06-04,20,0.3,0.35667494393873245,20,200.0,32.80794165307597,0.35667494393873245,0.35543773957687996,0.0012372043618524842,0.0,0.0,0.5,10.0,5000,per_query,4077708479,0.0,0.0,21.3547422107918,0.9620428770199433,602.314452006501,0.0,instanton_2007-06-04_T20_delta0.30_tau20_am200.npz
2007-06-04,60,0.2,0.2231435513142097,21,200.0,14.771832884177536,0.2231435513142097,0.2211469425048227,0.0019966088093870127,0.0,0.0,0.5,10.0,5000,per_query,929141372,0.0007841449664436588,0.00021868924044986354,35.879196302543846,0.9268053867856417,664.0872411622129,0.0812,instanton_2007-06-04_T60_delta0.20_tau21_am200.npz
2007-06-04,60,0.3,0.35667494393873245,24,200.0,27.303907709663697,0.35667494393873245,0.3547929686787361,0.001881975259996338,0.0,0.0,0.5,10.0,5000,per_query,3160144800,2.0340945998726574e-05,1.967326062651027e-05,4.772539967066495,0.9172943372998332,2083.9454496887183,0.0028,instanton_2007-06-04_T60_delta0.30_tau24_am200.npz
2007-06-05,20,0.2,0.2231435513142097,20,200.0,15.05656946278778,0.2231435513142097,0.22245217447590626,0.000691376838303448,0.0,0.0,0.5,10.0,5000,per_query,3891901335,1.611633567761676e-08,4.528325951986334e-09,87.29063301002884,0.6361660641185827,195.46888423094921,0.0032,instanton_2007-06-05_T20_delta0.20_tau20_am200.npz
2007-06-05,20,0.3,0.35667494393873245,20,200.0,32.18578723834676,0.35667494393873245,0.3562035089910305,0.00047143494770196526,0.0,0.0,0.5,10.0,5000,per_query,1654766331,0.0,0.0,70.68572716147695,0.7411109395197741,223.78786386400466,0.0,instanton_2007-06-05_T20_delta0.30_tau20_am200.npz
2007-06-05,60,0.2,0.2231435513142097,35,200.0,8.718174248819755,0.2231435513142097,0.22124185677728825,0.001901694536921461,0.0,0.0,0.5,10.0,5000,per_query,3967061339,0.0011719157652611114,0.00015064818633014177,93.58996380487953,1.0662246908896922,399.68798232693945,0.0826,instanton_2007-06-05_T60_delta0.20_tau35_am200.npz
2007-06-05,60,0.3,0.35667494393873245,43,200.0,15.107452627383037,0.35667494393873245,0.35472409319334464,0.001950850745387811,0.0,0.0,0.5,10.0,5000,per_query,2765750098,2.871917464882662e-06,1.1417896206276758e-06,35.707914465764,1.1077151433976746,621.5743989425082,0.0132,instanton_2007-06-05_T60_delta0.30_tau43_am200.npz
2007-06-06,20,0.2,0.2231435513142097,20,200.0,13.330181606112628,0.2231435513142097,0.22307168022007318,7.187109413653303e-05,0.0,0.0,0.5,10.0,5000,per_query,1579163208,1.4827551116596824e-07,3.569573511846934e-08,52.81391605684175,0.941170089892995,424.1488863127225,0.0052,instanton_2007-06-06_T20_delta0.20_tau20_am200.npz
2007-06-06,20,0.3,0.35667494393873245,20,100.0,29.51966649666133,0.35667494393873245,0.3551800920176946,0.0014948519210378208,0.0,0.0,0.5,10.0,5000,per_query,1375878984,0.0,0.0,23.562294142822928,1.0254733730991843,836.1623766164043,0.0,instanton_2007-06-06_T20_delta0.30_tau20_am100.npz
2007-06-06,60,0.2,0.2231435513142097,60,200.0,4.746413642395445,0.2231435513142097,0.2227412514985474,0.0004022998156623103,0.0,0.0,0.5,10.0,5000,per_query,2634887323,0.001763181368674188,0.00011771841419611049,369.15314339036377,1.0385417921602413,168.8459476283511,0.0772,instanton_2007-06-06_T60_delta0.20_tau60_am200.npz
2007-06-06,60,0.3,0.35667494393873245,60,200.0,10.243449229712638,0.35667494393873245,0.35635518952739176,0.00031975441134068916,0.0,0.0,0.5,10.0,5000,per_query,869852915,3.901713416976489e-06,6.311091180399393e-07,142.69667665116864,0.9523745186417549,173.6457606475147,0.0116,instanton_2007-06-06_T60_delta0.30_tau60_am200.npz
2007-06-07,20,0.2,0.2231435513142097,20,100.0,10.153403748113783,0.2231435513142097,0.2228195825765189,0.00032396873769080514,0.0,0.0,0.5,10.0,5000,per_query,3426058395,4.2195545857709255e-06,5.726703248659447e-07,69.2982356639346,0.9473203445611489,462.4822087222466,0.014,instanton_2007-06-07_T20_delta0.20_tau20_am100.npz
2007-06-07,20,0.3,0.35667494393873245,20,100.0,24.73583254389119,0.35667494393873245,0.3564595866986293,0.00021535724010313118,0.0,0.0,0.5,10.0,5000,per_query,2390357151,0.0,0.0,82.46238724973256,0.6682950018428515,187.10141309822555,0.0,instanton_2007-06-07_T20_delta0.30_tau20_am100.npz
2007-06-07,60,0.2,0.2231435513142097,60,100.0,3.674079968632615,0.2231435513142097,0.2215917621762893,0.001551789137920423,0.0,0.0,0.5,10.0,5000,per_query,1301057496,0.005196031176248371,0.0002639906214784409,963.1915036913651,0.9527444513375402,41.78495003691266,0.1018,instanton_2007-06-07_T60_delta0.20_tau60_am100.npz
2007-06-07,60,0.3,0.35667494393873245,60,100.0,8.610134121204494,0.35667494393873245,0.35564244199954675,0.0010325019391856927,0.0,0.0,0.5,10.0,5000,per_query,2161738147,1.826656441751407e-05,2.309621308855108e-06,121.87622360544533,0.9426898377128123,329.87657903015236,0.0176,instanton_2007-06-07_T60_delta0.30_tau60_am100.npz
2007-06-08,20,0.2,0.2231435513142097,20,100.0,11.100415943215111,0.2231435513142106,0.22200027484067952,0.001143276473530186,0.0,8.881784197001252e-16,0.5,10.0,5000,per_query,1554274443,1.396569395452744e-06,2.2897343680440195e-07,73.38917971404447,0.9809947470264433,359.31826921041875,0.011,instanton_2007-06-08_T20_delta0.20_tau20_am100.npz
2007-06-08,20,0.3,0.35667494393873245,20,100.0,25.817156912687818,0.35667494393873245,0.3558935506884291,0.0007813932503033527,0.0,0.0,0.5,10.0,5000,per_query,830023859,0.0,0.0,49.558998229611994,0.6827288474307085,364.0929375730422,0.0,instanton_2007-06-08_T20_delta0.30_tau20_am100.npz
2007-06-08,60,0.2,0.2231435513142097,60,200.0,4.050093618001241,0.2231435513142097,0.2230051106734452,0.00013844064076451446,0.0,0.0,0.5,10.0,5000,per_query,3703440830,0.004003042828036708,0.0002085565620384045,734.3250528093456,1.0009009945178922,61.92014954529813,0.1006,instanton_2007-06-08_T60_delta0.20_tau60_am200.npz
2007-06-08,60,0.3,0.35667494393873245,60,200.0,9.029503985955802,0.35667494393873245,0.3565786331214129,9.631081731953373e-05,0.0,0.0,0.5,10.0,5000,per_query,3608382471,1.633999816912792e-05,2.109412585761871e-06,67.55106146855123,1.2120981175828174,443.20247882854926,0.0188,instanton_2007-06-08_T60_delta0.30_tau60_am200.npz
2007-06-11,20,0.2,0.2231435513142097,20,100.0,11.509952663214092,0.2231435513142106,0.22177175901732227,0.0013717922968874419,0.0,8.881784197001252e-16,0.5,10.0,5000,per_query,2842138739,9.006827778438942e-07,1.616322788432495e-07,77.76083287569278,0.9467669261784482,388.75016285698086,0.0082,instanton_2007-06-11_T20_delta0.20_tau20_am100.npz
2007-06-11,20,0.3,0.35667494393873245,20,100.0,26.536158525354615,0.35667494393873245,0.35572331423786796,0.000951629700864487,0.0,0.0,0.5,10.0,5000,per_query,3427954334,0.0,0.0,74.86378325494549,0.8728737294095652,230.3659361503624,0.0,instanton_2007-06-11_T20_delta0.30_tau20_am100.npz
2007-06-11,60,0.2,0.2231435513142097,60,200.0,4.189279937716331,0.2231435513142097,0.22295221449548475,0.0001913368187249631,0.0,0.0,0.5,10.0,5000,per_query,3453789648,0.003195270833534011,0.00018685924816168892,664.0073374928625,0.9739271637441914,84.38011037327206,0.0916,instanton_2007-06-11_T60_delta0.20_tau60_am200.npz
2007-06-11,60,0.3,0.35667494393873245,60,200.0,9.265817031972347,0.35667494393873245,0.3565355521601745,0.00013939177855792906,0.0,0.0,0.5,10.0,5000,per_query,739153211,9.316900807288963e-06,1.229293026627257e-06,59.012965788334704,1.0804570560004336,539.540896299362,0.0178,instanton_2007-06-11_T60_delta0.30_tau60_am200.npz
2007-06-12,20,0.2,0.2231435513142097,20,100.0,10.132909644081437,0.2231435513142097,0.2226861409375518,0.0004574103766579185,0.0,0.0,0.5,10.0,5000,per_query,1075544813,3.5103290797297377e-06,5.208246326429431e-07,42.35244787160749,1.1578791863889761,506.1301195139716,0.0132,instanton_2007-06-12_T20_delta0.20_tau20_am100.npz
2007-06-12,20,0.3,0.35667494393873245,20,100.0,24.431016297824357,0.35667494393873245,0.3563710539448115,0.0003038899939209472,0.0,0.0,0.5,10.0,5000,per_query,3389930050,0.0,0.0,33.990806719846105,1.0863111137165973,565.8236071494002,0.0,instanton_2007-06-12_T20_delta0.30_tau20_am100.npz
2007-06-12,60,0.2,0.2231435513142097,60,200.0,3.698701922310745,0.2231435513142097,0.22312146179350734,2.2089520702373022e-05,0.0,0.0,0.5,10.0,5000,per_query,3654692668,0.005398777967094093,0.00026555265408509594,800.2201911683691,1.0092175854359788,84.64199878109818,0.1094,instanton_2007-06-12_T60_delta0.20_tau60_am200.npz
2007-06-12,60,0.3,0.35667494393873245,60,100.0,8.511138841075619,0.35667494393873245,0.3551527008946982,0.001522243044034255,0.0,0.0,0.5,10.0,5000,per_query,2178643391,2.718891267661286e-05,3.6036223044307778e-06,214.5723113345149,0.9425941870601697,107.84982159164181,0.0224,instanton_2007-06-12_T60_delta0.30_tau60_am100.npz
2007-06-13,20,0.2,0.2231435513142097,20,100.0,10.61465079812868,0.2231435513142097,0.22118650011806462,0.0019570511961450876,0.0,0.0,0.5,10.0,5000,per_query,3911914185,1.985682575988317e-06,3.359554706883951e-07,12.883621453557971,1.0772575600241496,1475.046871083592,0.0104,instanton_2007-06-13_T20_delta0.20_tau20_am100.npz
2007-06-13,20,0.3,0.35667494393873245,20,100.0,24.53199992999812,0.35667494393873245,0.3553582440258882,0.0013166999128442214,0.0,0.0,0.5,10.0,5000,per_query,1640108923,0.0,0.0,35.56015265658279,1.0699609949957902,495.7801976746818,0.0,instanton_2007-06-13_T20_delta0.30_tau20_am100.npz
2007-06-13,60,0.2,0.2231435513142097,60,200.0,3.899943248642592,0.2231435513142097,0.2227502424747021,0.0003933088395076112,0.0,0.0,0.5,10.0,5000,per_query,986170581,0.004832100945888219,0.0002621294753296852,511.1697462434031,1.029608092768754,96.58637207316688,0.1044,instanton_2007-06-13_T60_delta0.20_tau60_am200.npz
2007-06-13,60,0.3,0.35667494393873245,60,200.0,8.635418804404352,0.35667494393873245,0.35638162864910594,0.00029331528962650566,0.0,0.0,0.5,10.0,5000,per_query,497266875,2.808274347523771e-05,3.5172909723555053e-06,19.246440178770484,1.4102579597461775,1328.6500543076768,0.023,instanton_2007-06-13_T60_delta0.30_tau60_am200.npz
2007-06-14,20,0.2,0.2231435513142097,20,200.0,11.355840579030396,0.2231435513142097,0.2229008645212538,0.0002426867929559151,0.0,0.0,0.5,10.0,5000,per_query,1193249948,1.256539834638191e-06,2.1660639871713763e-07,135.56334662156425,0.8294721870112653,180.05283961974493,0.0088,instanton_2007-06-14_T20_delta0.20_tau20_am200.npz
2007-06-14,20,0.3,0.35667494393873245,20,200.0,25.433031078706975,0.35667494393873245,0.35653334204424425,0.00014160189448819693,0.0,0.0,0.5,10.0,5000,per_query,726394921,0.0,0.0,77.47133330819267,0.7215350893576223,206.39397222399285,0.0,instanton_2007-06-14_T20_delta0.30_tau20_am200.npz
2007-06-14,60,0.2,0.2231435513142097,60,200.0,4.083291696604973,0.2231435513142097,0.22155301960597296,0.0015905317082367532,0.0,0.0,0.5,10.0,5000,per_query,1287407612,0.0045895292483335275,0.0002293813355574061,895.6124476962908,0.9453861797428268,29.7428498913059,0.1126,instanton_2007-06-14_T60_delta0.20_tau60_am200.npz
2007-06-14,60,0.3,0.35667494393873245,60,200.0,8.870100853211465,0.35667494393873245,0.35562004998820296,0.0010548939505294896,0.0,0.0,0.5,10.0,5000,per_query,2724762571,2.052702647649008e-05,2.5895326288100122e-06,191.64373872661454,1.0220785461156072,166.99494968033835,0.0206,instanton_2007-06-14_T60_delta0.30_tau60_am200.npz
2007-06-15,20,0.2,0.2231435513142097,20,200.0,11.7314958824337,0.2231435513142097,0.22231581652408394,0.000827734790125767,0.0,0.0,0.5,10.0,5000,per_query,1239732186,6.900980036742568e-07,1.327306766603534e-07,88.13088458724222,1.0316495294408659,244.0689408968084,0.008,instanton_2007-06-15_T20_delta0.20_tau20_am200.npz
2007-06-15,20,0.3,0.35667494393873245,20,200.0,25.85916368420752,0.35667494393873245,0.35619633008056084,0.00047861385817160595,0.0,0.0,0.5,10.0,5000,per_query,2629152913,0.0,0.0,15.588799992399814,1.2450130391902825,1202.4372117335256,0.0,instanton_2007-06-15_T20_delta0.30_tau20_am200.npz
2007-06-15,60,0.2,0.2231435513142097,31,200.0,7.6750017969777,0.2231435513142097,0.22120679713627833,0.0019367541779313768,0.0,0.0,0.5,10.0,5000,per_query,770819644,0.006292285684076785,0.0015276587142241146,102.64219195125044,1.0700277443826063,359.3685712595074,0.1246,instanton_2007-06-15_T60_delta0.20_tau31_am200.npz
2007-06-15,60,0.3,0.35667494393873245,39,200.0,13.45903147989462,0.35667494393873245,0.35467597603266565,0.0019989679060667953,0.0,0.0,0.5,10.0,5000,per_query,226144598,1.2408188169461274e-05,2.235519316991243e-06,24.886246148290542,0.9507321862614961,861.4307616856053,0.0264,instanton_2007-06-15_T60_delta0.30_tau39_am200.npz
2007-06-18,20,0.2,0.2231435513142097,20,200.0,11.910119246950378,0.2231435513142097,0.2225009549218555,0.0006425963923542,0.0,0.0,0.5,10.0,5000,per_query,1887491288,5.755168507556954e-07,1.0611142983043064e-07,89.33816760981223,1.0284256126040732,267.764639487184,0.0072,instanton_2007-06-18_T20_delta0.20_tau20_am200.npz
2007-06-18,20,0.3,0.35667494393873245,20,200.0,26.25782378898989,0.35667494393873245,0.35629713461154466,0.0003778093271877836,0.0,0.0,0.5,10.0,5000,per_query,3071206997,0.0,0.0,18.487516659997574,1.0946584947967557,1006.5568201190677,0.0,instanton_2007-06-18_T20_delta0.30_tau20_am200.npz
2007-06-18,60,0.2,0.2231435513142097,37,200.0,6.592446288105838,0.2231435513142097,0.22114932040686153,0.0019942309073481823,0.0,0.0,0.5,10.0,5000,per_query,1311802926,0.003324186560407783,0.0002688222380324984,263.76179596684943,1.0074360477795599,120.5091835835276,0.1204,instanton_2007-06-18_T60_delta0.20_tau37_am200.npz
2007-06-18,60,0.3,0.35667494393873245,46,200.0,11.67974212234605,0.35667494393873245,0.35472041539663124,0.001954528542101208,0.0,0.0,0.5,10.0,5000,per_query,2536027019,1.5703633871105017e-05,2.941213744295448e-06,113.55412520356253,0.9219345735903604,193.07437151004152,0.0242,instanton_2007-06-18_T60_delta0.30_tau46_am200.npz
2007-06-19,20,0.2,0.2231435513142097,20,200.0,12.085635252136772,0.2231435513142097,0.22199410263181996,0.0011494486823897532,0.0,0.0,0.5,10.0,5000,per_query,3090893980,4.706511966498037e-07,9.503560783009766e-08,47.13987679082145,1.0183248584344973,578.4416014882271,0.006,instanton_2007-06-19_T20_delta0.20_tau20_am200.npz
2007-06-19,20,0.3,0.35667494393873245,20,200.0,26.479543201747305,0.35667494393873245,0.3560027455598318,0.0006721983789006458,0.0,0.0,0.5,10.0,5000,per_query,384889427,0.0,0.0,33.512025975713215,0.8648201108357283,552.1791321970178,0.0,instanton_2007-06-19_T20_delta0.30_tau20_am200.npz
2007-06-19,60,0.2,0.2231435513142097,26,200.0,9.351125340507092,0.2231435513142097,0.22118016596241308,0.0019633853517966315,0.0,0.0,0.5,10.0,5000,per_query,3300524779,0.003433540730428503,0.00046327415110171985,197.1440737416176,0.8487502119297529,179.33866034061768,0.1182,instanton_2007-06-19_T60_delta0.20_tau26_am200.npz
2007-06-19,60,0.3,0.35667494393873245,32,200.0,16.65887843390408,0.35667494393873245,0.35473585988554035,0.0019390840531920972,0.0,0.0,0.5,10.0,5000,per_query,3197248590,5.691582202997995e-06,1.5791871191278956e-06,8.36942233218995,1.0156000231492492,1726.3892911612027,0.0202,instanton_2007-06-19_T60_delta0.30_tau32_am200.npz
2007-06-20,20,0.2,0.2231435513142097,20,100.0,10.085684298364514,0.2231435513142097,0.22134513052062577,0.0017984207935839436,0.0,0.0,0.5,10.0,5000,per_query,3515437071,2.954564708705833e-06,4.3158168120165664e-07,20.979683853909247,1.2943154036694446,1157.4882381616208,0.0114,instanton_2007-06-20_T20_delta0.20_tau20_am100.npz
2007-06-20,20,0.3,0.35667494393873245,20,100.0,23.494242120499585,0.35667494393873245,0.3554879183900628,0.0011870255486696735,0.0,0.0,0.5,10.0,5000,per_query,1658071568,0.0,0.0,7.519516567241381,1.2529777769576995,2227.2350314913065,0.0,instanton_2007-06-20_T20_delta0.30_tau20_am100.npz
2007-06-20,60,0.2,0.2231435513142097,60,200.0,3.7322931390089384,0.2231435513142097,0.22274600444433634,0.0003975468698733664,0.0,0.0,0.5,10.0,5000,per_query,4071541346,0.006531165639343356,0.0003762985963676337,866.9843858582967,0.9942168177602638,42.593840338668954,0.1172,instanton_2007-06-20_T60_delta0.20_tau60_am200.npz
2007-06-20,60,0.3,0.35667494393873245,60,200.0,8.294261700607366,0.35667494393873245,0.35643197841457663,0.00024296552415581374,0.0,0.0,0.5,10.0,5000,per_query,2630564669,3.239906681022916e-05,3.7813121241971144e-06,160.795591344142,1.0744978269477412,216.18279481066696,0.0214,instanton_2007-06-20_T60_delta0.30_tau60_am200.npz
2007-06-21,20,0.2,0.2231435513142097,20,200.0,10.59678070905893,0.2231435513142097,0.2229704323060755,0.00017311900813421488,0.0,0.0,0.5,10.0,5000,per_query,1489292355,2.688689508039058e-06,3.808228407453827e-07,196.28430779990842,0.8706375499356558,100.51010021183147,0.0136,instanton_2007-06-21_T20_delta0.20_tau20_am200.npz
2007-06-21,20,0.3,0.35667494393873245,20,200.0,24.028398546523167,0.35667494393873245,0.3565773291315528,9.761480717962456e-05,0.0,0.0,0.5,10.0,5000,per_query,3012810378,6.285242552252961e-11,6.285242552252961e-11,10.234640913996913,1.3180257209843511,1948.4728391777453,0.0002,instanton_2007-06-21_T20_delta0.30_tau20_am200.npz
2007-06-21,60,0.2,0.2231435513142097,60,200.0,3.834711593172502,0.2231435513142097,0.2221004681229113,0.0010430831912984218,0.0,0.0,0.5,10.0,5000,per_query,4039499534,0.005776409588252294,0.00031405981725975054,443.32182789426315,1.0585805481265393,143.78196490444265,0.111,instanton_2007-06-21_T60_delta0.20_tau60_am200.npz
2007-06-21,60,0.3,0.35667494393873245,60,200.0,8.424952218678799,0.35667494393873245,0.3559067808983505,0.0007681630403819639,0.0,0.0,0.5,10.0,5000,per_query,2448312764,3.4134330851219565e-05,5.110942906452578e-06,206.47346568057398,0.9616545211076103,194.7172576759342,0.0208,instanton_2007-06-21_T60_delta0.30_tau60_am200.npz
2007-06-22,20,0.2,0.2231435513142097,20,100.0,9.683293423787598,0.2231435513142106,0.22193885568522198,0.0012046956289877286,0.0,8.881784197001252e-16,0.5,10.0,5000,per_query,3084282780,4.829796056713435e-06,8.272115879436134e-07,129.38700359799176,0.8656703096415562,206.47154623014288,0.0116,instanton_2007-06-22_T20_delta0.20_tau20_am100.npz
2007-06-22,20,0.3,0.35667494393873245,20,100.0,22.86868931436449,0.35667494393873245,0.3558922899684456,0.0007826539702868729,0.0,0.0,0.5,10.0,5000,per_query,1343143963,0.0,0.0,31.26546297074608,1.1576706685316782,677.5444498884664,0.0,instanton_2007-06-22_T20_delta0.30_tau20_am100.npz
2007-06-22,60,0.2,0.2231435513142097,60,200.0,3.5711990571366914,0.2231435513142097,0.22299044326055828,0.00015310805365142954,0.0,0.0,0.5,10.0,5000,per_query,3689211946,0.006393608901231554,0.00031709017167644884,812.2958033281144,1.051955912977293,59.78987710076322,0.1114,instanton_2007-06-22_T60_delta0.20_tau60_am200.npz
2007-06-22,60,0.3,0.35667494393873245,60,200.0,8.076363322750886,0.35667494393873245,0.3565637394758028,0.00011120446292967046,0.0,0.0,0.5,10.0,5000,per_query,352185930,4.101143618653327e-05,4.317618847728807e-06,277.89971280522997,0.933928947967912,100.89421087866924,0.0258,instanton_2007-06-22_T60_delta0.30_tau60_am200.npz
2007-06-25,20,0.2,0.2231435513142097,20,100.0,9.301184516333874,0.2231435513142097,0.22239560764534883,0.0007479436688608843,0.0,0.0,0.5,10.0,5000,per_query,2345454546,9.186559427744078e-06,1.085004345500497e-06,165.35664177912963,0.9472310394938024,197.9682121370534,0.018,instanton_2007-06-25_T20_delta0.20_tau20_am100.npz
2007-06-25,20,0.3,0.35667494393873245,20,100.0,22.340235508172746,0.35667494393873245,0.3561955018583305,0.00047944208040195946,0.0,0.0,0.5,10.0,5000,per_query,1499655192,2.9099215760709607e-11,2.909921576070961e-11,104.29803534691244,0.5616790327833893,118.42807192800427,0.0002,instanton_2007-06-25_T20_delta0.30_tau20_am100.npz
2007-06-25,60,0.2,0.2231435513142097,60,200.0,3.4284149728974014,0.2231435513142097,0.2230832745715725,6.027674263719973e-05,0.0,0.0,0.5,10.0,5000,per_query,4044759149,0.008498826498939903,0.0004573610368039228,879.3943791647259,0.9881673274453908,74.0128705662604,0.1248,instanton_2007-06-25_T60_delta0.20_tau60_am200.npz
2007-06-25,60,0.3,0.35667494393873245,60,200.0,7.888677463502783,0.35667494393873245,0.3566329947095115,4.1949229220961115e-05,0.0,0.0,0.5,10.0,5000,per_query,992342487,5.183917762571952e-05,6.758724052833573e-06,125.28515374976224,1.0563746161884575,324.24133110212165,0.0272,instanton_2007-06-25_T60_delta0.30_tau60_am200.npz
2007-06-26,20,0.2,0.2231435513142097,20,100.0,8.253042731701246,0.2231435513142097,0.22287145674775832,0.0002720945664513863,0.0,0.0,0.5,10.0,5000,per_query,3887992147,2.8932517631591016e-05,3.136444964065521e-06,113.34300719810064,1.1041824654887507,270.07516974519865,0.0226,instanton_2007-06-26_T20_delta0.20_tau20_am100.npz
2007-06-26,20,0.3,0.35667494393873245,20,100.0,20.720433904300208,0.35667494393873245,0.35650740569767425,0.00016753824105819604,0.0,0.0,0.5,10.0,5000,per_query,2237569182,0.0,0.0,60.333204714857786,0.8454016443740695,262.6382140524933,0.0,instanton_2007-06-26_T20_delta0.30_tau20_am100.npz
2007-06-26,60,0.2,0.2231435513142097,60,100.0,3.0348640897714123,0.2231435513142097,0.22186515888214497,0.0012783924320647344,0.0,0.0,0.5,10.0,5000,per_query,2277096382,0.011261121199888462,0.00048235013726963174,636.8392108663891,1.052477415710819,138.62971382525916,0.136,instanton_2007-06-26_T60_delta0.20_tau60_am100.npz
2007-06-26,60,0.3,0.35667494393873245,60,100.0,7.313379448854661,0.35667494393873245,0.3558342989612493,0.0008406449774831515,0.0,0.0,0.5,10.0,5000,per_query,2832421484,8.448307640507093e-05,7.846471244901209e-06,417.10166188156194,0.9224776276932883,73.07312038388756,0.0316,instanton_2007-06-26_T60_delta0.30_tau60_am100.npz
2007-06-27,20,0.2,0.2231435513142097,20,100.0,8.95542039303487,0.2231435513142097,0.22208006984535178,0.0010634814688579297,0.0,0.0,0.5,10.0,5000,per_query,4065079570,9.77505520243005e-06,1.3894942068863236e-06,274.35423473895287,0.8943148902465695,90.66204304040994,0.013,instanton_2007-06-27_T20_delta0.20_tau20_am100.npz
2007-06-27,20,0.3,0.35667494393873245,20,100.0,21.408404663056544,0.35667494393873245,0.35600403250248913,0.0006709114362433155,0.0,0.0,0.5,10.0,5000,per_query,3201562815,0.0,0.0,22.820348068437962,1.0657096421563772,749.5925186218652,0.0,instanton_2007-06-27_T20_delta0.30_tau20_am100.npz
2007-06-27,60,0.2,0.2231435513142097,60,200.0,3.3196028712556496,0.2231435513142097,0.2230150827771169,0.00012846853709280737,0.0,0.0,0.5,10.0,5000,per_query,4139560904,0.009578241640067816,0.0004386175158092194,1106.3529245938128,1.0454025794829334,52.252642239957325,0.1316,instanton_2007-06-27_T60_delta0.20_tau60_am200.npz
2007-06-27,60,0.3,0.35667494393873245,60,200.0,7.596007728764867,0.35667494393873245,0.35659118844275906,8.375549597339216e-05,0.0,0.0,0.5,10.0,5000,per_query,3420560248,7.618227885184676e-05,1.2224027456482512e-05,345.57656951959933,0.9095255465794025,101.3940995574241,0.0268,instanton_2007-06-27_T60_delta0.30_tau60_am200.npz
2007-06-28,20,0.2,0.2231435513142097,20,100.0,8.948757273979144,0.2231435513142106,0.22209434567280262,0.0010492056414070916,0.0,8.881784197001252e-16,0.5,10.0,5000,per_query,3141751632,1.3198225541530511e-05,1.5764816133471994e-06,241.06363072449543,0.9482341343991502,130.45087634986447,0.0186,instanton_2007-06-28_T20_delta0.20_tau20_am100.npz
2007-06-28,20,0.3,0.35667494393873245,20,100.0,21.401296322203727,0.35667494393873245,0.35601264722202863,0.0006622967167038141,0.0,0.0,0.5,10.0,5000,per_query,205168005,0.0,0.0,28.59410552846262,0.950531825980503,636.3454431933104,0.0,instanton_2007-06-28_T20_delta0.30_tau20_am100.npz
2007-06-28,60,0.2,0.2231435513142097,60,200.0,3.31741557104963,0.2231435513142097,0.22302659169123284,0.00011695962297686435,0.0,0.0,0.5,10.0,5000,per_query,1504592630,0.009807970687771426,0.0004438493484687147,1034.4354556054282,0.9661006652920773,45.97054935036703,0.1366,instanton_2007-06-28_T60_delta0.20_tau60_am200.npz
2007-06-28,60,0.3,0.35667494393873245,60,200.0,7.592121227547462,0.35667494393873245,0.3565941053209212,8.08386178112741e-05,0.0,0.0,0.5,10.0,5000,per_query,3162742242,6.682630543650286e-05,7.13159428250771e-06,262.01946168532817,0.921339033883368,109.70598818608109,0.0274,instanton_2007-06-28_T60_delta0.30_tau60_am200.npz
2007-06-29,20,0.2,0.2231435513142097,20,100.0,9.037458942943822,0.2231435513142106,0.22205616742139966,0.0010873838928100454,0.0,8.881784197001252e-16,0.5,10.0,5000,per_query,2678123954,1.127792124011576e-05,1.516462141503186e-06,198.8928117575872,0.9388106252891127,149.01827973083357,0.0164,instanton_2007-06-29_T20_delta0.20_tau20_am100.npz
2007-06-29,20,0.3,0.35667494393873245,20,100.0,21.569822601920944,0.35667494393873245,0.3559861312327399,0.0006888127059925253,0.0,0.0,0.5,10.0,5000,per_query,3908681152,0.0,0.0,25.663493053058886,0.8609468594270707,563.5313053468368,0.0,instanton_2007-06-29_T20_delta0.30_tau20_am100.npz
2007-06-29,60,0.2,0.2231435513142097,60,200.0,3.3478479033913398,0.2231435513142097,0.2230191479412813,0.00012440337292840553,0.0,0.0,0.5,10.0,5000,per_query,2050017123,0.00980824803764667,0.0004391664297953149,988.1152487219748,0.9778519755088065,41.826416853879756,0.134,instanton_2007-06-29_T60_delta0.20_tau60_am200.npz
2007-06-29,60,0.3,0.35667494393873245,60,200.0,7.648542373284993,0.35667494393873245,0.3565874981916899,8.744574704255825e-05,0.0,0.0,0.5,10.0,5000,per_query,2322190795,7.090786031603479e-05,7.059785099407834e-06,209.36069054060602,1.0688568714154596,200.38375852167917,0.031,instanton_2007-06-29_T60_delta0.30_tau60_am200.npz
2007-07-02,20,0.2,0.2231435513142097,20,200.0,9.605862321286846,0.2231435513142097,0.22301581452497388,0.00012773678923583276,0.0,0.0,0.5,10.0,5000,per_query,4119172535,6.893338303197155e-06,9.143164580274508e-07,107.82837220638164,1.0649147936536283,309.056718056461,0.0146,instanton_2007-07-02_T20_delta0.20_tau20_am200.npz
2007-07-02,20,0.3,0.35667494393873245,20,100.0,21.960919922552954,0.35667494393873245,0.35493117938762087,0.0017437645511115818,0.0,0.0,0.5,10.0,5000,per_query,122175388,0.0,0.0,32.60514084135677,1.0083605001444047,648.7498997883456,0.0,instanton_2007-07-02_T20_delta0.30_tau20_am100.npz
2007-07-02,60,0.2,0.2231435513142097,60,200.0,3.5069656026955958,0.2231435513142097,0.22232838033957858,0.0008151709746311298,0.0,0.0,0.5,10.0,5000,per_query,1827471636,0.008702003027334471,0.0004249350305226172,983.6963408616979,1.0354301862780042,34.50036770360277,0.1294,instanton_2007-07-02_T60_delta0.20_tau60_am200.npz
2007-07-02,60,0.3,0.35667494393873245,60,200.0,7.80722529688969,0.35667494393873245,0.35617499707591893,0.0004999468628135162,0.0,0.0,0.5,10.0,5000,per_query,2348811550,5.61442162398722e-05,5.892555404040446e-06,75.73558529782008,1.1481780134383142,499.89331285690827,0.0276,instanton_2007-07-02_T60_delta0.30_tau60_am200.npz
2007-07-03,20,0.2,0.2231435513142097,20,200.0,9.89461352590163,0.2231435513142097,0.22287645596383499,0.0002670953503747242,0.0,0.0,0.5,10.0,5000,per_query,2925165356,5.446089355179424e-06,8.01269453981229e-07,108.65554128420446,0.9376164584172125,253.73067139340574,0.0136,instanton_2007-07-03_T20_delta0.20_tau20_am200.npz
2007-07-03,20,0.3,0.35667494393873245,20,200.0,22.50659783728671,0.35667494393873245,0.3565324957754967,0.00014244816323571996,0.0,0.0,0.5,10.0,5000,per_query,2606006173,0.0,0.0,71.04052670107036,0.7778781185001344,285.35092452786535,0.0,instanton_2007-07-03_T20_delta0.30_tau20_am200.npz
2007-07-03,60,0.2,0.2231435513142097,60,200.0,3.5913858295792904,0.2231435513142097,0.22155015279512202,0.0015933985190876854,0.0,0.0,0.5,10.0,5000,per_query,628094222,0.007757395298223048,0.0003560693836221117,618.8926889902915,1.0350826446354786,105.16900432860726,0.1256,instanton_2007-07-03_T60_delta0.20_tau60_am200.npz
2007-07-03,60,0.3,0.35667494393873245,60,200.0,7.921185455519934,0.35667494393873245,0.35553289239110164,0.0011420515476308069,0.0,0.0,0.5,10.0,5000,per_query,3882925716,5.460563904474428e-05,5.313433433257312e-06,169.4513527454048,0.9246525036398426,191.30361532346285,0.028,instanton_2007-07-03_T60_delta0.30_tau60_am200.npz
2007-07-05,20,0.2,0.2231435513142097,20,200.0,10.152350514438014,0.2231435513142097,0.22292438448718332,0.00021916682702638468,0.0,0.0,0.5,10.0,5000,per_query,4171511391,4.0685809577608945e-06,5.870240751682972e-07,126.47740663971702,0.9189775962127634,192.45326699490158,0.0138,instanton_2007-07-05_T20_delta0.20_tau20_am200.npz
2007-07-05,20,0.3,0.35667494393873245,20,200.0,23.074517901911772,0.35667494393873245,0.35655509584719347,0.00011984809153897658,0.0,0.0,0.5,10.0,5000,per_query,2812802884,0.0,0.0,3.7542306487665495,1.972146361695799,5016.447899486022,0.0,instanton_2007-07-05_T20_delta0.30_tau20_am200.npz
2007-07-05,60,0.2,0.2231435513142097,60,200.0,3.6807700668793037,0.2231435513142097,0.22178331922092642,0.0013602320932832868,0.0,0.0,0.5,10.0,5000,per_query,3519290857,0.007040717803237126,0.00032819518016167235,869.0397215628717,1.0130817107074352,53.11926580442041,0.1258,instanton_2007-07-05_T60_delta0.20_tau60_am200.npz
2007-07-05,60,0.3,0.35667494393873245,60,200.0,8.110426791557817,0.35667494393873245,0.35577710698426834,0.000897836954464104,0.0,0.0,0.5,10.0,5000,per_query,1883228402,5.562586751648559e-05,5.957546319734319e-06,156.32670202684045,1.1203265173839165,233.99794964066623,0.0284,instanton_2007-07-05_T60_delta0.30_tau60_am200.npz
2007-07-06,20,0.2,0.2231435513142097,20,200.0,11.574302945845165,0.2231435513142097,0.22242644598970074,0.0007171053245089709,0.0,0.0,0.5,10.0,5000,per_query,819034894,8.837167715460177e-07,1.6703812641423286e-07,31.670302710334397,0.9703724546311422,810.5249663661164,0.0084,instanton_2007-07-06_T20_delta0.20_tau20_am200.npz
2007-07-06,20,0.3,0.35667494393873245,20,200.0,25.584460336944822,0.35667494393873245,0.3562621002872781,0.000412843651454331,0.0,0.0,0.5,10.0,5000,per_query,2401111888,0.0,0.0,13.441635781246584,0.9787047965195886,1288.3181426507174,0.0,instanton_2007-07-06_T20_delta0.30_tau20_am200.npz
2007-07-06,60,0.2,0.2231435513142097,34,200.0,6.94173114751835,0.2231435513142097,0.22118812650344033,0.0019554248107693795,0.0,0.0,0.5,10.0,5000,per_query,169469585,0.00383369053270498,0.0003427765702747606,250.98473099161322,1.0495154223609884,116.25045688597653,0.1326,instanton_2007-07-06_T60_delta0.20_tau34_am200.npz
2007-07-06,60,0.3,0.35667494393873245,43,200.0,12.1410416984153,0.35667494393873245,0.3547103382949368,0.001964605643795636,0.0,0.0,0.5,10.0,5000,per_query,4287752979,2.2242107096765943e-05,3.6102401590669544e-06,24.521448734737227,1.3253856954946717,826.5313771734503,0.0306,instanton_2007-07-06_T60_delta0.30_tau43_am200.npz
2007-07-09,20,0.2,0.2231435513142097,20,200.0,12.258683514491118,0.2231435513142097,0.2222507519872181,0.0008927993269916001,0.0,0.0,0.5,10.0,5000,per_query,3216777504,4.1584194163527836e-07,1.3191335091495395e-07,91.27264211238993,0.9887040562127246,247.61624977376795,0.0054,instanton_2007-07-09_T20_delta0.20_tau20_am200.npz
2007-07-09,20,0.3,0.35667494393873245,20,200.0,26.857226847084334,0.35667494393873245,0.35614440524959345,0.0005305386891389929,0.0,0.0,0.5,10.0,5000,per_query,2770033241,1.979347070186443e-12,1.979347070186443e-12,54.36813333426627,0.8836551635145377,326.25231525030364,0.0002,instanton_2007-07-09_T20_delta0.30_tau20_am200.npz
2007-07-09,60,0.2,0.2231435513142097,30,200.0,8.265534945264928,0.2231435513142097,0.22118186055317324,0.001961690761036472,0.0,0.0,0.5,10.0,5000,per_query,955787783,0.003947448021061779,0.001139956738000804,194.37561580538667,0.9884964292540138,205.4250506469767,0.1182,instanton_2007-07-09_T60_delta0.20_tau30_am200.npz
2007-07-09,60,0.3,0.35667494393873245,37,200.0,14.679948739661366,0.35667494393873245,0.3547127063673239,0.001962237571408565,0.0,0.0,0.5,10.0,5000,per_query,2411196341,1.4681228140065591e-05,5.906958817681992e-06,54.74242586106005,1.123084429078084,365.7829992533105,0.0212,instanton_2007-07-09_T60_delta0.30_tau37_am200.npz
2007-07-10,20,0.2,0.2231435513142097,20,100.0,10.16712269651807,0.2231435513142106,0.2215829003969496,0.001560650917260098,0.0,8.881784197001252e-16,0.5,10.0,5000,per_query,3589120487,3.7219320731448664e-06,5.374425510872362e-07,102.26303140894129,1.0915580760762873,366.42876441709535,0.013,instanton_2007-07-10_T20_delta0.20_tau20_am100.npz
2007-07-10,20,0.3,0.35667494393873245,20,100.0,23.731796648987725,0.35667494393873245,0.3556426741893004,0.0010322697494320465,0.0,0.0,0.5,10.0,5000,per_query,1339364714,0.0,0.0,47.65978818883711,0.752858417624447,355.4694785180934,0.0,instanton_2007-07-10_T20_delta0.30_tau20_am100.npz
2007-07-10,60,0.2,0.2231435513142097,60,200.0,3.7437654266569402,0.2231435513142097,0.2228861408612488,0.0002574104529609045,0.0,0.0,0.5,10.0,5000,per_query,1867408617,0.005348373006808319,0.0002740528207168615,774.9719021992978,1.0216665625615327,85.9171676356655,0.105,instanton_2007-07-10_T60_delta0.20_tau60_am200.npz
2007-07-10,60,0.3,0.35667494393873245,60,200.0,8.368158348560572,0.35667494393873245,0.3564988210240454,0.0001761229146870491,0.0,0.0,0.5,10.0,5000,per_query,3864129165,2.8772603042018012e-05,3.474972035969726e-06,89.6028148051946,1.0945967219324193,394.41372471899683,0.022,instanton_2007-07-10_T60_delta0.30_tau60_am200.npz
2007-07-11,20,0.2,0.2231435513142097,20,200.0,11.14480934292919,0.2231435513142097,0.2229626622882277,0.00018088902598201173,0.0,0.0,0.5,10.0,5000,per_query,2076772383,1.1290775739361618e-06,1.9423173267929435e-07,30.89008809183163,1.14341341056101,869.6312867717197,0.0084,instanton_2007-07-11_T20_delta0.20_tau20_am200.npz
2007-07-11,20,0.3,0.35667494393873245,20,200.0,25.103329880579018,0.35667494393873245,0.35656966125540634,0.00010528268332610224,0.0,0.0,0.5,10.0,5000,per_query,1619119871,0.0,0.0,30.56728724384795,0.9417655770504884,483.9731079715135,0.0,instanton_2007-07-11_T20_delta0.30_tau20_am200.npz
2007-07-11,60,0.2,0.2231435513142097,60,200.0,4.023319702383565,0.2231435513142097,0.22197355556299314,0.0011699957512165682,0.0,0.0,0.5,10.0,5000,per_query,1568358165,0.00517739251474954,0.00028026480462739435,372.19763836475994,1.0684699277681535,195.66596772472784,0.1132,instanton_2007-07-11_T60_delta0.20_tau60_am200.npz
2007-07-11,60,0.3,0.35667494393873245,60,200.0,8.769882550371012,0.35667494393873245,0.35590814852662245,0.0007667954121099996,0.0,0.0,0.5,10.0,5000,per_query,4233628820,2.4135679686114373e-05,3.799562367372688e-06,283.27414458455956,0.9676671113035354,98.28446839823415,0.0182,instanton_2007-07-11_T60_delta0.30_tau60_am200.npz
2007-07-12,20,0.2,0.2231435513142097,20,200.0,11.832887634482992,0.2231435513142097,0.22165217225564948,0.0014913790585602271,0.0,0.0,0.5,10.0,5000,per_query,2337318683,7.095474300927722e-07,1.248125273331511e-07,14.691679449717709,1.3867789139958124,1678.5150749631946,0.0084,instanton_2007-07-12_T20_delta0.20_tau20_am200.npz
2007-07-12,20,0.3,0.35667494393873245,20,200.0,25.95633329973754,0.35667494393873245,0.3558253105735947,0.0008496333651377697,0.0,0.0,0.5,10.0,5000,per_query,1197258416,0.0,0.0,15.811802723497548,1.4729984195004948,1350.5615248719969,0.0,instanton_2007-07-12_T20_delta0.30_tau20_am200.npz
2007-07-12,60,0.2,0.2231435513142097,22,200.0,10.774052580484351,0.2231435513142097,0.22130717731153293,0.0018363740026767772,0.0,0.0,0.5,10.0,5000,per_query,1696753979,0.003027758017707718,0.00044069024636630923,59.23673290066043,0.9990675438427461,463.14391014602927,0.1238,instanton_2007-07-12_T60_delta0.20_tau22_am200.npz
2007-07-12,60,0.3,0.35667494393873245,28,200.0,18.605606209684737,0.35667494393873245,0.35475039118092244,0.0019245527578100052,0.0,0.0,0.5,10.0,5000,per_query,2273029891,6.661767541830233e-05,5.051903312125377e-05,20.118539424636023,0.929243760634044,664.0094716230184,0.0264,instanton_2007-07-12_T60_delta0.30_tau28_am200.npz
2007-07-13,20,0.2,0.2231435513142097,20,200.0,11.949232525671809,0.2231435513142097,0.22164310954353184,0.0015004417706778739,0.0,0.0,0.5,10.0,5000,per_query,2839921463,6.476395267205069e-07,1.1987816827205108e-07,102.10439484407135,0.8672621480674015,248.3580517587578,0.0072,instanton_2007-07-13_T20_delta0.20_tau20_am200.npz
2007-07-13,20,0.3,0.35667494393873245,20,200.0,26.1782942408601,0.35667494393873245,0.3558125857033847,0.0008623582353477488,0.0,0.0,0.5,10.0,5000,per_query,2318508294,0.0,0.0,41.2343945090207,1.0414118427417538,595.3722206648947,0.0,instanton_2007-07-13_T20_delta0.30_tau20_am200.npz
2007-07-13,60,0.2,0.2231435513142097,22,200.0,10.879436229778324,0.2231435513142097,0.22129542140392466,0.0018481299102850457,0.0,0.0,0.5,10.0,5000,per_query,3953846262,0.006441102937888024,0.0019954551041608433,91.36486902975285,0.8779338637368793,339.0987354598761,0.126,instanton_2007-07-13_T60_delta0.20_tau22_am200.npz
2007-07-13,60,0.3,0.35667494393873245,28,200.0,18.761331682203082,0.35667494393873245,0.35474178454127525,0.001933159397457196,0.0,0.0,0.5,10.0,5000,per_query,4143065540,9.179562591913002e-06,3.1201281322332013e-06,39.350981809317574,0.5991564096763111,322.61079066917176,0.0232,instanton_2007-07-13_T60_delta0.30_tau28_am200.npz
2007-07-16,20,0.2,0.2231435513142097,20,200.0,12.060175569800334,0.2231435513142097,0.22168605733523883,0.0014574939789708807,0.0,0.0,0.5,10.0,5000,per_query,1823370322,5.990335627428194e-07,1.0821380369182049e-07,23.342756737122926,1.3858052948910846,1222.9710773875076,0.0078,instanton_2007-07-16_T20_delta0.20_tau20_am200.npz
2007-07-16,20,0.3,0.35667494393873245,20,200.0,26.3940966019697,0.35667494393873245,0.3558271368873678,0.0008478070513646685,0.0,0.0,0.5,10.0,5000,per_query,1833445091,0.0,0.0,84.42880121727154,0.7504019774780502,163.0523022434689,0.0,instanton_2007-07-16_T20_delta0.30_tau20_am200.npz
2007-07-16,60,0.2,0.2231435513142097,23,200.0,10.511555856201488,0.2231435513142097,0.22117693684263529,0.001966614471574424,0.0,0.0,0.5,10.0,5000,per_query,443420599,0.004745290439264177,0.0011480936890318197,70.35695098278337,1.0615573331013457,443.4461465615776,0.119,instanton_2007-07-16_T60_delta0.20_tau23_am200.npz
2007-07-16,60,0.3,0.35667494393873245,28,200.0,18.914271166510417,0.35667494393873245,0.3547744230195793,0.0019005209191531591,0.0,0.0,0.5,10.0,5000,per_query,4261007153,6.363147506138488e-06,1.7380884035493465e-06,44.68506610767465,0.7489854536517083,314.25108060930205,0.0258,instanton_2007-07-16_T60_delta0.30_tau28_am200.npz
2007-07-17,20,0.2,0.2231435513142097,20,200.0,12.027177701557008,0.2231435513142097,0.22186155548208486,0.0012819958321248492,0.0,0.0,0.5,10.0,5000,per_query,343654955,4.893764184350618e-07,9.918290269330969e-08,55.22942997466277,0.9938208926433592,467.3124807107086,0.0066,instanton_2007-07-17_T20_delta0.20_tau20_am200.npz
2007-07-17,20,0.3,0.35667494393873245,20,200.0,26.350279567435955,0.35667494393873245,0.35593132556492435,0.000743618373808097,0.0,0.0,0.5,10.0,5000,per_query,2762622912,6.844912773802455e-12,6.844912773802456e-12,70.73047708902051,0.7491544173163985,304.3869556717345,0.0002,instanton_2007-07-17_T20_delta0.30_tau20_am200.npz
2007-07-17,60,0.2,0.2231435513142097,24,200.0,10.058272984021169,0.2231435513142097,0.22125692112153406,0.0018866301926756535,0.0,0.0,0.5,10.0,5000,per_query,3882844258,0.0028575294012062485,0.00035535236095951,125.91898391101836,0.9171192517496327,232.72142196691237,0.126,instanton_2007-07-17_T60_delta0.20_tau24_am200.npz
2007-07-17,60,0.3,0.35667494393873245,30,200.0,17.65354369763624,0.35667494393873245,0.35477768073395755,0.0018972632047749016,0.0,0.0,0.5,10.0,5000,per_query,3405624642,1.0722805398139169e-05,3.576506577229465e-06,13.120547023674503,1.0327245568971122,1306.074251476321,0.0268,instanton_2007-07-17_T60_delta0.30_tau30_am200.npz
2007-07-18,20,0.2,0.2231435513142097,20,200.0,11.899095211702008,0.2231435513142097,0.22231598603065095,0.0008275652835587621,0.0,0.0,0.5,10.0,5000,per_query,3321645323,5.839686169141394e-07,1.2557423235494466e-07,38.17317578101156,0.9574345169503055,641.527711725289,0.007,instanton_2007-07-18_T20_delta0.20_tau20_am200.npz
2007-07-18,20,0.3,0.35667494393873245,20,200.0,26.182551940744258,0.35667494393873245,0.3561924948838371,0.00048244905489536194,0.0,0.0,0.5,10.0,5000,per_query,4133396079,0.0,0.0,30.499052068173125,0.9350455012594588,563.4098858096398,0.0,instanton_2007-07-18_T20_delta0.30_tau20_am200.npz
2007-07-18,60,0.2,0.2231435513142097,31,200.0,7.782296946844678,0.2231435513142097,0.2212200849271202,0.001923466387089512,0.0,0.0,0.5,10.0,5000,per_query,3860346109,0.003910616289665153,0.0004955825993769571,251.02939614483088,0.9556395611402281,160.2190331374819,0.1198,instanton_2007-07-18_T60_delta0.20_tau31_am200.npz
2007-07-18,60,0.3,0.35667494393873245,39,200.0,13.62046785149822,0.35667494393873245,0.3547361783321161,0.0019387656066163217,0.0,0.0,0.5,10.0,5000,per_query,3346583948,1.7104061875101716e-05,5.57512584640275e-06,40.77962598101277,1.0280341420282892,441.53686139614075,0.0228,instanton_2007-07-18_T60_delta0.30_tau39_am200.npz
2007-07-19,20,0.2,0.2231435513142097,20,200.0,12.795191527144736,0.2231435513142097,0.22156844994686775,0.0015751013673419578,0.0,0.0,0.5,10.0,5000,per_query,460775678,1.8552310686022768e-07,4.5026662345555e-08,69.13582551809951,0.8338330849058914,383.3639319328833,0.0052,instanton_2007-07-19_T20_delta0.20_tau20_am200.npz
2007-07-19,20,0.3,0.35667494393873245,20,200.0,27.781084960871084,0.35667494393873245,0.355724270527082,0.0009506734116504489,0.0,0.0,0.5,10.0,5000,per_query,4086817318,0.0,0.0,64.60510102052292,0.7082968887999784,212.91938061596818,0.0,instanton_2007-07-19_T20_delta0.30_tau20_am200.npz
2007-07-19,60,0.2,0.2231435513142097,22,200.0,11.645517851949277,0.2231435513142097,0.2212123995739379,0.0019311517402718081,0.0,0.0,0.5,10.0,5000,per_query,1465990050,0.0027378397398027253,0.0005204610818967554,155.05478286624933,0.7812522118269833,134.53183333496528,0.1046,instanton_2007-07-19_T60_delta0.20_tau22_am200.npz
2007-07-19,60,0.3,0.35667494393873245,27,200.0,20.612268819715077,0.35667494393873245,0.35473641980539306,0.001938524133339392,0.0,0.0,0.5,10.0,5000,per_query,4017381195,5.700735106244006e-06,2.8989436703946514e-06,1.2152748022122226,7.730733464063771,35051.31592495971,0.0206,instanton_2007-07-19_T60_delta0.30_tau27_am200.npz
2007-07-20,20,0.2,0.2231435513142097,20,200.0,11.629314317138126,0.2231435513142097,0.2229814192167856,0.00016213209742410584,0.0,0.0,0.5,10.0,5000,per_query,2760121237,9.607656344418844e-07,1.5170338685224732e-07,123.91049716516368,0.9012284032179465,181.00112855121662,0.01,instanton_2007-07-20_T20_delta0.20_tau20_am200.npz
2007-07-20,20,0.3,0.35667494393873245,20,200.0,26.09183235537238,0.35667494393873245,0.35657788017577374,9.706376295870456e-05,0.0,0.0,0.5,10.0,5000,per_query,1668557747,0.0,0.0,88.74022961467958,0.6538327514833228,142.04160324307335,0.0,instanton_2007-07-20_T20_delta0.30_tau20_am200.npz
2007-07-20,60,0.2,0.2231435513142097,60,200.0,4.180183942902661,0.2231435513142097,0.2220641987527463,0.0010793525614634092,0.0,0.0,0.5,10.0,5000,per_query,1292192504,0.00373655554865052,0.00019631349466587599,862.5626563681273,1.0404243050309863,43.68797766463428,0.1008,instanton_2007-07-20_T60_delta0.20_tau60_am200.npz
2007-07-20,60,0.3,0.35667494393873245,60,200.0,9.089340689842206,0.35667494393873245,0.35594403249010487,0.0007309114486275803,0.0,0.0,0.5,10.0,5000,per_query,2654675054,1.7337064448773558e-05,2.416563861537492e-06,233.56559138979776,0.9375916122538587,133.67231786138228,0.0202,instanton_2007-07-20_T60_delta0.30_tau60_am200.npz
2007-07-23,20,0.2,0.2231435513142097,20,200.0,12.21898567264342,0.2231435513142097,0.22283521925829586,0.0003083320559138514,0.0,0.0,0.5,10.0,5000,per_query,927827340,5.034454352902328e-07,9.160033045583576e-08,32.69840950254624,1.000668398157967,680.1943196624007,0.0074,instanton_2007-07-23_T20_delta0.20_tau20_am200.npz
2007-07-23,20,0.3,0.35667494393873245,20,200.0,27.045277345534178,0.35667494393873245,0.35648682005803867,0.00018812388069378017,0.0,0.0,0.5,10.0,5000,per_query,3506699329,0.0,0.0,11.877645832742418,1.2106505734788908,1595.4566578447213,0.0,instanton_2007-07-23_T20_delta0.30_tau20_am200.npz
2007-07-23,60,0.2,0.2231435513142097,60,200.0,4.3650105646182515,0.2231435513142097,0.22124982537697413,0.0018937259372355797,0.0,0.0,0.5,10.0,5000,per_query,3979362734,0.0029938366611695997,0.00016198883902747248,722.8723379493648,1.005984779149878,51.08260286431736,0.0942,instanton_2007-07-23_T60_delta0.20_tau60_am200.npz
2007-07-23,60,0.3,0.35667494393873245,60,200.0,9.385295436378858,0.35667494393873245,0.35524478955846295,0.0014301543802694994,0.0,0.0,0.5,10.0,5000,per_query,1063559792,1.0853528359759025e-05,1.4527441971610038e-06,65.07945787514151,1.0568972642020102,429.06664964411004,0.0172,instanton_2007-07-23_T60_delta0.30_tau60_am200.npz
2007-07-24,20,0.2,0.2231435513142097,20,100.0,9.595935536444918,0.2231435513142106,0.22244384433008957,0.0006997069841201409,0.0,8.881784197001252e-16,0.5,10.0,5000,per_query,1466744530,6.3146239610517466e-06,8.73177485459854e-07,90.12599000002622,1.0258361617091336,343.30708069539475,0.0148,instanton_2007-07-24_T20_delta0.20_tau20_am100.npz
2007-07-24,20,0.3,0.35667494393873245,20,100.0,23.00529721741398,0.35667494393873245,0.3562211750419957,0.00045376889673676146,0.0,0.0,0.5,10.0,5000,per_query,30894140,0.0,0.0,33.99205601913348,1.0596899752259978,662.1765956823731,0.0,instanton_2007-07-24_T20_delta0.30_tau20_am100.npz
2007-07-24,60,0.2,0.2231435513142097,60,200.0,3.526346956904505,0.2231435513142097,0.22309318292039393,5.036839381578062e-05,0.0,0.0,0.5,10.0,5000,per_query,3449298946,0.007406103814263096,0.0003599846408328431,1063.8941195828854,0.9399049183660887,44.090147262155156,0.1222,instanton_2007-07-24_T60_delta0.20_tau60_am200.npz
2007-07-24,60,0.3,0.35667494393873245,60,200.0,8.10151450974063,0.35667494393873245,0.35663933371500534,3.5610223727111645e-05,0.0,0.0,0.5,10.0,5000,per_query,3522030420,3.330385411622825e-05,3.991621780963029e-06,134.695704369744,1.116516989183705,315.338322299264,0.02,instanton_2007-07-24_T60_delta0.30_tau60_am200.npz
2007-07-25,20,0.2,0.2231435513142097,20,100.0,10.081761851185842,0.2231435513142106,0.2222776890824152,0.000865862231794523,0.0,8.881784197001252e-16,0.5,10.0,5000,per_query,188107016,5.023292895336468e-06,7.090981251183072e-07,79.22080843573785,1.0997124180642965,308.4180616265598,0.0142,instanton_2007-07-25_T20_delta0.20_tau20_am100.npz
2007-07-25,20,0.3,0.35667494393873245,20,100.0,23.890932188890055,0.35667494393873245,0.3561027948101776,0.0005721491285548552,0.0,0.0,0.5,10.0,5000,per_query,3437271119,0.0,0.0,85.8527036704687,0.7039184782807167,153.468655147752,0.0,instanton_2007-07-25_T20_delta0.30_tau20_am100.npz
2007-07-25,60,0.2,0.2231435513142097,60,200.0,3.6971325400810198,0.2231435513142097,0.2230668707689034,7.668054530629576e-05,0.0,0.0,0.5,10.0,5000,per_query,904145699,0.005728641406975114,0.00028341171104772207,1128.6532581260226,0.9933900561409351,29.095176788860883,0.1134,instanton_2007-07-25_T60_delta0.20_tau60_am200.npz
2007-07-25,60,0.3,0.35667494393873245,60,200.0,8.397275090043118,0.35667494393873245,0.3566186195286658,5.632441006664379e-05,0.0,0.0,0.5,10.0,5000,per_query,3953757495,2.5085151161184428e-05,4.031461347050911e-06,331.2228695358685,0.8306467361410957,64.47829946314887,0.0178,instanton_2007-07-25_T60_delta0.30_tau60_am200.npz
2007-07-26,20,0.2,0.2231435513142097,20,100.0,7.19334450747944,0.2231435513142106,0.22306019217066275,8.335914354695717e-05,0.0,8.881784197001252e-16,0.5,10.0,5000,per_query,487633440,8.917817122136607e-05,7.854476696757627e-06,339.4286452961202,0.8560925019362999,117.38551034029196,0.0326,instanton_2007-07-26_T20_delta0.20_tau20_am100.npz
2007-07-26,20,0.3,0.35667494393873245,20,100.0,19.13819242919126,0.35667494393873245,0.35662593613182114,4.900780691130535e-05,0.0,0.0,0.5,10.0,5000,per_query,1291328490,5.357725029710481e-10,3.799518938171211e-10,44.642804997549675,0.8947827751060279,446.0202476796752,0.0004,instanton_2007-07-26_T20_delta0.30_tau20_am100.npz
2007-07-26,60,0.2,0.2231435513142097,60,100.0,2.6768619618057836,0.2231435513142106,0.2227686399076747,0.00037491140653500565,0.0,8.881784197001252e-16,0.5,10.0,5000,per_query,2086678844,0.016345023324748867,0.0006584774304806493,1501.57715113682,0.9585087349112206,26.13420546045153,0.1526,instanton_2007-07-26_T60_delta0.20_tau60_am100.npz
2007-07-26,60,0.3,0.35667494393873245,60,100.0,6.786158005916857,0.35667494393873245,0.3564449955270579,0.00022994841167456315,0.0,0.0,0.5,10.0,5000,per_query,4120972831,0.0001503743065298631,1.404703063067178e-05,221.14584241067357,1.0176149509029038,245.3609979450573,0.0342,instanton_2007-07-26_T60_delta0.30_tau60_am100.npz
2007-07-27,20,0.2,0.2231435513142097,20,50.0,5.0518615943156,0.2231435513142097,0.22146600299789831,0.0016775483163113947,0.0,0.0,0.5,10.0,5000,per_query,3003248666,0.0008768217304265374,5.836842348680033e-05,652.4485133280473,0.9614296483179307,89.90548612904851,0.0564,instanton_2007-07-27_T20_delta0.20_tau20_am50.npz
2007-07-27,20,0.3,0.35667494393873245,20,50.0,15.34034498967946,0.35667494393873245,0.3557071977176811,0.0009677462210513355,0.0,0.0,0.5,10.0,5000,per_query,1389578999,1.478056445355272e-08,4.246559462553423e-09,11.663025234011334,1.4072798424238615,1776.2467503091314,0.0032,instanton_2007-07-27_T20_delta0.30_tau20_am50.npz
2007-07-27,60,0.2,0.2231435513142097,60,100.0,1.9601895067835728,0.2231435513142097,0.2230920679674746,5.148334673510391e-05,0.0,0.0,0.5,10.0,5000,per_query,3187421628,0.04220266268814205,0.0013829767979848964,1841.7972384259015,0.9886891572463111,27.18807988229791,0.2102,instanton_2007-07-27_T60_delta0.20_tau60_am100.npz
2007-07-27,60,0.3,0.35667494393873245,60,100.0,5.539277364763101,0.35667494393873245,0.35664447300325897,3.047093547348112e-05,0.0,0.0,0.5,10.0,5000,per_query,2405322653,0.0006064265386417039,4.4446413092818274e-05,391.5635423054104,1.033768501870403,104.05594771184187,0.0552,instanton_2007-07-27_T60_delta0.30_tau60_am100.npz
2007-07-30,20,0.2,0.2231435513142097,20,100.0,5.713656893478986,0.2231435513142097,0.22309076509093728,5.2786223272427435e-05,0.0,0.0,0.5,10.0,5000,per_query,3839060193,0.0005131159791815473,3.736814162267123e-05,265.89322536089406,0.9576580502389923,220.63618673163853,0.0544,instanton_2007-07-30_T20_delta0.20_tau20_am100.npz
2007-07-30,20,0.3,0.35667494393873245,20,50.0,15.699619808820408,0.35667494393873245,0.3546818733174124,0.0019930706213200367,0.0,0.0,0.5,10.0,5000,per_query,2726936424,1.0097260873678823e-08,3.167283317713948e-09,38.69997125244491,0.8408501220582318,402.22164263847947,0.003,instanton_2007-07-30_T20_delta0.30_tau20_am50.npz
2007-07-30,60,0.2,0.2231435513142097,60,100.0,2.1612567361995683,0.2231435513142097,0.22291386710322136,0.00022968421098834568,0.0,0.0,0.5,10.0,5000,per_query,451198285,0.03522975665870774,0.0012323776554971425,1853.9619554024139,0.9987759970989976,26.264083742687365,0.2016,instanton_2007-07-30_T60_delta0.20_tau60_am100.npz
2007-07-30,60,0.3,0.35667494393873245,60,100.0,5.701816704088016,0.35667494393873245,0.3565386992038553,0.0001362447348771667,0.0,0.0,0.5,10.0,5000,per_query,2680692264,0.0005025276133896706,3.601467762285182e-05,279.93821424677105,0.9479282794529067,154.01206113840408,0.0524,instanton_2007-07-30_T60_delta0.30_tau60_am100.npz
2007-07-31,20,0.2,0.2231435513142097,20,50.0,4.870449371731864,0.2231435513142097,0.221146664692089,0.0019968866221207193,0.0,0.0,0.5,10.0,5000,per_query,622062092,0.0011541634325043766,7.208842809852743e-05,496.1089973529533,0.9596121394584883,94.0793286245346,0.0662,instanton_2007-07-31_T20_delta0.20_tau20_am50.npz
2007-07-31,20,0.3,0.35667494393873245,20,50.0,14.603767940321518,0.35667494393873245,0.35552834744128514,0.0011465964974473053,0.0,0.0,0.5,10.0,5000,per_query,916927992,2.524031925725489e-08,7.1655600546630444e-09,42.79363206253686,0.7522207699501936,488.1504715231601,0.003,instanton_2007-07-31_T20_delta0.30_tau20_am50.npz
2007-07-31,60,0.2,0.2231435513142097,60,100.0,1.9005251960087142,0.2231435513142106,0.22306802275322557,7.55285609841394e-05,0.0,8.881784197001252e-16,0.5,10.0,5000,per_query,2336091275,0.04747464691429599,0.0015232358716356206,2043.5318980466984,0.9794318634888559,16.318758995005226,0.2258,instanton_2007-07-31_T60_delta0.20_tau60_am100.npz
2007-07-31,60,0.3,0.35667494393873245,60,100.0,5.301362144559788,0.35667494393873245,0.35663110017631183,4.3843762420614496e-05,0.0,0.0,0.5,10.0,5000,per_query,2827672514,0.0009145131317802913,6.574453565078356e-05,178.6023849867686,1.0696685493859939,332.8856244910801,0.0612,instanton_2007-07-31_T60_delta0.30_tau60_am100.npz
2007-08-01,20,0.2,0.2231435513142097,20,100.0,5.243520644868712,0.2231435513142106,0.223114788406229,2.876290798070613e-05,0.0,8.881784197001252e-16,0.5,10.0,5000,per_query,1217579008,0.000857772059439554,5.752552359254418e-05,489.3078864054069,0.9909289035246509,83.8343352420765,0.0608,instanton_2007-08-01_T20_delta0.20_tau20_am100.npz
2007-08-01,20,0.3,0.35667494393873245,20,50.0,14.960077404572406,0.35667494393873245,0.35522767386360954,0.0014472700751229084,0.0,0.0,0.5,10.0,5000,per_query,1507516482,2.3460860483377608e-08,1.3974508467524308e-08,38.00926991026917,0.9748600070159222,519.1434643532068,0.0026,instanton_2007-08-01_T20_delta0.30_tau20_am50.npz
2007-08-01,60,0.2,0.2231435513142097,60,100.0,1.9948141815839222,0.2231435513142097,0.22302201288624524,0.00012153842796447378,0.0,0.0,0.5,10.0,5000,per_query,42291468,0.037914989086525644,0.0012974388702726655,1843.93378557724,1.0227594612057889,24.683001778189347,0.2002,instanton_2007-08-01_T60_delta0.20_tau60_am100.npz
2007-08-01,60,0.3,0.35667494393873245,60,100.0,5.433469563748978,0.35667494393873245,0.3566040372952006,7.090664353182063e-05,0.0,0.0,0.5,10.0,5000,per_query,3687890537,0.0007335516965501987,5.701705943372804e-05,304.21745330385994,1.0962006333630974,139.05591535636577,0.0572,instanton_2007-08-01_T60_delta0.30_tau60_am100.npz
2007-08-02,20,0.2,0.2231435513142097,20,100.0,5.616380253318098,0.2231435513142097,0.2230833124417213,6.023887248840509e-05,0.0,0.0,0.5,10.0,5000,per_query,2520330555,0.0005582599237875644,3.87805718951789e-05,212.2527354274081,1.0625028125390832,201.0650008785395,0.0566,instanton_2007-08-02_T20_delta0.20_tau20_am100.npz
2007-08-02,20,0.3,0.35667494393873245,20,100.0,15.539434193337739,0.35667494393873245,0.35664250004783415,3.244389089829269e-05,0.0,0.0,0.5,10.0,5000,per_query,3347365454,4.594187249165301e-09,1.8060384010078908e-09,13.713264501486382,1.195855578494041,1310.6757509756044,0.0016,instanton_2007-08-02_T20_delta0.30_tau20_am100.npz
2007-08-02,60,0.2,0.2231435513142097,60,100.0,2.1281404458419138,0.2231435513142106,0.22287707944809565,0.0002664718661140597,0.0,8.881784197001252e-16,0.5,10.0,5000,per_query,3108831938,0.03339031600498735,0.001149282081647703,1864.0521425784111,1.0046926637729123,17.95933396775898,0.1976,instanton_2007-08-02_T60_delta0.20_tau60_am100.npz
2007-08-02,60,0.3,0.35667494393873245,60,100.0,5.594111294936485,0.35667494393873245,0.3565173600329672,0.00015758390576525727,0.0,0.0,0.5,10.0,5000,per_query,2533455170,0.00045256083909306523,3.374462352278197e-05,223.02713358846043,1.1198958086106021,246.43515749429397,0.0476,instanton_2007-08-02_T60_delta0.30_tau60_am100.npz
2007-08-03,20,0.2,0.2231435513142097,20,50.0,3.4656078041925604,0.2231435513142097,0.22205469338080874,0.0010888579334009663,0.0,0.0,0.5,10.0,5000,per_query,270334893,0.006100820926442917,0.000291426597537659,754.8931401378287,1.0885682376502783,58.20822180198836,0.1138,instanton_2007-08-03_T20_delta0.20_tau20_am50.npz
2007-08-03,20,0.3,0.35667494393873245,20,50.0,11.393111049530885,0.35667494393873245,0.35610575800096367,0.0005691859377687791,0.0,0.0,0.5,10.0,5000,per_query,1377056861,8.894026762087668e-07,1.6431460148711516e-07,43.25674826996792,0.9681948772537213,532.439243259155,0.0076,instanton_2007-08-03_T20_delta0.30_tau20_am50.npz
2007-08-03,60,0.2,0.2231435513142097,60,100.0,1.3736960049881066,0.2231435513142097,0.2231230701859488,2.0481128260918524e-05,0.0,0.0,0.5,10.0,5000,per_query,4032849170,0.08729564619686454,0.0023901926651174596,2509.72889541868,1.001910569731301,12.116516071404494,0.2764,instanton_2007-08-03_T60_delta0.20_tau60_am100.npz
2007-08-03,60,0.3,0.35667494393873245,60,100.0,4.187733741735226,0.35667494393873245,0.3566639342112641,1.100972746836959e-05,0.0,0.0,0.5,10.0,5000,per_query,1249840560,0.00288901791735495,0.00016457308357112547,705.8266002016892,1.0477524487491103,65.61835533512274,0.0862,instanton_2007-08-03_T60_delta0.30_tau60_am100.npz
2007-08-06,20,0.2,0.2231435513142097,20,100.0,4.011108772775455,0.2231435513142106,0.2231198065127371,2.3744801472602717e-05,0.0,8.881784197001252e-16,0.5,10.0,5000,per_query,776742047,0.0028574283000438634,0.00015570177694432835,781.6240917125926,1.0377706927075474,56.32614019452064,0.0836,instanton_2007-08-06_T20_delta0.20_tau20_am100.npz
2007-08-06,20,0.3,0.35667494393873245,20,50.0,11.845154062648874,0.35667494393873245,0.3554494094619507,0.0012255344767817533,0.0,0.0,0.5,10.0,5000,per_query,1318280978,4.271264912820745e-07,8.864252025761922e-08,131.0150479334735,0.9539867923203182,210.48819670482163,0.006,instanton_2007-08-06_T20_delta0.30_tau20_am50.npz
2007-08-06,60,0.2,0.2231435513142097,60,100.0,1.554361188336353,0.2231435513142097,0.22304464545060654,9.890586360317144e-05,0.0,0.0,0.5,10.0,5000,per_query,1481683978,0.06989641489430916,0.002031913665376145,2346.2739669501793,0.9971910657399556,10.520169964565751,0.2548,instanton_2007-08-06_T60_delta0.20_tau60_am100.npz
2007-08-06,60,0.3,0.35667494393873245,60,100.0,4.368196862044672,0.35667494393873245,0.3566198647070742,5.507923165826156e-05,0.0,0.0,0.5,10.0,5000,per_query,2002434472,0.0024642649851249654,0.00013689632455438192,715.2488181742673,0.9956114663166081,45.65542448579304,0.086,instanton_2007-08-06_T60_delta0.30_tau60_am100.npz
2007-08-07,20,0.2,0.2231435513142097,20,100.0,4.6041333729452,0.2231435513142106,0.2230796558184318,6.389549577789921e-05,0.0,8.881784197001252e-16,0.5,10.0,5000,per_query,3773970749,0.0016732978348406738,9.7771425173133e-05,731.4411468227253,0.9494523688917781,41.135070223893415,0.0768,instanton_2007-08-07_T20_delta0.20_tau20_am100.npz
2007-08-07,20,0.3,0.35667494393873245,20,100.0,12.946759811806237,0.35667494393873245,0.3566428443593299,3.209957940253361e-05,0.0,0.0,0.5,10.0,5000,per_query,3160580583,2.1633203079927605e-07,4.4877930982536445e-08,105.30170738142574,0.7523152854276793,139.38762982444973,0.0062,instanton_2007-08-07_T20_delta0.30_tau20_am100.npz
2007-08-07,60,0.2,0.2231435513142097,60,100.0,1.7683541699281868,0.2231435513142097,0.22286444363207458,0.0002791076821351268,0.0,0.0,0.5,10.0,5000,per_query,3273702772,0.056697619386605606,0.001753445674589043,2091.263666798897,0.9898327918280844,16.1825200257684,0.24,instanton_2007-08-07_T60_delta0.20_tau60_am100.npz
2007-08-07,60,0.3,0.35667494393873245,60,100.0,4.720883177777983,0.35667494393873245,0.35651891097583643,0.00015603296289601332,0.0,0.0,0.5,10.0,5000,per_query,389810186,0.0017400873217473087,0.00010976459905355115,237.34213508723573,0.9854471917738747,268.34364857771925,0.0762,instanton_2007-08-07_T60_delta0.30_tau60_am100.npz
2007-08-08,20,0.2,0.2231435513142097,20,100.0,5.124700693386515,0.2231435513142097,0.22291109615955307,0.00023245515465664113,0.0,0.0,0.5,10.0,5000,per_query,2209016453,0.0008658580863736683,5.5433566874167164e-05,398.04104848940887,0.9764096503698978,150.1929027365991,0.0608,instanton_2007-08-08_T20_delta0.20_tau20_am100.npz
2007-08-08,20,0.3,0.35667494393873245,20,100.0,13.578314608399086,0.35667494393873245,0.35655428287166036,0.00012066106707209201,0.0,0.0,0.5,10.0,5000,per_query,3716764406,9.881729293733928e-08,2.5866992412591023e-08,119.31578683813369,0.7798767899636285,161.5459166495505,0.0048,instanton_2007-08-08_T20_delta0.30_tau20_am100.npz
2007-08-08,60,0.2,0.2231435513142097,60,100.0,1.9529290872376286,0.2231435513142106,0.22203735583334794,0.0011061954808617713,0.0,8.881784197001252e-16,0.5,10.0,5000,per_query,2385410605,0.0457365368732975,0.0014437393054470926,1760.0013082178973,0.9935192006913297,33.673916875235946,0.2232,instanton_2007-08-08_T60_delta0.20_tau60_am100.npz
2007-08-08,60,0.3,0.35667494393873245,60,100.0,4.94009366263835,0.35667494393873245,0.3560523810538214,0.0006225628849110265,0.0,0.0,0.5,10.0,5000,per_query,2130590118,0.001201878116007659,7.855248905455181e-05,496.5282461199831,0.9772121468925654,97.76002685133842,0.067,instanton_2007-08-08_T60_delta0.30_tau60_am100.npz
2007-08-09,20,0.2,0.2231435513142097,20,50.0,3.153038520642203,0.2231435513142097,0.22142842802688278,0.001715123287326925,0.0,0.0,0.5,10.0,5000,per_query,4231048966,0.007895028482676961,0.00035066935348235706,1282.6048932184433,0.9907384182547692,26.784623132439673,0.1166,instanton_2007-08-09_T20_delta0.20_tau20_am50.npz
2007-08-09,20,0.3,0.35667494393873245,20,50.0,9.945164282719235,0.35667494393873245,0.35578383172049666,0.00089111221823579,0.0,0.0,0.5,10.0,5000,per_query,1491091989,3.958630528038782e-06,5.41257862033211e-07,192.767227667622,0.8417499577634404,139.98334666833478,0.0128,instanton_2007-08-09_T20_delta0.30_tau20_am50.npz
2007-08-09,60,0.2,0.2231435513142097,60,100.0,1.2637252445684732,0.2231435513142097,0.22308831746740942,5.5233846800284425e-05,0.0,0.0,0.5,10.0,5000,per_query,996993015,0.10598410568079449,0.002674272670122653,2609.1039453762846,0.983625417172044,18.672047018467925,0.3058,instanton_2007-08-09_T60_delta0.20_tau60_am100.npz
2007-08-09,60,0.3,0.35667494393873245,60,100.0,3.700040918177073,0.35667494393873245,0.3566454862737132,2.9457665019272383e-05,0.0,0.0,0.5,10.0,5000,per_query,533937489,0.004983470013434826,0.00024777146914035843,905.8010293496501,1.0091732893400416,43.742130769063024,0.1024,instanton_2007-08-09_T60_delta0.30_tau60_am100.npz
2007-08-10,20,0.2,0.2231435513142097,20,50.0,2.9813144445052355,0.2231435513142097,0.22174596168874317,0.0013975896254665443,0.0,0.0,0.5,10.0,5000,per_query,742127041,0.009985961822336393,0.0004358505354480212,1256.6157254744319,0.9916978844732406,36.737882186856105,0.1286,instanton_2007-08-10_T20_delta0.20_tau20_am50.npz
2007-08-10,20,0.3,0.35667494393873245,20,50.0,9.641938247809243,0.35667494393873245,0.355960870864406,0.0007140730743264712,0.0,0.0,0.5,10.0,5000,per_query,234335297,4.344597789772009e-06,7.979339559916803e-07,123.839031446974,1.0110325572865426,169.41433516595262,0.01,instanton_2007-08-10_T20_delta0.30_tau20_am50.npz
2007-08-10,60,0.2,0.2231435513142097,60,100.0,1.1959761607827781,0.2231435513142097,0.2231082407178704,3.5310596339321876e-05,0.0,0.0,0.5,10.0,5000,per_query,1675337387,0.11426282858879322,0.0027681654638220727,2617.046057812196,1.0071292902541837,19.57728862081267,0.3154,instanton_2007-08-10_T60_delta0.20_tau60_am100.npz
2007-08-10,60,0.3,0.35667494393873245,60,100.0,3.5887877923954177,0.35667494393873245,0.35665625857157224,1.868536716020941e-05,0.0,0.0,0.5,10.0,5000,per_query,2602806322,0.0063266135279443575,0.00028802085181282654,1175.8028622062232,0.9598047192670855,29.183526399228075,0.1198,instanton_2007-08-10_T60_delta0.30_tau60_am100.npz
2007-08-13,20,0.2,0.2231435513142097,20,50.0,3.097761129257558,0.2231435513142097,0.22150998180695147,0.0016335695072582368,0.0,0.0,0.5,10.0,5000,per_query,1520851535,0.009324721011980763,0.00040472677337124823,1153.5947289358107,0.9564735236626213,44.33578193757691,0.1292,instanton_2007-08-13_T20_delta0.20_tau20_am50.npz
2007-08-13,20,0.3,0.35667494393873245,20,50.0,9.8308034493619,0.35667494393873245,0.35583023772453526,0.0008447062141971884,0.0,0.0,0.5,10.0,5000,per_query,482260551,5.656961412040119e-06,7.679362097201429e-07,144.6805130988852,0.9117977257368602,228.53176391939618,0.0144,instanton_2007-08-13_T20_delta0.30_tau20_am50.npz
2007-08-13,60,0.2,0.2231435513142097,60,100.0,1.2421150064755277,0.2231435513142106,0.22309382207386808,4.972924034163384e-05,0.0,8.881784197001252e-16,0.5,10.0,5000,per_query,361455830,0.10722179928377613,0.002788970185868742,2706.070627737444,1.0168830045506019,12.704741827279417,0.3038,instanton_2007-08-13_T60_delta0.20_tau60_am100.npz
2007-08-13,60,0.3,0.35667494393873245,60,100.0,3.6587972451881834,0.35667494393873245,0.356648415752856,2.6528185876451005e-05,0.0,0.0,0.5,10.0,5000,per_query,1455620586,0.0054100917552324,0.0002633630680539531,805.8040567672982,1.0313003668281697,55.84064290104852,0.1116,instanton_2007-08-13_T60_delta0.30_tau60_am100.npz
2007-08-14,20,0.2,0.2231435513142097,20,50.0,2.4516045447205213,0.2231435513142097,0.22230698037748375,0.0008365709367259555,0.0,0.0,0.5,10.0,5000,per_query,557597179,0.018790609428812183,0.0006983471079247218,1669.684672871736,0.9489660163052842,37.58466585842874,0.1584,instanton_2007-08-14_T20_delta0.20_tau20_am50.npz
2007-08-14,20,0.3,0.35667494393873245,20,50.0,8.533183950533097,0.35667494393873245,0.3562692552709015,0.00040568866783097235,0.0,0.0,0.5,10.0,5000,per_query,1355341010,2.2643014104534184e-05,2.6109363736788363e-06,74.67374111207447,0.8818769758227947,440.1201511068127,0.0206,instanton_2007-08-14_T20_delta0.30_tau20_am50.npz
2007-08-14,60,0.2,0.2231435513142097,60,100.0,0.9911671087174612,0.2231435513142106,0.22313210424897356,1.144706523614758e-05,0.0,8.881784197001252e-16,0.5,10.0,5000,per_query,2743536989,0.14697024361708586,0.0032765248595282336,3082.3360148610373,0.9808981573321777,11.354244448793066,0.3464,instanton_2007-08-14_T60_delta0.20_tau60_am100.npz
2007-08-14,60,0.3,0.35667494393873245,60,50.0,3.1606692775032594,0.35667494393873245,0.3551967747658207,0.0014781691729117696,0.0,0.0,0.5,10.0,5000,per_query,2664876952,0.008908330621969524,0.0003941913346353583,1066.5520159932462,1.0486596720956922,61.72558754200211,0.125,instanton_2007-08-14_T60_delta0.30_tau60_am50.npz
2007-08-15,20,0.2,0.2231435513142097,20,50.0,1.9538148083971099,0.2231435513142097,0.2226776438195932,0.00046590749461650205,0.0,0.0,0.5,10.0,5000,per_query,2112622545,0.037073130572936125,0.0011778796667028615,1840.069753839591,1.0322347974926125,20.020880713559038,0.2044,instanton_2007-08-15_T20_delta0.20_tau20_am50.npz
2007-08-15,20,0.3,0.35667494393873245,20,50.0,7.501227216249874,0.35667494393873245,0.3564632836495871,0.0002116602891453212,0.0,0.0,0.5,10.0,5000,per_query,1054226901,7.389469155713447e-05,8.702998753955879e-06,134.87245547022306,1.0672387646271981,248.35364029192164,0.027,instanton_2007-08-15_T20_delta0.30_tau20_am50.npz
2007-08-15,60,0.2,0.2231435513142097,60,50.0,0.7838799271864815,0.2231435513142097,0.22162539354038557,0.0015181577738241359,0.0,0.0,0.5,10.0,5000,per_query,1455440670,0.18582786134510226,0.0038966597142287263,3358.2686346329942,0.999924240913711,9.76687468006091,0.3698,instanton_2007-08-15_T60_delta0.20_tau60_am50.npz
2007-08-15,60,0.3,0.35667494393873245,60,50.0,2.8040070013803766,0.35667494393873245,0.3559121945484893,0.0007627493902431226,0.0,0.0,0.5,10.0,5000,per_query,1493114711,0.014058579608677414,0.0005749975415531701,1374.9714609259838,0.9642502786120287,32.1525913879841,0.1462,instanton_2007-08-15_T60_delta0.30_tau60_am50.npz
2007-08-16,20,0.2,0.2231435513142097,20,50.0,2.15301927344686,0.2231435513142097,0.22250699508739835,0.0006365562268113578,0.0,0.0,0.5,10.0,5000,per_query,358376577,0.028580843829379098,0.0009816197303972713,1849.6441962464407,0.9733266420220235,25.522377184803855,0.1874,instanton_2007-08-16_T20_delta0.20_tau20_am50.npz
2007-08-16,20,0.3,0.35667494393873245,20,50.0,7.840092998827308,0.35667494393873245,0.3563765389384379,0.00029840500029454375,0.0,0.0,0.5,10.0,5000,per_query,797198176,4.661833641088419e-05,5.420068977432294e-06,212.63471380601132,0.962867881320665,117.81179450613733,0.027,instanton_2007-08-16_T20_delta0.30_tau20_am50.npz
2007-08-16,60,0.2,0.2231435513142097,60,100.0,0.8763886554044181,0.2231435513142106,0.22313724942051483,6.30189369488221e-06,0.0,8.881784197001252e-16,0.5,10.0,5000,per_query,1467382330,0.17568716550768837,0.003714236628190684,3300.6995012900275,0.9939933707709548,8.460717154345268,0.375,instanton_2007-08-16_T60_delta0.20_tau60_am100.npz
2007-08-16,60,0.3,0.35667494393873245,60,50.0,2.921230934355677,0.35667494393873245,0.3555938277056905,0.0010811162330419677,0.0,0.0,0.5,10.0,5000,per_query,3651878951,0.01184337713976359,0.0004978953089252857,1389.4997454458264,0.9447506054674224,26.361115734473938,0.1388,instanton_2007-08-16_T60_delta0.30_tau60_am50.npz
2007-08-17,20,0.2,0.2231435513142097,20,50.0,2.5947346570472494,0.2231435513142097,0.22176454096284726,0.001379010351362453,0.0,0.0,0.5,10.0,5000,per_query,2429461134,0.015504882241630793,0.0006162958004232496,1497.0241412551213,1.0063954971848277,29.080717710664402,0.1494,instanton_2007-08-17_T20_delta0.20_tau20_am50.npz
2007-08-17,20,0.3,0.35667494393873245,20,50.0,8.478835794338398,0.35667494393873245,0.35598719287224245,0.0006877510664899944,0.0,0.0,0.5,10.0,5000,per_query,3579933152,2.4739053643186953e-05,2.764535491062754e-06,226.9636832925109,0.901115896033126,125.74483734800106,0.0228,instanton_2007-08-17_T20_delta0.30_tau20_am50.npz
2007-08-17,60,0.2,0.2231435513142097,60,100.0,1.0489556407348728,0.2231435513142106,0.22310936188909292,3.4189425116792904e-05,0.0,8.881784197001252e-16,0.5,10.0,5000,per_query,1233939163,0.14091497788327143,0.003235295024321724,2897.4000837877506,0.9944515060477715,10.817170763519467,0.3434,instanton_2007-08-17_T60_delta0.20_tau60_am100.npz
2007-08-17,60,0.3,0.35667494393873245,60,100.0,3.1793893133147546,0.35667494393873245,0.35665723179373554,1.771214499690643e-05,0.0,0.0,0.5,10.0,5000,per_query,3864264422,0.009231493439138278,0.0003958750076677715,1036.9391451189147,0.972492827462956,44.069361634657284,0.1314,instanton_2007-08-17_T60_delta0.30_tau60_am100.npz
2007-08-20,20,0.2,0.2231435513142097,20,50.0,2.5844394117181557,0.2231435513142097,0.22179225143347558,0.0013512998807341248,0.0,0.0,0.5,10.0,5000,per_query,2599782768,0.017138354839754136,0.000640937135711156,1400.8448410230878,0.9554863625157243,39.70853734040273,0.1602,instanton_2007-08-20_T20_delta0.20_tau20_am50.npz
2007-08-20,20,0.3,0.35667494393873245,20,50.0,8.466550576487949,0.35667494393873245,0.3560022751773708,0.0006726687613616278,0.0,0.0,0.5,10.0,5000,per_query,714613227,2.168003987253079e-05,2.6088002500666147e-06,168.21492646383066,0.8995671901832764,238.02330913349897,0.0202,instanton_2007-08-20_T20_delta0.30_tau20_am50.npz
2007-08-20,60,0.2,0.2231435513142097,60,100.0,1.0448001392879784,0.2231435513142097,0.22311074135100561,3.280996320409457e-05,0.0,0.0,0.5,10.0,5000,per_query,3696776798,0.1438057476384734,0.003297734766613147,2937.079733735397,1.0025056755907313,11.814059744044298,0.3416,instanton_2007-08-20_T60_delta0.20_tau60_am100.npz
2007-08-20,60,0.3,0.35667494393873245,60,100.0,3.174652370725221,0.35667494393873245,0.3566580630853826,1.6880853349832137e-05,0.0,0.0,0.5,10.0,5000,per_query,1499324486,0.00939988975865789,0.0004338172906725846,958.8654673394814,0.9978662793908796,76.6977865286245,0.1262,instanton_2007-08-20_T60_delta0.30_tau60_am100.npz
2007-08-21,20,0.2,0.2231435513142097,20,50.0,2.8016195735018465,0.2231435513142097,0.22166205273921058,0.0014814985749991294,0.0,0.0,0.5,10.0,5000,per_query,1187389985,0.012646605931679652,0.0005293308849701766,1374.3867933537003,0.9756248735183981,29.402146319600305,0.1384,instanton_2007-08-21_T20_delta0.20_tau20_am50.npz
2007-08-21,20,0.3,0.35667494393873245,20,50.0,9.041908067469427,0.35667494393873245,0.3559251068055085,0.0007498371332239628,0.0,0.0,0.5,10.0,5000,per_query,2256513043,1.225173655667103e-05,1.5844843008495167e-06,192.2128687763123,0.9208258768510623,192.24284301033578,0.0174,instanton_2007-08-21_T20_delta0.30_tau20_am50.npz
2007-08-21,60,0.2,0.2231435513142097,60,100.0,1.1286240710805207,0.2231435513142106,0.22310335283090676,4.019848330294451e-05,0.0,8.881784197001252e-16,0.5,10.0,5000,per_query,514804863,0.12793414303583003,0.002997195147267578,2876.0103986881427,0.9786940774892251,10.605694291906472,0.3308,instanton_2007-08-21_T60_delta0.20_tau60_am100.npz
2007-08-21,60,0.3,0.35667494393873245,60,100.0,3.379657603283331,0.35667494393873245,0.3566539853816373,2.0958557095163144e-05,0.0,0.0,0.5,10.0,5000,per_query,1846325877,0.008076795821141815,0.000397157258075597,999.9042788990764,0.9988111736416957,41.87149311946769,0.1238,instanton_2007-08-21_T60_delta0.30_tau60_am100.npz
2007-08-22,20,0.2,0.2231435513142097,20,100.0,3.1888327934444303,0.2231435513142106,0.2231135988620645,2.9952452145209918e-05,0.0,8.881784197001252e-16,0.5,10.0,5000,per_query,61425326,0.008494489847310757,0.0003800787623442752,609.2773654275986,1.033616830406434,124.37768339119238,0.1212,instanton_2007-08-22_T20_delta0.20_tau20_am100.npz
2007-08-22,20,0.3,0.35667494393873245,20,50.0,9.470940636438836,0.35667494393873245,0.35537452015043947,0.0013004237882929814,0.0,0.0,0.5,10.0,5000,per_query,3604227769,7.263656388753292e-06,9.541112155182465e-07,160.77059451009256,0.8225059614955329,199.50349003765336,0.0142,instanton_2007-08-22_T20_delta0.30_tau20_am50.npz
2007-08-22,60,0.2,0.2231435513142097,60,100.0,1.2526015938575215,0.2231435513142097,0.22301981118377512,0.00012374013043459087,0.0,0.0,0.5,10.0,5000,per_query,2182000145,0.10670422568642055,0.00275775357050633,2811.765598270044,0.9999121404186859,10.861772341680014,0.2974,instanton_2007-08-22_T60_delta0.20_tau60_am100.npz
2007-08-22,60,0.3,0.35667494393873245,60,100.0,3.544533943170138,0.35667494393873245,0.35660849709198494,6.644684674750323e-05,0.0,0.0,0.5,10.0,5000,per_query,4075209720,0.00615416816988606,0.0002914478155055294,816.8485454294481,0.997035830181971,59.50348966227971,0.1126,instanton_2007-08-22_T60_delta0.30_tau60_am100.npz
2007-08-23,20,0.2,0.2231435513142097,20,100.0,3.537894993742799,0.2231435513142097,0.2231154515597371,2.809975447259916e-05,0.0,0.0,0.5,10.0,5000,per_query,1379676906,0.00549072019228509,0.0002725574546048003,809.7576426466176,1.0630710603677893,53.00657020574927,0.1046,instanton_2007-08-23_T20_delta0.20_tau20_am100.npz
2007-08-23,20,0.3,0.35667494393873245,20,50.0,10.463624959077778,0.35667494393873245,0.3553854556217111,0.001289488317021359,0.0,0.0,0.5,10.0,5000,per_query,4015700216,2.158877742755279e-06,3.777352064996776e-07,196.4213410245991,0.9918136871732708,113.65667158378648,0.009,instanton_2007-08-23_T20_delta0.30_tau20_am50.npz
2007-08-23,60,0.2,0.2231435513142097,60,100.0,1.3817229739890424,0.2231435513142097,0.22302632217547824,0.00011722913873146723,0.0,0.0,0.5,10.0,5000,per_query,1853120327,0.09062137507119734,0.0023420647832011025,2547.6441935935713,0.9988712704066623,13.75902171528172,0.2864,instanton_2007-08-23_T60_delta0.20_tau60_am100.npz
2007-08-23,60,0.3,0.35667494393873245,60,100.0,3.892029605893624,0.35667494393873245,0.35661251276061545,6.243117811699506e-05,0.0,0.0,0.5,10.0,5000,per_query,2637068013,0.003937556164948922,0.0002311804198572071,476.2287263065495,1.032466304315059,174.36677247932755,0.0934,instanton_2007-08-23_T60_delta0.30_tau60_am100.npz
2007-08-24,20,0.2,0.2231435513142097,20,100.0,4.253669278202701,0.2231435513142097,0.22305483000059567,8.872131361403746e-05,0.0,0.0,0.5,10.0,5000,per_query,3154366580,0.0024013499639563888,0.00013949976322697125,785.9489009808083,1.0007446534583644,58.17833266519502,0.0798,instanton_2007-08-24_T20_delta0.20_tau20_am100.npz
2007-08-24,20,0.3,0.35667494393873245,20,100.0,11.87818543992427,0.35667494393873245,0.3566315438902432,4.3400048489239396e-05,0.0,0.0,0.5,10.0,5000,per_query,2916318327,6.181924006292873e-07,1.1091636263405318e-07,94.2285599101883,0.8745816824756394,277.2712476393569,0.007,instanton_2007-08-24_T20_delta0.30_tau20_am100.npz
2007-08-24,60,0.2,0.2231435513142097,60,100.0,1.6419367378188556,0.2231435513142106,0.2227509345716152,0.0003926167425944982,0.0,8.881784197001252e-16,0.5,10.0,5000,per_query,166896685,0.06502590046424704,0.0018783055735385758,2261.4854429772167,1.0069489519126247,13.96342157668952,0.2508,instanton_2007-08-24_T60_delta0.20_tau60_am100.npz
2007-08-24,60,0.3,0.35667494393873245,60,100.0,4.358471124254335,0.35667494393873245,0.3564530908880643,0.00022185305066813044,0.0,0.0,0.5,10.0,5000,per_query,1225096237,0.0021821363094733223,0.00012842013976481297,672.4503560007037,0.9930991668765063,64.69314759337009,0.0776,instanton_2007-08-24_T60_delta0.30_tau60_am100.npz
2007-08-27,20,0.2,0.2231435513142097,20,100.0,3.9801879674262515,0.2231435513142097,0.22310608822150435,3.746309270535875e-05,0.0,0.0,0.5,10.0,5000,per_query,3528504728,0.0031024863999071606,0.00016396809714715746,902.1682910682849,0.9586094452619345,47.354759503819714,0.0884,instanton_2007-08-27_T20_delta0.20_tau20_am100.npz
2007-08-27,20,0.3,0.35667494393873245,20,50.0,11.49726866857903,0.35667494393873245,0.355148620257153,0.0015263236815794556,0.0,0.0,0.5,10.0,5000,per_query,3079568798,9.664024417962773e-07,1.6677492486626528e-07,23.368516222634447,0.9587886718153877,938.3334534568224,0.0108,instanton_2007-08-27_T20_delta0.30_tau20_am50.npz
2007-08-27,60,0.2,0.2231435513142097,60,100.0,1.5433888204858055,0.2231435513142106,0.2229840554754583,0.00015949583875141116,0.0,8.881784197001252e-16,0.5,10.0,5000,per_query,890056452,0.0749513621827127,0.0020980272844921106,2184.51409045986,1.0144304420657693,19.288260639000736,0.2678,instanton_2007-08-27_T60_delta0.20_tau60_am100.npz
2007-08-27,60,0.3,0.35667494393873245,60,100.0,4.257081609385225,0.35667494393873245,0.3565876614001091,8.728253862333446e-05,0.0,0.0,0.5,10.0,5000,per_query,3404895219,0.002742035504982236,0.00014845596844625364,676.2262581216986,1.0033460685814466,57.85650335333499,0.0862,instanton_2007-08-27_T60_delta0.30_tau60_am100.npz
2007-08-28,20,0.2,0.2231435513142097,20,50.0,2.788643037031962,0.2231435513142097,0.2221035684299384,0.0010399828842713177,0.0,0.0,0.5,10.0,5000,per_query,2197096940,0.012111675038524202,0.000509102083260612,1260.6269644644346,0.9854425913750691,29.733410441536147,0.134,instanton_2007-08-28_T20_delta0.20_tau20_am50.npz
2007-08-28,20,0.3,0.35667494393873245,20,50.0,9.3679085127053,0.35667494393873245,0.35615495080613524,0.0005199931325972074,0.0,0.0,0.5,10.0,5000,per_query,435102521,6.791490942933434e-06,9.119596503771405e-07,79.33172962107669,0.9817081997322646,428.5619929692148,0.0148,instanton_2007-08-28_T20_delta0.30_tau20_am50.npz
2007-08-28,60,0.2,0.2231435513142097,60,100.0,1.12034880423497,0.2231435513142097,0.223124956231052,1.8595083157713077e-05,0.0,0.0,0.5,10.0,5000,per_query,1612149752,0.12209911357206274,0.002995624200221735,2785.306624984192,1.0145737966012425,11.981197368746098,0.3148,instanton_2007-08-28_T60_delta0.20_tau60_am100.npz
2007-08-28,60,0.3,0.35667494393873245,60,50.0,3.4465352397220035,0.35667494393873245,0.3547725178620036,0.001902426076728858,0.0,0.0,0.5,10.0,5000,per_query,3155994894,0.006021714585669369,0.0003033529107652843,1014.6381424789489,1.0159620519167876,48.0117754401159,0.1014,instanton_2007-08-28_T60_delta0.30_tau60_am50.npz
2007-08-29,20,0.2,0.2231435513142097,20,100.0,3.3192517980510656,0.2231435513142097,0.2231153519490583,2.8199365151415634e-05,0.0,0.0,0.5,10.0,5000,per_query,451581841,0.0064655150080198094,0.00029550791171415033,921.7404399555202,1.0175505745561109,44.83223668620872,0.1092,instanton_2007-08-29_T20_delta0.20_tau20_am100.npz
2007-08-29,20,0.3,0.35667494393873245,20,50.0,9.862015136362556,0.35667494393873245,0.35540218471208274,0.0012727592266497112,0.0,0.0,0.5,10.0,5000,per_query,2130332559,4.279420840149175e-06,6.339276682688117e-07,93.20199105238243,0.8804032010141923,331.0147442133484,0.0118,instanton_2007-08-29_T20_delta0.30_tau20_am50.npz
2007-08-29,60,0.2,0.2231435513142097,60,100.0,1.3010763897645858,0.2231435513142106,0.22302724007020114,0.00011631124400857118,0.0,8.881784197001252e-16,0.5,10.0,5000,per_query,3398149710,0.09773653109791067,0.002515607982591012,2574.3180695419674,1.030568542492271,11.653328531611514,0.2918,instanton_2007-08-29_T60_delta0.20_tau60_am100.npz
2007-08-29,60,0.3,0.35667494393873245,60,100.0,3.6812267281330824,0.35667494393873245,0.35661233351308397,6.26104256484794e-05,0.0,0.0,0.5,10.0,5000,per_query,68100566,0.0052155637544228995,0.0002703683962987867,724.0100432967018,1.0247014316568774,80.25707178690604,0.1036,instanton_2007-08-29_T60_delta0.30_tau60_am100.npz
2007-08-30,20,0.2,0.2231435513142097,20,100.0,3.256248521109525,0.2231435513142097,0.223121467315341,2.2083998868716037e-05,0.0,0.0,0.5,10.0,5000,per_query,324506961,0.007756614033881789,0.00035189986073179197,1087.5084304894303,0.9920531352702221,34.076732607501256,0.1184,instanton_2007-08-30_T20_delta0.20_tau20_am100.npz
2007-08-30,20,0.3,0.35667494393873245,20,50.0,9.81089784292876,0.35667494393873245,0.3555497917305823,0.0011251522081501264,0.0,0.0,0.5,10.0,5000,per_query,347153228,4.19380850165975e-06,6.685208610846113e-07,120.1856995366955,1.024704000562416,236.18450715604246,0.011,instanton_2007-08-30_T20_delta0.30_tau20_am50.npz
2007-08-30,60,0.2,0.2231435513142097,60,100.0,1.278149822042023,0.2231435513142106,0.2230527815036334,9.076981057631883e-05,0.0,8.881784197001252e-16,0.5,10.0,5000,per_query,297374250,0.10199823303023951,0.00263177114421544,2612.9738226308473,0.9955003203983779,22.749993257960522,0.2968,instanton_2007-08-30_T60_delta0.20_tau60_am100.npz
2007-08-30,60,0.3,0.35667494393873245,60,100.0,3.659564992311307,0.35667494393873245,0.35662697949410394,4.7964444628512126e-05,0.0,0.0,0.5,10.0,5000,per_query,2887456433,0.00519993762473753,0.00025523474726676113,811.3990408734915,0.9839396394741492,45.464969492411235,0.1092,instanton_2007-08-30_T60_delta0.30_tau60_am100.npz
2007-08-31,20,0.2,0.2231435513142097,20,100.0,4.100474847092875,0.2231435513142106,0.22308768184628303,5.586946792668357e-05,0.0,8.881784197001252e-16,0.5,10.0,5000,per_query,2217083734,0.003173172268773815,0.0001649994155284023,697.2800857140003,0.9252517899067485,72.8533383034532,0.092,instanton_2007-08-31_T20_delta0.20_tau20_am100.npz
2007-08-31,20,0.3,0.35667494393873245,20,50.0,11.588762223191203,0.35667494393873245,0.35480403452414766,0.001870909414584787,0.0,0.0,0.5,10.0,5000,per_query,348192370,6.629484372101738e-07,1.304365493518065e-07,100.73248003126912,0.8703828672940189,338.6274554764266,0.0074,instanton_2007-08-31_T20_delta0.30_tau20_am50.npz
2007-08-31,60,0.2,0.2231435513142097,60,100.0,1.586321303074816,0.2231435513142106,0.2229050440881517,0.00023850722605800456,0.0,8.881784197001252e-16,0.5,10.0,5000,per_query,2276964381,0.06955045789705921,0.001979894596067988,2301.4752174684318,1.0105116918994257,13.93268931616584,0.2586,instanton_2007-08-31_T60_delta0.20_tau60_am100.npz
2007-08-31,60,0.3,0.35667494393873245,60,100.0,4.29776293327512,0.35667494393873245,0.3565425411140932,0.0001324028246392217,0.0,0.0,0.5,10.0,5000,per_query,1324535504,0.0025875536578317247,0.0001362903940060074,374.2108688335967,1.0122262053593452,186.88407404450112,0.0896,instanton_2007-08-31_T60_delta0.30_tau60_am100.npz
2007-09-04,20,0.2,0.2231435513142097,20,100.0,4.729516772010693,0.2231435513142106,0.22299977225931844,0.00014377905489126874,0.0,8.881784197001252e-16,0.5,10.0,5000,per_query,1085097240,0.0015091160677993861,8.795446820750344e-05,616.3125236732487,1.0071979130575508,93.0583701806816,0.0756,instanton_2007-09-04_T20_delta0.20_tau20_am100.npz
2007-09-04,20,0.3,0.35667494393873245,20,100.0,12.843627181338416,0.35667494393873245,0.35660222978514167,7.271415359078048e-05,0.0,0.0,0.5,10.0,5000,per_query,1719200706,2.1052950683906605e-07,4.348760800437262e-08,46.18146170058353,1.1170448631555494,553.5977292538274,0.0054,instanton_2007-09-04_T20_delta0.30_tau20_am100.npz
2007-09-04,60,0.2,0.2231435513142097,60,100.0,1.8129674268299125,0.2231435513142106,0.22249119985439147,0.0006523514598182345,0.0,8.881784197001252e-16,0.5,10.0,5000,per_query,4087696732,0.052655550707408426,0.0016366897377059445,1871.8018146054103,1.015174480065981,23.9455687859544,0.2348,instanton_2007-09-04_T60_delta0.20_tau60_am100.npz
2007-09-04,60,0.3,0.35667494393873245,60,100.0,4.690020442157373,0.35667494393873245,0.3563024271189619,0.00037251681977057416,0.0,0.0,0.5,10.0,5000,per_query,762752063,0.002020242706717131,0.0001180325512342922,568.5632499140171,0.9647100007637418,86.20636598130369,0.0834,instanton_2007-09-04_T60_delta0.30_tau60_am100.npz
2007-09-05,20,0.2,0.2231435513142097,20,100.0,4.360752443580263,0.2231435513142106,0.2230795779143646,6.397339984509642e-05,0.0,8.881784197001252e-16,0.5,10.0,5000,per_query,1714527228,0.0019722416983402966,0.00011920775225412127,77.78585255629918,1.1303273029124916,606.0704342587171,0.0718,instanton_2007-09-05_T20_delta0.20_tau20_am100.npz
2007-09-05,20,0.3,0.35667494393873245,20,100.0,12.319076831627422,0.35667494393873245,0.35664332836223345,3.161557649900004e-05,0.0,0.0,0.5,10.0,5000,per_query,1767351769,2.983750695133949e-07,6.682241568760362e-08,108.78157695140192,0.9014734244736453,192.76903683668345,0.005,instanton_2007-09-05_T20_delta0.30_tau20_am100.npz
2007-09-05,60,0.2,0.2231435513142097,60,100.0,1.680981938597248,0.2231435513142097,0.22286433626064728,0.0002792150535624316,0.0,0.0,0.5,10.0,5000,per_query,3574529295,0.060251501065060026,0.0018088926035289713,2167.908519885716,1.0093825065099453,20.914290177682467,0.2412,instanton_2007-09-05_T60_delta0.20_tau60_am100.npz
2007-09-05,60,0.3,0.35667494393873245,60,100.0,4.506959767226035,0.35667494393873245,0.35651938574786257,0.00015555819086987555,0.0,0.0,0.5,10.0,5000,per_query,2135653121,0.0021062803959054984,0.0001194890253888018,724.7778250037226,0.969248943391346,37.2362034766173,0.0826,instanton_2007-09-05_T60_delta0.30_tau60_am100.npz
2007-09-06,20,0.2,0.2231435513142097,20,100.0,4.661975311125192,0.2231435513142106,0.22306354012265128,8.001119155842673e-05,0.0,8.881784197001252e-16,0.5,10.0,5000,per_query,3485626152,0.0014562341380198883,8.765199268400077e-05,651.5752751443217,0.9594879822394605,62.90680710418915,0.071,instanton_2007-09-06_T20_delta0.20_tau20_am100.npz
2007-09-06,20,0.3,0.35667494393873245,20,100.0,12.973901300725231,0.35667494393873245,0.356634661005927,4.028293280544659e-05,0.0,0.0,0.5,10.0,5000,per_query,1863219218,1.8014731240433493e-07,3.7378139680067805e-08,65.93169955724221,1.046517562196749,357.3459543869732,0.0058,instanton_2007-09-06_T20_delta0.30_tau20_am100.npz
2007-09-06,60,0.2,0.2231435513142097,60,100.0,1.7890734123962697,0.2231435513142097,0.22279243749342292,0.0003511138207867859,0.0,0.0,0.5,10.0,5000,per_query,1054022071,0.05309109899900032,0.0017171766797703385,1986.7109669496142,1.0288313137552474,28.120956787378837,0.2322,instanton_2007-09-06_T60_delta0.20_tau60_am100.npz
2007-09-06,60,0.3,0.35667494393873245,60,100.0,4.731793318620264,0.35667494393873245,0.3564749553200368,0.00019998861869563456,0.0,0.0,0.5,10.0,5000,per_query,2775986067,0.0015148441963286122,9.20864776140247e-05,414.6497646086203,1.0246597381882414,162.79741757908485,0.074,instanton_2007-09-06_T60_delta0.30_tau60_am100.npz
2007-09-07,20,0.2,0.2231435513142097,20,100.0,4.775272850202786,0.2231435513142106,0.22312099190881707,2.2559405392641452e-05,0.0,8.881784197001252e-16,0.5,10.0,5000,per_query,1912075632,0.0013558736988843966,8.292778822002514e-05,317.05143699930505,0.9765542524198574,204.39718952392926,0.0696,instanton_2007-09-07_T20_delta0.20_tau20_am100.npz
2007-09-07,20,0.3,0.35667494393873245,20,50.0,13.916177437477312,0.35667494393873245,0.35542215975778024,0.0012527841809522045,0.0,0.0,0.5,10.0,5000,per_query,954420817,8.907214007473387e-08,2.5454085723360765e-08,52.72511419225351,1.1375757176285068,539.2782742141551,0.005,instanton_2007-09-07_T20_delta0.30_tau20_am50.npz
2007-09-07,60,0.2,0.2231435513142097,60,100.0,1.8287225711889665,0.2231435513142106,0.2230490093170312,9.454199717850997e-05,0.0,8.881784197001252e-16,0.5,10.0,5000,per_query,1374995502,0.049495424008985614,0.0015461754645139916,2068.418043614474,1.0094520325815957,17.2474364986983,0.2278,instanton_2007-09-07_T60_delta0.20_tau60_am100.npz
2007-09-07,60,0.3,0.35667494393873245,60,100.0,5.074363821006503,0.35667494393873245,0.3566209451125708,5.399882616163865e-05,0.0,0.0,0.5,10.0,5000,per_query,275987865,0.0011324230890816214,6.998483499998619e-05,389.24334582223764,1.0846466161506083,135.85162100230616,0.0672,instanton_2007-09-07_T60_delta0.30_tau60_am100.npz
2007-09-10,20,0.2,0.2231435513142097,20,100.0,4.695147537277915,0.2231435513142097,0.2231246584582962,1.8892855913499318e-05,0.0,0.0,0.5,10.0,5000,per_query,3349845749,0.0013981953003479126,8.494800324166922e-05,290.65147401938503,1.0241458316145422,191.9965110685363,0.069,instanton_2007-09-10_T20_delta0.20_tau20_am100.npz
2007-09-10,20,0.3,0.35667494393873245,20,50.0,13.827551567465408,0.35667494393873245,0.3555303852448102,0.0011445586939222707,0.0,0.0,0.5,10.0,5000,per_query,2419738711,7.996002458185538e-08,1.6948180325674274e-08,41.004084204028885,0.8965363419388476,588.8702358466021,0.0056,instanton_2007-09-10_T20_delta0.30_tau20_am50.npz
2007-09-10,60,0.2,0.2231435513142097,60,100.0,1.8000273924401284,0.2231435513142106,0.2230649622726899,7.858904151980539e-05,0.0,8.881784197001252e-16,0.5,10.0,5000,per_query,688741012,0.053786658102978,0.0015996765631420445,2150.345750655533,0.9559907308307783,14.362283249366461,0.2358,instanton_2007-09-10_T60_delta0.20_tau60_am100.npz
2007-09-10,60,0.3,0.35667494393873245,60,100.0,5.040351724268321,0.35667494393873245,0.35662964901384875,4.5294924883698684e-05,0.0,0.0,0.5,10.0,5000,per_query,3669109229,0.001079975409628945,6.927494414505015e-05,432.78370121144275,1.0448213379702167,88.66499596499847,0.0656,instanton_2007-09-10_T60_delta0.30_tau60_am100.npz
2007-09-11,20,0.2,0.2231435513142097,20,100.0,5.166853432325833,0.2231435513142097,0.22308838632636174,5.516498784796653e-05,0.0,0.0,0.5,10.0,5000,per_query,3771469671,0.0009138767055441885,6.744196199358552e-05,407.59683536984153,1.0537754851450973,96.58553619065577,0.061,instanton_2007-09-11_T20_delta0.20_tau20_am100.npz
2007-09-11,20,0.3,0.35667494393873245,20,50.0,14.311446529847416,0.35667494393873245,0.3546976265274404,0.0019773174112920344,0.0,0.0,0.5,10.0,5000,per_query,3733533009,3.8318016065825105e-08,9.928859134120077e-09,6.18619540424201,1.6443256348892865,3009.6881054649702,0.0034,instanton_2007-09-11_T20_delta0.30_tau20_am50.npz
2007-09-11,60,0.2,0.2231435513142097,60,100.0,1.969131371819473,0.2231435513142097,0.22290176291984665,0.00024178839436306276,0.0,0.0,0.5,10.0,5000,per_query,1809249911,0.03967892090196816,0.0013130878972353569,1980.714421601776,1.0043283293539458,19.587482319744325,0.2064,instanton_2007-09-11_T60_delta0.20_tau60_am100.npz
2007-09-11,60,0.3,0.35667494393873245,60,100.0,5.233605897109481,0.35667494393873245,0.35653508127425937,0.00013986266447307827,0.0,0.0,0.5,10.0,5000,per_query,2540447878,0.0009468540429669563,6.147548480190307e-05,587.4498939801817,0.9628433409166417,53.2623679296152,0.0662,instanton_2007-09-11_T60_delta0.30_tau60_am100.npz
2007-09-12,20,0.2,0.2231435513142097,20,100.0,5.640303952948708,0.2231435513142106,0.22307239763101006,7.115368319965398e-05,0.0,8.881784197001252e-16,0.5,10.0,5000,per_query,2449886157,0.0005240144196724076,3.664426778324546e-05,378.7662205257278,0.9293840352352382,115.64112348572873,0.0532,instanton_2007-09-12_T20_delta0.20_tau20_am100.npz
2007-09-12,20,0.3,0.35667494393873245,20,100.0,15.492534645616628,0.35667494393873245,0.35663656028324286,3.8383655489582225e-05,0.0,0.0,0.5,10.0,5000,per_query,2477044899,8.506363332173928e-09,3.2732324821160882e-09,11.856197995799999,1.1929321805790425,1607.1719439955652,0.002,instanton_2007-09-12_T20_delta0.30_tau20_am100.npz
2007-09-12,60,0.2,0.2231435513142097,60,100.0,2.1359634171470336,0.2231435513142106,0.2228304103315688,0.0003131409826409026,0.0,8.881784197001252e-16,0.5,10.0,5000,per_query,2848631857,0.034291356478919545,0.0011383380300014985,1907.335734566709,0.9874704337540745,16.46430886359438,0.2004,instanton_2007-09-12_T60_delta0.20_tau60_am100.npz
2007-09-12,60,0.3,0.35667494393873245,60,100.0,5.580157934614465,0.35667494393873245,0.3564873120023222,0.00018763193641024856,0.0,0.0,0.5,10.0,5000,per_query,1665490291,0.0006564306171792152,5.1509373379931016e-05,445.2444480785165,0.9991809762158138,69.28567224903787,0.0554,instanton_2007-09-12_T60_delta0.30_tau60_am100.npz
2007-09-13,20,0.2,0.2231435513142097,20,100.0,6.294429549325098,0.2231435513142097,0.2230045226483277,0.0001390286658820017,0.0,0.0,0.5,10.0,5000,per_query,883762160,0.00022217959408298599,2.0736320612250103e-05,243.44392194422795,1.0642939884195692,191.36696302891713,0.0364,instanton_2007-09-13_T20_delta0.20_tau20_am100.npz
2007-09-13,20,0.3,0.35667494393873245,20,100.0,16.66087351275154,0.35667494393873245,0.3565971723286223,7.777161011013334e-05,0.0,0.0,0.5,10.0,5000,per_query,1662536580,6.345827261848366e-10,6.345827261848365e-10,19.726774475063795,1.0597593483718657,1063.4490814686321,0.0002,instanton_2007-09-13_T20_delta0.30_tau20_am100.npz
2007-09-13,60,0.2,0.2231435513142097,60,100.0,2.3662339549842764,0.2231435513142097,0.2224977205159373,0.0006458307982724065,0.0,0.0,0.5,10.0,5000,per_query,189005454,0.026234626727984614,0.0009888995232074248,1464.479183376184,1.023897422912584,39.9722136870839,0.1784,instanton_2007-09-13_T60_delta0.20_tau60_am100.npz
2007-09-13,60,0.3,0.35667494393873245,60,100.0,5.97458438569385,0.35667494393873245,0.3562870846926609,0.00038785924607154243,0.0,0.0,0.5,10.0,5000,per_query,2703872660,0.00039203211287923954,3.1049380843654275e-05,237.33336875554468,0.9796452249196631,185.5005267837892,0.0456,instanton_2007-09-13_T60_delta0.30_tau60_am100.npz
2007-09-14,20,0.2,0.2231435513142097,20,100.0,6.387791384229486,0.2231435513142106,0.22300466052383516,0.00013889079037454621,0.0,8.881784197001252e-16,0.5,10.0,5000,per_query,3939707035,0.0001932405052520589,1.8566985152107265e-05,341.7613358695548,0.937034353152018,119.76411127385643,0.0344,instanton_2007-09-14_T20_delta0.20_tau20_am100.npz
2007-09-14,20,0.3,0.35667494393873245,20,100.0,16.88368893856331,0.35667494393873245,0.3565969521216221,7.799181711032332e-05,0.0,0.0,0.5,10.0,5000,per_query,3074411082,2.8017493734518173e-09,1.1711668521874901e-09,13.309150245756927,0.8883035589078129,1168.7255108338013,0.0014,instanton_2007-09-14_T20_delta0.30_tau20_am100.npz
2007-09-14,60,0.2,0.2231435513142097,60,100.0,2.3967625101021666,0.2231435513142106,0.22251504694751478,0.0006285043666949264,0.0,8.881784197001252e-16,0.5,10.0,5000,per_query,1430507906,0.024614460188827236,0.0009051265473992377,1667.1627458051378,0.9885564961685251,21.257740920235314,0.179,instanton_2007-09-14_T60_delta0.20_tau60_am100.npz
2007-09-14,60,0.3,0.35667494393873245,60,100.0,6.0478842907121955,0.35667494393873245,0.3562903619310278,0.0003845820077046369,0.0,0.0,0.5,10.0,5000,per_query,2085238258,0.00039963090746659367,2.9374994346356213e-05,124.63136653215241,1.0879047078027098,393.3736016359916,0.0516,instanton_2007-09-14_T60_delta0.30_tau60_am100.npz
2007-09-17,20,0.2,0.2231435513142097,20,100.0,6.594390377491447,0.2231435513142106,0.223058128559793,8.542275441669744e-05,0.0,8.881784197001252e-16,0.5,10.0,5000,per_query,1036817979,0.0001652934236869801,1.3660181442968978e-05,323.6795634845871,0.9865483479045459,148.48071066168984,0.0374,instanton_2007-09-17_T20_delta0.20_tau20_am100.npz
2007-09-17,20,0.3,0.35667494393873245,20,100.0,17.694280535094382,0.35667494393873245,0.3566262676926346,4.867624609783405e-05,0.0,0.0,0.5,10.0,5000,per_query,1205547394,9.799707707683232e-10,6.940685451056563e-10,9.106574951086278,1.5677349365901159,2370.6818554661286,0.0004,instanton_2007-09-17_T20_delta0.30_tau20_am100.npz
2007-09-17,60,0.2,0.2231435513142097,60,100.0,2.4693350428516996,0.2231435513142106,0.2227606772623032,0.00038287405190651214,0.0,8.881784197001252e-16,0.5,10.0,5000,per_query,1888347260,0.0227900733305075,0.0009291995648687495,1669.236021587217,0.9856075155258004,19.478457902575382,0.1694,instanton_2007-09-17_T60_delta0.20_tau60_am100.npz
2007-09-17,60,0.3,0.35667494393873245,60,100.0,6.313057171126934,0.35667494393873245,0.3564361742838855,0.00023876965484692647,0.0,0.0,0.5,10.0,5000,per_query,2267969731,0.000206299454436793,1.926279000956041e-05,109.43539309097437,1.0836314864449719,343.7548284390775,0.0332,instanton_2007-09-17_T60_delta0.30_tau60_am100.npz
2007-09-18,20,0.2,0.2231435513142097,20,100.0,6.861510112020848,0.2231435513142097,0.22183810124650893,0.0013054500677007752,0.0,0.0,0.5,10.0,5000,per_query,1994556342,0.000114536986898641,1.04284355469187e-05,283.83394411152057,0.9504963111336295,118.16514839246256,0.0328,instanton_2007-09-18_T20_delta0.20_tau20_am100.npz
2007-09-18,20,0.3,0.35667494393873245,20,100.0,16.798358480831013,0.35667494393873245,0.35593052634210487,0.0007444175966275779,0.0,0.0,0.5,10.0,5000,per_query,509196713,3.4734770449647553e-09,1.3844074237399105e-09,1.834913977363991,2.3395122832581228,8627.908890039698,0.0018,instanton_2007-09-18_T20_delta0.30_tau20_am100.npz
2007-09-18,60,0.2,0.2231435513142097,60,200.0,2.599168670711511,0.2231435513142097,0.22293255644490184,0.00021099486930786782,0.0,0.0,0.5,10.0,5000,per_query,96856402,0.023015264813392913,0.0008711347606193061,1382.0607899880401,1.0069877496684934,36.65897271032082,0.1768,instanton_2007-09-18_T60_delta0.20_tau60_am200.npz
2007-09-18,60,0.3,0.35667494393873245,60,200.0,6.0715639008055895,0.35667494393873245,0.356550342252552,0.00012460168618044776,0.0,0.0,0.5,10.0,5000,per_query,2167354825,0.00041634805709703324,3.575368589493958e-05,390.7766446766528,1.0364303032982283,108.55847212914102,0.0458,instanton_2007-09-18_T60_delta0.30_tau60_am200.npz
2007-09-19,20,0.2,0.2231435513142097,20,200.0,7.241166303958041,0.2231435513142097,0.22304012769235726,0.0001034236218524498,0.0,0.0,0.5,10.0,5000,per_query,3234979619,9.278511712990236e-05,8.356696103099615e-06,131.31221459178673,1.1013765624773948,359.99017894807014,0.0324,instanton_2007-09-19_T20_delta0.20_tau20_am200.npz
2007-09-19,20,0.3,0.35667494393873245,20,100.0,17.139708035297623,0.35667494393873245,0.3552987324033072,0.0013762115354252202,0.0,0.0,0.5,10.0,5000,per_query,80442203,4.244134075147053e-09,2.218063954324897e-09,36.75729546230921,0.7644523794523655,524.9587992379322,0.0014,instanton_2007-09-19_T20_delta0.30_tau20_am100.npz
2007-09-19,60,0.2,0.2231435513142097,60,200.0,2.7001663978914507,0.2231435513142097,0.22252509171319712,0.0006184596010125887,0.0,0.0,0.5,10.0,5000,per_query,3101041821,0.02297013532476088,0.0008796992923873374,1403.7297465632612,0.9834198212805866,45.71107344398083,0.1828,instanton_2007-09-19_T60_delta0.20_tau60_am200.npz
2007-09-19,60,0.3,0.35667494393873245,60,200.0,6.200040925875112,0.35667494393873245,0.35627023382772727,0.00040471011100517984,0.0,0.0,0.5,10.0,5000,per_query,2893206366,0.0003590183754571637,3.279807194919159e-05,115.36517093617188,1.0497072177695046,397.44028318634645,0.0466,instanton_2007-09-19_T60_delta0.30_tau60_am200.npz
2007-09-20,20,0.2,0.2231435513142097,20,100.0,6.8969496901559735,0.2231435513142106,0.22197877021219536,0.001164781102014345,0.0,8.881784197001252e-16,0.5,10.0,5000,per_query,2119005441,0.00011595613109491872,1.0514421138555159e-05,199.6931535240355,0.9868890888386369,220.87633860824147,0.0326,instanton_2007-09-20_T20_delta0.20_tau20_am100.npz
2007-09-20,20,0.3,0.35667494393873245,20,100.0,16.922498296497466,0.35667494393873245,0.356009453076898,0.000665490861834428,0.0,0.0,0.5,10.0,5000,per_query,74799838,2.325100855396892e-09,1.1669177573167006e-09,12.93105098489075,0.9932933945611172,1323.8103123378871,0.001,instanton_2007-09-20_T20_delta0.30_tau20_am100.npz
2007-09-20,60,0.2,0.2231435513142097,60,200.0,2.6099035861388065,0.2231435513142097,0.22297489392788528,0.0001686573863244334,0.0,0.0,0.5,10.0,5000,per_query,2197007707,0.02399018859016944,0.0009808485478813077,1537.7199476506437,1.0029802599328455,23.68559521652815,0.1814,instanton_2007-09-20_T60_delta0.20_tau60_am200.npz
2007-09-20,60,0.3,0.35667494393873245,60,200.0,6.110808387531909,0.35667494393873245,0.3565723156064262,0.00010262833230623158,0.0,0.0,0.5,10.0,5000,per_query,1234760709,0.00043578590980718294,3.45627302882495e-05,299.24308122063746,0.9952612941618146,149.53238340763372,0.052,instanton_2007-09-20_T60_delta0.30_tau60_am200.npz
2007-09-21,20,0.2,0.2231435513142097,20,100.0,7.032805851119141,0.2231435513142097,0.22161518755611986,0.0015283637580898457,0.0,0.0,0.5,10.0,5000,per_query,544003738,0.00011368114203901216,1.0292508125454672e-05,432.81333327965245,0.9353130358481245,51.63372388188366,0.0346,instanton_2007-09-21_T20_delta0.20_tau20_am100.npz
2007-09-21,20,0.3,0.35667494393873245,20,100.0,17.113560981962564,0.35667494393873245,0.3557955873958685,0.0008793565428639738,0.0,0.0,0.5,10.0,5000,per_query,3543547194,1.507850520778779e-09,7.474726407229035e-10,28.839439056547004,0.9434338105098014,629.1949386882449,0.001,instanton_2007-09-21_T20_delta0.30_tau20_am100.npz
2007-09-21,60,0.2,0.2231435513142097,60,200.0,2.6617227183452408,0.2231435513142097,0.22287266639379322,0.00027088492041649204,0.0,0.0,0.5,10.0,5000,per_query,2104639659,0.021976600910167586,0.0008142328415059644,1290.4577851679269,1.0217240397505938,46.00192100490471,0.18,instanton_2007-09-21_T60_delta0.20_tau60_am200.npz
2007-09-21,60,0.3,0.35667494393873245,60,200.0,6.182737357263381,0.35667494393873245,0.3564948416220215,0.00018010231671095056,0.0,0.0,0.5,10.0,5000,per_query,983878896,0.0003820499757050893,2.9875109693224537e-05,350.91737120898256,1.0564340188447725,78.04539655078831,0.0504,instanton_2007-09-21_T60_delta0.30_tau60_am200.npz
2007-09-24,20,0.2,0.2231435513142097,20,100.0,7.194833979748357,0.2231435513142097,0.2218602315020366,0.0012833198121731115,0.0,0.0,0.5,10.0,5000,per_query,109354400,9.257209260197517e-05,9.973140883326839e-06,255.5664499061362,0.9849328689958651,135.14120803208593,0.0304,instanton_2007-09-24_T20_delta0.20_tau20_am100.npz
2007-09-24,20,0.3,0.35667494393873245,20,100.0,17.536711813101274,0.35667494393873245,0.35593014333764383,0.0007448006010886132,0.0,0.0,0.5,10.0,5000,per_query,1063335681,1.953445542759173e-09,1.002443555555409e-09,42.11534100538342,0.9045501076923514,364.8607327836363,0.001,instanton_2007-09-24_T20_delta0.30_tau20_am100.npz
2007-09-24,60,0.2,0.2231435513142097,60,200.0,2.715345957743459,0.2231435513142097,0.2229484074937904,0.0001951438204192968,0.0,0.0,0.5,10.0,5000,per_query,1038588456,0.02053780079131899,0.0008341707040460426,1379.2060341613553,0.9740772391038088,32.1137041951832,0.1716,instanton_2007-09-24_T60_delta0.20_tau60_am200.npz
2007-09-24,60,0.3,0.35667494393873245,60,200.0,6.318936471072102,0.35667494393873245,0.35655148372120227,0.00012346021753018022,0.0,0.0,0.5,10.0,5000,per_query,140950815,0.0002790099821934741,2.4761395133608788e-05,352.5247655779746,0.9924980252903169,125.13324919538569,0.0398,instanton_2007-09-24_T60_delta0.30_tau60_am200.npz
2007-09-25,20,0.2,0.2231435513142097,20,100.0,7.23555012368467,0.2231435513142106,0.22208263011800877,0.0010609211962009368,0.0,8.881784197001252e-16,0.5,10.0,5000,per_query,2896925189,9.430283248070295e-05,8.543339590549743e-06,84.69949717611017,1.1068026523548506,452.28225814981283,0.0334,instanton_2007-09-25_T20_delta0.20_tau20_am100.npz
2007-09-25,20,0.3,0.35667494393873245,20,100.0,17.707759458030036,0.35667494393873245,0.35605754280663415,0.0006174011320982942,0.0,0.0,0.5,10.0,5000,per_query,2547777603,9.058589644148522e-10,5.573243212233051e-10,23.537633730916106,1.51660875406181,824.949744336497,0.0008,instanton_2007-09-25_T20_delta0.30_tau20_am100.npz
2007-09-25,60,0.2,0.2231435513142097,60,200.0,2.7266031170159315,0.2231435513142097,0.2230033688323907,0.00014018248181901782,0.0,0.0,0.5,10.0,5000,per_query,1269341070,0.019681353456179447,0.0008151684602463849,1413.5111103715315,0.996607442533533,25.611771120095625,0.165,instanton_2007-09-25_T60_delta0.20_tau60_am200.npz
2007-09-25,60,0.3,0.35667494393873245,60,200.0,6.372037813424975,0.35667494393873245,0.35658974262906096,8.520130967148987e-05,0.0,0.0,0.5,10.0,5000,per_query,297569319,0.00026704896117779836,2.167776410230565e-05,549.9032327276366,0.929716858140675,51.074394987566684,0.043,instanton_2007-09-25_T60_delta0.30_tau60_am200.npz
2007-09-26,20,0.2,0.2231435513142097,20,100.0,8.540077012637628,0.2231435513142097,0.2212585344101905,0.00188501690401921,0.0,0.0,0.5,10.0,5000,per_query,3152242192,1.874978230290418e-05,2.1638447771163193e-06,27.79650464939985,1.1294665325698003,918.8311887229656,0.02,instanton_2007-09-26_T20_delta0.20_tau20_am100.npz
2007-09-26,20,0.3,0.35667494393873245,20,100.0,20.263752749086553,0.35667494393873245,0.35550722291420467,0.0011677210245277792,0.0,0.0,0.5,10.0,5000,per_query,945170461,0.0,0.0,23.487009048129117,0.813267352904641,646.0423025402049,0.0,instanton_2007-09-26_T20_delta0.30_tau20_am100.npz
2007-09-26,60,0.2,0.2231435513142097,60,200.0,3.193158495920242,0.2231435513142097,0.22274163091567534,0.0004019203985343722,0.0,0.0,0.5,10.0,5000,per_query,1195336543,0.011647107196812001,0.0005342842732212037,1118.762385575202,0.9981107042689288,51.908212109769984,0.1376,instanton_2007-09-26_T60_delta0.20_tau60_am200.npz
2007-09-26,60,0.3,0.35667494393873245,60,200.0,7.236677751137552,0.35667494393873245,0.35641325865201967,0.00026168528671277613,0.0,0.0,0.5,10.0,5000,per_query,2418088058,9.808634507517753e-05,1.0883145621841738e-05,116.457813472099,1.0247882779906285,396.15157199123286,0.0286,instanton_2007-09-26_T60_delta0.30_tau60_am200.npz
2007-09-27,20,0.2,0.2231435513142097,20,200.0,10.030915517428792,0.2231435513142097,0.22292072878323133,0.00022282253097838378,0.0,0.0,0.5,10.0,5000,per_query,1712866277,5.596090675561044e-06,1.0170796062650225e-06,200.2638915765686,0.8910315884059019,169.01666234165094,0.0132,instanton_2007-09-27_T20_delta0.20_tau20_am200.npz
2007-09-27,20,0.3,0.35667494393873245,20,200.0,22.82664655537502,0.35667494393873245,0.35655451484690737,0.00012042909182508055,0.0,0.0,0.5,10.0,5000,per_query,4123232300,0.0,0.0,14.966639244744972,1.1786191282453053,1406.2835447950167,0.0,instanton_2007-09-27_T20_delta0.30_tau20_am200.npz
2007-09-27,60,0.2,0.2231435513142097,60,200.0,3.640820553450706,0.2231435513142097,0.22160057907371655,0.0015429722404931567,0.0,0.0,0.5,10.0,5000,per_query,2631676142,0.0071308427949775596,0.00033799214735213566,848.0942384526294,0.9875008050467626,50.11952652472781,0.1238,instanton_2007-09-27_T60_delta0.20_tau60_am200.npz
2007-09-27,60,0.3,0.35667494393873245,60,200.0,8.030513695351368,0.35667494393873245,0.35577356136312854,0.000901382575603904,0.0,0.0,0.5,10.0,5000,per_query,3449626291,4.986115631296958e-05,5.630244524187085e-06,358.3730789059939,0.8658437558916603,75.22996089153098,0.0262,instanton_2007-09-27_T60_delta0.30_tau60_am200.npz
2007-09-28,20,0.2,0.2231435513142097,20,200.0,9.754096111268556,0.2231435513142097,0.22302999199323903,0.00011355932097067978,0.0,0.0,0.5,10.0,5000,per_query,2765056011,5.871874883295536e-06,8.149654678165925e-07,32.18167884248063,1.1083280207966808,899.2512503976717,0.013,instanton_2007-09-28_T20_delta0.20_tau20_am200.npz
2007-09-28,20,0.3,0.35667494393873245,20,100.0,22.301059894247587,0.35667494393873245,0.35502322286018106,0.0016517210785513825,0.0,0.0,0.5,10.0,5000,per_query,432849816,0.0,0.0,26.819643696266787,0.9966914064758841,774.113831139711,0.0,instanton_2007-09-28_T20_delta0.30_tau20_am100.npz
2007-09-28,60,0.2,0.2231435513142097,60,200.0,3.5571095240933412,0.2231435513142097,0.2224569604357205,0.0006865908784892127,0.0,0.0,0.5,10.0,5000,per_query,2328920678,0.007736822343924422,0.0003575001922791572,967.7439087133713,0.9643524950184547,39.96494423148814,0.1254,instanton_2007-09-28_T60_delta0.20_tau60_am200.npz
2007-09-28,60,0.3,0.35667494393873245,60,200.0,7.915348124740399,0.35667494393873245,0.35620326520678436,0.0004716787319480886,0.0,0.0,0.5,10.0,5000,per_query,2154469005,5.920665114347348e-05,9.900173455423561e-06,159.1944440959508,1.0794600865950805,194.5995751710032,0.027,instanton_2007-09-28_T60_delta0.30_tau60_am200.npz
2007-10-01,20,0.2,0.2231435513142097,20,200.0,10.513372015875781,0.2231435513142097,0.22185553679157533,0.0012880145226343842,0.0,0.0,0.5,10.0,5000,per_query,1397856731,3.4464300644226177e-06,4.7288025908621045e-07,99.25067954034037,0.9352309482743427,325.61934317096615,0.0138,instanton_2007-10-01_T20_delta0.20_tau20_am200.npz
2007-10-01,20,0.3,0.35667494393873245,20,200.0,23.41869032354554,0.35667494393873245,0.3559984840499766,0.0006764598887558648,0.0,0.0,0.5,10.0,5000,per_query,1754383970,0.0,0.0,27.566905572259373,1.0720603652663159,698.0227613456595,0.0,instanton_2007-10-01_T20_delta0.30_tau20_am200.npz
2007-10-01,60,0.2,0.2231435513142097,24,200.0,8.801772095586383,0.2231435513142097,0.22122822591943692,0.0019153253947727933,0.0,0.0,0.5,10.0,5000,per_query,2690145794,0.010823732670984736,0.003040278146877359,171.19212085552567,0.9297659491506529,184.2337015911826,0.1438,instanton_2007-10-01_T60_delta0.20_tau24_am200.npz
2007-10-01,60,0.3,0.35667494393873245,31,200.0,15.23886006759243,0.35667494393873245,0.35471128267873553,0.0019636612599969183,0.0,0.0,0.5,10.0,5000,per_query,2042543161,4.165193295730582e-05,1.1874310936038534e-05,82.29437928271689,0.7756265920111767,198.52574460964954,0.0332,instanton_2007-10-01_T60_delta0.30_tau31_am200.npz
2007-10-02,20,0.2,0.2231435513142097,20,200.0,10.72784264045594,0.2231435513142097,0.22220590075542646,0.000937650558783254,0.0,0.0,0.5,10.0,5000,per_query,1338278914,2.071530823716638e-06,3.4550809456420637e-07,109.76791952452291,1.062570385945961,274.9649739917919,0.011,instanton_2007-10-02_T20_delta0.20_tau20_am200.npz
2007-10-02,20,0.3,0.35667494393873245,20,200.0,23.886262775196876,0.35667494393873245,0.35616885611435656,0.0005060878243758893,0.0,0.0,0.5,10.0,5000,per_query,4104306526,2.1399928628000244e-11,2.1399928628000244e-11,42.24410964444741,0.8744017094084977,404.47547217741374,0.0002,instanton_2007-10-02_T20_delta0.30_tau20_am200.npz
2007-10-02,60,0.2,0.2231435513142097,29,200.0,7.489907415592122,0.2231435513142097,0.2211795003314183,0.0019640509827913988,0.0,0.0,0.5,10.0,5000,per_query,3004008603,0.005511933006687937,0.0005272074261302072,216.9087197634141,0.9945482602157408,187.72778941952902,0.1434,instanton_2007-10-02_T60_delta0.20_tau29_am200.npz
2007-10-02,60,0.3,0.35667494393873245,37,200.0,13.110162814248913,0.35667494393873245,0.35468405226857946,0.0019908916701529833,0.0,0.0,0.5,10.0,5000,per_query,2169867662,2.3032273977541692e-05,3.827119109034711e-06,50.745262251010544,1.058825513679567,453.99144723803505,0.0298,instanton_2007-10-02_T60_delta0.30_tau37_am200.npz
2007-10-03,20,0.2,0.2231435513142097,20,200.0,10.806822729510086,0.2231435513142097,0.2225473635929207,0.0005961877212889988,0.0,0.0,0.5,10.0,5000,per_query,2478040208,2.099449681281679e-06,3.850760555840559e-07,167.45299742669854,0.8916727608215262,177.40357651151612,0.0094,instanton_2007-10-03_T20_delta0.20_tau20_am200.npz
2007-10-03,20,0.3,0.35667494393873245,20,200.0,24.127783724245095,0.35667494393873245,0.35634606360342147,0.00032888033531097705,0.0,0.0,0.5,10.0,5000,per_query,86428341,0.0,0.0,40.636576201214865,0.7109262464813942,468.01130635617596,0.0,instanton_2007-10-03_T20_delta0.30_tau20_am200.npz
2007-10-03,60,0.2,0.2231435513142097,38,200.0,5.85621380580175,0.2231435513142097,0.22119213730587628,0.0019514140083334297,0.0,0.0,0.5,10.0,5000,per_query,2245567174,0.006093841136491225,0.000478927250751827,522.3293134111473,0.9674553764326458,78.03083691941397,0.147,instanton_2007-10-03_T60_delta0.20_tau38_am200.npz
2007-10-03,60,0.3,0.35667494393873245,52,200.0,9.612972468686772,0.35667494393873245,0.35470093574252104,0.0019740081962114076,0.0,0.0,0.5,10.0,5000,per_query,1086328435,3.0179036740632425e-05,3.2338317205411606e-06,174.91236198913532,0.9757851757767984,137.86740334251402,0.029,instanton_2007-10-03_T60_delta0.30_tau52_am200.npz
2007-10-04,20,0.2,0.2231435513142097,20,200.0,10.933671384551548,0.2231435513142097,0.2222904898293976,0.0008530614848121232,0.0,0.0,0.5,10.0,5000,per_query,3348148273,1.7211822468763165e-06,2.9520486296077105e-07,100.4411737947316,1.028429468619784,214.14577577898186,0.0094,instanton_2007-10-04_T20_delta0.20_tau20_am200.npz
2007-10-04,20,0.3,0.35667494393873245,20,200.0,24.304934940461965,0.35667494393873245,0.3562057888783743,0.0004691550603581618,0.0,0.0,0.5,10.0,5000,per_query,1087178753,0.0,0.0,22.695465389503536,0.9375676260462537,871.770355885752,0.0,instanton_2007-10-04_T20_delta0.30_tau20_am200.npz
2007-10-04,60,0.2,0.2231435513142097,30,200.0,7.390694809019705,0.2231435513142097,0.22123965617917207,0.0019038951350376365,0.0,0.0,0.5,10.0,5000,per_query,2451408251,0.004704832878084912,0.00041910050358201294,125.67005676197687,0.9841180244126414,335.1821038899141,0.1334,instanton_2007-10-04_T60_delta0.20_tau30_am200.npz
2007-10-04,60,0.3,0.35667494393873245,38,200.0,12.999439392658159,0.35667494393873245,0.354757750257197,0.001917193681535423,0.0,0.0,0.5,10.0,5000,per_query,380781359,1.8860136223307403e-05,3.257348488879459e-06,31.86572135208074,0.9400941082415076,718.0275806725499,0.0308,instanton_2007-10-04_T60_delta0.30_tau38_am200.npz
2007-10-05,20,0.2,0.2231435513142097,20,200.0,11.267269490780588,0.2231435513142097,0.22170152942195465,0.0014420218922550632,0.0,0.0,0.5,10.0,5000,per_query,1156980349,1.3335494820878767e-06,2.2124863032268483e-07,129.93536889079317,0.9636860205185603,205.23176275469416,0.0096,instanton_2007-10-05_T20_delta0.20_tau20_am200.npz
2007-10-05,20,0.3,0.35667494393873245,20,200.0,24.871687453263682,0.35667494393873245,0.3558827329534022,0.0007922109853302217,0.0,0.0,0.5,10.0,5000,per_query,1120547185,0.0,0.0,20.085964892416495,1.1004237562248658,997.2744037452832,0.0,instanton_2007-10-05_T20_delta0.30_tau20_am200.npz
2007-10-05,60,0.2,0.2231435513142097,23,200.0,9.824890002780373,0.2231435513142097,0.22119273634161196,0.0019508149725977475,0.0,0.0,0.5,10.0,5000,per_query,1320236006,0.0036315078986419494,0.0006258479283559239,57.37061191894887,1.148973781349809,542.1456346660777,0.1334,instanton_2007-10-05_T60_delta0.20_tau23_am200.npz
2007-10-05,60,0.3,0.35667494393873245,29,200.0,17.241566081772913,0.35667494393873245,0.3546994117022404,0.0019755322364920502,0.0,0.0,0.5,10.0,5000,per_query,998572186,1.826119257147687e-05,4.705179788709495e-06,43.52090210459059,0.7507316080769076,264.6189826756519,0.025,instanton_2007-10-05_T60_delta0.30_tau29_am200.npz
2007-10-08,20,0.2,0.2231435513142097,20,200.0,10.783829682801365,0.2231435513142097,0.22273219469968364,0.00041135661452607053,0.0,0.0,0.5,10.0,5000,per_query,3002310605,2.5924937067380173e-06,3.9611092407247254e-07,29.895480364736343,1.1871420474191756,995.3230577008386,0.0132,instanton_2007-10-08_T20_delta0.20_tau20_am200.npz
2007-10-08,20,0.3,0.35667494393873245,20,200.0,24.167139670472515,0.35667494393873245,0.35644478503414945,0.00023015890458299992,0.0,0.0,0.5,10.0,5000,per_query,1795016728,2.0750290751437877e-11,2.0750290751437877e-11,115.86957816883803,0.5736196041715945,132.1901212105852,0.0002,instanton_2007-10-08_T20_delta0.30_tau20_am200.npz
2007-10-08,60,0.2,0.2231435513142097,51,200.0,4.472819312068402,0.2231435513142097,0.2212335073324816,0.0019100439817281156,0.0,0.0,0.5,10.0,5000,per_query,3528481529,0.005675267680159923,0.00034285494611069377,734.4947291938729,1.0199900203139038,58.886583143968465,0.1232,instanton_2007-10-08_T60_delta0.20_tau51_am200.npz
2007-10-08,60,0.3,0.35667494393873245,60,200.0,8.450729327238225,0.35667494393873245,0.35483091979152004,0.0018440241472124086,0.0,0.0,0.5,10.0,5000,per_query,3493542270,3.191145269042234e-05,3.5620004594447724e-06,158.49357878153702,1.0097820163544111,209.55556206073288,0.0238,instanton_2007-10-08_T60_delta0.30_tau60_am200.npz
2007-10-09,20,0.2,0.2231435513142097,20,200.0,11.340999990750625,0.2231435513142097,0.2217020523916986,0.0014414989225111086,0.0,0.0,0.5,10.0,5000,per_query,3802950599,1.4489194635198953e-06,2.4546540624502466e-07,115.75559416682937,0.8797109316224414,225.83417498157178,0.0098,instanton_2007-10-09_T20_delta0.20_tau20_am200.npz
2007-10-09,20,0.3,0.35667494393873245,20,200.0,25.013609544795223,0.35667494393873245,0.3558740543355272,0.0008008896032052348,0.0,0.0,0.5,10.0,5000,per_query,49986309,0.0,0.0,19.12294163629165,1.2037843864575866,1223.9463803013816,0.0,instanton_2007-10-09_T20_delta0.30_tau20_am200.npz
2007-10-09,60,0.2,0.2231435513142097,23,200.0,9.888689878230352,0.2231435513142097,0.22118550849747898,0.0019580428167307318,0.0,0.0,0.5,10.0,5000,per_query,774020534,0.005017663298326608,0.0009301404515342007,299.24769771298304,0.7972369156456256,67.67161397544288,0.1328,instanton_2007-10-09_T60_delta0.20_tau23_am200.npz
2007-10-09,60,0.3,0.35667494393873245,29,200.0,17.337567820760878,0.35667494393873245,0.3547031031396557,0.0019718407990767517,0.0,0.0,0.5,10.0,5000,per_query,1944066956,4.726259686438332e-05,2.1918325344112866e-05,4.747572630242544,1.4183281659987896,3203.1850824142107,0.0268,instanton_2007-10-09_T60_delta0.30_tau29_am200.npz
2007-10-10,20,0.2,0.2231435513142097,20,200.0,11.2366011441759,0.2231435513142097,0.2221888459263628,0.0009547053878469214,0.0,0.0,0.5,10.0,5000,per_query,3075549602,1.450264283482637e-06,2.662005963121871e-07,32.057522028390466,1.0357206157282952,724.3863672244885,0.0096,instanton_2007-10-10_T20_delta0.20_tau20_am200.npz
2007-10-10,20,0.3,0.35667494393873245,20,200.0,24.874716045340623,0.35667494393873245,0.35614165765513395,0.0005332862835984997,0.0,0.0,0.5,10.0,5000,per_query,3854059065,1.5811285133795346e-11,1.5811285133795346e-11,39.827413823143736,0.8024129751547705,395.49574639471206,0.0002,instanton_2007-10-10_T20_delta0.30_tau20_am200.npz
2007-10-10,60,0.2,0.2231435513142097,28,200.0,8.106903962733666,0.2231435513142097,0.22125958791653044,0.001883963397679267,0.0,0.0,0.5,10.0,5000,per_query,391398616,0.003900743797300649,0.0003922813987924928,117.18304283390349,0.9977635402455896,309.98009138184045,0.1336,instanton_2007-10-10_T60_delta0.20_tau28_am200.npz
2007-10-10,60,0.3,0.35667494393873245,36,200.0,13.995988024733752,0.35667494393873245,0.3547070645624686,0.001967879376263859,0.0,0.0,0.5,10.0,5000,per_query,4146528351,4.5060653609779864e-05,1.693118312325679e-05,17.572953812402517,1.3904117810937882,1236.9937892715898,0.026,instanton_2007-10-10_T60_delta0.30_tau36_am200.npz
2007-10-11,20,0.2,0.2231435513142097,20,200.0,10.943068029776201,0.2231435513142097,0.2228153939193609,0.0003281573948488159,0.0,0.0,0.5,10.0,5000,per_query,2136428169,1.5321955085138847e-06,2.60808238421865e-07,42.91679808323715,1.1336990689827326,524.500603391832,0.009,instanton_2007-10-11_T20_delta0.20_tau20_am200.npz
2007-10-11,20,0.3,0.35667494393873245,20,200.0,24.537937569184866,0.35667494393873245,0.35648875609955155,0.00018618783918089576,0.0,0.0,0.5,10.0,5000,per_query,3645375946,0.0,0.0,81.44158539978311,0.7202107786835971,166.7163924006659,0.0,instanton_2007-10-11_T20_delta0.30_tau20_am200.npz
2007-10-11,60,0.2,0.2231435513142097,58,200.0,4.054758073498278,0.2231435513142097,0.2212697585942589,0.0018737927199508064,0.0,0.0,0.5,10.0,5000,per_query,330524365,0.0053319736035241025,0.0002511918926000063,930.1362876036235,0.9965289391546492,40.89691225294455,0.1184,instanton_2007-10-11_T60_delta0.20_tau58_am200.npz
2007-10-11,60,0.3,0.35667494393873245,60,200.0,8.576611768588773,0.35667494393873245,0.35517010762509926,0.0015048363136331844,0.0,0.0,0.5,10.0,5000,per_query,2613030621,2.45208783483237e-05,2.9586017353355644e-06,199.4530731085764,1.04646989528236,189.45786367408883,0.0212,instanton_2007-10-11_T60_delta0.30_tau60_am200.npz
2007-10-12,20,0.2,0.2231435513142097,20,200.0,11.272527472786562,0.2231435513142097,0.22200943785930072,0.0011341134549089915,0.0,0.0,0.5,10.0,5000,per_query,3911697794,1.7517930601710366e-06,2.8119484462529776e-07,4.402041627237492,2.074187867588647,4900.8553467095235,0.0116,instanton_2007-10-12_T20_delta0.20_tau20_am200.npz
2007-10-12,20,0.3,0.35667494393873245,20,200.0,24.916041925337925,0.35667494393873245,0.35604603839810256,0.0006289055406298871,0.0,0.0,0.5,10.0,5000,per_query,3912467845,0.0,0.0,32.67124160314907,0.8671333620881327,627.3247966546368,0.0,instanton_2007-10-12_T20_delta0.30_tau20_am200.npz
2007-10-12,60,0.2,0.2231435513142097,26,200.0,8.729855851819917,0.2231435513142097,0.22119855640087316,0.0019449949133365507,0.0,0.0,0.5,10.0,5000,per_query,3642714848,0.007608233815749602,0.0025087389431179183,174.6063363308782,0.9181793044828852,189.55333730342906,0.1286,instanton_2007-10-12_T60_delta0.20_tau26_am200.npz
2007-10-12,60,0.3,0.35667494393873245,33,200.0,15.239864513896777,0.35667494393873245,0.3546909130022877,0.001984030936444725,0.0,0.0,0.5,10.0,5000,per_query,3099064303,1.0459856783494186e-05,2.2218488568481487e-06,89.26704556577134,0.6848800979303163,212.6272870874722,0.0234,instanton_2007-10-12_T60_delta0.30_tau33_am200.npz
2007-10-15,20,0.2,0.2231435513142097,20,200.0,10.45783203551181,0.2231435513142097,0.2229678822408223,0.00017566907338739668,0.0,0.0,0.5,10.0,5000,per_query,1812587188,2.8498869321556165e-06,4.510744118499108e-07,85.20521571704275,0.8693090206588908,259.95355448547576,0.0116,instanton_2007-10-15_T20_delta0.20_tau20_am200.npz
2007-10-15,20,0.3,0.35667494393873245,20,200.0,23.74695044561073,0.35667494393873245,0.35657681691862386,9.812702010858487e-05,0.0,0.0,0.5,10.0,5000,per_query,2937017498,0.0,0.0,49.82508328836393,0.9587956631016435,414.6811588167559,0.0,instanton_2007-10-15_T20_delta0.30_tau20_am200.npz
2007-10-15,60,0.2,0.2231435513142097,60,200.0,3.788043750770598,0.2231435513142097,0.22203127397605193,0.0011122773381577744,0.0,0.0,0.5,10.0,5000,per_query,2647105695,0.0064977909067967955,0.0003442427741089009,775.6645103006064,0.9837132243946513,58.95473630089983,0.1166,instanton_2007-10-15_T60_delta0.20_tau60_am200.npz
2007-10-15,60,0.3,0.35667494393873245,60,200.0,8.331716089101576,0.35667494393873245,0.35593025138017964,0.0007446925585528064,0.0,0.0,0.5,10.0,5000,per_query,1642318831,3.1670062974584864e-05,4.164537338964265e-06,214.61726211763138,0.987732526102522,136.77609893967536,0.0218,instanton_2007-10-15_T60_delta0.30_tau60_am200.npz
2007-10-16,20,0.2,0.2231435513142097,20,100.0,12.471720437445246,0.2231435513142106,0.22159306152316116,0.0015504897910485482,0.0,8.881784197001252e-16,0.5,10.0,5000,per_query,1301968521,2.2493968206445813e-07,5.010143677980174e-08,47.7841529595786,0.9735718704004638,465.55875967111814,0.0048,instanton_2007-10-16_T20_delta0.20_tau20_am100.npz
2007-10-16,20,0.3,0.35667494393873245,20,100.0,28.38621954840022,0.35667494393873245,0.3555683643084784,0.0011065796302540676,0.0,0.0,0.5,10.0,5000,per_query,208065127,0.0,0.0,77.86191753973291,0.5985914850191841,188.23269741032595,0.0,instanton_2007-10-16_T20_delta0.30_tau20_am100.npz
2007-10-16,60,0.2,0.2231435513142097,60,200.0,4.5255729545315155,0.2231435513142097,0.222867360512498,0.0002761908017117065,0.0,0.0,0.5,10.0,5000,per_query,3388566308,0.002699934717902001,0.00016162487597605357,783.3649100190393,0.965913568662746,37.446244632956954,0.0906,instanton_2007-10-16_T60_delta0.20_tau60_am200.npz
2007-10-16,60,0.3,0.35667494393873245,60,200.0,9.865855421864868,0.35667494393873245,0.3564942266851032,0.00018071725362922564,0.0,0.0,0.5,10.0,5000,per_query,3369949825,4.694280337170847e-06,6.844286966695686e-07,53.52073594768039,1.0080437712854335,452.1988721998024,0.0124,instanton_2007-10-16_T60_delta0.30_tau60_am200.npz
2007-10-17,20,0.2,0.2231435513142097,20,200.0,13.05195353698949,0.2231435513142097,0.22306662427952784,7.69270346818729e-05,0.0,0.0,0.5,10.0,5000,per_query,283588628,1.8799821108960802e-07,4.604464968189346e-08,48.29618980827504,0.768777078475195,315.56514858485707,0.0054,instanton_2007-10-17_T20_delta0.20_tau20_am200.npz
2007-10-17,20,0.3,0.35667494393873245,20,100.0,28.95158298448461,0.35667494393873245,0.3551393830403091,0.001535560898423327,0.0,0.0,0.5,10.0,5000,per_query,4257036502,0.0,0.0,13.848917373344362,1.157201402099944,1124.795994821736,0.0,instanton_2007-10-17_T20_delta0.30_tau20_am100.npz
2007-10-17,60,0.2,0.2231435513142097,60,200.0,4.655523213464376,0.2231435513142097,0.2227034163262669,0.0004401349879428196,0.0,0.0,0.5,10.0,5000,per_query,3649342082,0.0023823430603942776,0.00018908462837196206,611.3884224807754,0.9849262030153754,49.7074011474429,0.0846,instanton_2007-10-17_T60_delta0.20_tau60_am200.npz
2007-10-17,60,0.3,0.35667494393873245,60,200.0,10.064172982883468,0.35667494393873245,0.35634769094827856,0.00032725299045388567,0.0,0.0,0.5,10.0,5000,per_query,2511366327,4.3016750183028105e-06,6.940591605177226e-07,208.00205241751286,0.899776364064878,92.23234330044588,0.0126,instanton_2007-10-17_T60_delta0.30_tau60_am200.npz
2007-10-18,20,0.2,0.2231435513142097,20,100.0,12.689627628981956,0.2231435513142106,0.22166912831848773,0.00147442299572198,0.0,8.881784197001252e-16,0.5,10.0,5000,per_query,2414036992,1.9029268318709747e-07,4.6807744418808574e-08,146.8038385018008,0.6995207211492828,106.73560360431445,0.0046,instanton_2007-10-18_T20_delta0.20_tau20_am100.npz
2007-10-18,20,0.3,0.35667494393873245,20,100.0,28.850945181124075,0.35667494393873245,0.355615975392082,0.0010589685466504406,0.0,0.0,0.5,10.0,5000,per_query,66693456,0.0,0.0,6.615226418863973,1.241692513471058,2381.0581380833246,0.0,instanton_2007-10-18_T20_delta0.30_tau20_am100.npz
2007-10-18,60,0.2,0.2231435513142097,60,200.0,4.587739082897781,0.2231435513142097,0.22293914382770108,0.00020440748650862872,0.0,0.0,0.5,10.0,5000,per_query,390700375,0.002007419585147775,0.000122725862806333,436.304739166309,1.0365880912630947,123.27177950436283,0.0786,instanton_2007-10-18_T60_delta0.20_tau60_am200.npz
2007-10-18,60,0.3,0.35667494393873245,60,200.0,10.012312155361496,0.35667494393873245,0.35651197672382295,0.00016296721490949295,0.0,0.0,0.5,10.0,5000,per_query,3602780517,6.1438175528270155e-06,1.2378471886594352e-06,132.1429130567329,0.9245051339646001,177.82346741821968,0.0144,instanton_2007-10-18_T60_delta0.30_tau60_am200.npz
2007-10-19,20,0.2,0.2231435513142097,20,100.0,7.970378535167092,0.2231435513142097,0.22304023151614238,0.00010331979806732505,0.0,0.0,0.5,10.0,5000,per_query,1097214371,3.7587019477849886e-05,4.2270653885628305e-06,219.43408596118005,0.9458972926664461,187.8625994721265,0.0238,instanton_2007-10-19_T20_delta0.20_tau20_am100.npz
2007-10-19,20,0.3,0.35667494393873245,20,100.0,20.788734312949057,0.35667494393873245,0.3566117348816098,6.320905712264846e-05,0.0,0.0,0.5,10.0,5000,per_query,440040034,0.0,0.0,59.60946981526915,0.9583360931863859,346.41788760459565,0.0,instanton_2007-10-19_T20_delta0.30_tau20_am100.npz
2007-10-19,60,0.2,0.2231435513142097,60,100.0,2.942506152135716,0.2231435513142097,0.22267662908925345,0.00046692222495625657,0.0,0.0,0.5,10.0,5000,per_query,1863154967,0.012572315274860253,0.0005526338299963079,1232.2091951654002,1.007120858437639,52.04937835510279,0.143,instanton_2007-10-19_T60_delta0.20_tau60_am100.npz
2007-10-19,60,0.3,0.35667494393873245,60,100.0,7.327770730576439,0.35667494393873245,0.35637164542473787,0.0003032985139945765,0.0,0.0,0.5,10.0,5000,per_query,1097125272,8.339253637702732e-05,8.068051689095605e-06,311.0292436219306,0.956781381240146,122.7669177898614,0.0294,instanton_2007-10-19_T60_delta0.30_tau60_am100.npz
2007-10-22,20,0.2,0.2231435513142097,20,100.0,8.35063348127441,0.2231435513142106,0.22296502422606412,0.00017852708814558582,0.0,8.881784197001252e-16,0.5,10.0,5000,per_query,646440977,2.4647782979157922e-05,2.8510151056005328e-06,204.83687747380324,0.9452239984403595,178.7751583640579,0.0232,instanton_2007-10-22_T20_delta0.20_tau20_am100.npz
2007-10-22,20,0.3,0.35667494393873245,20,100.0,21.23759305505519,0.35667494393873245,0.3565641386565863,0.00011080528214613139,0.0,0.0,0.5,10.0,5000,per_query,2440889972,0.0,0.0,71.00699103792057,0.7998778362480283,234.16818529636302,0.0,instanton_2007-10-22_T20_delta0.30_tau20_am100.npz
2007-10-22,60,0.2,0.2231435513142097,60,100.0,3.0715843152332547,0.2231435513142106,0.22230837760335742,0.0008351737108522883,0.0,8.881784197001252e-16,0.5,10.0,5000,per_query,548707345,0.010511951149890028,0.000485427323223531,1312.7597192889855,0.9850234042379652,29.675394730294666,0.1298,instanton_2007-10-22_T60_delta0.20_tau60_am100.npz
2007-10-22,60,0.3,0.35667494393873245,60,100.0,7.47956681575595,0.35667494393873245,0.35613948107194027,0.0005354628667921801,0.0,0.0,0.5,10.0,5000,per_query,3077415097,7.283069851344235e-05,8.192958768468245e-06,153.63659336127373,0.9930041128535176,225.29288277609922,0.027,instanton_2007-10-22_T60_delta0.30_tau60_am100.npz
2007-10-23,20,0.2,0.2231435513142097,20,100.0,8.823577382633731,0.2231435513142106,0.22275866157084057,0.0003848897433691434,0.0,8.881784197001252e-16,0.5,10.0,5000,per_query,1383364369,1.4305662230952116e-05,1.8671351014446917e-06,254.37046287744678,0.8057574387518386,92.23904023794539,0.0172,instanton_2007-10-23_T20_delta0.20_tau20_am100.npz
2007-10-23,20,0.3,0.35667494393873245,20,100.0,21.739514847747493,0.35667494393873245,0.3564319160678959,0.00024302787083652078,0.0,0.0,0.5,10.0,5000,per_query,414616223,0.0,0.0,24.88119066432765,0.771098484742869,702.575987493308,0.0,instanton_2007-10-23_T20_delta0.30_tau20_am100.npz
2007-10-23,60,0.2,0.2231435513142097,60,100.0,3.228350372681574,0.2231435513142106,0.2212168888852739,0.0019266624289357992,0.0,8.881784197001252e-16,0.5,10.0,5000,per_query,3807604211,0.009948166011246186,0.00046166266552630486,1280.0400274737378,0.9828894483168846,29.74373044481634,0.1298,instanton_2007-10-23_T60_delta0.20_tau60_am100.npz
2007-10-23,60,0.3,0.35667494393873245,60,100.0,7.642432122387596,0.35667494393873245,0.355471939474425,0.0012030044643074334,0.0,0.0,0.5,10.0,5000,per_query,3917971535,6.92427896216277e-05,7.512013978197191e-06,245.7424186989036,0.9372285171530893,116.26062156391123,0.0284,instanton_2007-10-23_T60_delta0.30_tau60_am100.npz
2007-10-24,20,0.2,0.2231435513142097,20,100.0,8.744845637551823,0.2231435513142097,0.22282021417361086,0.000323337140598845,0.0,0.0,0.5,10.0,5000,per_query,2060143874,1.8781905095387847e-05,2.3409910908826746e-06,230.91669743896432,0.9514198351683146,126.03273219173496,0.0196,instanton_2007-10-24_T20_delta0.20_tau20_am100.npz
2007-10-24,20,0.3,0.35667494393873245,20,100.0,21.687516123805768,0.35667494393873245,0.35647161577479913,0.000203328163933314,0.0,0.0,0.5,10.0,5000,per_query,2788677738,7.588733664077524e-11,7.588733664077524e-11,52.63264432617749,0.8344122946024494,295.771152173187,0.0002,instanton_2007-10-24_T20_delta0.30_tau20_am100.npz
2007-10-24,60,0.2,0.2231435513142097,60,100.0,3.2023276205884907,0.2231435513142106,0.22157407434872933,0.0015694769654803764,0.0,8.881784197001252e-16,0.5,10.0,5000,per_query,782340085,0.009893089238856265,0.0005169360959999017,1256.8667429291415,0.9462640228480453,33.072650417710555,0.1308,instanton_2007-10-24_T60_delta0.20_tau60_am100.npz
2007-10-24,60,0.3,0.35667494393873245,60,100.0,7.628092459310397,0.35667494393873245,0.35565502761105705,0.0010199163276753964,0.0,0.0,0.5,10.0,5000,per_query,3968371829,5.581109703559335e-05,5.8067928606246885e-06,271.79193589985846,0.9405156959699192,178.09907452130625,0.0266,instanton_2007-10-24_T60_delta0.30_tau60_am100.npz
2007-10-25,20,0.2,0.2231435513142097,20,100.0,9.014808686744187,0.2231435513142097,0.22273555646930276,0.0004079948449069448,0.0,0.0,0.5,10.0,5000,per_query,973772202,1.1661958063626152e-05,1.7472520138058746e-06,196.38478134966405,0.993660467273187,159.02624274680034,0.0162,instanton_2007-10-25_T20_delta0.20_tau20_am100.npz
2007-10-25,20,0.3,0.35667494393873245,20,100.0,22.116645485971624,0.35667494393873245,0.3564155939417031,0.0002593499970293678,0.0,0.0,0.5,10.0,5000,per_query,3263765895,0.0,0.0,25.43469332646331,1.084587945440368,670.944771502001,0.0,instanton_2007-10-25_T20_delta0.30_tau20_am100.npz
2007-10-25,60,0.2,0.2231435513142097,60,100.0,3.2895643369402876,0.2231435513142106,0.2211445313611362,0.0019990199530734998,0.0,8.881784197001252e-16,0.5,10.0,5000,per_query,3391823442,0.009393175008815209,0.00043360472535650867,739.3964013809203,1.0192540045332787,76.3124073711331,0.1364,instanton_2007-10-25_T60_delta0.20_tau60_am100.npz
2007-10-25,60,0.3,0.35667494393873245,60,100.0,7.7663200043061,0.35667494393873245,0.35540152659551527,0.0012734173432171758,0.0,0.0,0.5,10.0,5000,per_query,593897617,5.496663485745526e-05,6.274165521429816e-06,120.36985131446085,1.0106241881744986,355.49694505482864,0.025,instanton_2007-10-25_T60_delta0.30_tau60_am100.npz
2007-10-26,20,0.2,0.2231435513142097,20,100.0,9.556747543271248,0.2231435513142097,0.2218776557575417,0.0012658955566680063,0.0,0.0,0.5,10.0,5000,per_query,2455545490,6.017306623577681e-06,9.465425729409475e-07,129.57689561262364,1.0889897597745897,225.21344222774292,0.0114,instanton_2007-10-26_T20_delta0.20_tau20_am100.npz
2007-10-26,20,0.3,0.35667494393873245,20,100.0,22.578486232649887,0.35667494393873245,0.3558556098045873,0.0008193341341451443,0.0,0.0,0.5,10.0,5000,per_query,1933724732,0.0,0.0,40.42188747004133,0.7433825842066237,330.8053695990701,0.0,instanton_2007-10-26_T20_delta0.30_tau20_am100.npz
2007-10-26,60,0.2,0.2231435513142097,60,200.0,3.5297520563197144,0.2231435513142097,0.22295971775197287,0.00018383356223683478,0.0,0.0,0.5,10.0,5000,per_query,4017326639,0.007558998882248066,0.00036520833624637813,838.2616339400905,1.031595132826206,67.55918408319127,0.1234,instanton_2007-10-26_T60_delta0.20_tau60_am200.npz
2007-10-26,60,0.3,0.35667494393873245,60,200.0,7.983015610198967,0.35667494393873245,0.35655857406813674,0.00011636987059571169,0.0,0.0,0.5,10.0,5000,per_query,2125324409,3.840975365461534e-05,5.3088383447786e-06,249.95775050194072,0.9932097737691622,112.23314778117155,0.0192,instanton_2007-10-26_T60_delta0.30_tau60_am200.npz
2007-10-29,20,0.2,0.2231435513142097,20,100.0,10.145837092645039,0.2231435513142106,0.2213471123338424,0.0017964389803672987,0.0,8.881784197001252e-16,0.5,10.0,5000,per_query,173246756,3.495798587518049e-06,4.955489258360402e-07,118.17356633581177,0.9424140104175385,255.380742682063,0.0128,instanton_2007-10-29_T20_delta0.20_tau20_am100.npz
2007-10-29,20,0.3,0.35667494393873245,20,100.0,23.618219475869985,0.35667494393873245,0.3554889616118473,0.00118598232688516,0.0,0.0,0.5,10.0,5000,per_query,4011911566,0.0,0.0,11.055490902841003,1.219993975301497,1728.1977208604237,0.0,instanton_2007-10-29_T20_delta0.30_tau20_am100.npz
2007-10-29,60,0.2,0.2231435513142097,60,200.0,3.740536448836107,0.2231435513142097,0.2227934433151244,0.0003501079990853029,0.0,0.0,0.5,10.0,5000,per_query,3455059961,0.0059566342242518165,0.000294622530715644,685.4641031261217,1.0176761142723132,101.62620038075673,0.1128,instanton_2007-10-29_T60_delta0.20_tau60_am200.npz
2007-10-29,60,0.3,0.35667494393873245,60,200.0,8.33516807756937,0.35667494393873245,0.35643616033154313,0.00023878360718931901,0.0,0.0,0.5,10.0,5000,per_query,1481139072,3.5258347263905586e-05,4.972795839611203e-06,193.33879710710357,0.9784616256083811,143.973339329291,0.0228,instanton_2007-10-29_T60_delta0.30_tau60_am200.npz
2007-10-30,20,0.2,0.2231435513142097,20,100.0,9.480246678426996,0.2231435513142106,0.22225762169597818,0.000885929618231529,0.0,8.881784197001252e-16,0.5,10.0,5000,per_query,3826116920,6.422254422047987e-06,8.635335417821301e-07,226.58743021491162,0.8617676789081524,91.61482329325712,0.015,instanton_2007-10-30_T20_delta0.20_tau20_am100.npz
2007-10-30,20,0.3,0.35667494393873245,20,100.0,22.617296964414468,0.35667494393873245,0.3561032169556979,0.0005717269830345373,0.0,0.0,0.5,10.0,5000,per_query,3771651686,0.0,0.0,10.466547941183917,1.1583712755029532,1670.009684887352,0.0,instanton_2007-10-30_T20_delta0.30_tau20_am100.npz
2007-10-30,60,0.2,0.2231435513142097,60,200.0,3.494425108802628,0.2231435513142097,0.22306036725842304,8.318405578666699e-05,0.0,0.0,0.5,10.0,5000,per_query,4000431747,0.007893206073646925,0.0003690356773461706,1151.5126044147062,0.9731115137298421,29.345614193525265,0.1258,instanton_2007-10-30_T60_delta0.20_tau60_am200.npz
2007-10-30,60,0.3,0.35667494393873245,60,200.0,7.984103309833016,0.35667494393873245,0.3566179030149712,5.704092376124237e-05,0.0,0.0,0.5,10.0,5000,per_query,1624648783,4.575759634975415e-05,4.741548083666903e-06,193.41646649764778,0.9950966055843296,189.64490393372876,0.0256,instanton_2007-10-30_T60_delta0.30_tau60_am200.npz
2007-10-31,20,0.2,0.2231435513142097,20,200.0,10.10306246867585,0.2231435513142097,0.22303422504967774,0.00010932626453197258,0.0,0.0,0.5,10.0,5000,per_query,1989864137,3.884910436241677e-06,6.06026623132343e-07,79.37320156984484,1.0063619597081161,413.67115726920247,0.0122,instanton_2007-10-31_T20_delta0.20_tau20_am200.npz
2007-10-31,20,0.3,0.35667494393873245,20,100.0,23.016132339237135,0.35667494393873245,0.3550320224004784,0.0016429215382540718,0.0,0.0,0.5,10.0,5000,per_query,494587924,0.0,0.0,6.3942305142482345,1.257331713455296,2372.1073759652627,0.0,instanton_2007-10-31_T20_delta0.30_tau20_am100.npz
2007-10-31,60,0.2,0.2231435513142097,60,200.0,3.6753127128414964,0.2231435513142097,0.22248667561091473,0.000656875703294979,0.0,0.0,0.5,10.0,5000,per_query,1192533537,0.007064271375326584,0.00034640048306026536,765.7159803235741,1.0118584505998658,71.84964283805355,0.1216,instanton_2007-10-31_T60_delta0.20_tau60_am200.npz
2007-10-31,60,0.3,0.35667494393873245,60,200.0,8.149673562350573,0.35667494393873245,0.35621905299964496,0.0004558909390874888,0.0,0.0,0.5,10.0,5000,per_query,1760256644,4.609639697187625e-05,4.963291993637462e-06,228.43742142932942,0.903124890515303,118.22364152404113,0.0274,instanton_2007-10-31_T60_delta0.30_tau60_am200.npz
2007-11-01,20,0.2,0.2231435513142097,20,100.0,6.934591371248921,0.2231435513142097,0.2229152671776422,0.00022828413656750257,0.0,0.0,0.5,10.0,5000,per_query,3445794708,0.00013138954070592398,1.236692626696709e-05,22.811467761181813,1.3569116081206267,1316.750025208265,0.0336,instanton_2007-11-01_T20_delta0.20_tau20_am100.npz
2007-11-01,20,0.3,0.35667494393873245,20,100.0,17.85236078278737,0.35667494393873245,0.356542996228697,0.00013194771003544048,0.0,0.0,0.5,10.0,5000,per_query,2858094261,8.812017363757356e-10,5.616594242972338e-10,25.680297051713453,1.1119259875405874,854.166918504402,0.0006,instanton_2007-11-01_T20_delta0.30_tau20_am100.npz
2007-11-01,60,0.2,0.2231435513142097,60,100.0,2.5878557649371685,0.2231435513142097,0.22205935881905248,0.0010841924951572324,0.0,0.0,0.5,10.0,5000,per_query,2059111780,0.020839549706060365,0.0007980264307096634,1415.836669052032,1.0597760672585517,28.809930151152457,0.1686,instanton_2007-11-01_T60_delta0.20_tau60_am100.npz
2007-11-01,60,0.3,0.35667494393873245,60,100.0,6.371703317077641,0.35667494393873245,0.35600150022516264,0.0006734437135698101,0.0,0.0,0.5,10.0,5000,per_query,3199503129,0.00024515991832659625,2.207964911055447e-05,437.3866271062032,0.9228479580087309,67.79767244343758,0.0404,instanton_2007-11-01_T60_delta0.30_tau60_am100.npz
2007-11-02,20,0.2,0.2231435513142097,20,100.0,7.288302507961927,0.2231435513142106,0.22288633196706353,0.0002572193471461759,0.0,8.881784197001252e-16,0.5,10.0,5000,per_query,2399814741,8.055288950885452e-05,7.292740785425448e-06,272.6035602752386,0.8931154788063436,110.41591514413072,0.0314,instanton_2007-11-02_T20_delta0.20_tau20_am100.npz
2007-11-02,20,0.3,0.35667494393873245,20,100.0,18.587951710727076,0.35667494393873245,0.35652371078966816,0.0001512331490642893,0.0,0.0,0.5,10.0,5000,per_query,1342949648,7.249413753357255e-10,3.935731124680786e-10,2.8781274884631065,1.6501555202333817,4843.220455228587,0.0008,instanton_2007-11-02_T20_delta0.30_tau20_am100.npz
2007-11-02,60,0.2,0.2231435513142097,60,100.0,2.7094083972383602,0.2231435513142097,0.2218965267969253,0.001247024517284423,0.0,0.0,0.5,10.0,5000,per_query,1459447715,0.017725410693842463,0.0007311980663027948,1312.3721039249697,1.0017187849640081,34.716562992292,0.1574,instanton_2007-11-02_T60_delta0.20_tau60_am100.npz
2007-11-02,60,0.3,0.35667494393873245,60,100.0,6.612040373431026,0.35667494393873245,0.35593195097622754,0.000742992962504907,0.0,0.0,0.5,10.0,5000,per_query,1647134810,0.00017238978839311962,1.532075266295624e-05,443.3188601179229,0.8876370662300979,70.41304335013238,0.0366,instanton_2007-11-02_T60_delta0.30_tau60_am100.npz
2007-11-05,20,0.2,0.2231435513142097,20,100.0,6.714237646614308,0.2231435513142097,0.22301931989979984,0.00012423141440986996,0.0,0.0,0.5,10.0,5000,per_query,1146335605,0.00017388193520369823,3.356155441590913e-05,327.53746585898193,0.9705517783048437,104.26224436952755,0.0346,instanton_2007-11-05_T20_delta0.20_tau20_am100.npz
2007-11-05,20,0.3,0.35667494393873245,20,100.0,17.726589607724414,0.35667494393873245,0.35660382336312857,7.112057560387797e-05,0.0,0.0,0.5,10.0,5000,per_query,3958270841,2.049339538349394e-10,2.0493395383493945e-10,44.63033691929794,0.9492827720985594,532.4250993584814,0.0002,instanton_2007-11-05_T20_delta0.30_tau20_am100.npz
2007-11-05,60,0.2,0.2231435513142097,60,100.0,2.5117926767541316,0.2231435513142106,0.22257437897178445,0.0005691723424252615,0.0,8.881784197001252e-16,0.5,10.0,5000,per_query,2318139954,0.022124946871079215,0.0008425324936667958,1638.083890761276,0.9988078861031343,29.962743499588246,0.1712,instanton_2007-11-05_T60_delta0.20_tau60_am100.npz
2007-11-05,60,0.3,0.35667494393873245,60,100.0,6.326794854086047,0.35667494393873245,0.3563237566042279,0.00035118733450456574,0.0,0.0,0.5,10.0,5000,per_query,454098601,0.0002514093416028852,2.183832969020195e-05,345.56319243966453,0.9070385158271254,150.4217645035641,0.0406,instanton_2007-11-05_T60_delta0.30_tau60_am100.npz
2007-11-06,20,0.2,0.2231435513142097,20,100.0,7.422906457474489,0.2231435513142106,0.22270241176308136,0.00044113955112834446,0.0,8.881784197001252e-16,0.5,10.0,5000,per_query,1487760358,6.389276918215654e-05,6.590793936253548e-06,331.6270251026873,0.902700085070033,122.3354900030939,0.0262,instanton_2007-11-06_T20_delta0.20_tau20_am100.npz
2007-11-06,20,0.3,0.35667494393873245,20,100.0,18.56841621492313,0.35667494393873245,0.35641438300300887,0.00026056093572357497,0.0,0.0,0.5,10.0,5000,per_query,3498121092,5.489862928338513e-10,3.9345221926381146e-10,23.08206746056585,0.9708416816517078,825.9300202471213,0.0004,instanton_2007-11-06_T20_delta0.30_tau20_am100.npz
2007-11-06,60,0.2,0.2231435513142097,60,200.0,2.774176437774468,0.2231435513142097,0.22312066612591153,2.2885188298182868e-05,0.0,0.0,0.5,10.0,5000,per_query,1917526985,0.01658460986080702,0.0006844668486642579,1398.6523774578206,0.9655933792461608,24.643201979644246,0.1516,instanton_2007-11-06_T60_delta0.20_tau60_am200.npz
2007-11-06,60,0.3,0.35667494393873245,60,100.0,6.605941891773546,0.35667494393873245,0.355324646697186,0.0013502972415464498,0.0,0.0,0.5,10.0,5000,per_query,810381117,0.00017302272815427426,1.4976356241937417e-05,294.8306442668435,1.0372043833828968,143.9951330723811,0.0362,instanton_2007-11-06_T60_delta0.30_tau60_am100.npz
2007-11-07,20,0.2,0.2231435513142097,20,100.0,4.588025463202386,0.2231435513142106,0.22311293218763684,3.06191265728728e-05,0.0,8.881784197001252e-16,0.5,10.0,5000,per_query,2102366308,0.0015918371832518848,0.00010056299685415828,722.6935941644324,0.9814360071418236,73.12214539108545,0.0722,instanton_2007-11-07_T20_delta0.20_tau20_am100.npz
2007-11-07,20,0.3,0.35667494393873245,20,50.0,13.219922639563777,0.35667494393873245,0.35523883930017863,0.0014361046385538145,0.0,0.0,0.5,10.0,5000,per_query,1832763870,1.9996223311068645e-07,6.85352769626368e-08,104.76746384682035,0.8671803528702751,166.96570980015542,0.0058,instanton_2007-11-07_T20_delta0.30_tau20_am50.npz
2007-11-07,60,0.2,0.2231435513142097,60,100.0,1.7621888767120368,0.2231435513142106,0.22301536142236333,0.0001281898918463753,0.0,8.881784197001252e-16,0.5,10.0,5000,per_query,417886101,0.0541133558884781,0.0016188138214794424,2303.276318321008,0.9383497568601237,15.598263733570988,0.2362,instanton_2007-11-07_T60_delta0.20_tau60_am100.npz
2007-11-07,60,0.3,0.35667494393873245,60,100.0,4.845151061129973,0.35667494393873245,0.35660118978988287,7.375414884958076e-05,0.0,0.0,0.5,10.0,5000,per_query,4272476090,0.0015512433583330786,9.753351071333305e-05,400.5026364397917,1.042116258125657,128.7880139450252,0.072,instanton_2007-11-07_T60_delta0.30_tau60_am100.npz
2007-11-08,20,0.2,0.2231435513142097,20,100.0,4.329783479941899,0.2231435513142106,0.223124454112118,1.9097202091700183e-05,0.0,8.881784197001252e-16,0.5,10.0,5000,per_query,151767324,0.002180805789764706,0.0001301057005739871,645.7506496946064,1.0422551691231807,66.94534317929576,0.0786,instanton_2007-11-08_T20_delta0.20_tau20_am100.npz
2007-11-08,20,0.3,0.35667494393873245,20,50.0,12.84170092491661,0.35667494393873245,0.35554967500493273,0.0011252689337997168,0.0,0.0,0.5,10.0,5000,per_query,2748292631,1.5155167528355507e-07,3.794343594474396e-08,11.893767866274867,1.3859262248810877,1923.476332351807,0.0038,instanton_2007-11-08_T20_delta0.30_tau20_am50.npz
2007-11-08,60,0.2,0.2231435513142097,60,100.0,1.6692478217852094,0.2231435513142097,0.22306462831585527,7.892299835443595e-05,0.0,0.0,0.5,10.0,5000,per_query,1533983563,0.06099625156241624,0.0018032358299695892,2195.1669029332647,0.9890718548812032,21.97165050100189,0.2456,instanton_2007-11-08_T60_delta0.20_tau60_am100.npz
2007-11-08,60,0.3,0.35667494393873245,60,100.0,4.705521190347993,0.35667494393873245,0.35662995248702956,4.499145170289154e-05,0.0,0.0,0.5,10.0,5000,per_query,1635778775,0.0015004938861171479,9.669293935261455e-05,434.1352237905634,0.9528865652387903,140.03853654948,0.065,instanton_2007-11-08_T60_delta0.30_tau60_am100.npz
2007-11-09,20,0.2,0.2231435513142097,20,50.0,3.476032974067781,0.2231435513142097,0.2220439232131799,0.0010996281010298148,0.0,0.0,0.5,10.0,5000,per_query,1748107143,0.005187098856765456,0.00026946271798823087,823.432793333853,0.9994636446750567,75.85526521464374,0.0966,instanton_2007-11-09_T20_delta0.20_tau20_am50.npz
2007-11-09,20,0.3,0.35667494393873245,20,50.0,11.411885000384572,0.35667494393873245,0.35609966237007384,0.0005752815686586032,0.0,0.0,0.5,10.0,5000,per_query,2139298640,8.407767433975243e-07,1.5122948945243427e-07,117.19189603825481,0.9434059748092956,198.89173880342906,0.0078,instanton_2007-11-09_T20_delta0.30_tau20_am50.npz
2007-11-09,60,0.2,0.2231435513142097,60,100.0,1.3776432140195138,0.2231435513142097,0.22312266580933304,2.0885504876666516e-05,0.0,0.0,0.5,10.0,5000,per_query,2362705210,0.08846246887946525,0.0023354934039712494,2571.943384888442,0.9862232476796218,13.395034676373804,0.2826,instanton_2007-11-09_T60_delta0.20_tau60_am100.npz
2007-11-09,60,0.3,0.35667494393873245,60,100.0,4.194444962965831,0.35667494393873245,0.3566636852611609,1.1258677571568398e-05,0.0,0.0,0.5,10.0,5000,per_query,1446433229,0.002676934693035298,0.00014521157102173677,774.0883951423504,1.01034470109451,54.410897035167125,0.085,instanton_2007-11-09_T60_delta0.30_tau60_am100.npz
2007-11-12,20,0.2,0.2231435513142097,20,50.0,3.043347283344211,0.2231435513142097,0.2224276856642211,0.0007158656499886007,0.0,0.0,0.5,10.0,5000,per_query,3981181707,0.009840268328219761,0.0004191381079944857,1111.0375850268545,0.9897053617016618,38.68160508976561,0.1312,instanton_2007-11-12_T20_delta0.20_tau20_am50.npz
2007-11-12,20,0.3,0.35667494393873245,20,50.0,10.647537674121434,0.35667494393873245,0.35631556519220364,0.0003593787465288045,0.0,0.0,0.5,10.0,5000,per_query,3852754060,1.9791426564636052e-06,3.9121548819385717e-07,145.2705070994866,0.9168411326787904,190.6167123484898,0.0086,instanton_2007-11-12_T20_delta0.30_tau20_am50.npz
2007-11-12,60,0.2,0.2231435513142097,60,100.0,1.2132754515939788,0.2231435513142097,0.22313541486011168,8.136454098028878e-06,0.0,0.0,0.5,10.0,5000,per_query,1885769134,0.10448268215929829,0.0027261325636610246,2590.974032631521,1.0239975060134434,17.858297557310994,0.2882,instanton_2007-11-12_T60_delta0.20_tau60_am100.npz
2007-11-12,60,0.3,0.35667494393873245,60,50.0,3.889468422481345,0.35667494393873245,0.3553666431652367,0.001308300773495752,0.0,0.0,0.5,10.0,5000,per_query,1912472125,0.0044312614108449905,0.00022261703177951322,873.0023240168289,0.9869863847813612,40.851618601904406,0.1042,instanton_2007-11-12_T60_delta0.30_tau60_am50.npz
2007-11-13,20,0.2,0.2231435513142097,20,100.0,3.6683497023997633,0.2231435513142097,0.223111028768594,3.252254561569856e-05,0.0,0.0,0.5,10.0,5000,per_query,466837911,0.0045855102971715835,0.00023996435154959264,753.6036382032604,0.9775720639168838,74.097220933152,0.1014,instanton_2007-11-13_T20_delta0.20_tau20_am100.npz
2007-11-13,20,0.3,0.35667494393873245,20,50.0,10.740362353103215,0.35667494393873245,0.355278805286102,0.001396138652630441,0.0,0.0,0.5,10.0,5000,per_query,2110471592,1.8780584073924372e-06,2.8434250874196455e-07,215.04425586132768,0.86073672882553,102.66167494636798,0.0104,instanton_2007-11-13_T20_delta0.30_tau20_am50.npz
2007-11-13,60,0.2,0.2231435513142097,60,100.0,1.4291857657025577,0.2231435513142097,0.22300897685762955,0.00013457445658016098,0.0,0.0,0.5,10.0,5000,per_query,350969833,0.08145571836509341,0.0021965266143782556,2434.825477433798,1.0191388916849473,14.28204386732019,0.2702,instanton_2007-11-13_T60_delta0.20_tau60_am100.npz
2007-11-13,60,0.3,0.35667494393873245,60,100.0,3.9913837453983576,0.35667494393873245,0.35659994091589375,7.500302283869331e-05,0.0,0.0,0.5,10.0,5000,per_query,2895216984,0.0038670907260662376,0.00020525493421768453,666.5692004459295,0.9707016522847273,103.48884608578886,0.0972,instanton_2007-11-13_T60_delta0.30_tau60_am100.npz
2007-11-14,20,0.2,0.2231435513142097,20,100.0,3.5569941198213786,0.2231435513142097,0.22311838729449995,2.516401970975579e-05,0.0,0.0,0.5,10.0,5000,per_query,525958337,0.005260043225693391,0.0002482149591528562,846.6218010471606,0.9752556978124359,68.33645286154241,0.1074,instanton_2007-11-14_T20_delta0.20_tau20_am100.npz
2007-11-14,20,0.3,0.35667494393873245,20,50.0,10.575282630800585,0.35667494393873245,0.3554510032814404,0.001223940657292033,0.0,0.0,0.5,10.0,5000,per_query,1304365856,2.991793747432999e-06,5.303547109074144e-07,187.05778340317312,0.9045408408219464,117.34245279549201,0.0122,instanton_2007-11-14_T20_delta0.30_tau20_am50.npz
2007-11-14,60,0.2,0.2231435513142097,60,100.0,1.3886555299432248,0.2231435513142097,0.22303996102378143,0.00010359029042827927,0.0,0.0,0.5,10.0,5000,per_query,1983638545,0.08625115053492184,0.0023021486670662685,2407.6256913891953,1.0101404977278925,16.591506485936943,0.281,instanton_2007-11-14_T60_delta0.20_tau60_am100.npz
2007-11-14,60,0.3,0.35667494393873245,60,100.0,3.9290979448075376,0.35667494393873245,0.35661826177281775,5.668216591470099e-05,0.0,0.0,0.5,10.0,5000,per_query,682755761,0.003751496360537973,0.00020672942660141208,646.8004336970207,1.017996952980389,97.51708344221241,0.092,instanton_2007-11-14_T60_delta0.30_tau60_am100.npz
2007-11-15,20,0.2,0.2231435513142097,20,50.0,2.8289585420669114,0.2231435513142097,0.22193539255041284,0.0012081587637968738,0.0,0.0,0.5,10.0,5000,per_query,2729304017,0.011963258676350227,0.0005179044923143407,1332.85926401152,1.0205039812405114,24.9888837913066,0.1324,instanton_2007-11-15_T20_delta0.20_tau20_am50.npz
2007-11-15,20,0.3,0.35667494393873245,20,50.0,9.330601809941012,0.35667494393873245,0.3560664393211619,0.00060850461757056,0.0,0.0,0.5,10.0,5000,per_query,3126335447,1.1234328590710891e-05,1.523142565728809e-06,193.89432285750425,0.910111260326611,130.30692172160923,0.0176,instanton_2007-11-15_T20_delta0.30_tau20_am50.npz
2007-11-15,60,0.2,0.2231435513142097,60,100.0,1.1368240859382939,0.2231435513142106,0.2231179759485622,2.557536564751217e-05,0.0,8.881784197001252e-16,0.5,10.0,5000,per_query,2095100978,0.11868945187062054,0.002937498250523153,2930.2440125231856,1.0066642001837842,11.538074803633403,0.3094,instanton_2007-11-15_T60_delta0.20_tau60_am100.npz
2007-11-15,60,0.3,0.35667494393873245,60,100.0,3.4765468616394486,0.35667494393873245,0.35666157817295563,1.336576577681825e-05,0.0,0.0,0.5,10.0,5000,per_query,558158871,0.0061004051317194155,0.0002860205702711045,975.0269912042237,1.0218460975178703,42.55737054053309,0.1126,instanton_2007-11-15_T60_delta0.30_tau60_am100.npz
2007-11-16,20,0.2,0.2231435513142097,20,50.0,3.362547056814405,0.2231435513142097,0.22182162665613792,0.0013219246580717936,0.0,0.0,0.5,10.0,5000,per_query,1361926895,0.0067287342957567135,0.00030538808761988804,990.5129774522478,0.987175386707499,60.752745618453595,0.118,instanton_2007-11-16_T20_delta0.20_tau20_am50.npz
2007-11-16,20,0.3,0.35667494393873245,20,50.0,10.844250774143323,0.35667494393873245,0.35598420245309104,0.0006907414856414107,0.0,0.0,0.5,10.0,5000,per_query,4074687463,1.6147451663905098e-06,2.57748336555801e-07,77.38237249875816,0.9464265573851797,278.82455803575215,0.0094,instanton_2007-11-16_T20_delta0.30_tau20_am50.npz
2007-11-16,60,0.2,0.2231435513142097,60,100.0,1.3382067724133613,0.2231435513142106,0.2231121194510921,3.14318631176036e-05,0.0,8.881784197001252e-16,0.5,10.0,5000,per_query,421023618,0.08767011587930525,0.002317084265463676,2458.800406865937,1.0323469934364813,12.976081358891873,0.278,instanton_2007-11-16_T60_delta0.20_tau60_am100.npz
2007-11-16,60,0.3,0.35667494393873245,60,100.0,4.00476545769424,0.35667494393873245,0.3566580713960157,1.687254271676153e-05,0.0,0.0,0.5,10.0,5000,per_query,3393996244,0.003297026074206606,0.0001828331929409582,857.1870366161105,0.987829322621413,58.19863847861669,0.0866,instanton_2007-11-16_T60_delta0.30_tau60_am100.npz
2007-11-19,20,0.2,0.2231435513142097,20,50.0,2.7206136678246557,0.2231435513142097,0.22242277101271846,0.0007207803014912528,0.0,0.0,0.5,10.0,5000,per_query,3283420380,0.014177495718509105,0.0005851449667164196,1482.7724873475483,0.9310086538195869,23.33078150011102,0.1446,instanton_2007-11-19_T20_delta0.20_tau20_am50.npz
2007-11-19,20,0.3,0.35667494393873245,20,50.0,9.590319489997592,0.35667494393873245,0.3563210085014479,0.00035393543728456933,0.0,0.0,0.5,10.0,5000,per_query,2543422062,6.4854172878841875e-06,9.337746122632445e-07,213.33601270619346,0.8959002605853602,148.81109884513035,0.0142,instanton_2007-11-19_T20_delta0.30_tau20_am50.npz
2007-11-19,60,0.2,0.2231435513142097,60,100.0,1.092537506245253,0.2231435513142097,0.22313528357587664,8.267738333067598e-06,0.0,0.0,0.5,10.0,5000,per_query,2846492201,0.13302707217131757,0.0031007138480314157,2971.826754819014,0.9816744354167084,9.090602142256023,0.339,instanton_2007-11-19_T60_delta0.20_tau60_am100.npz
2007-11-19,60,0.3,0.35667494393873245,60,50.0,3.527979634437267,0.35667494393873245,0.3553864781520213,0.001288465786711157,0.0,0.0,0.5,10.0,5000,per_query,2499969841,0.0056824053573654556,0.00026761158192946594,950.1091308794614,0.9815022571833,47.99123978227051,0.109,instanton_2007-11-19_T60_delta0.30_tau60_am50.npz
2007-11-20,20,0.2,0.2231435513142097,20,50.0,2.9617977247556517,0.2231435513142097,0.2222079653588942,0.0009355859553155099,0.0,0.0,0.5,10.0,5000,per_query,2997409893,0.009829536054205772,0.00043117500180925127,1339.3317811868546,0.9865989046402527,32.23599889405882,0.1208,instanton_2007-11-20_T20_delta0.20_tau20_am50.npz
2007-11-20,20,0.3,0.35667494393873245,20,50.0,10.034561935226979,0.35667494393873245,0.35620345414893606,0.00047148978979638656,0.0,0.0,0.5,10.0,5000,per_query,4171020156,3.9309679860178155e-06,5.697892856105587e-07,82.46021128381166,1.0604807859268621,318.44488807306044,0.0126,instanton_2007-11-20_T20_delta0.30_tau20_am50.npz
2007-11-20,60,0.2,0.2231435513142097,60,100.0,1.1846006136640315,0.2231435513142097,0.22312891561536397,1.4635698845744116e-05,0.0,0.0,0.5,10.0,5000,per_query,1357635205,0.11620197727252254,0.002843158055841874,2762.3778455219795,0.9891020305755049,12.687089895402078,0.3164,instanton_2007-11-20_T60_delta0.20_tau60_am100.npz
2007-11-20,60,0.3,0.35667494393873245,60,50.0,3.677328679558598,0.35667494393873245,0.35495249344358015,0.0017224504951522945,0.0,0.0,0.5,10.0,5000,per_query,945549988,0.005131129015794225,0.000252830327751352,752.7878865435555,1.0279664616059487,63.5135212127695,0.1046,instanton_2007-11-20_T60_delta0.30_tau60_am50.npz
2007-11-21,20,0.2,0.2231435513142097,20,50.0,2.030833015875013,0.2231435513142097,0.22275465337763745,0.00038889793657226335,0.0,0.0,0.5,10.0,5000,per_query,2422423147,0.03222627144871224,0.001103136916807833,1803.911468642561,1.0042419377608127,19.798307660689346,0.1896,instanton_2007-11-21_T20_delta0.20_tau20_am50.npz
2007-11-21,20,0.3,0.35667494393873245,20,50.0,8.012704461887283,0.35667494393873245,0.35649870331270606,0.00017624062602639157,0.0,0.0,0.5,10.0,5000,per_query,1913585658,2.8403626088778805e-05,3.140254502538577e-06,115.3565614989806,1.1054593978469334,392.3898668174955,0.0212,instanton_2007-11-21_T20_delta0.30_tau20_am50.npz
2007-11-21,60,0.2,0.2231435513142097,60,50.0,0.8158230175162455,0.2231435513142097,0.22187547751564018,0.0012680737985695245,0.0,0.0,0.5,10.0,5000,per_query,3287085323,0.180738041972837,0.0038097293295445175,3412.3977215062823,0.9897466769918385,6.440995130997935,0.369,instanton_2007-11-21_T60_delta0.20_tau60_am50.npz
2007-11-21,60,0.3,0.35667494393873245,60,50.0,2.9838442478748,0.35667494393873245,0.35604155435659823,0.0006333895821342139,0.0,0.0,0.5,10.0,5000,per_query,2677182812,0.010572782439643979,0.00045489593019621186,1131.8202225781063,1.0147812763302173,48.49870794087023,0.1334,instanton_2007-11-21_T60_delta0.30_tau60_am50.npz
2007-11-23,20,0.2,0.2231435513142097,20,50.0,2.4308318171446768,0.2231435513142097,0.2223497538076522,0.0007937975065575031,0.0,0.0,0.5,10.0,5000,per_query,2085545158,0.019159879615023273,0.000760618149533038,1616.4340234187175,0.981988926288768,34.89137142940025,0.1608,instanton_2007-11-23_T20_delta0.20_tau20_am50.npz
2007-11-23,20,0.3,0.35667494393873245,20,50.0,8.523745900332711,0.35667494393873245,0.3562913764426767,0.0003835674960557256,0.0,0.0,0.5,10.0,5000,per_query,1391238811,2.4097309042445226e-05,2.6117509626848324e-06,247.80590840711773,0.8636533402194402,100.37891947278905,0.0242,instanton_2007-11-23_T20_delta0.30_tau20_am50.npz
2007-11-23,60,0.2,0.2231435513142097,60,100.0,0.983095688238484,0.2231435513142106,0.22313331378092638,1.0237533283330436e-05,0.0,8.881784197001252e-16,0.5,10.0,5000,per_query,582961559,0.1487039878368501,0.0033454400244944593,3045.242521050665,0.9963196717422157,10.532219678718775,0.3472,instanton_2007-11-23_T60_delta0.20_tau60_am100.npz
2007-11-23,60,0.3,0.35667494393873245,60,50.0,3.1580265541267893,0.35667494393873245,0.35528118796069474,0.001393755978037703,0.0,0.0,0.5,10.0,5000,per_query,3927033286,0.009007153974589028,0.00040392105151396926,1118.3947070576269,0.9472485918336766,51.26427778324799,0.1218,instanton_2007-11-23_T60_delta0.30_tau60_am50.npz
2007-11-26,20,0.2,0.2231435513142097,20,50.0,1.6444423731564013,0.2231435513142097,0.22283153420355362,0.00031201711065609317,0.0,0.0,0.5,10.0,5000,per_query,1483008180,0.05280397622955861,0.0015929214378829226,2288.405884904005,0.9803561978269884,12.995799943067272,0.2274,instanton_2007-11-26_T20_delta0.20_tau20_am50.npz
2007-11-26,20,0.3,0.35667494393873245,20,50.0,6.828864386925044,0.35667494393873245,0.3565401736173772,0.00013477032135522649,0.0,0.0,0.5,10.0,5000,per_query,3870461537,0.00014661576841415084,1.3707705015895322e-05,245.43820509848896,1.051947713676378,139.7715000639966,0.0356,instanton_2007-11-26_T20_delta0.30_tau20_am50.npz
2007-11-26,60,0.2,0.2231435513142097,60,50.0,0.6713802730995062,0.2231435513142097,0.22213663140942508,0.0010069199047846311,0.0,0.0,0.5,10.0,5000,per_query,3045885202,0.23545899975681203,0.00442248162210891,3571.978895857955,0.9975457950693931,5.396214766514565,0.4224,instanton_2007-11-26_T60_delta0.20_tau60_am50.npz
2007-11-26,60,0.3,0.35667494393873245,60,50.0,2.567495076511657,0.35667494393873245,0.35619254409732903,0.00048239984140341363,0.0,0.0,0.5,10.0,5000,per_query,2643151465,0.018407105521793556,0.0007084062271214829,1544.2422975194906,0.973178364390134,25.90523642926005,0.1586,instanton_2007-11-26_T60_delta0.30_tau60_am50.npz
2007-11-27,20,0.2,0.2231435513142097,20,50.0,1.9079491515110842,0.2231435513142097,0.2226442403576856,0.0004993109565241127,0.0,0.0,0.5,10.0,5000,per_query,1942850042,0.03935594750871538,0.0012717113329928891,2094.702590408943,0.9651405945054216,16.07171372349422,0.2054,instanton_2007-11-27_T20_delta0.20_tau20_am50.npz
2007-11-27,20,0.3,0.35667494393873245,20,50.0,7.255103120621068,0.35667494393873245,0.3564483974667336,0.00022654647199882305,0.0,0.0,0.5,10.0,5000,per_query,3918195808,8.358610576164045e-05,8.22528435189545e-06,337.1992572244683,0.960443140412667,84.72639606025729,0.0296,instanton_2007-11-27_T20_delta0.30_tau20_am50.npz
2007-11-27,60,0.2,0.2231435513142097,60,50.0,0.7653648871682014,0.2231435513142097,0.2215173476886827,0.0016262036255270118,0.0,0.0,0.5,10.0,5000,per_query,3819431363,0.2011763423909769,0.004133169445376186,3451.5791045220476,1.012993244718738,8.693929773374398,0.3846,instanton_2007-11-27_T60_delta0.20_tau60_am50.npz
2007-11-27,60,0.3,0.35667494393873245,60,50.0,2.7168518671334314,0.35667494393873245,0.3558574587315908,0.0008174852071416439,0.0,0.0,0.5,10.0,5000,per_query,3546421764,0.015341093275241682,0.0005967981494727185,1261.8640555281052,1.0193436563025793,35.33355451093021,0.15,instanton_2007-11-27_T60_delta0.30_tau60_am50.npz
2007-11-28,20,0.2,0.2231435513142097,20,50.0,2.4068857841137667,0.2231435513142097,0.22125367413571695,0.0018898771784927604,0.0,0.0,0.5,10.0,5000,per_query,182463893,0.020742663437154148,0.0007767327888909748,1470.2048933713552,0.94564847074008,38.415557963811096,0.169,instanton_2007-11-28_T20_delta0.20_tau20_am50.npz
2007-11-28,20,0.3,0.35667494393873245,20,50.0,7.642963179435775,0.35667494393873245,0.35573369588273884,0.0009412480559936043,0.0,0.0,0.5,10.0,5000,per_query,493824766,6.0812523709297506e-05,6.11807318089595e-06,257.9244513552565,0.8505939453491974,113.34009831427913,0.0282,instanton_2007-11-28_T20_delta0.30_tau20_am50.npz
2007-11-28,60,0.2,0.2231435513142097,60,100.0,0.9799764263226817,0.2231435513142097,0.22307502626952136,6.852504468835008e-05,0.0,0.0,0.5,10.0,5000,per_query,1966113771,0.15888008572365983,0.0035056577644216637,3080.891902915707,1.024537747204799,9.027655856399567,0.356,instanton_2007-11-28_T60_delta0.20_tau60_am100.npz
2007-11-28,60,0.3,0.35667494393873245,60,100.0,2.88718440738059,0.35667494393873245,0.3566399646765177,3.497926221474046e-05,0.0,0.0,0.5,10.0,5000,per_query,1182515155,0.013003303290693454,0.000542556432561132,1090.758350345277,1.0003013775195726,64.35064359841816,0.1408,instanton_2007-11-28_T60_delta0.30_tau60_am100.npz
2007-11-29,20,0.2,0.2231435513142097,20,50.0,2.45808556905889,0.2231435513142097,0.2212226046605199,0.0019209466536898034,0.0,0.0,0.5,10.0,5000,per_query,3991073090,0.017622403755326418,0.0006906536680433444,1218.3249049955962,0.9757779098025668,63.209290053854396,0.1518,instanton_2007-11-29_T20_delta0.20_tau20_am50.npz
2007-11-29,20,0.3,0.35667494393873245,20,50.0,7.784630819376684,0.35667494393873245,0.355714842151162,0.0009601017875704443,0.0,0.0,0.5,10.0,5000,per_query,1637371421,4.468612941958002e-05,5.103792446349414e-06,293.4090244225999,0.9472273319502307,79.5165320518735,0.0242,instanton_2007-11-29_T20_delta0.30_tau20_am50.npz
2007-11-29,60,0.2,0.2231435513142097,60,100.0,0.9998924700515849,0.2231435513142097,0.22307289049127732,7.066082293238907e-05,0.0,0.0,0.5,10.0,5000,per_query,166340753,0.15854508899109288,0.0033922181668990517,2981.2376140868496,1.0141840543678011,9.240214812980664,0.3682,instanton_2007-11-29_T60_delta0.20_tau60_am100.npz
2007-11-29,60,0.3,0.35667494393873245,60,100.0,2.9383412721778233,0.35667494393873245,0.3566388446604307,3.6099278301726656e-05,0.0,0.0,0.5,10.0,5000,per_query,796440390,0.012564679829938535,0.0005249334185864597,1339.1572475881844,1.007068973672574,33.268287660067024,0.1424,instanton_2007-11-29_T60_delta0.30_tau60_am100.npz
2007-11-30,20,0.2,0.2231435513142097,20,100.0,3.0426702993306107,0.2231435513142106,0.22309854047920386,4.501083500585423e-05,0.0,8.881784197001252e-16,0.5,10.0,5000,per_query,4270923157,0.00982687438840729,0.0004395035727160166,721.0605112450224,1.0031616926688094,123.16836206532827,0.1274,instanton_2007-11-30_T20_delta0.20_tau20_am100.npz
2007-11-30,20,0.3,0.35667494393873245,20,50.0,8.879276105185408,0.35667494393873245,0.3551032778353056,0.0015716661034268498,0.0,0.0,0.5,10.0,5000,per_query,2388610385,1.1254949898822734e-05,1.5159687191407403e-06,216.30741352137426,0.97329168548461,162.29323694406568,0.0158,instanton_2007-11-30_T20_delta0.30_tau20_am50.npz
2007-11-30,60,0.2,0.2231435513142097,60,100.0,1.197605656665463,0.2231435513142097,0.22295476809088832,0.00018878322332138708,0.0,0.0,0.5,10.0,5000,per_query,1335169510,0.1262933938745142,0.002970004103652419,2739.9269834554166,0.9892566905121571,12.75767409128867,0.337,instanton_2007-11-30_T60_delta0.20_tau60_am100.npz
2007-11-30,60,0.3,0.35667494393873245,60,100.0,3.3405403612606164,0.35667494393873245,0.3565757649951644,9.917894356803458e-05,0.0,0.0,0.5,10.0,5000,per_query,796610824,0.008081887368386597,0.00035715528151929394,1218.8862904458529,1.0176608921889867,30.02283016127219,0.1244,instanton_2007-11-30_T60_delta0.30_tau60_am100.npz
2007-12-03,20,0.2,0.2231435513142097,20,100.0,2.804364465399669,0.2231435513142106,0.22311912078617535,2.443052803435819e-05,0.0,8.881784197001252e-16,0.5,10.0,5000,per_query,3345237816,0.012518173429509678,0.0005161566771192594,1257.1577986911454,1.0077170496424286,37.981943491290316,0.1374,instanton_2007-12-03_T20_delta0.20_tau20_am100.npz
2007-12-03,20,0.3,0.35667494393873245,20,50.0,8.487207566213733,0.35667494393873245,0.35552966228994887,0.0011452816487835804,0.0,0.0,0.5,10.0,5000,per_query,269495663,2.1261981837574783e-05,2.4324752828062927e-06,204.85718482842955,0.897678198920653,93.33691397224491,0.0192,instanton_2007-12-03_T20_delta0.30_tau20_am50.npz
2007-12-03,60,0.2,0.2231435513142097,60,100.0,1.1096196705912982,0.2231435513142097,0.2230428080598248,0.00010074325438491627,0.0,0.0,0.5,10.0,5000,per_query,3178739007,0.12657996830761023,0.0030535813040755886,2886.1170371998874,1.0286782799364844,12.000297349977073,0.3216,instanton_2007-12-03_T60_delta0.20_tau60_am100.npz
2007-12-03,60,0.3,0.35667494393873245,60,100.0,3.192817061305305,0.35667494393873245,0.35662288436152956,5.2059577202889784e-05,0.0,0.0,0.5,10.0,5000,per_query,2195614604,0.009441139792316283,0.00043790565992427917,1022.5385287911917,0.9760692321423913,71.44354184684278,0.1278,instanton_2007-12-03_T60_delta0.30_tau60_am100.npz
2007-12-04,20,0.2,0.2231435513142097,20,50.0,2.468434060448795,0.2231435513142097,0.22162967487371876,0.0015138764404909466,0.0,0.0,0.5,10.0,5000,per_query,3064385137,0.018136512488730813,0.0007076194716203969,1431.1329824959864,0.9996864848881798,29.161109591261404,0.1526,instanton_2007-12-04_T20_delta0.20_tau20_am50.npz
2007-12-04,20,0.3,0.35667494393873245,20,50.0,8.008623881331998,0.35667494393873245,0.3559238850998163,0.0007510588389161299,0.0,0.0,0.5,10.0,5000,per_query,2194928515,3.5041326337165765e-05,3.5454168474485334e-06,299.14262466730315,0.8628990574054216,100.12710453472594,0.0244,instanton_2007-12-04_T20_delta0.30_tau20_am50.npz
2007-12-04,60,0.2,0.2231435513142097,60,100.0,1.0013443280733598,0.2231435513142097,0.22310135475652082,4.219655768888941e-05,0.0,0.0,0.5,10.0,5000,per_query,3627181756,0.146512259656252,0.0033455014307124764,3141.5101181155364,0.9944124293931964,9.730672630446161,0.3396,instanton_2007-12-04_T60_delta0.20_tau60_am100.npz
2007-12-04,60,0.3,0.35667494393873245,60,100.0,3.0140461056167998,0.35667494393873245,0.3566533283776039,2.1615561128562888e-05,0.0,0.0,0.5,10.0,5000,per_query,1651419304,0.0110537671753578,0.0005311574404774227,1279.677225540416,1.0345244567626433,31.717474165072534,0.1284,instanton_2007-12-04_T60_delta0.30_tau60_am100.npz
2007-12-05,20,0.2,0.2231435513142097,20,100.0,2.991984963117909,0.2231435513142106,0.22309438500631895,4.916630789075782e-05,0.0,8.881784197001252e-16,0.5,10.0,5000,per_query,2282356114,0.010108345420650793,0.00044896781852243715,1234.0337797880331,0.9882824265869458,39.20427734512736,0.1288,instanton_2007-12-05_T20_delta0.20_tau20_am100.npz
2007-12-05,20,0.3,0.35667494393873245,20,50.0,8.701237061619455,0.35667494393873245,0.3550368849503398,0.0016380589883926433,0.0,0.0,0.5,10.0,5000,per_query,1725047647,1.830854567042213e-05,2.1221232714468546e-06,160.8449763103875,0.9369837896380832,259.6885809557604,0.0208,instanton_2007-12-05_T20_delta0.30_tau20_am50.npz
2007-12-05,60,0.2,0.2231435513142097,60,100.0,1.1785244719434917,0.2231435513142106,0.22293556820793992,0.00020798310626979344,0.0,8.881784197001252e-16,0.5,10.0,5000,per_query,296296334,0.12473959189664328,0.00299218131319405,2865.1983391542176,0.999363379721481,11.499190481727657,0.3272,instanton_2007-12-05_T60_delta0.20_tau60_am100.npz
2007-12-05,60,0.3,0.35667494393873245,60,100.0,3.278414756370979,0.35667494393873245,0.3565653999978782,0.0001095439408542731,0.0,0.0,0.5,10.0,5000,per_query,1323162039,0.009778151849470708,0.00043152711656814426,1059.4867290691825,0.9872690160374459,45.81121003415063,0.135,instanton_2007-12-05_T60_delta0.30_tau60_am100.npz
2007-12-06,20,0.2,0.2231435513142097,20,100.0,3.836432834767599,0.2231435513142097,0.22295622153317396,0.00018732978103574993,0.0,0.0,0.5,10.0,5000,per_query,3822290806,0.003616157836213773,0.00019244997751309946,718.1937594858301,1.033290898263117,51.353957615258615,0.0902,instanton_2007-12-06_T20_delta0.20_tau20_am100.npz
2007-12-06,20,0.3,0.35667494393873245,20,100.0,10.480268227656582,0.35667494393873245,0.356586082914105,8.886102462746237e-05,0.0,0.0,0.5,10.0,5000,per_query,3244183418,2.487079459236821e-06,4.1552043030494295e-07,75.62344095529826,1.017526290649073,392.2069610760126,0.0104,instanton_2007-12-06_T20_delta0.30_tau20_am100.npz
2007-12-06,60,0.2,0.2231435513142097,60,100.0,1.4879331870573589,0.2231435513142097,0.22227315574608753,0.0008703955681221842,0.0,0.0,0.5,10.0,5000,per_query,1707101738,0.0871494683279213,0.0023035192947498504,2369.0443457280016,1.0180637837567934,12.389025504730833,0.2902,instanton_2007-12-06_T60_delta0.20_tau60_am100.npz
2007-12-06,60,0.3,0.35667494393873245,60,100.0,3.8745052444768415,0.35667494393873245,0.35621074768668315,0.00046419625204929815,0.0,0.0,0.5,10.0,5000,per_query,478735212,0.004657477541642964,0.0002427418955164544,737.3449565909192,1.00286259788282,67.61898028453844,0.1052,instanton_2007-12-06_T60_delta0.30_tau60_am100.npz
2007-12-07,20,0.2,0.2231435513142097,20,100.0,3.8471304661870884,0.2231435513142097,0.22295952983484568,0.00018402147936402713,0.0,0.0,0.5,10.0,5000,per_query,2465607224,0.003910992839809425,0.00021671412866355985,676.2606850848872,1.0207166255529596,97.45896541330313,0.096,instanton_2007-12-07_T20_delta0.20_tau20_am100.npz
2007-12-07,20,0.3,0.35667494393873245,20,100.0,10.514637074449343,0.35667494393873245,0.3565877203783181,8.72235604143512e-05,0.0,0.0,0.5,10.0,5000,per_query,2375388547,2.4117141079093104e-06,4.295840785141089e-07,101.78351368722792,1.0586416311674551,292.1851272369798,0.01,instanton_2007-12-07_T20_delta0.30_tau20_am100.npz
2007-12-07,60,0.2,0.2231435513142097,60,100.0,1.4902740875161067,0.2231435513142097,0.22232090447606367,0.000822646838146035,0.0,0.0,0.5,10.0,5000,per_query,158756092,0.08021701231356285,0.0022554378846336787,2500.623236051383,1.007288354505365,14.793263592349236,0.2636,instanton_2007-12-07_T60_delta0.20_tau60_am100.npz
2007-12-07,60,0.3,0.35667494393873245,60,100.0,3.8869808253378277,0.35667494393873245,0.35621568852338825,0.00045925541534419523,0.0,0.0,0.5,10.0,5000,per_query,354069935,0.004640863027269228,0.000235546487989917,616.3892122070879,1.0306010609792269,61.97939370885577,0.1066,instanton_2007-12-07_T60_delta0.30_tau60_am100.npz
2007-12-10,20,0.2,0.2231435513142097,20,100.0,4.247287692922293,0.2231435513142097,0.22276004127765248,0.00038351003655723304,0.0,0.0,0.5,10.0,5000,per_query,3554781776,0.002407313182990878,0.00013084932274570993,564.0521438713489,1.0441199227486977,92.46048041419047,0.0832,instanton_2007-12-10_T20_delta0.20_tau20_am100.npz
2007-12-10,20,0.3,0.35667494393873245,20,100.0,11.226359489286418,0.35667494393873245,0.35648802438703164,0.00018691955170080377,0.0,0.0,0.5,10.0,5000,per_query,1941405342,9.870029592300572e-07,1.6846922174705485e-07,157.5256619179623,0.8862056058620236,148.9696346331379,0.0086,instanton_2007-12-10_T20_delta0.30_tau20_am100.npz
2007-12-10,60,0.2,0.2231435513142097,60,100.0,1.6305981645693417,0.2231435513142097,0.2213245347872661,0.0018190165269436065,0.0,0.0,0.5,10.0,5000,per_query,3747138173,0.07505740895281669,0.00209164019170238,2324.4763201570095,0.995284789889608,12.431684819497265,0.2746,instanton_2007-12-10_T60_delta0.20_tau60_am100.npz
2007-12-10,60,0.3,0.35667494393873245,60,100.0,4.1319525670582475,0.35667494393873245,0.3556371189287111,0.0010378250100213648,0.0,0.0,0.5,10.0,5000,per_query,246482372,0.0034329832263581416,0.00018497996992430113,828.6234099406238,1.0262260934166076,44.49842288675328,0.0942,instanton_2007-12-10_T60_delta0.30_tau60_am100.npz
2007-12-11,20,0.2,0.2231435513142097,20,100.0,2.8211524449822782,0.2231435513142097,0.22311538311799772,2.8168196211986185e-05,0.0,0.0,0.5,10.0,5000,per_query,673606564,0.013301645977810167,0.0005395241806056399,1086.0498985394495,1.029959081987046,59.381450430465485,0.148,instanton_2007-12-11_T20_delta0.20_tau20_am100.npz
2007-12-11,20,0.3,0.35667494393873245,20,50.0,8.471722431653447,0.35667494393873245,0.35544585316272936,0.0012290907760030834,0.0,0.0,0.5,10.0,5000,per_query,675064057,2.3596296002088145e-05,3.1081408705554086e-06,66.69892245666523,1.0800215974333796,493.74751187448356,0.0204,instanton_2007-12-11_T20_delta0.30_tau20_am50.npz
2007-12-11,60,0.2,0.2231435513142097,60,100.0,1.1158567502480028,0.2231435513142106,0.22302614460394832,0.00011740671026139182,0.0,8.881784197001252e-16,0.5,10.0,5000,per_query,482888393,0.1269428200562216,0.0029670196555908897,2962.268875159601,0.998996215482174,9.386603365283468,0.328,instanton_2007-12-11_T60_delta0.20_tau60_am100.npz
2007-12-11,60,0.3,0.35667494393873245,60,100.0,3.1889496455791067,0.35667494393873245,0.35661462511082576,6.03188279066913e-05,0.0,0.0,0.5,10.0,5000,per_query,86526704,0.009662008577963815,0.00043402200036920266,938.8037482958835,0.9871077836190603,57.22975463873289,0.132,instanton_2007-12-11_T60_delta0.30_tau60_am100.npz
2007-12-12,20,0.2,0.2231435513142097,20,100.0,3.6391962623885235,0.2231435513142097,0.22307223620089367,7.131511331603946e-05,0.0,0.0,0.5,10.0,5000,per_query,439127008,0.004533978461261179,0.00023895034529557415,1022.6412591188763,0.9833464527466854,55.51600551787279,0.0954,instanton_2007-12-12_T20_delta0.20_tau20_am100.npz
2007-12-12,20,0.3,0.35667494393873245,20,100.0,10.376761094015274,0.35667494393873245,0.3566416361637117,3.330777502075222e-05,0.0,0.0,0.5,10.0,5000,per_query,1063537679,2.728738017668229e-06,4.1355609192699843e-07,254.22493303553324,0.7795542609184241,95.13170387082229,0.0106,instanton_2007-12-12_T20_delta0.30_tau20_am100.npz
2007-12-12,60,0.2,0.2231435513142097,60,100.0,1.4176343831898246,0.2231435513142106,0.2228352350463032,0.00030831626790650546,0.0,8.881784197001252e-16,0.5,10.0,5000,per_query,2919964522,0.0925947005560998,0.0023783985185553626,2525.863364107071,0.970045845819488,17.86796665838539,0.2986,instanton_2007-12-12_T60_delta0.20_tau60_am100.npz
2007-12-12,60,0.3,0.35667494393873245,60,100.0,3.8376529985407126,0.35667494393873245,0.35650817880175456,0.00016676513697788664,0.0,0.0,0.5,10.0,5000,per_query,3918098871,0.004063068061217703,0.00021045364219910592,941.1823340167065,0.9783888955067161,30.48272467677123,0.1004,instanton_2007-12-12_T60_delta0.30_tau60_am100.npz
2007-12-13,20,0.2,0.2231435513142097,20,100.0,3.5617647921652447,0.2231435513142097,0.2230847367627824,5.8814551427310846e-05,0.0,0.0,0.5,10.0,5000,per_query,2938416938,0.0055888353345784425,0.0002734704950993863,755.7219113553266,1.0241163080554405,67.79911832292679,0.1084,instanton_2007-12-13_T20_delta0.20_tau20_am100.npz
2007-12-13,20,0.3,0.35667494393873245,20,50.0,10.149904310268541,0.35667494393873245,0.35481845974553394,0.0018564841931985043,0.0,0.0,0.5,10.0,5000,per_query,628254696,4.289985763323648e-06,5.899055875991305e-07,74.59584718288777,1.0544881753962185,376.9742822161689,0.014,instanton_2007-12-13_T20_delta0.30_tau20_am50.npz
2007-12-13,60,0.2,0.2231435513142097,60,100.0,1.3895551666139727,0.2231435513142097,0.22289069305899645,0.0002528582552132619,0.0,0.0,0.5,10.0,5000,per_query,375068310,0.09029714297544252,0.0024593938539652005,2498.272285691071,1.0272347585633193,17.845585084937742,0.2776,instanton_2007-12-13_T60_delta0.20_tau60_am100.npz
2007-12-13,60,0.3,0.35667494393873245,60,100.0,3.7956126002004655,0.35667494393873245,0.35653769571257143,0.00013724822616101306,0.0,0.0,0.5,10.0,5000,per_query,980613349,0.004383955563054757,0.0002235150569554339,942.8880946776728,0.9918828027323249,51.32956380929055,0.097,instanton_2007-12-13_T60_delta0.30_tau60_am100.npz
2007-12-14,20,0.2,0.2231435513142097,20,50.0,3.0493551400882737,0.2231435513142097,0.22119081486565761,0.0019527364485520948,0.0,0.0,0.5,10.0,5000,per_query,73654389,0.008924953649411132,0.0003943661837368057,1124.9592819998177,0.9961602477379754,50.33987560560996,0.121,instanton_2007-12-14_T20_delta0.20_tau20_am50.npz
2007-12-14,20,0.3,0.35667494393873245,20,50.0,9.519341102566772,0.35667494393873245,0.35566290460299044,0.0010120393357420099,0.0,0.0,0.5,10.0,5000,per_query,2587535368,7.26519352391982e-06,1.0012293172238234e-06,127.68699946871843,0.8838320474980734,195.96949422759715,0.0148,instanton_2007-12-14_T20_delta0.30_tau20_am50.npz
2007-12-14,60,0.2,0.2231435513142097,60,100.0,1.2269002908397746,0.2231435513142106,0.22307004032053346,7.351099367625125e-05,0.0,8.881784197001252e-16,0.5,10.0,5000,per_query,379216925,0.10811912994704298,0.0026301137350091715,2574.060019798514,1.0067153267998104,22.02839613477501,0.307,instanton_2007-12-14_T60_delta0.20_tau60_am100.npz
2007-12-14,60,0.3,0.35667494393873245,60,100.0,3.5544226736102305,0.35667494393873245,0.3566360303244558,3.891361427665885e-05,0.0,0.0,0.5,10.0,5000,per_query,399310369,0.005538263011687668,0.00026612244247642544,885.390453004252,0.9923021134376293,57.1393726318527,0.1062,instanton_2007-12-14_T60_delta0.30_tau60_am100.npz
2007-12-17,20,0.2,0.2231435513142097,20,50.0,2.4815862878655492,0.2231435513142097,0.2221011175333638,0.0010424337808458972,0.0,0.0,0.5,10.0,5000,per_query,3636443603,0.017408187705130126,0.0006622462899716713,1444.934190696793,1.0161847361256593,45.97636196938991,0.1484,instanton_2007-12-17_T20_delta0.20_tau20_am50.npz
2007-12-17,20,0.3,0.35667494393873245,20,50.0,8.397044474607613,0.35667494393873245,0.3561641629000949,0.0005107810386375533,0.0,0.0,0.5,10.0,5000,per_query,2251915734,2.438979271534784e-05,2.6336973577363625e-06,173.38922856263375,0.8848254777299398,170.17557263059965,0.0214,instanton_2007-12-17_T20_delta0.30_tau20_am50.npz
2007-12-17,60,0.2,0.2231435513142097,60,100.0,1.0036268502240513,0.2231435513142097,0.22312491490749942,1.8636406710292874e-05,0.0,0.0,0.5,10.0,5000,per_query,269929135,0.14907901787412245,0.003321204932549002,2997.3799764157616,1.0130197971189747,11.553461595672282,0.3458,instanton_2007-12-17_T60_delta0.20_tau60_am100.npz
2007-12-17,60,0.3,0.35667494393873245,60,50.0,3.1098227384882375,0.35667494393873245,0.35480745756573384,0.0018674863729986058,0.0,0.0,0.5,10.0,5000,per_query,838655625,0.009523093434921144,0.0004286741198697413,735.6907333155198,1.0163484300834618,108.70458341667579,0.1258,instanton_2007-12-17_T60_delta0.30_tau60_am50.npz
2007-12-18,20,0.2,0.2231435513142097,20,50.0,2.7402501788977123,0.2231435513142097,0.22181522134271958,0.0013283299714901275,0.0,0.0,0.5,10.0,5000,per_query,1815911772,0.012915075211385133,0.0005507336323604402,1434.20791878428,0.9707696735345578,31.513005797324645,0.135,instanton_2007-12-18_T20_delta0.20_tau20_am50.npz
2007-12-18,20,0.3,0.35667494393873245,20,50.0,8.960917316278275,0.35667494393873245,0.3560072091471067,0.0006677347916257403,0.0,0.0,0.5,10.0,5000,per_query,2269076780,1.1872158043062941e-05,1.5150758435687352e-06,240.19075008874583,0.9134704754179882,89.98360303948361,0.0168,instanton_2007-12-18_T20_delta0.30_tau20_am50.npz
2007-12-18,60,0.2,0.2231435513142097,60,100.0,1.1041288616377443,0.2231435513142106,0.22311183126200174,3.1720052207973026e-05,0.0,8.881784197001252e-16,0.5,10.0,5000,per_query,384075045,0.12684549679848467,0.002976906337455645,2903.2001216320946,0.9934715311869698,10.608929353761745,0.326,instanton_2007-12-18_T60_delta0.20_tau60_am100.npz
2007-12-18,60,0.3,0.35667494393873245,60,100.0,3.348822495900875,0.35667494393873245,0.35665848935776623,1.6454580966218657e-05,0.0,0.0,0.5,10.0,5000,per_query,457164121,0.007050985778586131,0.0003255213306504519,888.7151222821925,1.0486267771203788,55.539839577895414,0.1182,instanton_2007-12-18_T60_delta0.30_tau60_am100.npz
2007-12-19,20,0.2,0.2231435513142097,20,50.0,2.76038099104646,0.2231435513142097,0.2218137441453072,0.0013298071689025193,0.0,0.0,0.5,10.0,5000,per_query,75743140,0.012507885707970614,0.000536214129691584,1373.1547200229097,1.0071308805630401,28.305935241751484,0.1334,instanton_2007-12-19_T20_delta0.20_tau20_am50.npz
2007-12-19,20,0.3,0.35667494393873245,20,50.0,9.021844870902207,0.35667494393873245,0.3560058953191767,0.0006690486195557455,0.0,0.0,0.5,10.0,5000,per_query,282048487,1.2424851556389322e-05,1.646007537276586e-06,55.3203686229774,1.0507150657495243,616.8985571446707,0.0156,instanton_2007-12-19_T20_delta0.30_tau20_am50.npz
2007-12-19,60,0.2,0.2231435513142097,60,100.0,1.1117729922472734,0.2231435513142106,0.2231117849082631,3.17664059465983e-05,0.0,8.881784197001252e-16,0.5,10.0,5000,per_query,2038739655,0.1283287879708503,0.0029996537764950815,2984.6111262640843,1.0018907555878356,7.437674501668906,0.3266,instanton_2007-12-19_T60_delta0.20_tau60_am100.npz
2007-12-19,60,0.3,0.35667494393873245,60,100.0,3.3703021119114873,0.35667494393873245,0.35665834797969964,1.659595903280575e-05,0.0,0.0,0.5,10.0,5000,per_query,2968166924,0.007535154029398424,0.00037087495586362603,1178.5701339025175,0.9545986054684101,30.332593110348782,0.119,instanton_2007-12-19_T60_delta0.30_tau60_am100.npz
2007-12-20,20,0.2,0.2231435513142097,20,50.0,3.208589624955244,0.2231435513142097,0.2213807035638622,0.0017628477503475182,0.0,0.0,0.5,10.0,5000,per_query,2483150092,0.007718582140250052,0.0003527983680888267,1016.8881185334556,0.9989195417404788,44.47935219261394,0.117,instanton_2007-12-20_T20_delta0.20_tau20_am50.npz
2007-12-20,20,0.3,0.35667494393873245,20,50.0,10.080573555160205,0.35667494393873245,0.35575475719334815,0.0009201867453842993,0.0,0.0,0.5,10.0,5000,per_query,1411871859,4.932020072100533e-06,7.215692625955536e-07,69.99367397396252,1.1348730671353688,377.99570477630493,0.0146,instanton_2007-12-20_T20_delta0.30_tau20_am50.npz
2007-12-20,60,0.2,0.2231435513142097,60,100.0,1.2851729323571637,0.2231435513142106,0.2230848997780397,5.865153617001795e-05,0.0,8.881784197001252e-16,0.5,10.0,5000,per_query,3278942999,0.10310110367471466,0.0026832923665230613,2696.742418934375,0.9749312876699716,11.963513708732819,0.3026,instanton_2007-12-20_T60_delta0.20_tau60_am100.npz
2007-12-20,60,0.3,0.35667494393873245,60,100.0,3.74810045670147,0.35667494393873245,0.35664354093994266,3.140299878978681e-05,0.0,0.0,0.5,10.0,5000,per_query,3217457583,0.0050087712853248085,0.0002409326373268729,568.1730054792647,0.987391695345354,115.99090619140622,0.1096,instanton_2007-12-20_T60_delta0.30_tau60_am100.npz
2007-12-21,20,0.2,0.2231435513142097,20,100.0,3.9193298314736005,0.2231435513142097,0.2230887067162275,5.4844597982217635e-05,0.0,0.0,0.5,10.0,5000,per_query,993938803,0.0037352221642153616,0.00020056856794264843,841.8285704725128,1.075810015012036,46.484060696546116,0.0954,instanton_2007-12-21_T20_delta0.20_tau20_am100.npz
2007-12-21,20,0.3,0.35667494393873245,20,50.0,11.12681376214789,0.35667494393873245,0.3548412453684344,0.0018336985702980257,0.0,0.0,0.5,10.0,5000,per_query,3537548716,7.955929438569069e-07,1.817630578559485e-07,242.17386963413136,0.7053692256806556,85.73844150336255,0.0056,instanton_2007-12-21_T20_delta0.30_tau20_am50.npz
2007-12-21,60,0.2,0.2231435513142097,60,100.0,1.5204913405198281,0.2231435513142097,0.22290847554534388,0.00023507576886583337,0.0,0.0,0.5,10.0,5000,per_query,3610517636,0.07557460074782069,0.002069594701802249,2295.289123014153,1.003562139728696,21.45948315294806,0.2696,instanton_2007-12-21_T60_delta0.20_tau60_am100.npz
2007-12-21,60,0.3,0.35667494393873245,60,100.0,4.136541391263139,0.35667494393873245,0.3565456068544641,0.0001293370842683217,0.0,0.0,0.5,10.0,5000,per_query,4173297097,0.0032211616486253506,0.00017488958971400727,674.5629808516612,1.005360268171222,100.20721637491852,0.0898,instanton_2007-12-21_T60_delta0.30_tau60_am100.npz
2007-12-24,20,0.2,0.2231435513142097,20,100.0,4.66451478914901,0.2231435513142097,0.22303208705833377,0.00011146425587593711,0.0,0.0,0.5,10.0,5000,per_query,2674802738,0.0013996819515274172,8.647243030844667e-05,550.0240054700049,1.017722535007309,102.30912136155659,0.0712,instanton_2007-12-24_T20_delta0.20_tau20_am100.npz
2007-12-24,20,0.3,0.35667494393873245,20,100.0,12.80819613107839,0.35667494393873245,0.35661874862118736,5.6195317545082446e-05,0.0,0.0,0.5,10.0,5000,per_query,3706345981,2.4217089522044633e-07,4.872596832086118e-08,33.01056669865171,0.9279321515525127,693.3940431336249,0.0064,instanton_2007-12-24_T20_delta0.30_tau20_am100.npz
2007-12-24,60,0.2,0.2231435513142097,60,100.0,1.790231104800257,0.2231435513142097,0.2226383089562507,0.0005052423579590126,0.0,0.0,0.5,10.0,5000,per_query,918780506,0.05437852542830269,0.0015969241738095449,1748.2140820934517,1.0055718176035537,38.83014221227618,0.2384,instanton_2007-12-24_T60_delta0.20_tau60_am100.npz
2007-12-24,60,0.3,0.35667494393873245,60,100.0,4.67714095544085,0.35667494393873245,0.3563888046481791,0.0002861392905533222,0.0,0.0,0.5,10.0,5000,per_query,1950915739,0.001728995668882184,0.00011247883032579685,452.12631428768515,1.0392948575495256,131.19242684317433,0.0732,instanton_2007-12-24_T60_delta0.30_tau60_am100.npz
2007-12-26,20,0.2,0.2231435513142097,20,100.0,4.905405451225194,0.2231435513142106,0.22300643800620445,0.00013711330800525445,0.0,8.881784197001252e-16,0.5,10.0,5000,per_query,4049391157,0.0011284515613724502,7.03521255087343e-05,280.145901746365,1.0543143411135942,189.64080729679864,0.0644,instanton_2007-12-26_T20_delta0.20_tau20_am100.npz
2007-12-26,20,0.3,0.35667494393873245,20,100.0,13.30364911769857,0.35667494393873245,0.3566046643670102,7.027957172223154e-05,0.0,0.0,0.5,10.0,5000,per_query,2087711238,1.3028322813178886e-07,4.679979415761046e-08,85.92831925402727,0.7937793922140882,225.88012460213724,0.004,instanton_2007-12-26_T20_delta0.30_tau20_am100.npz
2007-12-26,60,0.2,0.2231435513142097,60,100.0,1.8741868268427417,0.2231435513142106,0.22253595787960112,0.0006075934346085887,0.0,8.881784197001252e-16,0.5,10.0,5000,per_query,3737547939,0.0507047678339716,0.001535426256688562,2141.840234476157,0.9635386208325126,16.399163736473863,0.233,instanton_2007-12-26_T60_delta0.20_tau60_am100.npz
2007-12-26,60,0.3,0.35667494393873245,60,100.0,4.84589468697312,0.35667494393873245,0.35632090806732464,0.00035403587140780957,0.0,0.0,0.5,10.0,5000,per_query,2023667478,0.0013087388396816407,8.385772257071117e-05,499.70905717561965,1.0142705355888908,103.85556066280196,0.0678,instanton_2007-12-26_T60_delta0.30_tau60_am100.npz
2007-12-27,20,0.2,0.2231435513142097,20,100.0,5.286514813360325,0.2231435513142097,0.22309947449041623,4.407682379348188e-05,0.0,0.0,0.5,10.0,5000,per_query,1328280023,0.0006599765696031752,4.719069657308631e-05,266.93668196802673,1.0526798023142936,179.00863275095332,0.0526,instanton_2007-12-27_T20_delta0.20_tau20_am100.npz
2007-12-27,20,0.3,0.35667494393873245,20,50.0,14.765723291906793,0.35667494393873245,0.35489070424100166,0.0017842396977307828,0.0,0.0,0.5,10.0,5000,per_query,2618108927,1.5830562574523013e-08,5.2388379512916155e-09,73.33035485442291,0.8553272807321393,324.7235623242191,0.0022,instanton_2007-12-27_T20_delta0.30_tau20_am50.npz
2007-12-27,60,0.2,0.2231435513142097,60,100.0,2.0106742807603597,0.2231435513142097,0.22295372855009177,0.00018982276411794174,0.0,0.0,0.5,10.0,5000,per_query,2509701087,0.040175876587509325,0.0013400548283273007,1957.9593824210197,0.9683898623393626,24.720389338166683,0.21,instanton_2007-12-27_T60_delta0.20_tau60_am100.npz
2007-12-27,60,0.3,0.35667494393873245,60,100.0,5.3807327918239505,0.35667494393873245,0.35656419646829196,0.0001107474704404865,0.0,0.0,0.5,10.0,5000,per_query,594489243,0.0008468747039136613,5.908526488267558e-05,306.85537981566716,1.0465682308561495,191.17015393877912,0.0642,instanton_2007-12-27_T60_delta0.30_tau60_am100.npz
2007-12-28,20,0.2,0.2231435513142097,20,100.0,5.1362852610888154,0.2231435513142097,0.22310868183898158,3.4869475228127556e-05,0.0,0.0,0.5,10.0,5000,per_query,4236586799,0.000861762383652408,5.825490343864274e-05,486.45210721222736,0.9522517112767318,117.81540088746208,0.0614,instanton_2007-12-28_T20_delta0.20_tau20_am100.npz
2007-12-28,20,0.3,0.35667494393873245,20,50.0,14.548819686278156,0.35667494393873245,0.3550961108300488,0.0015788331086836749,0.0,0.0,0.5,10.0,5000,per_query,504924988,4.601088085044018e-08,1.256710663605684e-08,55.7015049564551,0.93197896530545,294.35458638954157,0.0048,instanton_2007-12-28_T20_delta0.30_tau20_am50.npz
2007-12-28,60,0.2,0.2231435513142097,60,100.0,1.957280481376951,0.2231435513142106,0.22299506003681469,0.0001484912773950242,0.0,8.881784197001252e-16,0.5,10.0,5000,per_query,3451582018,0.040432828778817605,0.0013666022790987747,1638.5059035675545,1.0134449849340639,45.333980349484285,0.2048,instanton_2007-12-28_T60_delta0.20_tau60_am100.npz
2007-12-28,60,0.3,0.35667494393873245,60,100.0,5.300077027004875,0.35667494393873245,0.3565883408901769,8.660304855556689e-05,0.0,0.0,0.5,10.0,5000,per_query,3544397044,0.0008121431370135058,5.645668915745539e-05,582.2836796066732,0.920550993710955,62.52274460212815,0.0598,instanton_2007-12-28_T60_delta0.30_tau60_am100.npz
2007-12-31,20,0.2,0.2231435513142097,20,50.0,4.681135540488317,0.2231435513142097,0.2211920327696788,0.0019515185445309058,0.0,0.0,0.5,10.0,5000,per_query,3918047148,0.0012519541803806531,7.821634728885139e-05,490.43727805392587,1.012289354855787,91.31598545691534,0.0646,instanton_2007-12-31_T20_delta0.20_tau20_am50.npz
2007-12-31,20,0.3,0.35667494393873245,20,50.0,14.118272941415386,0.35667494393873245,0.3555655763129817,0.0011093676257507568,0.0,0.0,0.5,10.0,5000,per_query,3496655155,2.8342107358030207e-08,8.843761826764368e-09,49.10661861833019,0.935492393824608,440.2665384952859,0.0032,instanton_2007-12-31_T20_delta0.30_tau20_am50.npz
2007-12-31,60,0.2,0.2231435513142097,60,100.0,1.8314506946985387,0.2231435513142097,0.22307114028835695,7.241102585275883e-05,0.0,0.0,0.5,10.0,5000,per_query,190148581,0.048067582796265385,0.0015009167831734835,1999.93418369873,0.9876736830090355,20.499363774843303,0.2208,instanton_2007-12-31_T60_delta0.20_tau60_am100.npz
2007-12-31,60,0.3,0.35667494393873245,60,100.0,5.136605116495776,0.35667494393873245,0.35663318529179566,4.175864693678477e-05,0.0,0.0,0.5,10.0,5000,per_query,3137274752,0.0009270448236190384,5.937819213643742e-05,525.5997618921562,0.9808249370645877,79.07951937127088,0.0616,instanton_2007-12-31_T60_delta0.30_tau60_am100.npz
2008-01-02,20,0.2,0.2231435513142097,20,50.0,4.205983684118698,0.2231435513142097,0.22182067573133057,0.001322875582879135,0.0,0.0,0.5,10.0,5000,per_query,2504318950,0.0024134720935268675,0.00013571589010698913,450.2905611504543,0.9799115848842568,164.26164473744802,0.0792,instanton_2008-01-02_T20_delta0.20_tau20_am50.npz
2008-01-02,20,0.3,0.35667494393873245,20,50.0,13.31008877216921,0.35667494393873245,0.35594896443114443,0.0007259795075880149,0.0,0.0,0.5,10.0,5000,per_query,2480804281,1.5009597408180536e-07,3.399622304122982e-08,36.763017483911064,0.9425675847802879,428.7640190213632,0.0052,instanton_2008-01-02_T20_delta0.30_tau20_am50.npz
2008-01-02,60,0.2,0.2231435513142097,60,100.0,1.6483275467782001,0.2231435513142097,0.223112537101688,3.101421252171832e-05,0.0,0.0,0.5,10.0,5000,per_query,843220276,0.05857340640994089,0.0017575133743771758,2177.8094302427967,0.9912330978154953,17.781672109092444,0.239,instanton_2008-01-02_T60_delta0.20_tau60_am100.npz
2008-01-02,60,0.3,0.35667494393873245,60,100.0,4.846388054744771,0.35667494393873245,0.35665761000819174,1.733393054070831e-05,0.0,0.0,0.5,10.0,5000,per_query,1525452834,0.0013717952539932582,8.792308415401784e-05,651.102180950922,0.9878048660930603,58.30833787454102,0.0712,instanton_2008-01-02_T60_delta0.30_tau60_am100.npz
2008-01-03,20,0.2,0.2231435513142097,20,50.0,4.2750962394026875,0.2231435513142097,0.2218447426690986,0.0012988086451111158,0.0,0.0,0.5,10.0,5000,per_query,3033032402,0.002117188122038405,0.0001459727361085244,683.2693464884887,1.0083326391292728,70.38419223396315,0.0748,instanton_2008-01-03_T20_delta0.20_tau20_am50.npz
2008-01-03,20,0.3,0.35667494393873245,20,50.0,13.534883823212503,0.35667494393873245,0.3559592742700177,0.0007156696687147246,0.0,0.0,0.5,10.0,5000,per_query,2828628277,1.5017335611395174e-07,6.438802286757828e-08,21.818070459713017,1.106014880404029,944.609249365984,0.0044,instanton_2008-01-03_T20_delta0.30_tau20_am50.npz
2008-01-03,60,0.2,0.2231435513142097,60,100.0,1.6729889353640859,0.2231435513142106,0.22311389827908545,2.965303512425521e-05,0.0,8.881784197001252e-16,0.5,10.0,5000,per_query,1788917249,0.05957350918907166,0.0017525834982936462,2178.0058557232965,0.9867784282785642,24.068530561587906,0.2466,instanton_2008-01-03_T60_delta0.20_tau60_am100.npz
2008-01-03,60,0.3,0.35667494393873245,60,100.0,4.921496729488167,0.35667494393873245,0.35665804699381276,1.689694491968652e-05,0.0,0.0,0.5,10.0,5000,per_query,2746051739,0.001299322134904589,8.333197657264613e-05,177.4525345365471,1.152932608961183,307.7996191900919,0.0712,instanton_2008-01-03_T60_delta0.30_tau60_am100.npz
2008-01-04,20,0.2,0.2231435513142097,20,50.0,2.823368621616762,0.2231435513142097,0.22269908051337683,0.0004444708008328746,0.0,0.0,0.5,10.0,5000,per_query,572063408,0.012399451055194584,0.0005294214591551808,1248.0003931717956,0.9829223784016754,27.47644390945871,0.1366,instanton_2008-01-04_T20_delta0.20_tau20_am50.npz
2008-01-04,20,0.3,0.35667494393873245,20,50.0,10.645552371804875,0.35667494393873245,0.35645934694583126,0.00021559699290119028,0.0,0.0,0.5,10.0,5000,per_query,1442701685,1.992891839846264e-06,3.424476531994959e-07,135.71427934743656,0.8716036430130374,203.32869846565907,0.0094,instanton_2008-01-04_T20_delta0.30_tau20_am50.npz
2008-01-04,60,0.2,0.2231435513142097,60,50.0,1.107806828416691,0.2231435513142097,0.22167166621523826,0.0014718850989714483,0.0,0.0,0.5,10.0,5000,per_query,2798763392,0.11677984232291942,0.002846856789528549,2896.7326020594264,0.9861600888616479,9.901736083223186,0.308,instanton_2008-01-04_T60_delta0.20_tau60_am50.npz
2008-01-04,60,0.3,0.35667494393873245,60,50.0,3.8898978766216357,0.35667494393873245,0.3558943211831611,0.0007806227555713363,0.0,0.0,0.5,10.0,5000,per_query,691580209,0.004090103395106197,0.0002068429696488672,799.1169927139387,0.9659264448638609,52.81069855102053,0.0992,instanton_2008-01-04_T60_delta0.30_tau60_am50.npz
2008-01-07,20,0.2,0.2231435513142097,20,50.0,2.943099313413243,0.2231435513142097,0.22271240773466694,0.00043114357954276983,0.0,0.0,0.5,10.0,5000,per_query,3317514393,0.01081014347226759,0.0004457012266084773,992.937049827655,1.002938533830012,75.57277486011004,0.1352,instanton_2008-01-07_T20_delta0.20_tau20_am50.npz
2008-01-07,20,0.3,0.35667494393873245,20,50.0,11.113024861258797,0.35667494393873245,0.35646407935608426,0.00021086458264818475,0.0,0.0,0.5,10.0,5000,per_query,1315516418,1.447986041309491e-06,2.3538073460217658e-07,86.08370241813569,0.9802202591310368,278.7921468088732,0.011,instanton_2008-01-07_T20_delta0.30_tau20_am50.npz
2008-01-07,60,0.2,0.2231435513142097,60,50.0,1.1519790226831117,0.2231435513142097,0.22171239654673514,0.001431154767474574,0.0,0.0,0.5,10.0,5000,per_query,2639388521,0.11046036534280564,0.0028020534571722155,2863.553883894274,1.035620712302498,13.30083117849084,0.2966,instanton_2008-01-07_T60_delta0.20_tau60_am50.npz
2008-01-07,60,0.3,0.35667494393873245,60,50.0,4.048105890722487,0.35667494393873245,0.3559124648682177,0.0007624790705147433,0.0,0.0,0.5,10.0,5000,per_query,1483393844,0.003521024040756222,0.0001910730743494538,664.3854950332392,1.0257727990636214,88.19493896061168,0.0944,instanton_2008-01-07_T60_delta0.30_tau60_am50.npz
2008-01-08,20,0.2,0.2231435513142097,20,50.0,2.122749981262249,0.2231435513142097,0.22292433586723526,0.00021921544697445228,0.0,0.0,0.5,10.0,5000,per_query,460183777,0.02959951569401319,0.0010563091374543258,1747.9201281044889,1.0106309353725154,27.505491132302602,0.182,instanton_2008-01-08_T20_delta0.20_tau20_am50.npz
2008-01-08,20,0.3,0.35667494393873245,20,50.0,9.287004315106843,0.35667494393873245,0.3565780074199161,9.693651881637066e-05,0.0,0.0,0.5,10.0,5000,per_query,1717796676,9.947155599305525e-06,1.267355017570444e-06,193.0321179286312,0.8319107515685304,135.91231567665938,0.0164,instanton_2008-01-08_T20_delta0.30_tau20_am50.npz
2008-01-08,60,0.2,0.2231435513142097,60,50.0,0.8586347945062,0.2231435513142097,0.22242832262951673,0.0007152286846929812,0.0,0.0,0.5,10.0,5000,per_query,3894723707,0.1809316328424954,0.0037754936396835886,3228.9639410430473,0.9738907436211446,16.00728959587337,0.3796,instanton_2008-01-08_T60_delta0.20_tau60_am50.npz
2008-01-08,60,0.3,0.35667494393873245,60,50.0,3.4225273019635325,0.35667494393873245,0.3563273932226396,0.00034755071609282595,0.0,0.0,0.5,10.0,5000,per_query,2155471739,0.0066696454721769495,0.000309079525040714,1098.272956887615,0.9967397430098741,34.87708459935371,0.1116,instanton_2008-01-08_T60_delta0.30_tau60_am50.npz
2008-01-09,20,0.2,0.2231435513142097,20,50.0,2.480782016331449,0.2231435513142097,0.2228076671573591,0.0003358841568505966,0.0,0.0,0.5,10.0,5000,per_query,3673877198,0.020680594900758582,0.0007891367014064912,1459.5252678097595,0.986875326421309,34.37629130905052,0.1704,instanton_2008-01-09_T20_delta0.20_tau20_am50.npz
2008-01-09,20,0.3,0.35667494393873245,20,50.0,9.896216469397373,0.35667494393873245,0.3565182206051416,0.0001567233335908469,0.0,0.0,0.5,10.0,5000,per_query,1148296358,4.863504178269995e-06,6.832855124534946e-07,251.7612375346031,0.975732188646251,91.96757440885062,0.0134,instanton_2008-01-09_T20_delta0.30_tau20_am50.npz
2008-01-09,60,0.2,0.2231435513142097,60,50.0,0.9863204420746157,0.2231435513142097,0.22203904563033205,0.0011045056838776546,0.0,0.0,0.5,10.0,5000,per_query,2641346440,0.14231100367123026,0.0033150584933004062,3187.3362534078947,0.9881377862663497,7.983294663911046,0.334,instanton_2008-01-09_T60_delta0.20_tau60_am50.npz
2008-01-09,60,0.3,0.35667494393873245,60,50.0,3.6337681628919345,0.35667494393873245,0.35610975027024505,0.0005651936684873959,0.0,0.0,0.5,10.0,5000,per_query,627768122,0.0054272646845795755,0.0002778606988028571,1023.2169997850849,0.9686734559329121,52.77797914857677,0.1022,instanton_2008-01-09_T60_delta0.30_tau60_am50.npz
2008-01-10,20,0.2,0.2231435513142097,20,50.0,3.34444638756978,0.2231435513142097,0.2226944143593741,0.0004491369548356161,0.0,0.0,0.5,10.0,5000,per_query,3655842928,0.006693669189201268,0.0003237208871207732,544.462560287899,1.101835678742677,155.9195084465191,0.1096,instanton_2008-01-10_T20_delta0.20_tau20_am50.npz
2008-01-10,20,0.3,0.35667494393873245,20,50.0,12.411476922411218,0.35667494393873245,0.35644879077234837,0.0002261531663840799,0.0,0.0,0.5,10.0,5000,per_query,3326637293,3.005291139076374e-07,5.848670926853523e-08,82.13335845214178,0.8248386799001268,298.7937364071888,0.0058,instanton_2008-01-10_T20_delta0.30_tau20_am50.npz
2008-01-10,60,0.2,0.2231435513142097,60,50.0,1.2962933790663906,0.2231435513142097,0.22164299834489132,0.0015005529693183917,0.0,0.0,0.5,10.0,5000,per_query,3274659090,0.09321834129686045,0.002395659294265805,2531.694660232663,1.0226251928648797,15.441530244408396,0.2884,instanton_2008-01-10_T60_delta0.20_tau60_am50.npz
2008-01-10,60,0.3,0.35667494393873245,60,50.0,4.484542404604484,0.35667494393873245,0.3558570160534771,0.0008179278852553651,0.0,0.0,0.5,10.0,5000,per_query,381657970,0.001984837356358099,0.00011819156825341586,823.8934267272417,0.9441776659723586,46.86712873326015,0.0788,instanton_2008-01-10_T60_delta0.30_tau60_am50.npz
2008-01-11,20,0.2,0.2231435513142097,20,50.0,2.990047440686576,0.2231435513142097,0.22282308116639715,0.0003204701478125571,0.0,0.0,0.5,10.0,5000,per_query,3113856464,0.009695240280948274,0.0004135736750501158,1274.5098093721576,0.9789371467247556,34.260299927447775,0.1286,instanton_2008-01-11_T20_delta0.20_tau20_am50.npz
2008-01-11,20,0.3,0.35667494393873245,20,50.0,11.844074080736325,0.35667494393873245,0.3565197489708005,0.00015519496793192644,0.0,0.0,0.5,10.0,5000,per_query,1575630347,5.445328225330268e-07,9.711958258828628e-08,79.74535992453298,0.9510331747799301,386.1827275821925,0.0084,instanton_2008-01-11_T20_delta0.30_tau20_am50.npz
2008-01-11,60,0.2,0.2231435513142097,60,50.0,1.1740005333505061,0.2231435513142097,0.22208073095203495,0.0010628203621747545,0.0,0.0,0.5,10.0,5000,per_query,785868482,0.10988080163772027,0.0027238814750762197,2814.8873432178443,0.9955461248643683,11.06555386231659,0.3004,instanton_2008-01-11_T60_delta0.20_tau60_am50.npz
2008-01-11,60,0.3,0.35667494393873245,60,50.0,4.292134449888358,0.35667494393873245,0.3561156433499928,0.0005593005887396529,0.0,0.0,0.5,10.0,5000,per_query,845978233,0.002709406743590234,0.00015151519659823117,626.78448702812,0.9710625202953314,101.12344551872982,0.0886,instanton_2008-01-11_T60_delta0.30_tau60_am50.npz
2008-01-14,20,0.2,0.2231435513142097,20,50.0,3.312494766951849,0.2231435513142097,0.22269611067912454,0.0004474406350851723,0.0,0.0,0.5,10.0,5000,per_query,3189367992,0.006781135129980485,0.00031529943895917235,903.9230525364995,1.0513096379437836,52.674957056124484,0.114,instanton_2008-01-14_T20_delta0.20_tau20_am50.npz
2008-01-14,20,0.3,0.35667494393873245,20,50.0,12.310592141883658,0.35667494393873245,0.3564500832372133,0.00022486070151916948,0.0,0.0,0.5,10.0,5000,per_query,2128905696,4.3686038114632893e-07,8.627310459483941e-08,21.972883077191806,1.1164235565923448,989.565667047279,0.007,instanton_2008-01-14_T20_delta0.30_tau20_am50.npz
2008-01-14,60,0.2,0.2231435513142097,60,50.0,1.2848829649887903,0.2231435513142097,0.22165045262364025,0.001493098690569461,0.0,0.0,0.5,10.0,5000,per_query,1117812415,0.09392752976623792,0.002473656074092832,2530.306111640459,1.0118614859512995,18.45251679985721,0.283,instanton_2008-01-14_T60_delta0.20_tau60_am50.npz
2008-01-14,60,0.3,0.35667494393873245,60,50.0,4.450794524364816,0.35667494393873245,0.35586168168724086,0.0008132622514915866,0.0,0.0,0.5,10.0,5000,per_query,3917517158,0.002043572699506552,0.00013129293453800265,601.2567055086024,0.9855685647622706,114.3002304569216,0.0746,instanton_2008-01-14_T60_delta0.30_tau60_am50.npz
2008-01-15,20,0.2,0.2231435513142097,20,50.0,2.1090496550430187,0.2231435513142097,0.22296579115034376,0.00017776016386594762,0.0,0.0,0.5,10.0,5000,per_query,2465224621,0.029031882735332356,0.0010198655967555623,1911.2268714731501,0.9780389189104202,28.20529065683461,0.1832,instanton_2008-01-15_T20_delta0.20_tau20_am50.npz
2008-01-15,20,0.3,0.35667494393873245,20,50.0,9.653353544126672,0.35667494393873245,0.35659741198051353,7.753195821891268e-05,0.0,0.0,0.5,10.0,5000,per_query,2634601859,6.302890082658292e-06,8.952303926797719e-07,114.11010009660026,0.9922711007494123,295.57988013735553,0.0148,instanton_2008-01-15_T20_delta0.30_tau20_am50.npz
2008-01-15,60,0.2,0.2231435513142097,60,50.0,0.8563923633091329,0.2231435513142097,0.22256382807579556,0.0005797232384141537,0.0,0.0,0.5,10.0,5000,per_query,96459973,0.17780206447165625,0.003763648038074415,3050.282669990809,1.0048032261430935,16.57980636782012,0.3714,instanton_2008-01-15_T60_delta0.20_tau60_am50.npz
2008-01-15,60,0.3,0.35667494393873245,60,50.0,3.54568269754569,0.35667494393873245,0.3563975352922206,0.00027740864651182306,0.0,0.0,0.5,10.0,5000,per_query,1923674556,0.006324983371968699,0.00031717138566508487,745.0832115703043,1.0397107710751492,63.709600056675285,0.1114,instanton_2008-01-15_T60_delta0.30_tau60_am50.npz
2008-01-16,20,0.2,0.2231435513142097,20,50.0,1.864510327136652,0.2231435513142097,0.22301718688419658,0.00012636443001312614,0.0,0.0,0.5,10.0,5000,per_query,2525462253,0.04182766289249511,0.001354588241249932,1991.6621263353657,0.9879426191007511,24.82187148701893,0.2086,instanton_2008-01-16_T20_delta0.20_tau20_am50.npz
2008-01-16,20,0.3,0.35667494393873245,20,50.0,9.346450949011333,0.35667494393873245,0.35662240045485305,5.2543483879397e-05,0.0,0.0,0.5,10.0,5000,per_query,2243671943,6.260371001124563e-06,8.631837726733082e-07,252.86703412276395,0.8726248391923662,92.77224569293682,0.0132,instanton_2008-01-16_T20_delta0.30_tau20_am50.npz
2008-01-16,60,0.2,0.2231435513142097,60,50.0,0.7683756298067441,0.2231435513142097,0.22273374361776543,0.0004098076964442754,0.0,0.0,0.5,10.0,5000,per_query,1240651762,0.1958024399983353,0.0040633860705715005,3492.515530117779,0.9831591775562786,5.742072236576739,0.3828,instanton_2008-01-16_T60_delta0.20_tau60_am50.npz
2008-01-16,60,0.3,0.35667494393873245,60,50.0,3.4370616893561188,0.35667494393873245,0.35648773852300675,0.0001872054157256997,0.0,0.0,0.5,10.0,5000,per_query,1278731353,0.006642908872796513,0.00030488691884406174,1078.3729426298896,0.9744238979567603,35.932257633384445,0.1156,instanton_2008-01-16_T60_delta0.30_tau60_am50.npz
2008-01-17,20,0.2,0.2231435513142097,20,50.0,0.8609495779967646,0.2231435513142097,0.22309705092646848,4.6500387741232885e-05,0.0,0.0,0.5,10.0,5000,per_query,1396891363,0.16135253594957744,0.0034705387892281273,3294.9500994459554,0.9903665096574725,7.379061131739554,0.3564,instanton_2008-01-17_T20_delta0.20_tau20_am50.npz
2008-01-17,20,0.3,0.35667494393873245,20,50.0,6.358505390366017,0.35667494393873245,0.3566596562309359,1.5287707796574068e-05,0.0,0.0,0.5,10.0,5000,per_query,741184924,0.0002555687204028799,2.1125508933572137e-05,59.61516847400732,1.0554508466453845,628.6304300972993,0.0422,instanton_2008-01-17_T20_delta0.30_tau20_am50.npz
2008-01-17,60,0.2,0.2231435513142097,60,50.0,0.38593757259709677,0.2231435513142097,0.2229971982800114,0.00014635303419829881,0.0,0.0,0.5,10.0,5000,per_query,3667159306,0.3674070220886613,0.005617677659348483,4161.79857657043,0.9965079254890292,3.691962501352692,0.515,instanton_2008-01-17_T60_delta0.20_tau60_am50.npz
2008-01-17,60,0.3,0.35667494393873245,60,50.0,2.3944911302706644,0.35667494393873245,0.3566216319094897,5.331202924274692e-05,0.0,0.0,0.5,10.0,5000,per_query,2357335778,0.022655296217030503,0.0008805874377069792,1576.363681608676,1.0199517408410284,28.067408356137918,0.1658,instanton_2008-01-17_T60_delta0.30_tau60_am50.npz
2008-01-18,20,0.2,0.2231435513142097,20,50.0,0.6236412217945844,0.2231435513142097,0.2231113221356873,3.2229178522413804e-05,0.0,0.0,0.5,10.0,5000,per_query,686566561,0.21880771486820286,0.00432962110834084,3727.6412114574964,1.0085696973241476,5.51294526472872,0.3874,instanton_2008-01-18_T20_delta0.20_tau20_am50.npz
2008-01-18,20,0.3,0.35667494393873245,20,50.0,5.630761435001356,0.35667494393873245,0.3566653630355372,9.580903195249846e-06,0.0,0.0,0.5,10.0,5000,per_query,1460720804,0.0005332944139587553,3.920598769322336e-05,455.92171361468405,0.9499765958733686,104.57558507361001,0.0518,instanton_2008-01-18_T20_delta0.30_tau20_am50.npz
2008-01-18,60,0.2,0.2231435513142097,60,50.0,0.29206089153774495,0.2231435513142097,0.22304302506696683,0.0001005262472428825,0.0,0.0,0.5,10.0,5000,per_query,3501731116,0.4516482211681886,0.0060185190530557655,4294.594996428837,0.9989184777585782,3.83433274365301,0.5808,instanton_2008-01-18_T60_delta0.20_tau60_am50.npz
2008-01-18,60,0.3,0.35667494393873245,60,50.0,2.13579072926799,0.35667494393873245,0.3566418132847362,3.313065399623838e-05,0.0,0.0,0.5,10.0,5000,per_query,957667248,0.034231038252260766,0.001099444155123874,1586.0162006842563,0.9634604281092964,26.650808198215916,0.21,instanton_2008-01-18_T60_delta0.30_tau60_am50.npz
2008-01-22,20,0.2,0.2231435513142097,20,50.0,0.4352480414622452,0.2231435513142097,0.22312075050420255,2.2800810007161942e-05,0.0,0.0,0.5,10.0,5000,per_query,2435257641,0.30304258645943494,0.005122438378540139,4001.154919074481,1.0052043203721328,4.38208162196007,0.4596,instanton_2008-01-22_T20_delta0.20_tau20_am50.npz
2008-01-22,20,0.3,0.35667494393873245,20,50.0,5.013961051417723,0.35667494393873245,0.3566688707421042,6.073196628264554e-06,0.0,0.0,0.5,10.0,5000,per_query,3076959908,0.0010021862488896367,6.847967804885425e-05,431.0360705299178,1.0216162718229307,85.75319046722592,0.0608,instanton_2008-01-22_T20_delta0.30_tau20_am50.npz
2008-01-22,60,0.2,0.2231435513142097,60,50.0,0.21567955781685197,0.2231435513142097,0.22307301376868427,7.053754552543978e-05,0.0,0.0,0.5,10.0,5000,per_query,3669914286,0.5159395346866363,0.006262933665655824,4512.199580642845,0.998293401173758,2.78269580331083,0.6188,instanton_2008-01-22_T60_delta0.20_tau60_am50.npz
2008-01-22,60,0.3,0.35667494393873245,60,50.0,1.9151728106630952,0.35667494393873245,0.3566541278059976,2.0816132734857717e-05,0.0,0.0,0.5,10.0,5000,per_query,542720667,0.042807647293936636,0.0013360314528369735,1909.6857776164825,0.9949022624300755,19.926447642228254,0.218,instanton_2008-01-22_T60_delta0.30_tau60_am50.npz
2008-01-23,20,0.2,0.2231435513142097,20,50.0,0.8221121370918684,0.2231435513142097,0.223091507933602,5.204338060771363e-05,0.0,0.0,0.5,10.0,5000,per_query,1996123455,0.16571478668459277,0.003606139909705475,3352.7039993319254,0.9906151239400526,7.28685825579095,0.3532,instanton_2008-01-23_T20_delta0.20_tau20_am50.npz
2008-01-23,20,0.3,0.35667494393873245,20,50.0,5.799966246494995,0.35667494393873245,0.35665767853750285,1.7265401229593635e-05,0.0,0.0,0.5,10.0,5000,per_query,1155375983,0.0004133287065256466,3.152294584152296e-05,514.7037809092425,1.005005229882443,72.35519083115001,0.0478,instanton_2008-01-23_T20_delta0.30_tau20_am50.npz
2008-01-23,60,0.2,0.2231435513142097,60,50.0,0.3675169908308214,0.2231435513142097,0.22298009947449682,0.00016345183971289146,0.0,0.0,0.5,10.0,5000,per_query,1284750637,0.37993121055975243,0.005741016992929669,4147.11921298752,1.0052186468809199,3.7659987360292515,0.5224,instanton_2008-01-23_T60_delta0.20_tau60_am50.npz
2008-01-23,60,0.3,0.35667494393873245,60,50.0,2.1981350987185824,0.35667494393873245,0.3566148831247311,6.0060814001339224e-05,0.0,0.0,0.5,10.0,5000,per_query,4234025326,0.030833534060496312,0.0010209308937538875,1545.7961546778013,0.9948517677063692,33.4849844188202,0.1962,instanton_2008-01-23_T60_delta0.30_tau60_am50.npz
2008-01-24,20,0.2,0.2231435513142097,20,50.0,1.0034786448219881,0.2231435513142097,0.2230725223867367,7.102892747301581e-05,0.0,0.0,0.5,10.0,5000,per_query,995343881,0.1236691121882658,0.00300331393851208,3019.161017614399,1.0049950212188903,9.577515224978542,0.307,instanton_2008-01-24_T20_delta0.20_tau20_am50.npz
2008-01-24,20,0.3,0.35667494393873245,20,50.0,6.22383137831138,0.35667494393873245,0.35664975314261493,2.5190796117513514e-05,0.0,0.0,0.5,10.0,5000,per_query,112612098,0.00025508408307751274,2.083421931397664e-05,506.28202093289013,0.9684618575164695,45.4152957632353,0.0408,instanton_2008-01-24_T20_delta0.30_tau20_am50.npz
2008-01-24,60,0.2,0.2231435513142097,60,50.0,0.43747138793175383,0.2231435513142097,0.22291905497508413,0.00022449633912557942,0.0,0.0,0.5,10.0,5000,per_query,1037733296,0.33691090810465674,0.005379459937117118,4033.864636974871,1.0010616030079642,4.358279262561613,0.4936,instanton_2008-01-24_T60_delta0.20_tau60_am50.npz
2008-01-24,60,0.3,0.35667494393873245,60,50.0,2.3496736096312385,0.35667494393873245,0.3565868022206109,8.814171812154825e-05,0.0,0.0,0.5,10.0,5000,per_query,975382579,0.023357999686719665,0.0008598248171836884,1730.3311751682586,0.9989415301913945,23.205637545416128,0.1726,instanton_2008-01-24_T60_delta0.30_tau60_am50.npz
2008-01-25,20,0.2,0.2231435513142097,20,50.0,0.6635145308143753,0.2231435513142097,0.22310192454200362,4.1626772206093676e-05,0.0,0.0,0.5,10.0,5000,per_query,4182814718,0.20870344668517313,0.004070194667808319,3587.16948926455,0.9998565095402185,10.200908742984405,0.391,instanton_2008-01-25_T20_delta0.20_tau20_am50.npz
2008-01-25,20,0.3,0.35667494393873245,20,50.0,5.225912045125013,0.35667494393873245,0.35666195003531787,1.2993903414582064e-05,0.0,0.0,0.5,10.0,5000,per_query,3103557747,0.0007344969623132343,5.184556249275433e-05,331.9786436884823,1.014677089225554,144.3833238853314,0.0552,instanton_2008-01-25_T20_delta0.30_tau20_am50.npz
2008-01-25,60,0.2,0.2231435513142097,60,50.0,0.30410076785715034,0.2231435513142097,0.2230136399378564,0.00012991137635331995,0.0,0.0,0.5,10.0,5000,per_query,2281391750,0.4356414871812749,0.005900156584530078,4274.450921911101,1.000698517756167,3.4693012152040343,0.5696,instanton_2008-01-25_T60_delta0.20_tau60_am50.npz
2008-01-25,60,0.3,0.35667494393873245,60,50.0,1.9928786103343834,0.35667494393873245,0.356629997089863,4.494684886946487e-05,0.0,0.0,0.5,10.0,5000,per_query,3969979099,0.04015828484385588,0.0013050955877229834,1611.1430900011824,0.9924421542783793,49.083238768026156,0.2124,instanton_2008-01-25_T60_delta0.30_tau60_am50.npz
2008-01-28,20,0.2,0.2231435513142097,20,50.0,0.9743377295412382,0.2231435513142097,0.22306760567757777,7.594563663193554e-05,0.0,0.0,0.5,10.0,5000,per_query,3086470115,0.1330892240632343,0.003099362052318299,3023.466410410891,1.004045828938858,8.850002286443443,0.3202,instanton_2008-01-28_T20_delta0.20_tau20_am50.npz
2008-01-28,20,0.3,0.35667494393873245,20,50.0,5.915261901969322,0.35667494393873245,0.3566479319514295,2.701198730292731e-05,0.0,0.0,0.5,10.0,5000,per_query,2837675841,0.00037533780362257636,2.795710327157176e-05,229.56480032596596,1.0210902590583486,223.4988953245897,0.045,instanton_2008-01-28_T20_delta0.30_tau20_am50.npz
2008-01-28,60,0.2,0.2231435513142097,60,50.0,0.4244798881499651,0.2231435513142097,0.22290380890854156,0.00023974240566815297,0.0,0.0,0.5,10.0,5000,per_query,183686378,0.34327438830226903,0.005399867339814593,4045.027907118944,1.003183000931438,4.656826376154584,0.4984,instanton_2008-01-28_T60_delta0.20_tau60_am50.npz
2008-01-28,60,0.3,0.35667494393873245,60,50.0,2.240630348881631,0.35667494393873245,0.35658046016323386,9.448377549858833e-05,0.0,0.0,0.5,10.0,5000,per_query,1680260454,0.02850758755863388,0.0009729056535402548,1209.7312321240656,1.0094968251050247,59.064584883183294,0.1912,instanton_2008-01-28_T60_delta0.30_tau60_am50.npz
2008-01-29,20,0.2,0.2231435513142097,20,50.0,1.0810749637178314,0.2231435513142097,0.22305191888980946,9.163242440024533e-05,0.0,0.0,0.5,10.0,5000,per_query,4068383786,0.11434508140464159,0.002762441615847494,2875.109207514402,1.0001341608515146,12.7998501482914,0.3056,instanton_2008-01-29_T20_delta0.20_tau20_am50.npz
2008-01-29,20,0.3,0.35667494393873245,20,50.0,6.145563495694371,0.35667494393873245,0.35664123327777286,3.371066095958497e-05,0.0,0.0,0.5,10.0,5000,per_query,2464694641,0.0003107037573180579,2.3794453986523565e-05,355.51136224847244,1.0174109329034549,101.96692170234788,0.0452,instanton_2008-01-29_T20_delta0.30_tau20_am50.npz
2008-01-29,60,0.2,0.2231435513142097,60,50.0,0.4652199800526016,0.2231435513142097,0.2228533735845426,0.0002901777296671071,0.0,0.0,0.5,10.0,5000,per_query,3571412094,0.3127804710390439,0.005206914403102031,3965.5449244220117,0.9998449431352968,4.587337821710637,0.4744,instanton_2008-01-29_T60_delta0.20_tau60_am50.npz
2008-01-29,60,0.3,0.35667494393873245,60,50.0,2.3230884080764778,0.35667494393873245,0.35655657991978895,0.00011836401894349535,0.0,0.0,0.5,10.0,5000,per_query,1310668447,0.025836231535167054,0.0009018018990892943,1726.1903817667896,0.9862628525085106,18.515845497603813,0.1852,instanton_2008-01-29_T60_delta0.30_tau60_am50.npz
2008-01-30,20,0.2,0.2231435513142097,20,50.0,0.9180396680845208,0.2231435513142097,0.22307426585982704,6.928545438267264e-05,0.0,0.0,0.5,10.0,5000,per_query,2426201452,0.14096700105939286,0.00323953670736387,3181.594646637038,1.0154458294019881,8.395797869410744,0.3256,instanton_2008-01-30_T20_delta0.20_tau20_am50.npz
2008-01-30,20,0.3,0.35667494393873245,20,50.0,5.770923281792466,0.35667494393873245,0.35665077219341423,2.417174531821331e-05,0.0,0.0,0.5,10.0,5000,per_query,1291488482,0.0004608638302499279,3.3950025340412133e-05,451.1465699595501,0.9899999516954305,106.01243612585512,0.0508,instanton_2008-01-30_T20_delta0.30_tau20_am50.npz
2008-01-30,60,0.2,0.2231435513142097,60,50.0,0.4027136009511216,0.2231435513142097,0.22292530148685774,0.0002182498273519684,0.0,0.0,0.5,10.0,5000,per_query,4106005341,0.3586976526904632,0.005506654706224595,4052.3132269529256,1.0082054749558775,4.201680854494601,0.5116,instanton_2008-01-30_T60_delta0.20_tau60_am50.npz
2008-01-30,60,0.3,0.35667494393873245,60,50.0,2.1889676967755425,0.35667494393873245,0.3565905151423534,8.442879637904355e-05,0.0,0.0,0.5,10.0,5000,per_query,891828028,0.02998231744381641,0.0010339971113962334,1634.8699042403284,0.9969651592112472,36.26609439052728,0.1892,instanton_2008-01-30_T60_delta0.30_tau60_am50.npz
2008-01-31,20,0.2,0.2231435513142097,20,50.0,1.2703582661218724,0.2231435513142097,0.2230053746411258,0.0001381766730839118,0.0,0.0,0.5,10.0,5000,per_query,713588732,0.09087686732149888,0.0024144157270506957,2589.808678438239,1.0191013893771603,15.637382630568652,0.279,instanton_2008-01-31_T20_delta0.20_tau20_am50.npz
2008-01-31,20,0.3,0.35667494393873245,20,50.0,6.381880877114458,0.35667494393873245,0.35662071986290567,5.4224075826780904e-05,0.0,0.0,0.5,10.0,5000,per_query,791609067,0.00023304298252654548,1.9465378521528917e-05,241.13755764065877,1.0097039082169632,233.72103151697118,0.0424,instanton_2008-01-31_T20_delta0.30_tau20_am50.npz
2008-01-31,60,0.2,0.2231435513142097,60,50.0,0.5355081972769284,0.2231435513142097,0.22270278138628452,0.00044076992792518865,0.0,0.0,0.5,10.0,5000,per_query,4011317140,0.28316677483778685,0.004965424060719762,3855.5600605867544,1.0115837257475433,4.347009800522757,0.451,instanton_2008-01-31_T60_delta0.20_tau60_am50.npz
2008-01-31,60,0.3,0.35667494393873245,60,50.0,2.4082379204274416,0.35667494393873245,0.35648375234442486,0.0001911915943075826,0.0,0.0,0.5,10.0,5000,per_query,3015184678,0.023347562717644467,0.0008488898251435765,1483.829076868911,0.9851340269149248,49.213123721272666,0.1786,instanton_2008-01-31_T60_delta0.30_tau60_am50.npz
2008-02-01,20,0.2,0.2231435513142097,20,50.0,1.5975696872804483,0.2231435513142097,0.2228828892870265,0.00026066202718322273,0.0,0.0,0.5,10.0,5000,per_query,3563656738,0.059661294520247043,0.0017355943010426158,2268.4034847585153,0.9806927175434857,14.795266022694218,0.2454,instanton_2008-02-01_T20_delta0.20_tau20_am50.npz
2008-02-01,20,0.3,0.35667494393873245,20,50.0,6.876737448422249,0.35667494393873245,0.35656396013818625,0.00011098380054619383,0.0,0.0,0.5,10.0,5000,per_query,4022570188,0.00014655108451440627,1.284120519057808e-05,146.8899812010088,0.9979573279455044,323.32635036586856,0.0342,instanton_2008-02-01_T20_delta0.30_tau20_am50.npz
2008-02-01,60,0.2,0.2231435513142097,60,50.0,0.655653433257916,0.2231435513142097,0.22230347376247028,0.0008400775517394266,0.0,0.0,0.5,10.0,5000,per_query,1303270656,0.23313466484046239,0.004448995674852477,3574.6381246120723,1.0034552595010366,7.6305429213049845,0.4138,instanton_2008-02-01_T60_delta0.20_tau60_am50.npz
2008-02-01,60,0.3,0.35667494393873245,60,50.0,2.584572907983537,0.35667494393873245,0.35627888839721855,0.00039605554151389555,0.0,0.0,0.5,10.0,5000,per_query,2754541785,0.017370977753961132,0.0007037678837504014,1293.4507521602075,1.0026303238139254,44.99682555426487,0.1546,instanton_2008-02-01_T60_delta0.30_tau60_am50.npz
2008-02-04,20,0.2,0.2231435513142097,20,50.0,1.4090720604667704,0.2231435513142097,0.22298601207672064,0.00015753923748906828,0.0,0.0,0.5,10.0,5000,per_query,2194904874,0.07271256618396255,0.0019467866470336023,2485.1914354702603,0.98890593686965,13.610977249196589,0.263,instanton_2008-02-04_T20_delta0.20_tau20_am50.npz
2008-02-04,20,0.3,0.35667494393873245,20,50.0,6.814609687336394,0.35667494393873245,0.3566115275083348,6.341643039764477e-05,0.0,0.0,0.5,10.0,5000,per_query,2531302917,0.00014267334563910182,1.2136453034356339e-05,419.5211742512077,0.9051585454909044,95.57054135185555,0.037,instanton_2008-02-04_T20_delta0.30_tau20_am50.npz
2008-02-04,60,0.2,0.2231435513142097,60,50.0,0.5886369067075058,0.2231435513142097,0.22263894912970006,0.0005046021845096504,0.0,0.0,0.5,10.0,5000,per_query,3076005293,0.25962337370309474,0.00471891978543105,3775.856693076963,1.0004015671784037,4.8252565894622075,0.432,instanton_2008-02-04_T60_delta0.20_tau60_am50.npz
2008-02-04,60,0.3,0.35667494393873245,60,50.0,2.561703847621627,0.35667494393873245,0.3564502663947611,0.0002246775439713744,0.0,0.0,0.5,10.0,5000,per_query,2437076851,0.01828783099348623,0.0007243534508293532,1382.3057852689626,1.0151489386226173,36.57553407420577,0.1548,instanton_2008-02-04_T60_delta0.30_tau60_am50.npz
2008-02-05,20,0.2,0.2231435513142097,20,50.0,0.679772584002931,0.2231435513142097,0.2230879006475659,5.5650666643813906e-05,0.0,0.0,0.5,10.0,5000,per_query,310911117,0.20402187877412267,0.004095674363419283,3512.1836459632295,1.0126124291625787,10.130691122812983,0.3814,instanton_2008-02-05_T20_delta0.20_tau20_am50.npz
2008-02-05,20,0.3,0.35667494393873245,20,50.0,4.707635917472018,0.35667494393873245,0.35665677176022825,1.8172178504194392e-05,0.0,0.0,0.5,10.0,5000,per_query,3670012651,0.0015331615054224223,9.001447312607625e-05,759.9687989219215,0.9813585500949495,50.51956683607169,0.0748,instanton_2008-02-05_T20_delta0.30_tau20_am50.npz
2008-02-05,60,0.2,0.2231435513142097,60,50.0,0.30610427546044394,0.2231435513142097,0.22297046771970308,0.0001730835945066289,0.0,0.0,0.5,10.0,5000,per_query,3053356516,0.42403903279963523,0.00587550635684004,4293.262165419482,1.0006868559404654,3.7230826311217653,0.5558,instanton_2008-02-05_T60_delta0.20_tau60_am50.npz
2008-02-05,60,0.3,0.35667494393873245,60,50.0,1.8067038757662652,0.35667494393873245,0.3566122688887985,6.26750499339579e-05,0.0,0.0,0.5,10.0,5000,per_query,1552773978,0.04925043556402628,0.0014994843850295691,1925.0550559860178,0.9921410528865158,27.102708615907055,0.2302,instanton_2008-02-05_T60_delta0.30_tau60_am50.npz
2008-02-06,20,0.2,0.2231435513142097,20,50.0,0.5718071340354347,0.2231435513142097,0.22310194732732924,4.16039868804674e-05,0.0,0.0,0.5,10.0,5000,per_query,347464848,0.23839434024018666,0.004470949220187234,3748.9614322155076,1.011895250304359,5.446290470107838,0.4118,instanton_2008-02-06_T20_delta0.20_tau20_am50.npz
2008-02-06,20,0.3,0.35667494393873245,20,50.0,4.535143113045785,0.35667494393873245,0.35666220287059147,1.2741068140975642e-05,0.0,0.0,0.5,10.0,5000,per_query,1661447717,0.0015597429611066901,9.516755853608992e-05,443.9628239402943,1.0239014434799136,121.1110675666506,0.0692,instanton_2008-02-06_T20_delta0.30_tau20_am50.npz
2008-02-06,60,0.2,0.2231435513142097,60,50.0,0.2642463701755599,0.2231435513142097,0.22301446105205702,0.00012909026215268682,0.0,0.0,0.5,10.0,5000,per_query,1565592836,0.46046145589007176,0.006045015230782496,4374.152189060484,0.9980637906002398,3.864041674521169,0.5824,instanton_2008-02-06_T60_delta0.20_tau60_am50.npz
2008-02-06,60,0.3,0.35667494393873245,60,50.0,1.7441188028466854,0.35667494393873245,0.3566310850203811,4.385891835134714e-05,0.0,0.0,0.5,10.0,5000,per_query,3409166918,0.053143887787593914,0.0015970668834867604,2209.02344247147,0.9983139837478521,18.682272536776896,0.232,instanton_2008-02-06_T60_delta0.30_tau60_am50.npz
2008-02-07,20,0.2,0.2231435513142097,20,50.0,0.6899612865368161,0.2231435513142097,0.2230907819344372,5.276937977249929e-05,0.0,0.0,0.5,10.0,5000,per_query,1397643750,0.1915351964767629,0.0038939761728829306,3600.8804189345315,0.9953035224849942,7.597089865437712,0.3724,instanton_2008-02-07_T20_delta0.20_tau20_am50.npz
2008-02-07,20,0.3,0.35667494393873245,20,50.0,4.880526537625286,0.35667494393873245,0.3566578114665351,1.7132472197367576e-05,0.0,0.0,0.5,10.0,5000,per_query,2258066059,0.001228191062204711,8.088664405910341e-05,484.653899317431,0.9988839542805301,108.51571332862518,0.0692,instanton_2008-02-07_T20_delta0.30_tau20_am50.npz
2008-02-07,60,0.2,0.2231435513142097,60,50.0,0.31130829505613117,0.2231435513142097,0.22297901806426967,0.00016453324994003538,0.0,0.0,0.5,10.0,5000,per_query,2459409808,0.4072848337970539,0.00590441117787149,4278.848911767692,1.010002353742946,4.010178746664033,0.536,instanton_2008-02-07_T60_delta0.20_tau60_am50.npz
2008-02-07,60,0.3,0.35667494393873245,60,50.0,1.8692364881704338,0.35667494393873245,0.35661565652731575,5.9287411416697466e-05,0.0,0.0,0.5,10.0,5000,per_query,2915493101,0.04702549761337529,0.0014481576861008233,2019.3370583284557,0.9616372854524834,20.339307977431417,0.2284,instanton_2008-02-07_T60_delta0.30_tau60_am50.npz
2008-02-08,20,0.2,0.2231435513142097,20,50.0,0.5819562610083623,0.2231435513142097,0.2231017124428254,4.18388713843143e-05,0.0,0.0,0.5,10.0,5000,per_query,2586757099,0.24128406837637972,0.004441564214800921,3728.3087330536164,0.9923489735165735,6.102858455999136,0.4198,instanton_2008-02-08_T20_delta0.20_tau20_am50.npz
2008-02-08,20,0.3,0.35667494393873245,20,50.0,4.59982913075492,0.35667494393873245,0.35666210450673397,1.2839431998479256e-05,0.0,0.0,0.5,10.0,5000,per_query,3126383980,0.0017290982550372902,0.0001091295702927284,490.5551437029469,0.9975471838893994,102.05094503778082,0.0718,instanton_2008-02-08_T20_delta0.30_tau20_am50.npz
2008-02-08,60,0.2,0.2231435513142097,60,50.0,0.2685874462380648,0.2231435513142097,0.22301377284125135,0.00012977847295836398,0.0,0.0,0.5,10.0,5000,per_query,1074176034,0.45238770963509306,0.006032677274691522,4368.876122489513,1.002428961608154,3.462851425834059,0.5748,instanton_2008-02-08_T60_delta0.20_tau60_am50.npz
2008-02-08,60,0.3,0.35667494393873245,60,50.0,1.7675705459503896,0.35667494393873245,0.35663069452668594,4.424941204650423e-05,0.0,0.0,0.5,10.0,5000,per_query,4198435027,0.054192794747592594,0.0016580450172619498,1980.0750411235213,0.9954767288786421,17.878624415143797,0.2426,instanton_2008-02-08_T60_delta0.30_tau60_am50.npz
2008-02-11,20,0.2,0.2231435513142097,20,50.0,0.6721639548975519,0.2231435513142097,0.2230932894526969,5.026186151280143e-05,0.0,0.0,0.5,10.0,5000,per_query,1989985424,0.20627723239420992,0.004034029458515453,3592.5422175186654,0.9945705723887022,8.09520575903137,0.3886,instanton_2008-02-11_T20_delta0.20_tau20_am50.npz
2008-02-11,20,0.3,0.35667494393873245,20,50.0,4.858887619576679,0.35667494393873245,0.35665879973369297,1.6144205039481108e-05,0.0,0.0,0.5,10.0,5000,per_query,1139010594,0.0012234744355629737,7.822401667563875e-05,773.3445452017164,0.9195071716278664,58.46747237907279,0.0656,instanton_2008-02-11_T20_delta0.30_tau20_am50.npz
2008-02-11,60,0.2,0.2231435513142097,60,50.0,0.3044934083373839,0.2231435513142097,0.2229868599492253,0.00015669136498441816,0.0,0.0,0.5,10.0,5000,per_query,2952403835,0.43103570686038656,0.005916623584032513,4308.3649553784235,0.989782787563621,4.233120498782956,0.5642,instanton_2008-02-11_T60_delta0.20_tau60_am50.npz
2008-02-11,60,0.3,0.35667494393873245,60,50.0,1.8613758759341084,0.35667494393873245,0.3566192073726464,5.573656608603983e-05,0.0,0.0,0.5,10.0,5000,per_query,1717083470,0.04610660893312961,0.0014363218056971077,1799.6597485450511,1.0129033365928966,30.423074647914515,0.2236,instanton_2008-02-11_T60_delta0.30_tau60_am50.npz
2008-02-12,20,0.2,0.2231435513142097,20,50.0,0.8378991564448199,0.2231435513142097,0.22307298035911494,7.057095509477307e-05,0.0,0.0,0.5,10.0,5000,per_query,2190471806,0.1578647363389707,0.0034838031311580026,3264.502830408341,1.003510889748709,8.040570768563855,0.3438,instanton_2008-02-12_T20_delta0.20_tau20_am50.npz
2008-02-12,20,0.3,0.35667494393873245,20,50.0,5.255345251400014,0.35667494393873245,0.3566505576681598,2.4386270572662738e-05,0.0,0.0,0.5,10.0,5000,per_query,423359683,0.0007453851664645543,4.9544448224120904e-05,588.5518178466098,1.004002271597677,73.87131876859124,0.0558,instanton_2008-02-12_T20_delta0.30_tau20_am50.npz
2008-02-12,60,0.2,0.2231435513142097,60,50.0,0.3691602156474677,0.2231435513142097,0.22292189991031552,0.00022165140389418525,0.0,0.0,0.5,10.0,5000,per_query,278958444,0.37614251429365303,0.0056480491132870694,4165.220580554748,0.99664981830137,4.472430878898657,0.523,instanton_2008-02-12_T60_delta0.20_tau60_am50.npz
2008-02-12,60,0.3,0.35667494393873245,60,50.0,2.0045973236851995,0.35667494393873245,0.3565901694031517,8.47745355807561e-05,0.0,0.0,0.5,10.0,5000,per_query,1471473975,0.038996957078729744,0.0012843238618906918,1946.3453349930992,0.9880205735579289,19.662081198323463,0.2126,instanton_2008-02-12_T60_delta0.30_tau60_am50.npz
2008-02-13,20,0.2,0.2231435513142097,20,50.0,1.1334979130174603,0.2231435513142097,0.22303942086641904,0.00010413044779067349,0.0,0.0,0.5,10.0,5000,per_query,3358580658,0.10818219315885015,0.0026089153650365655,2853.9772509025543,0.9850970168553554,9.927712798846287,0.303,instanton_2008-02-13_T20_delta0.20_tau20_am50.npz
2008-02-13,20,0.3,0.35667494393873245,20,50.0,6.185656766636354,0.35667494393873245,0.35663580586120336,3.913807752908838e-05,0.0,0.0,0.5,10.0,5000,per_query,1445165259,0.0003043324725757594,2.4629758456725902e-05,215.8646749056528,0.9126203916243829,216.95367994792088,0.0452,instanton_2008-02-13_T20_delta0.30_tau20_am50.npz
2008-02-13,60,0.2,0.2231435513142097,60,50.0,0.48457254454264825,0.2231435513142097,0.222813130506327,0.0003304208078827031,0.0,0.0,0.5,10.0,5000,per_query,2474251511,0.3076295305159944,0.005244343587085501,3900.456518876283,1.0167467047880163,6.194193761730487,0.4634,instanton_2008-02-13_T60_delta0.20_tau60_am50.npz
2008-02-13,60,0.3,0.35667494393873245,60,50.0,2.3377664789509933,0.35667494393873245,0.3565374387373481,0.00013750520138433586,0.0,0.0,0.5,10.0,5000,per_query,191638856,0.02616411546009353,0.0009385316614668864,1604.73545620029,0.9952902051167084,24.30040494905811,0.1816,instanton_2008-02-13_T60_delta0.30_tau60_am50.npz
2008-02-14,20,0.2,0.2231435513142097,20,50.0,0.9365958364957716,0.2231435513142097,0.22306913707254772,7.441424166199084e-05,0.0,0.0,0.5,10.0,5000,per_query,3340789242,0.13809978215332705,0.0031658001204218087,3172.7281058703934,1.0037262219097973,8.61785474457634,0.3242,instanton_2008-02-14_T20_delta0.20_tau20_am50.npz
2008-02-14,20,0.3,0.35667494393873245,20,50.0,5.737295310057747,0.35667494393873245,0.35664869393476906,2.625000396339061e-05,0.0,0.0,0.5,10.0,5000,per_query,3787771453,0.0005118702337384887,3.398781212975471e-05,394.39130739006714,0.9027070148352581,84.11601416068578,0.0558,instanton_2008-02-14_T20_delta0.30_tau20_am50.npz
2008-02-14,60,0.2,0.2231435513142097,60,50.0,0.4092704555229377,0.2231435513142097,0.22290908498003592,0.00023446633417378848,0.0,0.0,0.5,10.0,5000,per_query,3737462589,0.3564064157822306,0.005643470102682529,4066.1386043736898,1.0148961528469078,6.039452220603275,0.5006,instanton_2008-02-14_T60_delta0.20_tau60_am50.npz
2008-02-14,60,0.3,0.35667494393873245,60,50.0,2.1772205100477446,0.35667494393873245,0.35658321893073985,9.172500799259353e-05,0.0,0.0,0.5,10.0,5000,per_query,2626200079,0.030611061949878438,0.0010457980659156914,1367.828642337902,1.0293481261082158,56.004176155665924,0.1906,instanton_2008-02-14_T60_delta0.30_tau60_am50.npz
2008-02-15,20,0.2,0.2231435513142097,20,50.0,1.09091418184383,0.2231435513142097,0.22306934413166246,7.42071825472479e-05,0.0,0.0,0.5,10.0,5000,per_query,5807044,0.11276580769709742,0.0027344680003899753,2939.1424513944494,0.9978651913046571,9.602049828429575,0.3024,instanton_2008-02-15_T20_delta0.20_tau20_am50.npz
2008-02-15,20,0.3,0.35667494393873245,20,50.0,6.633360755967546,0.35667494393873245,0.35664816381477404,2.6780123958403124e-05,0.0,0.0,0.5,10.0,5000,per_query,183427247,0.00018442608462851742,1.5700533917975098e-05,262.6525029148432,1.03834019941343,118.95407695715642,0.0372,instanton_2008-02-15_T20_delta0.30_tau20_am50.npz
2008-02-15,60,0.2,0.2231435513142097,60,50.0,0.4724169384983287,0.2231435513142097,0.22290821061602095,0.00023534069818875736,0.0,0.0,0.5,10.0,5000,per_query,4156138666,0.316738324920838,0.005258926235547897,3927.303136375374,1.0049202827471264,5.509329952694646,0.4762,instanton_2008-02-15_T60_delta0.20_tau60_am50.npz
2008-02-15,60,0.3,0.35667494393873245,60,50.0,2.4941607259805303,0.35667494393873245,0.3565809927231225,9.395121560995534e-05,0.0,0.0,0.5,10.0,5000,per_query,395872339,0.020392586441487007,0.0007772310565258031,1249.6323916934493,1.0476111298034578,38.304929165681706,0.1636,instanton_2008-02-15_T60_delta0.30_tau60_am50.npz
2008-02-19,20,0.2,0.2231435513142097,20,50.0,1.1895719977649122,0.2231435513142097,0.22306093630804558,8.261500616413286e-05,0.0,0.0,0.5,10.0,5000,per_query,1593422533,0.1018542723720488,0.002528377894539705,2724.0378786944957,0.9862921951000895,13.325284173562153,0.2984,instanton_2008-02-19_T20_delta0.20_tau20_am50.npz
2008-02-19,20,0.3,0.35667494393873245,20,50.0,6.946584389800375,0.35667494393873245,0.3566443850371499,3.0558901582544706e-05,0.0,0.0,0.5,10.0,5000,per_query,1434679116,0.00011781616204373959,1.114652957609063e-05,204.70919198109343,0.9575277122054152,156.4429967840461,0.031,instanton_2008-02-19_T20_delta0.30_tau20_am50.npz
2008-02-19,60,0.2,0.2231435513142097,60,50.0,0.5105617064984592,0.2231435513142097,0.22288073271263542,0.0002628186015742884,0.0,0.0,0.5,10.0,5000,per_query,3015459167,0.30552072598914426,0.005121935304543218,3844.50259848919,1.0070590437041291,5.462215515013794,0.4728,instanton_2008-02-19_T60_delta0.20_tau60_am50.npz
2008-02-19,60,0.3,0.35667494393873245,60,50.0,2.6046669470070127,0.35667494393873245,0.35656745680978563,0.00010748712894681489,0.0,0.0,0.5,10.0,5000,per_query,3786895564,0.01722998750300543,0.0006756294444152046,1450.3317765682575,1.0055776377872403,30.2505869012124,0.1566,instanton_2008-02-19_T60_delta0.30_tau60_am50.npz
2008-02-20,20,0.2,0.2231435513142097,20,50.0,1.2978330815471617,0.2231435513142097,0.22305104346530946,9.250784890024732e-05,0.0,0.0,0.5,10.0,5000,per_query,3202614937,0.08577729567175292,0.002239526182836244,2630.9696641133146,0.9924938300813475,16.21767366718492,0.2764,instanton_2008-02-20_T20_delta0.20_tau20_am50.npz
2008-02-20,20,0.3,0.35667494393873245,20,50.0,7.276946034656055,0.35667494393873245,0.35663983834324675,3.510559548569603e-05,0.0,0.0,0.5,10.0,5000,per_query,254485841,7.737401282839082e-05,7.241701073172513e-06,138.22811934132915,1.074173969931677,348.3546815045034,0.0298,instanton_2008-02-20_T20_delta0.30_tau20_am50.npz
2008-02-20,60,0.2,0.2231435513142097,60,50.0,0.5521002378465589,0.2231435513142097,0.2228481411915757,0.00029541012263401,0.0,0.0,0.5,10.0,5000,per_query,2630556562,0.2788849765273703,0.00494430795246805,3804.085894554873,1.0006319749360204,6.193457880440018,0.4496,instanton_2008-02-20_T60_delta0.20_tau60_am50.npz
2008-02-20,60,0.3,0.35667494393873245,60,50.0,2.720877013857226,0.35667494393873245,0.3565511135690089,0.00012383036972352102,0.0,0.0,0.5,10.0,5000,per_query,4189720851,0.01580995695116702,0.0006354607193888322,1399.4370370862116,1.0021566235390158,35.859158152759434,0.1542,instanton_2008-02-20_T60_delta0.30_tau60_am50.npz
2008-02-21,20,0.2,0.2231435513142097,20,50.0,1.2276756499498458,0.2231435513142097,0.2230757627044353,6.77886097744107e-05,0.0,0.0,0.5,10.0,5000,per_query,3647532774,0.08785351343897861,0.0023579130421155607,2787.965992760038,1.0302527297509398,9.978240314416865,0.2642,instanton_2008-02-21_T20_delta0.20_tau20_am50.npz
2008-02-21,20,0.3,0.35667494393873245,20,50.0,7.645283039621949,0.35667494393873245,0.35665025965666786,2.4684282064590946e-05,0.0,0.0,0.5,10.0,5000,per_query,795830590,5.718974971951437e-05,7.371814266799779e-06,126.98627155369432,0.9578719323769507,322.4186574192145,0.0258,instanton_2008-02-21_T20_delta0.30_tau20_am50.npz
2008-02-21,60,0.2,0.2231435513142097,60,50.0,0.5291854997170328,0.2231435513142097,0.22292745430798977,0.00021609700621993966,0.0,0.0,0.5,10.0,5000,per_query,2707105611,0.29716892433356823,0.005041387894724932,3883.23805132161,0.9913627860385302,4.887303651094647,0.4704,instanton_2008-02-21_T60_delta0.20_tau60_am50.npz
2008-02-21,60,0.3,0.35667494393873245,60,50.0,2.8459237757020044,0.35667494393873245,0.35658799424474896,8.694969398348462e-05,0.0,0.0,0.5,10.0,5000,per_query,4144400200,0.01239316317786937,0.0005298344180448406,932.2631830955502,1.0335611296105154,94.94284332156745,0.1322,instanton_2008-02-21_T60_delta0.30_tau60_am50.npz
2008-02-22,20,0.2,0.2231435513142097,20,50.0,1.4217409304557915,0.2231435513142097,0.22305800376462503,8.55475495846747e-05,0.0,0.0,0.5,10.0,5000,per_query,172072273,0.07125615458724514,0.001991680301797895,2264.1529134109114,1.0062401491828619,25.10285492838098,0.2512,instanton_2008-02-22_T20_delta0.20_tau20_am50.npz
2008-02-22,20,0.3,0.35667494393873245,20,50.0,8.116377344932564,0.35667494393873245,0.35664223961421015,3.270432452229244e-05,0.0,0.0,0.5,10.0,5000,per_query,3163538879,2.994298747652024e-05,3.436286108698188e-06,165.68165156567935,0.9984922872451926,189.50213145607347,0.0206,instanton_2008-02-22_T20_delta0.30_tau20_am50.npz
2008-02-22,60,0.2,0.2231435513142097,60,50.0,0.602461818461511,0.2231435513142097,0.22286928983967425,0.00027426147453546434,0.0,0.0,0.5,10.0,5000,per_query,4005055890,0.2618346455992732,0.004689066879419273,3714.580018770974,0.9891256333016416,7.560719450220671,0.4436,instanton_2008-02-22_T60_delta0.20_tau60_am50.npz
2008-02-22,60,0.3,0.35667494393873245,60,50.0,3.010998125955061,0.35667494393873245,0.35655922828224007,0.0001157156564923767,0.0,0.0,0.5,10.0,5000,per_query,1194938954,0.011537517516178927,0.0005200734251711447,1063.0595136116929,1.0295633507000181,58.725712537355264,0.1366,instanton_2008-02-22_T60_delta0.30_tau60_am50.npz
2008-02-25,20,0.2,0.2231435513142097,20,50.0,1.8593036195406396,0.2231435513142097,0.22300422444307344,0.0001393268711362694,0.0,0.0,0.5,10.0,5000,per_query,2402672986,0.042370904414749756,0.0013241861239316579,2031.3860737484554,1.0005868509224725,19.063007879699818,0.2168,instanton_2008-02-25_T20_delta0.20_tau20_am50.npz
2008-02-25,20,0.3,0.35667494393873245,20,50.0,9.095868665402204,0.35667494393873245,0.35661664629341683,5.8297645315619206e-05,0.0,0.0,0.5,10.0,5000,per_query,4204352215,1.0184742215975632e-05,1.4387430308973695e-06,164.71309222233782,0.9993934712882574,230.48242368902996,0.016,instanton_2008-02-25_T20_delta0.30_tau20_am50.npz
2008-02-25,60,0.2,0.2231435513142097,60,50.0,0.7649275361597213,0.2231435513142097,0.22269177442342958,0.00045177689078013117,0.0,0.0,0.5,10.0,5000,per_query,922283788,0.2073140457270891,0.004159820371738277,3453.5752827122883,0.9981469230569164,7.008356820621221,0.3956,instanton_2008-02-25_T60_delta0.20_tau60_am50.npz
2008-02-25,60,0.3,0.35667494393873245,60,50.0,3.352659455096134,0.35667494393873245,0.3564670895514217,0.00020785438731074635,0.0,0.0,0.5,10.0,5000,per_query,3747192463,0.007168861784909758,0.0003360001971662662,1046.423802550108,1.0027302503324873,39.70604133480214,0.1146,instanton_2008-02-25_T60_delta0.30_tau60_am50.npz
2008-02-26,20,0.2,0.2231435513142097,20,50.0,2.261786418321586,0.2231435513142097,0.22295506898915463,0.00018848232505508378,0.0,0.0,0.5,10.0,5000,per_query,1823462615,0.02552546571074553,0.0009157656333125196,1787.5696894655273,0.9711993035005908,24.21773423594841,0.178,instanton_2008-02-26_T20_delta0.20_tau20_am50.npz
2008-02-26,20,0.3,0.35667494393873245,20,50.0,10.165354989458173,0.35667494393873245,0.3565913460582113,8.35978805211468e-05,0.0,0.0,0.5,10.0,5000,per_query,4270306162,3.568067150269702e-06,5.516535386209041e-07,79.55880979254056,0.9987977878190278,289.94180434068437,0.0134,instanton_2008-02-26_T20_delta0.30_tau20_am50.npz
2008-02-26,60,0.2,0.2231435513142097,60,50.0,0.913039589980245,0.2231435513142097,0.22252697320834347,0.000616578105866239,0.0,0.0,0.5,10.0,5000,per_query,3688086559,0.1649528792205638,0.003548702125887248,3244.048400753019,0.9805838348092617,8.240573862350098,0.3604,instanton_2008-02-26_T60_delta0.20_tau60_am50.npz
2008-02-26,60,0.3,0.35667494393873245,60,50.0,3.7203740847834426,0.35667494393873245,0.3563752502331452,0.00029969370558724506,0.0,0.0,0.5,10.0,5000,per_query,3961266549,0.00527190568909588,0.00025033697478687837,884.9938945853015,0.948547159966985,49.91642351949378,0.1108,instanton_2008-02-26_T60_delta0.30_tau60_am50.npz
2008-02-27,20,0.2,0.2231435513142097,20,50.0,2.236823590875926,0.2231435513142097,0.22296254693632633,0.00018100437788337587,0.0,0.0,0.5,10.0,5000,per_query,3308272149,0.025699811688839145,0.0009076721473455667,1654.7304878084096,0.9892050908885525,29.53681613821127,0.1752,instanton_2008-02-27_T20_delta0.20_tau20_am50.npz
2008-02-27,20,0.3,0.35667494393873245,20,50.0,10.150753231997593,0.35667494393873245,0.35659502081002437,7.992312870808149e-05,0.0,0.0,0.5,10.0,5000,per_query,2340873980,2.944036439788894e-06,5.020099529969236e-07,136.38478524598395,0.9747752595361391,186.0363981696228,0.0096,instanton_2008-02-27_T20_delta0.30_tau20_am50.npz
2008-02-27,60,0.2,0.2231435513142097,60,50.0,0.9042536280260489,0.2231435513142097,0.22255181173713812,0.0005917395770715927,0.0,0.0,0.5,10.0,5000,per_query,1520224012,0.1596352417625863,0.003538676133209743,3164.9720348197498,1.0263149942495302,8.72660412931113,0.346,instanton_2008-02-27_T60_delta0.20_tau60_am50.npz
2008-02-27,60,0.3,0.35667494393873245,60,50.0,3.7149408684460274,0.35667494393873245,0.35638859231764375,0.0002863516210886985,0.0,0.0,0.5,10.0,5000,per_query,723012519,0.0049619381858515355,0.00024160770770554872,955.0940292505824,0.9704816148261213,44.79168954509765,0.1078,instanton_2008-02-27_T60_delta0.30_tau60_am50.npz
2008-02-28,20,0.2,0.2231435513142097,20,50.0,1.8416489265890783,0.2231435513142097,0.22302110109701445,0.00012245021719525795,0.0,0.0,0.5,10.0,5000,per_query,3935654267,0.040931573833886424,0.0013368112691100648,2019.600209027232,1.0098849767639098,19.213052413861618,0.206,instanton_2008-02-28_T20_delta0.20_tau20_am50.npz
2008-02-28,20,0.3,0.35667494393873245,20,50.0,9.315862102432368,0.35667494393873245,0.3566242633658625,5.068057286994332e-05,0.0,0.0,0.5,10.0,5000,per_query,1103866796,1.0613702129601796e-05,1.6736256872704738e-06,226.00869535621493,0.9043540428464925,135.4272515514117,0.0182,instanton_2008-02-28_T20_delta0.30_tau20_am50.npz
2008-02-28,60,0.2,0.2231435513142097,60,50.0,0.7600894316355602,0.2231435513142097,0.22274670179096834,0.00039684952324137157,0.0,0.0,0.5,10.0,5000,per_query,1550328423,0.1956895747211734,0.003908024768164352,3359.4251361156175,0.9992341026705474,9.800430398449446,0.3884,instanton_2008-02-28_T60_delta0.20_tau60_am50.npz
2008-02-28,60,0.3,0.35667494393873245,60,50.0,3.4262391949394884,0.35667494393873245,0.3564944358596298,0.000180508079102637,0.0,0.0,0.5,10.0,5000,per_query,4238639481,0.006257028189059483,0.000313584658896737,1066.1392838195416,0.9774953056426137,42.86905914841208,0.1066,instanton_2008-02-28_T60_delta0.30_tau60_am50.npz
2008-02-29,20,0.2,0.2231435513142097,20,50.0,1.059101608266996,0.2231435513142097,0.22309163105432095,5.1920259888760256e-05,0.0,0.0,0.5,10.0,5000,per_query,2627179242,0.12152566390485017,0.0029425317974637894,2896.329130507431,1.0161640486937864,12.621806943546654,0.3132,instanton_2008-02-29_T20_delta0.20_tau20_am50.npz
2008-02-29,20,0.3,0.35667494393873245,20,50.0,7.3691351250997785,0.35667494393873245,0.3566570529427846,1.78909959478446e-05,0.0,0.0,0.5,10.0,5000,per_query,1775376920,7.434887142966729e-05,7.1480417901191294e-06,218.77860104135758,1.0021043976461093,192.24603295795725,0.0282,instanton_2008-02-29_T20_delta0.30_tau20_am50.npz
2008-02-29,60,0.2,0.2231435513142097,60,50.0,0.4658690945725051,0.2231435513142097,0.22297884631482923,0.00016470499938048277,0.0,0.0,0.5,10.0,5000,per_query,3701620272,0.3205003196959226,0.005269761552856698,3998.928513514059,0.990069707988983,3.94205043919827,0.4834,instanton_2008-02-29_T60_delta0.20_tau60_am50.npz
2008-02-29,60,0.3,0.35667494393873245,60,50.0,2.7475984880701483,0.35667494393873245,0.35661215638044563,6.278755828681426e-05,0.0,0.0,0.5,10.0,5000,per_query,1455951193,0.015859411168951724,0.0006256484928667447,1092.1520252395653,1.0186953567002885,41.76226614178004,0.157,instanton_2008-02-29_T60_delta0.30_tau60_am50.npz
2008-03-03,20,0.2,0.2231435513142097,20,50.0,1.069257112044711,0.2231435513142097,0.223095869819403,4.768149480671724e-05,0.0,0.0,0.5,10.0,5000,per_query,380889054,0.11960256444340012,0.0028880843510827483,2917.318791763031,1.0094831746975934,10.104948717481967,0.3088,instanton_2008-03-03_T20_delta0.20_tau20_am50.npz
2008-03-03,20,0.3,0.35667494393873245,20,50.0,7.704962554344504,0.35667494393873245,0.3566586523838584,1.6291554874037217e-05,0.0,0.0,0.5,10.0,5000,per_query,330403908,4.802195808151029e-05,5.052344392805654e-06,159.10441259063603,0.981015977260852,218.83288040326852,0.0254,instanton_2008-03-03_T20_delta0.30_tau20_am50.npz
2008-03-03,60,0.2,0.2231435513142097,60,50.0,0.47183640681025046,0.2231435513142097,0.2229921188350641,0.00015143247914561897,0.0,0.0,0.5,10.0,5000,per_query,3864934228,0.3219044630350542,0.005275056588417911,3939.5429978857974,1.0097121405410672,5.2186266109858135,0.484,instanton_2008-03-03_T60_delta0.20_tau60_am50.npz
2008-03-03,60,0.3,0.35667494393873245,60,50.0,2.862569765180981,0.35667494393873245,0.3566177288738528,5.721506487965655e-05,0.0,0.0,0.5,10.0,5000,per_query,1264313499,0.013036861565664441,0.0005551605502716249,1042.1831536604336,1.014151605276233,50.496581745191165,0.1412,instanton_2008-03-03_T60_delta0.30_tau60_am50.npz
2008-03-04,20,0.2,0.2231435513142097,20,50.0,1.0073122112717154,0.2231435513142097,0.2231019750813683,4.157623284140044e-05,0.0,0.0,0.5,10.0,5000,per_query,4259226821,0.13096209480107415,0.002961691996215608,2928.8838425535373,0.9844659739666789,16.681598058041146,0.3282,instanton_2008-03-04_T20_delta0.20_tau20_am50.npz
2008-03-04,20,0.3,0.35667494393873245,20,50.0,7.749517995769852,0.35667494393873245,0.3566611251208789,1.3818817853561427e-05,0.0,0.0,0.5,10.0,5000,per_query,3201734970,4.793039558739944e-05,4.9894284342653615e-06,197.39090197310747,0.9596359253978463,143.64929604468415,0.0258,instanton_2008-03-04_T20_delta0.30_tau20_am50.npz
2008-03-04,60,0.2,0.2231435513142097,60,50.0,0.44942596881053315,0.2231435513142097,0.22301176664985967,0.0001317846643500431,0.0,0.0,0.5,10.0,5000,per_query,3736367196,0.3358604965590913,0.00537289835763625,4001.9576398458994,0.9972898990265637,4.449561562153651,0.4972,instanton_2008-03-04_T60_delta0.20_tau60_am50.npz
2008-03-04,60,0.3,0.35667494393873245,60,50.0,2.876216981377813,0.35667494393873245,0.35662647288699656,4.847105173588773e-05,0.0,0.0,0.5,10.0,5000,per_query,2792828930,0.013599811893024415,0.0005792710212081129,1503.9475121716196,0.9636618021151222,22.426612484516216,0.147,instanton_2008-03-04_T60_delta0.30_tau60_am50.npz
2008-03-05,20,0.2,0.2231435513142097,20,50.0,1.4892689011563114,0.2231435513142097,0.22309083996209722,5.2711352112488896e-05,0.0,0.0,0.5,10.0,5000,per_query,404761939,0.066942636108178,0.0019196356976580538,2487.8649782536977,0.9797730584337132,13.554516627753609,0.2452,instanton_2008-03-05_T20_delta0.20_tau20_am50.npz
2008-03-05,20,0.3,0.35667494393873245,20,50.0,10.050639960910184,0.35667494393873245,0.3566555825137856,1.9361424946851002e-05,0.0,0.0,0.5,10.0,5000,per_query,2314701215,4.094146636937376e-06,6.123307009293678e-07,77.62568707065057,0.8995101511020254,366.5971587228436,0.0128,instanton_2008-03-05_T20_delta0.30_tau20_am50.npz
2008-03-05,60,0.2,0.2231435513142097,60,50.0,0.6391011249068317,0.2231435513142097,0.2229738071157712,0.00016974419843851507,0.0,0.0,0.5,10.0,5000,per_query,3858986813,0.2574637134345674,0.004568103346953081,3527.347018507892,1.005945507827196,9.214182548567498,0.45,instanton_2008-03-05_T60_delta0.20_tau60_am50.npz
2008-03-05,60,0.3,0.35667494393873245,60,50.0,3.661527884826792,0.35667494393873245,0.3566064325975198,6.851134121266256e-05,0.0,0.0,0.5,10.0,5000,per_query,2303097548,0.0054772440119982045,0.0002589214588357033,763.0058986599744,0.9819540250965004,71.05283606013475,0.1104,instanton_2008-03-05_T60_delta0.30_tau60_am50.npz
2008-03-06,20,0.2,0.2231435513142097,20,50.0,0.7078076209158322,0.2231435513142097,0.22311848432991788,2.506698429183274e-05,0.0,0.0,0.5,10.0,5000,per_query,616927398,0.19589587067072922,0.00396899702363076,3499.305183893712,1.0039771887217164,6.909831045851291,0.3796,instanton_2008-03-06_T20_delta0.20_tau20_am50.npz
2008-03-06,20,0.3,0.35667494393873245,20,50.0,7.416622562551062,0.35667494393873245,0.35666765817398716,7.285764745290635e-06,0.0,0.0,0.5,10.0,5000,per_query,1045740027,7.205889302345483e-05,7.156640428788316e-06,361.8590274309506,0.903050132509765,94.33149342239885,0.0286,instanton_2008-03-06_T20_delta0.30_tau20_am50.npz
2008-03-06,60,0.2,0.2231435513142097,60,50.0,0.33605812656275535,0.2231435513142097,0.2230648115487046,7.873976550509809e-05,0.0,0.0,0.5,10.0,5000,per_query,343878649,0.4069534960492366,0.00583881325413934,4219.622982003307,1.0085850762849564,3.902633139424505,0.5428,instanton_2008-03-06_T60_delta0.20_tau60_am50.npz
2008-03-06,60,0.3,0.35667494393873245,60,50.0,2.7554659241359225,0.35667494393873245,0.3566495428251777,2.540111355475716e-05,0.0,0.0,0.5,10.0,5000,per_query,2410771130,0.015725812096148685,0.0006158030708956385,1230.32919195358,0.9831619150935498,34.704200839238204,0.1564,instanton_2008-03-06_T60_delta0.30_tau60_am50.npz
2008-03-07,20,0.2,0.2231435513142097,20,50.0,0.4645933819615796,0.2231435513142097,0.22312570960030165,1.7841713908062218e-05,0.0,0.0,0.5,10.0,5000,per_query,3604202593,0.28925370082666685,0.005004858961592582,3976.7701812747573,1.001389240640905,5.471835302979727,0.4482,instanton_2008-03-07_T20_delta0.20_tau20_am50.npz
2008-03-07,20,0.3,0.35667494393873245,20,50.0,6.557455396315383,0.35667494393873245,0.356670378531442,4.56540729043553e-06,0.0,0.0,0.5,10.0,5000,per_query,2117161551,0.00017000705235255284,1.5665159311162105e-05,424.68123668502386,0.977391740388202,90.52416937484413,0.0338,instanton_2008-03-07_T20_delta0.30_tau20_am50.npz
2008-03-07,60,0.2,0.2231435513142097,60,50.0,0.2375415781803863,0.2231435513142097,0.2230880845232166,5.546679099310836e-05,0.0,0.0,0.5,10.0,5000,per_query,3985348875,0.5084604652727369,0.006210266407698614,4453.658918938613,0.9943629892021236,3.773094441754327,0.6182,instanton_2008-03-07_T60_delta0.20_tau60_am50.npz
2008-03-07,60,0.3,0.35667494393873245,60,50.0,2.4553406529790913,0.35667494393873245,0.35665913710855257,1.5806830179876386e-05,0.0,0.0,0.5,10.0,5000,per_query,3452276514,0.02174732000353187,0.000795992637532309,1612.4648857732,1.000626882484472,31.73070941560856,0.172,instanton_2008-03-07_T60_delta0.30_tau60_am50.npz
2008-03-10,20,0.2,0.2231435513142097,20,50.0,0.2273922461954302,0.2231435513142097,0.22313168011522233,1.1871198987378762e-05,0.0,0.0,0.5,10.0,5000,per_query,3286054256,0.43560341814675074,0.005971255096659433,4463.335703453874,1.0080100259171718,3.474220755508896,0.5498,instanton_2008-03-10_T20_delta0.20_tau20_am50.npz
2008-03-10,20,0.3,0.35667494393873245,20,50.0,5.456610709958401,0.35667494393873245,0.3566724208726786,2.5230660538611005e-06,0.0,0.0,0.5,10.0,5000,per_query,1643261616,0.0005546100284228137,4.3577826033722854e-05,421.17315085170577,0.99583252376869,94.37649458012956,0.047,instanton_2008-03-10_T20_delta0.30_tau20_am50.npz
2008-03-10,60,0.2,0.2231435513142097,60,50.0,0.13551857333312448,0.2231435513142097,0.22310711762734048,3.643368686923054e-05,0.0,0.0,0.5,10.0,5000,per_query,590265906,0.6294160844638005,0.006244350004858052,4678.040988696392,0.992239291707165,2.3002496924699516,0.7054,instanton_2008-03-10_T60_delta0.20_tau60_am50.npz
2008-03-10,60,0.3,0.35667494393873245,60,50.0,2.068382734631253,0.35667494393873245,0.35666631024282225,8.633695910198469e-06,0.0,0.0,0.5,10.0,5000,per_query,3960546342,0.03735198456620806,0.0011742925944387647,1248.9702648141124,0.990843882629056,82.81362764279717,0.2162,instanton_2008-03-10_T60_delta0.30_tau60_am50.npz
2008-03-11,20,0.2,0.2231435513142097,20,50.0,0.6866332940236957,0.2231435513142097,0.22310641390166808,3.7137412541632386e-05,0.0,0.0,0.5,10.0,5000,per_query,2514007106,0.20469128926603872,0.004170900085846976,3557.614097403742,1.0126282077300304,6.028759558160707,0.38,instanton_2008-03-11_T20_delta0.20_tau20_am50.npz
2008-03-11,20,0.3,0.35667494393873245,20,50.0,5.713080851823345,0.35667494393873245,0.3566634956519641,1.1448286768356297e-05,0.0,0.0,0.5,10.0,5000,per_query,3992257931,0.00046834705691778476,3.589000539942986e-05,385.5083780505162,0.9648998865867273,74.86574000817203,0.0506,instanton_2008-03-11_T20_delta0.30_tau20_am50.npz
2008-03-11,60,0.2,0.2231435513142097,60,50.0,0.31636480838689085,0.2231435513142097,0.2230274136593735,0.00011613765483620142,0.0,0.0,0.5,10.0,5000,per_query,1621098603,0.4220985648969836,0.005934170424683899,4272.92009037501,1.0080462256035558,3.814576358196472,0.5516,instanton_2008-03-11_T60_delta0.20_tau60_am50.npz
2008-03-11,60,0.3,0.35667494393873245,60,50.0,2.165680117161875,0.35667494393873245,0.35663528236783204,3.966157090040667e-05,0.0,0.0,0.5,10.0,5000,per_query,3641873084,0.030700950902868646,0.0010841876238378756,1559.4253356146664,1.008546787807791,57.047643889234884,0.188,instanton_2008-03-11_T60_delta0.30_tau60_am50.npz
2008-03-12,20,0.2,0.2231435513142097,20,50.0,0.5114992277376835,0.2231435513142097,0.22311670295777564,2.6848356434072684e-05,0.0,0.0,0.5,10.0,5000,per_query,2903980174,0.26821891114985685,0.004750239129745299,3886.053384610081,0.997825377999213,5.295234594612612,0.437,instanton_2008-03-12_T20_delta0.20_tau20_am50.npz
2008-03-12,20,0.3,0.35667494393873245,20,50.0,5.214095931382738,0.35667494393873245,0.35666741384222256,7.530096509889006e-06,0.0,0.0,0.5,10.0,5000,per_query,2417122642,0.0007774940259614943,5.347157361742641e-05,575.0773391743511,0.9949384501116961,61.60047280071082,0.0568,instanton_2008-03-12_T20_delta0.30_tau20_am50.npz
2008-03-12,60,0.2,0.2231435513142097,60,50.0,0.24645428948617634,0.2231435513142097,0.22306022949712556,8.332181708414765e-05,0.0,0.0,0.5,10.0,5000,per_query,4045008535,0.48439387452380306,0.006145597785915454,4439.608357628586,1.000307135156549,3.0224077424751457,0.5974,instanton_2008-03-12_T60_delta0.20_tau60_am50.npz
2008-03-12,60,0.3,0.35667494393873245,60,50.0,1.9870925614184154,0.35667494393873245,0.35664903062082765,2.5913317904802113e-05,0.0,0.0,0.5,10.0,5000,per_query,2368881091,0.04017562795844563,0.0012875791809782875,2121.5000385221315,0.9885859942597226,15.376625986979503,0.2152,instanton_2008-03-12_T60_delta0.30_tau60_am50.npz
2008-03-13,20,0.2,0.2231435513142097,20,50.0,0.5639784315672149,0.2231435513142097,0.22311460266726701,2.8948646942694722e-05,0.0,0.0,0.5,10.0,5000,per_query,2646516899,0.2490714377391237,0.004540182583467613,3764.44629027819,0.993030734935419,5.611008372600159,0.4264,instanton_2008-03-13_T20_delta0.20_tau20_am50.npz
2008-03-13,20,0.3,0.35667494393873245,20,50.0,5.453192883558707,0.35667494393873245,0.3566666063302453,8.337608487174464e-06,0.0,0.0,0.5,10.0,5000,per_query,1256531483,0.0006765339048257579,4.857885913550004e-05,457.38763056218266,1.0233749096401505,74.35888390829678,0.0572,instanton_2008-03-13_T20_delta0.30_tau20_am50.npz
2008-03-13,60,0.2,0.2231435513142097,60,50.0,0.2681824045268536,0.2231435513142097,0.22305345892151163,9.009239269808234e-05,0.0,0.0,0.5,10.0,5000,per_query,3537522207,0.46576767678336856,0.006139345235527543,4364.608838158863,0.9978804035417397,4.071394607396523,0.5848,instanton_2008-03-13_T60_delta0.20_tau60_am50.npz
2008-03-13,60,0.3,0.35667494393873245,60,50.0,2.0723503555410336,0.35667494393873245,0.35664617908537544,2.8764853357010622e-05,0.0,0.0,0.5,10.0,5000,per_query,3174337233,0.03493862143713701,0.0011776352705421005,1773.0273454407034,0.9856100132121494,27.847101416689,0.2038,instanton_2008-03-13_T60_delta0.30_tau60_am50.npz
2008-03-14,20,0.2,0.2231435513142097,20,50.0,0.3009911214672349,0.2231435513142097,0.2231262504604512,1.7300853758506207e-05,0.0,0.0,0.5,10.0,5000,per_query,3913057864,0.38801240480815874,0.00569922604046961,4273.680616880428,1.0038581281655925,4.015550417785238,0.523,instanton_2008-03-14_T20_delta0.20_tau20_am50.npz
2008-03-14,20,0.3,0.35667494393873245,20,50.0,4.470704040884036,0.35667494393873245,0.35667078952141473,4.154417317714376e-06,0.0,0.0,0.5,10.0,5000,per_query,1876412891,0.0018088645342177192,0.00010120059929894461,649.5844794373903,1.0187549392923432,75.50650403164323,0.077,instanton_2008-03-14_T20_delta0.30_tau20_am50.npz
2008-03-14,60,0.2,0.2231435513142097,60,50.0,0.1591601422758058,0.2231435513142097,0.22309041681883368,5.313449537602821e-05,0.0,0.0,0.5,10.0,5000,per_query,2385009600,0.570307213756894,0.0063004332235825754,4617.339732995672,1.0032842244360896,2.9105995380054845,0.655,instanton_2008-03-14_T60_delta0.20_tau60_am50.npz
2008-03-14,60,0.3,0.35667494393873245,60,50.0,1.719956689117519,0.35667494393873245,0.35666080598368133,1.4137955051118922e-05,0.0,0.0,0.5,10.0,5000,per_query,508430945,0.05372697934629014,0.0015701329952803567,2102.1189998979326,0.9879691150234196,20.756418961664046,0.2348,instanton_2008-03-14_T60_delta0.30_tau60_am50.npz
2008-03-17,20,0.2,0.2231435513142097,20,50.0,0.17749563550191969,0.2231435513142097,0.2231308741306579,1.2677183551801363e-05,0.0,0.0,0.5,10.0,5000,per_query,2379382383,0.4976504349019015,0.006112491218004421,4571.302478300271,0.9938918338020291,3.422360853712138,0.601,instanton_2008-03-17_T20_delta0.20_tau20_am50.npz
2008-03-17,20,0.3,0.35667494393873245,20,50.0,3.9011955964794947,0.35667494393873245,0.3566722882387081,2.655700024334351e-06,0.0,0.0,0.5,10.0,5000,per_query,1955656547,0.003771403114951029,0.00018958349466432003,813.1589772031388,1.042699936690301,45.1452031593848,0.0984,instanton_2008-03-17_T20_delta0.30_tau20_am50.npz
2008-03-17,60,0.2,0.2231435513142097,60,50.0,0.10492163420363662,0.2231435513142097,0.22310495100258976,3.860031161995181e-05,0.0,0.0,0.5,10.0,5000,per_query,2689883107,0.6640443696657756,0.006202677679040515,4744.838468151408,0.999714380072555,2.552010641878586,0.7246,instanton_2008-03-17_T60_delta0.20_tau60_am50.npz
2008-03-17,60,0.3,0.35667494393873245,60,50.0,1.5140646394450503,0.35667494393873245,0.35666597448697246,8.96945175998809e-06,0.0,0.0,0.5,10.0,5000,per_query,2507298027,0.07312529312631914,0.002020250368269622,2292.6250046275263,0.9949868546134772,28.21340848229295,0.2622,instanton_2008-03-17_T60_delta0.30_tau60_am50.npz
2008-03-18,20,0.2,0.2231435513142097,20,50.0,0.5768356060839366,0.2231435513142097,0.22309507287288266,4.847844132704893e-05,0.0,0.0,0.5,10.0,5000,per_query,3347576561,0.24687777749275996,0.004501939884550036,3717.2288959768734,1.0036866551524415,6.050586715884291,0.4254,instanton_2008-03-18_T20_delta0.20_tau20_am50.npz
2008-03-18,20,0.3,0.35667494393873245,20,50.0,4.260585846245284,0.35667494393873245,0.35665971062330115,1.523331543129558e-05,0.0,0.0,0.5,10.0,5000,per_query,126045120,0.002706888911300285,0.00015301579690080733,703.0010890766611,1.019942524379707,65.03833789851281,0.089,instanton_2008-03-18_T20_delta0.30_tau20_am50.npz
2008-03-18,60,0.2,0.2231435513142097,60,50.0,0.2638836558590971,0.2231435513142097,0.22299313261010933,0.0001504187041003746,0.0,0.0,0.5,10.0,5000,per_query,4078156695,0.46219787010185376,0.006119771398724734,4382.7384069942145,1.000566944177616,3.714437859031941,0.5798,instanton_2008-03-18_T60_delta0.20_tau60_am50.npz
2008-03-18,60,0.3,0.35667494393873245,60,50.0,1.6440280595195031,0.35667494393873245,0.3566225246027166,5.2419336015852025e-05,0.0,0.0,0.5,10.0,5000,per_query,3227941643,0.060615920322444256,0.001782806171617779,2080.5328868462543,1.0256361710077253,22.28502522662343,0.2404,instanton_2008-03-18_T60_delta0.30_tau60_am50.npz
2008-03-19,20,0.2,0.2231435513142097,20,50.0,0.2334765922853111,0.2231435513142097,0.22312306290371975,2.048841048996053e-05,0.0,0.0,0.5,10.0,5000,per_query,554503022,0.4348216057411927,0.005919066847137907,4447.295687353948,0.9968806357030368,2.9344212660856606,0.5542,instanton_2008-03-19_T20_delta0.20_tau20_am50.npz
2008-03-19,20,0.3,0.35667494393873245,20,50.0,2.9965287182317653,0.35667494393873245,0.3566699519592431,4.991979489332721e-06,0.0,0.0,0.5,10.0,5000,per_query,1627773510,0.009959237240125969,0.0004278825654781174,1188.1886239097298,0.9955950626231149,52.75546951639025,0.1284,instanton_2008-03-19_T20_delta0.30_tau20_am50.npz
2008-03-19,60,0.2,0.2231435513142097,60,50.0,0.12139097538322008,0.2231435513142097,0.22308120476898718,6.23465452225247e-05,0.0,0.0,0.5,10.0,5000,per_query,3328363739,0.6193584739876845,0.0062483328675797456,4702.12449515678,1.0004328157836477,2.4534008302762773,0.6918,instanton_2008-03-19_T60_delta0.20_tau60_am50.npz
2008-03-19,60,0.3,0.35667494393873245,60,50.0,1.1790369788908628,0.35667494393873245,0.3566581820985748,1.6761840157641927e-05,0.0,0.0,0.5,10.0,5000,per_query,1452422901,0.11378864278215728,0.0027153628295911556,2864.0160527871262,0.9827254683065083,10.018039983325181,0.3146,instanton_2008-03-19_T60_delta0.30_tau60_am50.npz
2008-03-20,20,0.2,0.2231435513142097,20,50.0,0.412480868374383,0.2231435513142097,0.2231055160947042,3.803521950551669e-05,0.0,0.0,0.5,10.0,5000,per_query,2485626639,0.312698594780793,0.005127913713852463,4008.3049635483676,1.000362754259641,7.483731572361894,0.4714,instanton_2008-03-20_T20_delta0.20_tau20_am50.npz
2008-03-20,20,0.3,0.35667494393873245,20,50.0,3.45903617542806,0.35667494393873245,0.35666384482996616,1.1099108766288168e-05,0.0,0.0,0.5,10.0,5000,per_query,2511056681,0.006223935856677992,0.00029498374931483215,943.6878927690547,0.9875930833215889,63.19043569560163,0.112,instanton_2008-03-20_T20_delta0.30_tau20_am50.npz
2008-03-20,60,0.2,0.2231435513142097,60,50.0,0.1948341651103362,0.2231435513142097,0.22302650651383615,0.0001170448003735558,0.0,0.0,0.5,10.0,5000,per_query,1560839686,0.5227779920474263,0.0061954739987751155,4529.2751625379315,1.0012969375417544,2.9282241482004485,0.6244,instanton_2008-03-20_T60_delta0.20_tau60_am50.npz
2008-03-20,60,0.3,0.35667494393873245,60,50.0,1.349054351104978,0.35667494393873245,0.35663712029283,3.782364590243503e-05,0.0,0.0,0.5,10.0,5000,per_query,1980261302,0.08875157821336307,0.002357689312050166,2686.747367274047,1.0052993020818226,9.523030041862867,0.2776,instanton_2008-03-20_T60_delta0.30_tau60_am50.npz
2008-03-24,20,0.2,0.2231435513142097,20,50.0,0.6433274908607043,0.2231435513142097,0.22306547261349063,7.80787007190753e-05,0.0,0.0,0.5,10.0,5000,per_query,3434004551,0.21257627840627266,0.004122279412981757,3536.03041450022,1.0076391340458,11.276392639992554,0.392,instanton_2008-03-24_T20_delta0.20_tau20_am50.npz
2008-03-24,20,0.3,0.35667494393873245,20,50.0,3.9342589339045997,0.35667494393873245,0.3566484063705184,2.6537568214024532e-05,0.0,0.0,0.5,10.0,5000,per_query,1703674067,0.003435207606529062,0.00018721498986429505,749.913887315166,0.9598769321785967,65.95732509953342,0.0902,instanton_2008-03-24_T20_delta0.30_tau20_am50.npz
2008-03-24,60,0.2,0.2231435513142097,60,50.0,0.28572388666289383,0.2231435513142097,0.22290120802001123,0.0002423432941984771,0.0,0.0,0.5,10.0,5000,per_query,3724176418,0.4358120797418034,0.005939911857165954,4312.331461780914,0.9962290006541771,3.9406919535241816,0.5664,instanton_2008-03-24_T60_delta0.20_tau60_am50.npz
2008-03-24,60,0.3,0.35667494393873245,60,50.0,1.522855258249044,0.35667494393873245,0.3565832996442957,9.164429443675459e-05,0.0,0.0,0.5,10.0,5000,per_query,2668708655,0.06921296974066736,0.0019431518645014229,2243.601190923777,1.0066837785067615,29.21711550668749,0.2554,instanton_2008-03-24_T60_delta0.30_tau60_am50.npz
2008-03-25,20,0.2,0.2231435513142097,20,50.0,0.6730852116059372,0.2231435513142097,0.2230625413685141,8.100994569559816e-05,0.0,0.0,0.5,10.0,5000,per_query,501012938,0.20685656199805322,0.004046337211639734,3564.812670757271,0.9966704435127118,6.046608930461796,0.3918,instanton_2008-03-25_T20_delta0.20_tau20_am50.npz
2008-03-25,20,0.3,0.35667494393873245,20,50.0,4.059545947969779,0.35667494393873245,0.3566471671830911,2.7776755641362172e-05,0.0,0.0,0.5,10.0,5000,per_query,3066232411,0.002798082693175348,0.0001572366978356587,757.1277657684883,1.0497289670212013,57.81749406363658,0.0842,instanton_2008-03-25_T20_delta0.30_tau20_am50.npz
2008-03-25,60,0.2,0.2231435513142097,60,50.0,0.29790478656828473,0.2231435513142097,0.22289164668225414,0.00025190463195556845,0.0,0.0,0.5,10.0,5000,per_query,2553763054,0.42521509041579086,0.0058985827699385915,4298.302921106565,1.0058197324224365,3.781000664462808,0.5558,instanton_2008-03-25_T60_delta0.20_tau60_am50.npz
2008-03-25,60,0.3,0.35667494393873245,60,50.0,1.5690397548627764,0.35667494393873245,0.35657866743866506,9.627650006738264e-05,0.0,0.0,0.5,10.0,5000,per_query,3787766111,0.06582053284966694,0.0018927043495590664,2322.3519720027666,1.0070516108656546,13.11903292174682,0.2474,instanton_2008-03-25_T60_delta0.30_tau60_am50.npz
2008-03-26,20,0.2,0.2231435513142097,20,50.0,0.49527184259920404,0.2231435513142097,0.22309213942909434,5.141188511537109e-05,0.0,0.0,0.5,10.0,5000,per_query,1613693030,0.2710278368993022,0.004768225712964616,3923.8132767137117,0.995950218003396,4.36846001763855,0.439,instanton_2008-03-26_T20_delta0.20_tau20_am50.npz
2008-03-26,20,0.3,0.35667494393873245,20,50.0,3.5840514399062062,0.35667494393873245,0.3566589004206424,1.6043518090036457e-05,0.0,0.0,0.5,10.0,5000,per_query,1655102106,0.0050468882379083166,0.0002480953981402137,944.3005462461058,1.0066221987693595,44.66876977069419,0.1052,instanton_2008-03-26_T20_delta0.30_tau20_am50.npz
2008-03-26,60,0.2,0.2231435513142097,60,50.0,0.2272854072364525,0.2231435513142097,0.22298476946683632,0.0001587818473733904,0.0,0.0,0.5,10.0,5000,per_query,3383172939,0.492467187810004,0.006142624139531141,4463.806671883315,1.0024262912653503,3.3535111543333413,0.6024,instanton_2008-03-26_T60_delta0.20_tau60_am50.npz
2008-03-26,60,0.3,0.35667494393873245,60,50.0,1.39442855679119,0.35667494393873245,0.3566199338831604,5.501005557206895e-05,0.0,0.0,0.5,10.0,5000,per_query,1088347370,0.08169486830087881,0.0022552189832770395,2568.656437408108,1.003413464859088,16.882472146306032,0.2668,instanton_2008-03-26_T60_delta0.30_tau60_am50.npz
2008-03-27,20,0.2,0.2231435513142097,20,50.0,0.45543272148452946,0.2231435513142097,0.22309770190643974,4.584940776997115e-05,0.0,0.0,0.5,10.0,5000,per_query,3006057153,0.27651478314776295,0.004855799171381587,4017.812183944303,1.0041917721739895,4.899282994778309,0.435,instanton_2008-03-27_T20_delta0.20_tau20_am50.npz
2008-03-27,20,0.3,0.35667494393873245,20,50.0,3.47552348625865,0.35667494393873245,0.35666099514002436,1.3948798708085519e-05,0.0,0.0,0.5,10.0,5000,per_query,2798707269,0.0058528149265658445,0.000273839157932053,701.9202308727776,1.0095008396979186,106.11544363449778,0.1072,instanton_2008-03-27_T20_delta0.30_tau20_am50.npz
2008-03-27,60,0.2,0.2231435513142097,60,50.0,0.21127953965459845,0.2231435513142097,0.22300219456063086,0.00014135675357884736,0.0,0.0,0.5,10.0,5000,per_query,2544723153,0.5092691780885686,0.006173999125331207,4498.798520912356,0.9942277638799835,2.905532697623982,0.618,instanton_2008-03-27_T60_delta0.20_tau60_am50.npz
2008-03-27,60,0.3,0.35667494393873245,60,50.0,1.3544684636827413,0.35667494393873245,0.35662737053208815,4.757340664429677e-05,0.0,0.0,0.5,10.0,5000,per_query,795061734,0.08505871438723568,0.0023014540447141444,2511.9875498265196,1.0153962468631428,13.469222288842257,0.2726,instanton_2008-03-27_T60_delta0.30_tau60_am50.npz
2008-03-28,20,0.2,0.2231435513142097,20,50.0,0.3463028016984217,0.2231435513142097,0.22311085822161925,3.269309259046338e-05,0.0,0.0,0.5,10.0,5000,per_query,4090601620,0.35676185598822424,0.0054938898131852406,4218.1788532819555,0.9950718574208186,4.212144899878496,0.4996,instanton_2008-03-28_T20_delta0.20_tau20_am50.npz
2008-03-28,20,0.3,0.35667494393873245,20,50.0,3.1702906946943585,0.35667494393873245,0.3566658086541983,9.135284534167454e-06,0.0,0.0,0.5,10.0,5000,per_query,308086460,0.00877150671597316,0.00043303625855233723,1050.0591160422139,1.0416556186836667,53.45966143009975,0.1216,instanton_2008-03-28_T20_delta0.30_tau20_am50.npz
2008-03-28,60,0.2,0.2231435513142097,60,50.0,0.1669590294320851,0.2231435513142097,0.22304334563786377,0.00010020567634594357,0.0,0.0,0.5,10.0,5000,per_query,1392400416,0.5539976229304482,0.0062339037904776415,4594.483716925015,0.994615536957241,2.816754407661091,0.648,instanton_2008-03-28_T60_delta0.20_tau60_am50.npz
2008-03-28,60,0.3,0.35667494393873245,60,50.0,1.2418973641546127,0.35667494393873245,0.3566440288582573,3.0915080475146794e-05,0.0,0.0,0.5,10.0,5000,per_query,2202529373,0.10262568271753417,0.002603439637153869,2683.503251446584,1.0059890649467742,17.61431567751384,0.2994,instanton_2008-03-28_T60_delta0.30_tau60_am50.npz
2008-03-31,20,0.2,0.2231435513142097,20,50.0,0.4157102143479377,0.2231435513142097,0.22310658954974905,3.696176446066346e-05,0.0,0.0,0.5,10.0,5000,per_query,3427148956,0.3088179136271796,0.005123867249938549,4090.4069872545647,1.0015305565071895,4.143642627096492,0.4628,instanton_2008-03-31_T20_delta0.20_tau20_am50.npz
2008-03-31,20,0.3,0.35667494393873245,20,50.0,3.5382955678780834,0.35667494393873245,0.3566642088382599,1.0735100472558656e-05,0.0,0.0,0.5,10.0,5000,per_query,479027102,0.005587323479679871,0.00026507595430207945,936.071337643203,1.0246693759242829,39.026088364220094,0.1068,instanton_2008-03-31_T20_delta0.30_tau20_am50.npz
2008-03-31,60,0.2,0.2231435513142097,60,50.0,0.19675595717270053,0.2231435513142097,0.22302986431751126,0.00011368699669844773,0.0,0.0,0.5,10.0,5000,per_query,3842859302,0.5132620896845875,0.00627524284501715,4535.007354479511,1.0096349767512534,2.8440817576049784,0.6104,instanton_2008-03-31_T60_delta0.20_tau60_am50.npz
2008-03-31,60,0.3,0.35667494393873245,60,50.0,1.3786159944844802,0.35667494393873245,0.35663843712677235,3.650681196010197e-05,0.0,0.0,0.5,10.0,5000,per_query,1291902809,0.08679276791505919,0.00232668694358521,2518.1335313507757,1.0049895479797908,17.846710041830335,0.284,instanton_2008-03-31_T60_delta0.30_tau60_am50.npz
2008-04-01,20,0.2,0.2231435513142097,20,50.0,0.7826287486088319,0.2231435513142097,0.22301080560743713,0.00013274570677257458,0.0,0.0,0.5,10.0,5000,per_query,1824067737,0.17749367153410198,0.0036407089374033653,3406.614977677036,1.0041526215668548,7.326167804749388,0.3686,instanton_2008-04-01_T20_delta0.20_tau20_am50.npz
2008-04-01,20,0.3,0.35667494393873245,20,50.0,4.051990301596203,0.35667494393873245,0.3566259350303138,4.9008908418635144e-05,0.0,0.0,0.5,10.0,5000,per_query,3846808167,0.0027021982353108895,0.00014502423125317356,801.3668388898144,0.9783616138730993,70.62476673248017,0.0828,instanton_2008-04-01_T20_delta0.30_tau20_am50.npz
2008-04-01,60,0.2,0.2231435513142097,60,50.0,0.3378600896265949,0.2231435513142097,0.22272789253644376,0.0004156587777659482,0.0,0.0,0.5,10.0,5000,per_query,3798649438,0.38859875525539667,0.005710124726945311,4217.155512997067,1.0032777351623003,4.666482340962755,0.5286,instanton_2008-04-01_T60_delta0.20_tau60_am50.npz
2008-04-01,60,0.3,0.35667494393873245,60,50.0,1.5644888075088306,0.35667494393873245,0.35650395117764067,0.00017099276109178163,0.0,0.0,0.5,10.0,5000,per_query,2319707860,0.06788352344508965,0.0019491911093349138,2330.4149536207215,1.0197352364123513,12.720707076373216,0.253,instanton_2008-04-01_T60_delta0.30_tau60_am50.npz
2008-04-02,20,0.2,0.2231435513142097,20,50.0,0.794135275399633,0.2231435513142097,0.2230073482585011,0.0001362030557086058,0.0,0.0,0.5,10.0,5000,per_query,2136757994,0.17080289508643495,0.003638868002886302,3435.0892843677307,1.011802720260178,6.330545815319766,0.3506,instanton_2008-04-02_T20_delta0.20_tau20_am50.npz
2008-04-02,20,0.3,0.35667494393873245,20,50.0,4.081755762561025,0.35667494393873245,0.35662453043247133,5.0413506261115515e-05,0.0,0.0,0.5,10.0,5000,per_query,3458156869,0.0027552557243175025,0.00015495678490554771,719.1007153381287,0.9861924524382087,57.79668745030196,0.0808,instanton_2008-04-02_T20_delta0.30_tau20_am50.npz
2008-04-02,60,0.2,0.2231435513142097,60,50.0,0.34234260677800116,0.2231435513142097,0.222716130729939,0.00042742058427069907,0.0,0.0,0.5,10.0,5000,per_query,170335137,0.39912356963282963,0.005662409504313541,4205.828827290348,0.9887982809526041,4.016497103261003,0.5476,instanton_2008-04-02_T60_delta0.20_tau60_am50.npz
2008-04-02,60,0.3,0.35667494393873245,60,50.0,1.575405137122867,0.35667494393873245,0.35649879541276874,0.00017614852596370412,0.0,0.0,0.5,10.0,5000,per_query,1036992347,0.07013462350999325,0.0019650636341271783,2341.290964323751,0.9718067408004918,20.527823904983343,0.2586,instanton_2008-04-02_T60_delta0.30_tau60_am50.npz
2008-04-03,20,0.2,0.2231435513142097,20,50.0,0.8361306404013724,0.2231435513142097,0.22299344887282846,0.00015010244138125017,0.0,0.0,0.5,10.0,5000,per_query,1895878642,0.15519082978122725,0.0034714629922615635,3344.30094724248,1.0041726065485979,7.187781987472086,0.335,instanton_2008-04-03_T20_delta0.20_tau20_am50.npz
2008-04-03,20,0.3,0.35667494393873245,20,50.0,4.18414625189647,0.35667494393873245,0.35661848209787106,5.646184086138817e-05,0.0,0.0,0.5,10.0,5000,per_query,2405741711,0.0026687627733986453,0.0001511709879965311,514.3139096191425,1.0355061622862136,125.72312498797316,0.087,instanton_2008-04-03_T20_delta0.30_tau20_am50.npz
2008-04-03,60,0.2,0.2231435513142097,60,50.0,0.35859825000486256,0.2231435513142097,0.2226718118588087,0.00047173945540102125,0.0,0.0,0.5,10.0,5000,per_query,172720763,0.3846985646790985,0.005673091950042385,4173.235433084833,1.0028452648442825,5.705419456124633,0.528,instanton_2008-04-03_T60_delta0.20_tau60_am50.npz
2008-04-03,60,0.3,0.35667494393873245,60,50.0,1.6128842809081037,0.35667494393873245,0.3564775356258556,0.00019740831287684557,0.0,0.0,0.5,10.0,5000,per_query,1351446973,0.06230263901749105,0.001864862417113571,2273.9369850427674,1.003666450027905,14.48971058201798,0.2462,instanton_2008-04-03_T60_delta0.30_tau60_am50.npz
2008-04-04,20,0.2,0.2231435513142097,20,50.0,0.8720017480090243,0.2231435513142097,0.22299950005350055,0.00014405126070915486,0.0,0.0,0.5,10.0,5000,per_query,4157397440,0.14875115711400264,0.0032583678760751827,3183.8530498998944,1.0068257435018841,9.263886977963834,0.3392,instanton_2008-04-04_T20_delta0.20_tau20_am50.npz
2008-04-04,20,0.3,0.35667494393873245,20,50.0,4.4041936498660545,0.35667494393873245,0.3566208373661315,5.410657260096485e-05,0.0,0.0,0.5,10.0,5000,per_query,1203029803,0.0019332149863530287,0.0001133015262898201,605.0410259109217,0.9974532350577913,90.19617028539004,0.0734,instanton_2008-04-04_T20_delta0.30_tau20_am50.npz
2008-04-04,60,0.2,0.2231435513142097,60,50.0,0.3738720579575389,0.2231435513142097,0.22269143836081717,0.0004521129533925361,0.0,0.0,0.5,10.0,5000,per_query,1181640703,0.3693517861651716,0.005685049983907657,4169.121850533209,1.0095457437451743,4.4548049104544925,0.509,instanton_2008-04-04_T60_delta0.20_tau60_am50.npz
2008-04-04,60,0.3,0.35667494393873245,60,50.0,1.6941918087765298,0.35667494393873245,0.3564855256679511,0.00018941827078133855,0.0,0.0,0.5,10.0,5000,per_query,1782126367,0.05932084589264922,0.0016539978892291419,2095.7799905071133,0.9889201303271249,17.98833846344179,0.2532,instanton_2008-04-04_T60_delta0.30_tau60_am50.npz
2008-04-07,20,0.2,0.2231435513142097,20,50.0,0.894527560693324,0.2231435513142097,0.22299651367222584,0.00014703764198387148,0.0,0.0,0.5,10.0,5000,per_query,2809090340,0.15162535448728745,0.0032687366294192883,3117.159703852131,0.989575506406516,7.964483013594184,0.3514,instanton_2008-04-07_T20_delta0.20_tau20_am50.npz
2008-04-07,20,0.3,0.35667494393873245,20,50.0,4.490545344884745,0.35667494393873245,0.3566193957216752,5.5548217057221905e-05,0.0,0.0,0.5,10.0,5000,per_query,2680792018,0.001768280741875517,0.00010393990318212294,608.3738979838922,0.9813993130240162,91.74754555223232,0.0718,instanton_2008-04-07_T20_delta0.30_tau20_am50.npz
2008-04-07,60,0.2,0.2231435513142097,60,50.0,0.38289140454723475,0.2231435513142097,0.22268060578711957,0.0004629455270901417,0.0,0.0,0.5,10.0,5000,per_query,3931269946,0.36697444193009915,0.005534399654938311,4139.530409274925,0.9966693398154591,4.1185822809812285,0.5194,instanton_2008-04-07_T60_delta0.20_tau60_am50.npz
2008-04-07,60,0.3,0.35667494393873245,60,50.0,1.7258670312396263,0.35667494393873245,0.35648047783094494,0.0001944661077875054,0.0,0.0,0.5,10.0,5000,per_query,2379847105,0.052249673960024584,0.0016195560450569073,1993.7053727093364,1.0307882595553601,21.278827048626773,0.226,instanton_2008-04-07_T60_delta0.30_tau60_am50.npz
2008-04-08,20,0.2,0.2231435513142097,20,50.0,0.9010622421012376,0.2231435513142097,0.2230021790846246,0.00014137222958510165,0.0,0.0,0.5,10.0,5000,per_query,2288740906,0.14568934774095738,0.0032656944643586635,3246.0092798538763,1.0014627798047178,8.024590471009564,0.335,instanton_2008-04-08_T20_delta0.20_tau20_am50.npz
2008-04-08,20,0.3,0.35667494393873245,20,50.0,4.568114242920687,0.35667494393873245,0.3566217758666186,5.316807211386276e-05,0.0,0.0,0.5,10.0,5000,per_query,1551067812,0.0019204222320745032,0.00010710961545242564,702.1138975720828,1.0249347467946015,69.91200943215239,0.0818,instanton_2008-04-08_T20_delta0.30_tau20_am50.npz
2008-04-08,60,0.2,0.2231435513142097,60,50.0,0.38604665421173273,0.2231435513142097,0.2226991980324593,0.0004443532817504092,0.0,0.0,0.5,10.0,5000,per_query,1403168718,0.37001543342135057,0.005526183379414548,4112.147251634568,0.9977409247220137,4.141600356994222,0.5234,instanton_2008-04-08_T60_delta0.20_tau60_am50.npz
2008-04-08,60,0.3,0.35667494393873245,60,50.0,1.7544585207819972,0.35667494393873245,0.3564887420273184,0.0001862019114140523,0.0,0.0,0.5,10.0,5000,per_query,2347489686,0.052676546403423286,0.0016020312208562574,2089.7027923255623,1.023402348620097,21.71826646865521,0.2336,instanton_2008-04-08_T60_delta0.30_tau60_am50.npz
2008-04-09,20,0.2,0.2231435513142097,20,50.0,0.9546671340595067,0.2231435513142097,0.22303613999181504,0.00010741132239466822,0.0,0.0,0.5,10.0,5000,per_query,3517684023,0.13419126614070037,0.0031520291374404555,2974.108681811469,1.0105229727962768,19.583675810091222,0.3218,instanton_2008-04-09_T20_delta0.20_tau20_am50.npz
2008-04-09,20,0.3,0.35667494393873245,20,50.0,5.207017585549916,0.35667494393873245,0.35663540636358704,3.9537575145409676e-05,0.0,0.0,0.5,10.0,5000,per_query,3887553710,0.0008635572883825045,5.7053925648393856e-05,509.2522599693188,0.9933636739407226,74.02847487012359,0.0626,instanton_2008-04-09_T20_delta0.30_tau20_am50.npz
2008-04-09,60,0.2,0.2231435513142097,60,50.0,0.41151562990353635,0.2231435513142097,0.22280507703322527,0.00033847428098443544,0.0,0.0,0.5,10.0,5000,per_query,4024623107,0.34634743627496184,0.005486542366282229,4081.8102016213397,1.0004514919785183,4.291560862708613,0.4986,instanton_2008-04-09_T60_delta0.20_tau60_am50.npz
2008-04-09,60,0.3,0.35667494393873245,60,50.0,1.987446415678775,0.35667494393873245,0.35653687711446835,0.00013806682426409367,0.0,0.0,0.5,10.0,5000,per_query,3875409645,0.0400663105210863,0.0013329615832169833,1784.2481774866483,0.9852973819083407,20.104088670935298,0.208,instanton_2008-04-09_T60_delta0.30_tau60_am50.npz
2008-04-10,20,0.2,0.2231435513142097,20,50.0,0.997738380999846,0.2231435513142097,0.22303013334690736,0.00011341796730235387,0.0,0.0,0.5,10.0,5000,per_query,3822793404,0.12739263049774865,0.0030063854163675844,3160.7268198786946,0.9848045315232125,8.737308596967804,0.3142,instanton_2008-04-10_T20_delta0.20_tau20_am50.npz
2008-04-10,20,0.3,0.35667494393873245,20,50.0,5.3477952470621055,0.35667494393873245,0.3566327333712458,4.221056748665575e-05,0.0,0.0,0.5,10.0,5000,per_query,874632226,0.000637528350788069,4.3717744606862756e-05,625.7057098410424,0.9742912312593577,52.96935572030031,0.0514,instanton_2008-04-10_T20_delta0.30_tau20_am50.npz
2008-04-10,60,0.2,0.2231435513142097,60,50.0,0.4283980077810161,0.2231435513142097,0.22278595790231392,0.00035759341189578464,0.0,0.0,0.5,10.0,5000,per_query,2741375976,0.3470549691948505,0.005395640911628384,4032.2379837776116,0.9991183469876019,4.323324242807351,0.505,instanton_2008-04-10_T60_delta0.20_tau60_am50.npz
2008-04-10,60,0.3,0.35667494393873245,60,50.0,2.0382493391225576,0.35667494393873245,0.35652711363930756,0.00014783029942488923,0.0,0.0,0.5,10.0,5000,per_query,2778630544,0.03487167837145336,0.0011942581876143521,1999.7034992325775,0.9758851913061531,21.79654360375741,0.1988,instanton_2008-04-10_T60_delta0.30_tau60_am50.npz
2008-04-11,20,0.2,0.2231435513142097,20,50.0,0.6007350978359508,0.2231435513142097,0.2230894157933383,5.413552087141227e-05,0.0,0.0,0.5,10.0,5000,per_query,185775894,0.2351548082418044,0.004395624314039553,3710.4480593558837,0.9845602474089287,5.396135277776063,0.4182,instanton_2008-04-11_T20_delta0.20_tau20_am50.npz
2008-04-11,20,0.3,0.35667494393873245,20,50.0,4.226377371056211,0.35667494393873245,0.35665756893464895,1.737500408349746e-05,0.0,0.0,0.5,10.0,5000,per_query,3778307029,0.0023780101925353165,0.00013325198430852407,601.0041902620213,0.9990148846122047,105.04334492985147,0.0828,instanton_2008-04-11_T20_delta0.30_tau20_am50.npz
2008-04-11,60,0.2,0.2231435513142097,60,50.0,0.2725449925785377,0.2231435513142097,0.2229756742828819,0.00016787703132781218,0.0,0.0,0.5,10.0,5000,per_query,3577237138,0.45572173330135873,0.006029650947026858,4354.415584324428,0.9976804173326062,5.294073889110507,0.5782,instanton_2008-04-11_T60_delta0.20_tau60_am50.npz
2008-04-11,60,0.3,0.35667494393873245,60,50.0,1.6313403975385574,0.35667494393873245,0.35661522049532923,5.972344340321456e-05,0.0,0.0,0.5,10.0,5000,per_query,736692553,0.06221371040565137,0.0017944419503639888,2176.581511562765,1.0179323433416427,21.2700731394837,0.2464,instanton_2008-04-11_T60_delta0.30_tau60_am50.npz
2008-04-14,20,0.2,0.2231435513142097,20,50.0,0.5742615342574076,0.2231435513142097,0.22309561452894489,4.793678526482381e-05,0.0,0.0,0.5,10.0,5000,per_query,1282604720,0.23383396972716464,0.0043948025048929015,3763.3104395427645,0.9984173999063649,6.559213905119107,0.4074,instanton_2008-04-14_T20_delta0.20_tau20_am50.npz
2008-04-14,20,0.3,0.35667494393873245,20,50.0,4.263400040535429,0.35667494393873245,0.3566599257880867,1.5018150645751405e-05,0.0,0.0,0.5,10.0,5000,per_query,1084604744,0.0020734065694638913,0.00013480855879732418,885.6074343625169,0.939920193396014,38.1239373713049,0.0718,instanton_2008-04-14_T20_delta0.30_tau20_am50.npz
2008-04-14,60,0.2,0.2231435513142097,60,50.0,0.26294055605626326,0.2231435513142097,0.22299486966337145,0.00014868165083825602,0.0,0.0,0.5,10.0,5000,per_query,3476189785,0.45763097304939865,0.006022896915305725,4396.181875352097,0.9954045361681958,3.2027362823625354,0.5806,instanton_2008-04-14_T60_delta0.20_tau60_am50.npz
2008-04-14,60,0.3,0.35667494393873245,60,50.0,1.6450715847698547,0.35667494393873245,0.3566232366478168,5.170729091563686e-05,0.0,0.0,0.5,10.0,5000,per_query,3272372611,0.05819134117068852,0.0017503719737812073,2240.5138249824317,0.998428102070019,21.0473335694919,0.2364,instanton_2008-04-14_T60_delta0.30_tau60_am50.npz
2008-04-15,20,0.2,0.2231435513142097,20,50.0,0.6209485816190866,0.2231435513142097,0.223091372249419,5.217906479071388e-05,0.0,0.0,0.5,10.0,5000,per_query,1261390981,0.2188815517533846,0.004270749651179212,3723.739852223193,0.9981599344022434,5.9497047147524516,0.3922,instanton_2008-04-15_T20_delta0.20_tau20_am50.npz
2008-04-15,20,0.3,0.35667494393873245,20,50.0,4.431007109002601,0.35667494393873245,0.3566582492108896,1.669472784282533e-05,0.0,0.0,0.5,10.0,5000,per_query,1749078752,0.0019019546852643303,0.00010731819929760506,654.0923761459032,0.9857481494061642,59.3836716844464,0.0754,instanton_2008-04-15_T20_delta0.30_tau20_am50.npz
2008-04-15,60,0.2,0.2231435513142097,60,50.0,0.28184711977573956,0.2231435513142097,0.22298131613265593,0.00016223518155378258,0.0,0.0,0.5,10.0,5000,per_query,4141538025,0.4338216832639495,0.0059752997149783845,4358.372196673153,1.0075377839624624,3.1866588028881795,0.557,instanton_2008-04-15_T60_delta0.20_tau60_am50.npz
2008-04-15,60,0.3,0.35667494393873245,60,50.0,1.7061667560397702,0.35667494393873245,0.356617346122575,5.759781615743975e-05,0.0,0.0,0.5,10.0,5000,per_query,4195465724,0.0576107225130366,0.0016773799995263969,2209.3593617792317,0.9803117995804245,17.57792830388524,0.2432,instanton_2008-04-15_T60_delta0.30_tau60_am50.npz
2008-04-16,20,0.2,0.2231435513142097,20,50.0,1.3418168588073591,0.2231435513142097,0.22299881145227118,0.0001447398619385254,0.0,0.0,0.5,10.0,5000,per_query,3953400476,0.07423345479776532,0.002070029765582878,2635.1068197015798,0.9980644812364972,9.509554615963252,0.2508,instanton_2008-04-16_T20_delta0.20_tau20_am50.npz
2008-04-16,20,0.3,0.35667494393873245,20,50.0,6.642530978370527,0.35667494393873245,0.356617482566179,5.746137255346895e-05,0.0,0.0,0.5,10.0,5000,per_query,895970626,0.00015587666051750158,1.3826118195593876e-05,74.09468581860867,1.3000021803116732,595.8803990223869,0.034,instanton_2008-04-16_T20_delta0.30_tau20_am50.npz
2008-04-16,60,0.2,0.2231435513142097,60,50.0,0.5632272823144592,0.2231435513142097,0.2226808611146911,0.0004626901995186117,0.0,0.0,0.5,10.0,5000,per_query,1129802157,0.270068754798389,0.004790191985275928,3744.538605760134,1.0146429209708578,6.237267468312508,0.4434,instanton_2008-04-16_T60_delta0.20_tau60_am50.npz
2008-04-16,60,0.3,0.35667494393873245,60,50.0,2.5006656385772263,0.35667494393873245,0.3564718177168844,0.00020312622184803786,0.0,0.0,0.5,10.0,5000,per_query,3424975426,0.02093788507475492,0.0007892463578957226,1533.065665090772,0.9643573692748603,26.253294452829458,0.1662,instanton_2008-04-16_T60_delta0.30_tau60_am50.npz
2008-04-17,20,0.2,0.2231435513142097,20,50.0,1.5891176773046773,0.2231435513142097,0.22298910129177685,0.00015445002243286154,0.0,0.0,0.5,10.0,5000,per_query,110172299,0.056685299070651105,0.0016862783412173155,2349.762181984704,1.0083612987066417,15.953920416845877,0.2306,instanton_2008-04-17_T20_delta0.20_tau20_am50.npz
2008-04-17,20,0.3,0.35667494393873245,20,50.0,7.665346521267729,0.35667494393873245,0.35661160960694893,6.333433178351555e-05,0.0,0.0,0.5,10.0,5000,per_query,3317209424,6.609793605424083e-05,7.051898065104862e-06,157.64254582348255,0.933436844464137,258.2628058410795,0.0294,instanton_2008-04-17_T20_delta0.30_tau20_am50.npz
2008-04-17,60,0.2,0.2231435513142097,60,50.0,0.6592845246488194,0.2231435513142097,0.2226462327889056,0.0004973185253041024,0.0,0.0,0.5,10.0,5000,per_query,1268666275,0.2292445346456102,0.004377421183694565,3645.54580897502,0.9974004809412207,5.417386167253537,0.4116,instanton_2008-04-17_T60_delta0.20_tau60_am50.npz
2008-04-17,60,0.3,0.35667494393873245,60,50.0,2.8598353830373813,0.35667494393873245,0.35644994195469426,0.00022500198403818672,0.0,0.0,0.5,10.0,5000,per_query,1740979007,0.014250655162674219,0.0005764491750543938,610.6025070882849,0.997730456482443,140.6214698775283,0.1518,instanton_2008-04-17_T60_delta0.30_tau60_am50.npz
2008-04-18,20,0.2,0.2231435513142097,20,50.0,2.0156857399082093,0.2231435513142097,0.22290861146412766,0.00023493985008204987,0.0,0.0,0.5,10.0,5000,per_query,600017759,0.03345840151666961,0.0011072517798242038,1870.204626310407,1.0241493604145984,22.774197306641256,0.194,instanton_2008-04-18_T20_delta0.20_tau20_am50.npz
2008-04-18,20,0.3,0.35667494393873245,20,50.0,8.728835787036369,0.35667494393873245,0.3565716134031751,0.00010333053555733329,0.0,0.0,0.5,10.0,5000,per_query,4240158842,1.6999780332781882e-05,1.9847579329941155e-06,241.68414834612167,0.8181990411687218,101.57718528843212,0.019,instanton_2008-04-18_T20_delta0.30_tau20_am50.npz
2008-04-18,60,0.2,0.2231435513142097,60,50.0,0.8172265004287893,0.2231435513142097,0.2223788620772087,0.000764689237001015,0.0,0.0,0.5,10.0,5000,per_query,3765264612,0.18783664710427816,0.003894105116987949,3316.173758174472,0.9793637151490546,9.797021967675546,0.3832,instanton_2008-04-18_T60_delta0.20_tau60_am50.npz
2008-04-18,60,0.3,0.35667494393873245,60,50.0,3.2311289050636454,0.35667494393873245,0.3563048138252851,0.00037013011344733115,0.0,0.0,0.5,10.0,5000,per_query,1174023866,0.008711870606781778,0.00040928213728806207,1213.3533401595694,0.9745966297577127,28.718977789463047,0.1236,instanton_2008-04-18_T60_delta0.30_tau60_am50.npz
2008-04-21,20,0.2,0.2231435513142097,20,50.0,2.247196455123802,0.2231435513142097,0.22290216438076982,0.00024138693343989104,0.0,0.0,0.5,10.0,5000,per_query,2678945026,0.025354900201145954,0.0009055641319878972,1187.1150425399235,1.0206240161324736,52.19280794672594,0.1774,instanton_2008-04-21_T20_delta0.20_tau20_am50.npz
2008-04-21,20,0.3,0.35667494393873245,20,50.0,9.601845718833115,0.35667494393873245,0.35656634481703353,0.00010859912169891572,0.0,0.0,0.5,10.0,5000,per_query,940008274,7.997737281273881e-06,1.0095424407739095e-06,28.740666679212914,1.2582479627996828,1046.8975250938815,0.018,instanton_2008-04-21_T20_delta0.30_tau20_am50.npz
2008-04-21,60,0.2,0.2231435513142097,60,50.0,0.9040675524577781,0.2231435513142097,0.22235386312576022,0.0007896881884494888,0.0,0.0,0.5,10.0,5000,per_query,2398465139,0.1636030072744463,0.003578476324443269,3243.8971690154617,0.9951635275631754,8.36853355602451,0.3584,instanton_2008-04-21_T60_delta0.20_tau60_am50.npz
2008-04-21,60,0.3,0.35667494393873245,60,50.0,3.5310342878754306,0.35667494393873245,0.35628517999805087,0.0003897639406815756,0.0,0.0,0.5,10.0,5000,per_query,264673903,0.006142202262528964,0.0003029130923725307,913.8385713386684,1.0327040183250624,60.514538475056725,0.1106,instanton_2008-04-21_T60_delta0.30_tau60_am50.npz
2008-04-22,20,0.2,0.2231435513142097,20,50.0,2.0754746804293194,0.2231435513142097,0.2229417419524662,0.00020180936174352126,0.0,0.0,0.5,10.0,5000,per_query,1693482674,0.03162513700655573,0.0010648650898708377,1809.3085614486781,0.9948430616728172,30.572635360999318,0.19,instanton_2008-04-22_T20_delta0.20_tau20_am50.npz
2008-04-22,20,0.3,0.35667494393873245,20,50.0,9.25341202824035,0.35667494393873245,0.35658653311139243,8.841082734001304e-05,0.0,0.0,0.5,10.0,5000,per_query,2737752130,9.43198461431467e-06,1.19309608639455e-06,171.3632425916433,0.862840229961196,166.0719161416817,0.017,instanton_2008-04-22_T20_delta0.30_tau20_am50.npz
2008-04-22,60,0.2,0.2231435513142097,60,50.0,0.841932119827976,0.2231435513142097,0.22248584352957845,0.0006577077846312562,0.0,0.0,0.5,10.0,5000,per_query,2898685461,0.17735446513108613,0.0038138482204041263,3306.782062421734,1.0161444499973347,8.867676910167178,0.3666,instanton_2008-04-22_T60_delta0.20_tau60_am50.npz
2008-04-22,60,0.3,0.35667494393873245,60,50.0,3.4103166319531417,0.35667494393873245,0.35635830973107296,0.000316634207659483,0.0,0.0,0.5,10.0,5000,per_query,500314179,0.006656119084887433,0.0003214475101355967,791.1750695791826,1.02848462646277,56.042306225388224,0.111,instanton_2008-04-22_T60_delta0.30_tau60_am50.npz
2008-04-23,20,0.2,0.2231435513142097,20,50.0,2.1011592036839515,0.2231435513142097,0.22295382384484075,0.000189727469368961,0.0,0.0,0.5,10.0,5000,per_query,3775373152,0.030984248738419803,0.0010609932863516944,1661.6883532672337,1.0120852522181263,26.320722378398827,0.1866,instanton_2008-04-23_T20_delta0.20_tau20_am50.npz
2008-04-23,20,0.3,0.35667494393873245,20,50.0,9.483561958171329,0.35667494393873245,0.35659189663357704,8.30473051554037e-05,0.0,0.0,0.5,10.0,5000,per_query,481146005,5.4990747649242975e-06,7.909596193670864e-07,100.75183222251135,1.049596291028352,310.29856282234283,0.0122,instanton_2008-04-23_T20_delta0.30_tau20_am50.npz
2008-04-23,60,0.2,0.2231435513142097,60,50.0,0.8524938161437582,0.2231435513142097,0.22252486607658195,0.0006186852376277585,0.0,0.0,0.5,10.0,5000,per_query,37306497,0.1799245216778426,0.0037255718508129748,3226.9830487364875,0.9892381422893701,11.154999465146544,0.378,instanton_2008-04-23_T60_delta0.20_tau60_am50.npz
2008-04-23,60,0.3,0.35667494393873245,60,50.0,3.488449451760432,0.35667494393873245,0.35637771611054614,0.00029722782818630833,0.0,0.0,0.5,10.0,5000,per_query,3051595630,0.006237433014028008,0.0003020069350243606,1047.505622417448,0.9557149253400731,35.37519155441028,0.1142,instanton_2008-04-23_T60_delta0.30_tau60_am50.npz
2008-04-24,20,0.2,0.2231435513142097,20,50.0,2.258255003526084,0.2231435513142097,0.22291738977317177,0.00022616154103793917,0.0,0.0,0.5,10.0,5000,per_query,4023325731,0.02709757582563559,0.0009484156058742272,1462.9743015647707,0.9838492413324944,45.35869885452497,0.1858,instanton_2008-04-24_T20_delta0.20_tau20_am50.npz
2008-04-24,20,0.3,0.35667494393873245,20,50.0,9.771645355046513,0.35667494393873245,0.3565734823367501,0.00010146160198232224,0.0,0.0,0.5,10.0,5000,per_query,4206116001,5.4764790265480895e-06,7.123936422638554e-07,4.288508476126903,1.9235873035168443,4611.346216331153,0.015,instanton_2008-04-24_T20_delta0.30_tau20_am50.npz
2008-04-24,60,0.2,0.2231435513142097,60,50.0,0.9091270120578815,0.2231435513142097,0.222403644536457,0.000739906777752708,0.0,0.0,0.5,10.0,5000,per_query,1828068105,0.16323312846210583,0.0035452888445649156,3125.7330694781895,1.0041566100067232,12.5756954500858,0.3552,instanton_2008-04-24_T60_delta0.20_tau60_am50.npz
2008-04-24,60,0.3,0.35667494393873245,60,50.0,3.5884252714679548,0.35667494393873245,0.3563109607282069,0.0003639832105255536,0.0,0.0,0.5,10.0,5000,per_query,2080212276,0.006020325828125358,0.00029373246674012604,873.992766828894,0.9936619313711359,58.237794575157004,0.1114,instanton_2008-04-24_T60_delta0.30_tau60_am50.npz
2008-04-25,20,0.2,0.2231435513142097,20,50.0,2.624691560785257,0.2231435513142097,0.22281363519824726,0.0003299161159624475,0.0,0.0,0.5,10.0,5000,per_query,2340272204,0.015452358040666735,0.0006072457986256836,1202.3743440698977,1.0214263220788515,56.07217988941364,0.146,instanton_2008-04-25_T20_delta0.20_tau20_am50.npz
2008-04-25,20,0.3,0.35667494393873245,20,50.0,10.456849630656798,0.35667494393873245,0.3565193810825731,0.0001555628561593636,0.0,0.0,0.5,10.0,5000,per_query,1450776179,3.6044393676089137e-06,9.251505807604754e-07,72.58148478344282,0.894625791295457,394.04333138450033,0.0112,instanton_2008-04-25_T20_delta0.30_tau20_am50.npz
2008-04-25,60,0.2,0.2231435513142097,60,50.0,1.03976529205731,0.2231435513142097,0.2220558267004522,0.0010877246137575014,0.0,0.0,0.5,10.0,5000,per_query,271311130,0.1276867497102686,0.0030339488683701,3038.002301992179,1.0061184164778438,11.785975528993259,0.3174,instanton_2008-04-25_T60_delta0.20_tau60_am50.npz
2008-04-25,60,0.3,0.35667494393873245,60,50.0,3.824516301922982,0.35667494393873245,0.3561138421460823,0.0005611017926501205,0.0,0.0,0.5,10.0,5000,per_query,1074340152,0.0038901416295220557,0.00019399348782961497,608.3249437690846,0.9803693122476025,94.5661532491833,0.0964,instanton_2008-04-25_T60_delta0.30_tau60_am50.npz
2008-04-28,20,0.2,0.2231435513142097,20,50.0,2.6420607855156097,0.2231435513142097,0.22281051662205176,0.0003330346921579519,0.0,0.0,0.5,10.0,5000,per_query,732180472,0.015070095975180945,0.0006117867966082288,1372.3907683544617,1.046977075390915,54.056252917005374,0.1418,instanton_2008-04-28_T20_delta0.20_tau20_am50.npz
2008-04-28,20,0.3,0.35667494393873245,20,50.0,10.503774893391054,0.35667494393873245,0.3565175784478205,0.00015736549091194263,0.0,0.0,0.5,10.0,5000,per_query,3008599676,2.7805854409152024e-06,4.1137640320353656e-07,110.71674643135766,0.9820571898855316,281.70279980106193,0.0114,instanton_2008-04-28_T20_delta0.30_tau20_am50.npz
2008-04-28,60,0.2,0.2231435513142097,60,50.0,1.0460229239912482,0.2231435513142097,0.22204531486351797,0.0010982364506917364,0.0,0.0,0.5,10.0,5000,per_query,1330386986,0.13460359675599212,0.0030906887416087612,2960.8368518309953,0.9899008985139554,12.653975357557925,0.3324,instanton_2008-04-28_T60_delta0.20_tau60_am50.npz
2008-04-28,60,0.3,0.35667494393873245,60,50.0,3.840501123614924,0.35667494393873245,0.3561075982045807,0.0005673457341517363,0.0,0.0,0.5,10.0,5000,per_query,1924202884,0.004343107663444402,0.00021296000103390242,782.6905605523269,1.0017380765535748,53.99498552410007,0.1024,instanton_2008-04-28_T60_delta0.30_tau60_am50.npz
2008-04-29,20,0.2,0.2231435513142097,20,50.0,3.545432408652297,0.2231435513142097,0.22285189768857894,0.00029165362563077224,0.0,0.0,0.5,10.0,5000,per_query,3947525378,0.005463318099094569,0.00025706496154448004,852.1592979330948,1.0335910874305299,46.43230411096207,0.1088,instanton_2008-04-29_T20_delta0.20_tau20_am50.npz
2008-04-29,20,0.3,0.35667494393873245,20,50.0,14.060709846233763,0.35667494393873245,0.35652881786170987,0.00014612607702257918,0.0,0.0,0.5,10.0,5000,per_query,3028727972,5.755984571542065e-08,1.4020784728210187e-08,20.331691662998892,0.7646307617210691,800.104548826048,0.0044,instanton_2008-04-29_T20_delta0.30_tau20_am50.npz
2008-04-29,60,0.2,0.2231435513142097,60,50.0,1.3762418298003019,0.2231435513142097,0.2221667859590104,0.000976765355199305,0.0,0.0,0.5,10.0,5000,per_query,1451760741,0.08422540889711275,0.002315455541513658,2506.8739342554327,0.9906366665839214,13.816014159824082,0.2692,instanton_2008-04-29_T60_delta0.20_tau60_am50.npz
2008-04-29,60,0.3,0.35667494393873245,60,50.0,5.02750883485791,0.35667494393873245,0.3561477635104495,0.0005271804282829251,0.0,0.0,0.5,10.0,5000,per_query,3052950030,0.0010707103949060132,7.2465915060468e-05,699.2737223371946,1.0116242800456405,55.354510000466654,0.0616,instanton_2008-04-29_T60_delta0.30_tau60_am50.npz
2008-04-30,20,0.2,0.2231435513142097,20,50.0,3.1845646336576925,0.2231435513142097,0.22291538267825217,0.00022816863595753745,0.0,0.0,0.5,10.0,5000,per_query,4000448294,0.007792038874108522,0.0003436353724622639,700.9177997416137,1.0177036495508884,89.16924688950809,0.1174,instanton_2008-04-30_T20_delta0.20_tau20_am50.npz
2008-04-30,20,0.3,0.35667494393873245,20,50.0,13.358556159760402,0.35667494393873245,0.3565645790810308,0.00011036485770166138,0.0,0.0,0.5,10.0,5000,per_query,3751676970,1.1208490350290029e-07,2.955020990315626e-08,132.8334803243722,0.757536031038883,137.405151059332,0.0038,instanton_2008-04-30_T20_delta0.30_tau20_am50.npz
2008-04-30,60,0.2,0.2231435513142097,60,50.0,1.2502328648902004,0.2231435513142097,0.22238309669130185,0.0007604546229078579,0.0,0.0,0.5,10.0,5000,per_query,1277550521,0.10263706778119767,0.002623204955018771,2770.0261519107007,1.0019135093455247,13.067889679637968,0.2972,instanton_2008-04-30_T60_delta0.20_tau60_am50.npz
2008-04-30,60,0.3,0.35667494393873245,60,50.0,4.791804840440936,0.35667494393873245,0.3562777331217699,0.00039721081696253435,0.0,0.0,0.5,10.0,5000,per_query,892481596,0.0014654794067230018,0.00010071405224692197,621.4016281029152,1.0251719369969043,55.53110716372141,0.0686,instanton_2008-04-30_T60_delta0.30_tau60_am50.npz
2008-05-01,20,0.2,0.2231435513142097,20,50.0,3.8105639353195984,0.2231435513142097,0.22261346996320697,0.0005300813510027425,0.0,0.0,0.5,10.0,5000,per_query,1126410404,0.0038572349883920637,0.0001924588381580389,936.1776834970633,0.9899294513671637,47.68591591522561,0.0966,instanton_2008-05-01_T20_delta0.20_tau20_am50.npz
2008-05-01,20,0.3,0.35667494393873245,20,50.0,13.632420532756667,0.35667494393873245,0.356398242087832,0.0002767018509004515,0.0,0.0,0.5,10.0,5000,per_query,2481130007,5.9089815564318204e-08,1.7998389365957804e-08,63.71994478734691,0.7998906068210905,366.4787066945806,0.003,instanton_2008-05-01_T20_delta0.30_tau20_am50.npz
2008-05-01,60,0.2,0.2231435513142097,60,50.0,1.4591760406673795,0.2231435513142097,0.22136005990183705,0.001783491412372662,0.0,0.0,0.5,10.0,5000,per_query,2678739230,0.07683544405561143,0.002147319056502907,2375.397507108666,0.9968781411229752,16.00431000009993,0.2632,instanton_2008-05-01_T60_delta0.20_tau60_am50.npz
2008-05-01,60,0.3,0.35667494393873245,60,50.0,4.891448258266698,0.35667494393873245,0.355671475280646,0.001003468658086426,0.0,0.0,0.5,10.0,5000,per_query,996028762,0.0012442698690186174,8.142848875090739e-05,605.2319586923579,0.9918552430961092,73.87458932863878,0.0636,instanton_2008-05-01_T60_delta0.30_tau60_am50.npz
2008-05-02,20,0.2,0.2231435513142097,20,50.0,3.9500552279585657,0.2231435513142097,0.22254756140534138,0.0005959899088683329,0.0,0.0,0.5,10.0,5000,per_query,2452048728,0.003442866204021646,0.00017740462780719608,872.952493001314,0.9689250974500119,38.74057061724357,0.096,instanton_2008-05-02_T20_delta0.20_tau20_am50.npz
2008-05-02,20,0.3,0.35667494393873245,20,50.0,13.851974387207067,0.35667494393873245,0.35635997975464573,0.000314964184086719,0.0,0.0,0.5,10.0,5000,per_query,1427853531,6.427548862382256e-08,1.713469381698119e-08,47.77330328212853,0.8871477715732624,431.06438360289246,0.004,instanton_2008-05-02_T20_delta0.30_tau20_am50.npz
2008-05-02,60,0.2,0.2231435513142097,59,50.0,1.5262878313739636,0.2231435513142097,0.22117340622416304,0.001970145090046671,0.0,0.0,0.5,10.0,5000,per_query,1056186445,0.07020385224050767,0.0019835956908615606,2147.345023200901,1.003394548222783,33.23148378005857,0.2608,instanton_2008-05-02_T60_delta0.20_tau59_am50.npz
2008-05-02,60,0.3,0.35667494393873245,60,50.0,4.964313940237753,0.35667494393873245,0.35553194822722656,0.0011429957115058897,0.0,0.0,0.5,10.0,5000,per_query,1271508314,0.0011790366214025126,7.997591919101605e-05,350.2212297783089,1.078355539695648,152.21124284089618,0.0662,instanton_2008-05-02_T60_delta0.30_tau60_am50.npz
2008-05-05,20,0.2,0.2231435513142097,20,50.0,3.6690054712733944,0.2231435513142097,0.22265815092019103,0.00048540039401867574,0.0,0.0,0.5,10.0,5000,per_query,3373941259,0.0047473811268244626,0.0002344450442782635,842.5303133218611,1.014717079803909,69.73067154432007,0.1046,instanton_2008-05-05_T20_delta0.20_tau20_am50.npz
2008-05-05,20,0.3,0.35667494393873245,20,50.0,13.343973569847925,0.35667494393873245,0.3564246016822281,0.0002503422565043323,0.0,0.0,0.5,10.0,5000,per_query,2625407363,8.485830231923449e-08,2.1903242675627008e-08,57.57056312093637,0.8885860342090611,328.91968197153983,0.0038,instanton_2008-05-05_T20_delta0.30_tau20_am50.npz
2008-05-05,60,0.2,0.2231435513142097,60,50.0,1.4107923062227339,0.2231435513142097,0.2215135000798929,0.0016300512343168094,0.0,0.0,0.5,10.0,5000,per_query,1421346216,0.08133032258853655,0.002230112830962319,2430.9859179020323,1.024472472557721,14.453076102760187,0.269,instanton_2008-05-05_T60_delta0.20_tau60_am50.npz
2008-05-05,60,0.3,0.35667494393873245,60,50.0,4.795472416638676,0.35667494393873245,0.3557687120129094,0.0009062319258230644,0.0,0.0,0.5,10.0,5000,per_query,3868558269,0.0013140822326155196,8.656169477516531e-05,582.4463358886425,0.9899624653544713,65.57957943640244,0.0632,instanton_2008-05-05_T60_delta0.30_tau60_am50.npz
2008-05-06,20,0.2,0.2231435513142097,20,50.0,4.03704537494917,0.2231435513142097,0.2224443701563903,0.0006991811578194174,0.0,0.0,0.5,10.0,5000,per_query,1245314662,0.003022146815826457,0.00015759144553814216,591.1863550987734,0.9654137382342195,103.42229832933872,0.0896,instanton_2008-05-06_T20_delta0.20_tau20_am50.npz
2008-05-06,20,0.3,0.35667494393873245,20,50.0,13.826835501589182,0.35667494393873245,0.35630134898503574,0.0003735949536967098,0.0,0.0,0.5,10.0,5000,per_query,1694534851,6.736595165563593e-08,1.7193454205760677e-08,101.1393514195299,0.8707854329056659,213.0020080896482,0.004,instanton_2008-05-06_T20_delta0.30_tau20_am50.npz
2008-05-06,60,0.2,0.2231435513142097,60,100.0,1.5773809019532967,0.2231435513142097,0.22313585759451904,7.69371969067123e-06,0.0,0.0,0.5,10.0,5000,per_query,1319354385,0.06696745042531856,0.0019689972804673955,2232.40816920242,1.012489778709029,23.372814287817885,0.2482,instanton_2008-05-06_T60_delta0.20_tau60_am100.npz
2008-05-06,60,0.3,0.35667494393873245,60,50.0,4.95562866320154,0.35667494393873245,0.3553184057337573,0.0013565382049751662,0.0,0.0,0.5,10.0,5000,per_query,2272614710,0.0011363881483082822,7.15454978615735e-05,568.3390138251887,1.032897593431869,57.66058644466744,0.0672,instanton_2008-05-06_T60_delta0.30_tau60_am50.npz
2008-05-07,20,0.2,0.2231435513142097,20,50.0,2.8850580154285717,0.2231435513142097,0.22281841239668854,0.00032513891752117274,0.0,0.0,0.5,10.0,5000,per_query,1087487876,0.01147024614744459,0.00048549972664238886,1211.7022524336344,0.9787940962788858,41.48507378136922,0.1322,instanton_2008-05-07_T20_delta0.20_tau20_am50.npz
2008-05-07,20,0.3,0.35667494393873245,20,50.0,11.434771724514176,0.35667494393873245,0.35651861379401417,0.00015633014471827522,0.0,0.0,0.5,10.0,5000,per_query,1523859340,1.2011456568355934e-06,1.8775836035273442e-07,101.04397416923808,0.8685014677245919,249.2574825363469,0.01,instanton_2008-05-07_T20_delta0.30_tau20_am50.npz
2008-05-07,60,0.2,0.2231435513142097,60,50.0,1.135496183206097,0.2231435513142097,0.22206659575515353,0.0010769555590561808,0.0,0.0,0.5,10.0,5000,per_query,613936329,0.11933000277170697,0.002990180122756057,2824.630317234023,1.0014898314462188,10.307382942803214,0.3122,instanton_2008-05-07_T60_delta0.20_tau60_am50.npz
2008-05-07,60,0.3,0.35667494393873245,60,50.0,4.154829500267978,0.35667494393873245,0.35611145742201167,0.0005634865167207792,0.0,0.0,0.5,10.0,5000,per_query,3777752764,0.0027281810362863425,0.00015906939334252922,671.4937760143599,1.0283794179605474,71.1155168773558,0.0796,instanton_2008-05-07_T60_delta0.30_tau60_am50.npz
2008-05-08,20,0.2,0.2231435513142097,20,50.0,2.766979125229513,0.2231435513142097,0.22285153970000504,0.00029201161420466804,0.0,0.0,0.5,10.0,5000,per_query,4098353070,0.013794670033350461,0.0005556461760935023,1369.7087015646027,1.0104319268460369,31.825155347217873,0.1418,instanton_2008-05-08_T20_delta0.20_tau20_am50.npz
2008-05-08,20,0.3,0.35667494393873245,20,50.0,11.216591096797924,0.35667494393873245,0.3565364506744668,0.0001384932642656267,0.0,0.0,0.5,10.0,5000,per_query,2262890741,1.023441119441653e-06,1.8708274786506127e-07,102.45995375716123,0.8692026408427653,237.82257026668952,0.0086,instanton_2008-05-08_T20_delta0.30_tau20_am50.npz
2008-05-08,60,0.2,0.2231435513142097,60,50.0,1.093941998604844,0.2231435513142097,0.22217879926606265,0.0009647520481470551,0.0,0.0,0.5,10.0,5000,per_query,1613425965,0.1246285087542798,0.003001056607046679,2952.9211505425055,0.9931602853160711,12.051695288965536,0.316,instanton_2008-05-08_T60_delta0.20_tau60_am50.npz
2008-05-08,60,0.3,0.35667494393873245,60,50.0,4.08041403974176,0.35667494393873245,0.3561762188311848,0.0004987251075476706,0.0,0.0,0.5,10.0,5000,per_query,2016708511,0.0032701636117865355,0.00017858032217159443,646.8434425922999,1.0310847575330735,76.9097190211937,0.0924,instanton_2008-05-08_T60_delta0.30_tau60_am50.npz
2008-05-09,20,0.2,0.2231435513142097,20,50.0,3.0098207779488724,0.2231435513142097,0.22287050745021286,0.0002730438639968469,0.0,0.0,0.5,10.0,5000,per_query,1281589424,0.01019662435687732,0.0004429199193552793,1041.172780928533,1.0284659881514469,57.93571168246557,0.1344,instanton_2008-05-09_T20_delta0.20_tau20_am50.npz
2008-05-09,20,0.3,0.35667494393873245,20,50.0,12.263536224300678,0.35667494393873245,0.3565434385735875,0.00013150536514494604,0.0,0.0,0.5,10.0,5000,per_query,1033606277,6.268555934433012e-07,1.2643395806522653e-07,86.02534972261203,0.9763113711869672,307.3524976246624,0.0086,instanton_2008-05-09_T20_delta0.30_tau20_am50.npz
2008-05-09,60,0.2,0.2231435513142097,60,50.0,1.1837580796856155,0.2231435513142097,0.2222373252503953,0.0009062260638144082,0.0,0.0,0.5,10.0,5000,per_query,104224047,0.10720192268106196,0.0027036096080996093,2756.3186797176786,1.0144761825270028,12.752153449053562,0.2944,instanton_2008-05-09_T60_delta0.20_tau60_am50.npz
2008-05-09,60,0.3,0.35667494393873245,60,50.0,4.430651935950123,0.35667494393873245,0.3562021049949857,0.00047283894374672286,0.0,0.0,0.5,10.0,5000,per_query,1747513337,0.001940617100550706,0.0001272791639113332,602.9213106676738,0.99423017497465,89.67032049006806,0.071,instanton_2008-05-09_T60_delta0.30_tau60_am50.npz
2008-05-12,20,0.2,0.2231435513142097,20,50.0,3.4474568137832677,0.2231435513142097,0.22271026158004226,0.0004332897341674524,0.0,0.0,0.5,10.0,5000,per_query,2730824406,0.0064618239124370975,0.000334268758831749,742.639759575738,1.0500138380489386,57.51985039358927,0.1114,instanton_2008-05-12_T20_delta0.20_tau20_am50.npz
2008-05-12,20,0.3,0.35667494393873245,20,50.0,12.829930310531644,0.35667494393873245,0.35645556211803964,0.00021938182069280998,0.0,0.0,0.5,10.0,5000,per_query,3562167010,1.672968607159923e-07,4.676811521298192e-08,80.76666019575151,0.7771346192821076,265.95139269431047,0.004,instanton_2008-05-12_T20_delta0.30_tau20_am50.npz
2008-05-12,60,0.2,0.2231435513142097,60,50.0,1.3339237327869398,0.2231435513142097,0.22169342525921287,0.0014501260549968364,0.0,0.0,0.5,10.0,5000,per_query,3228466324,0.08831424071632928,0.002363993750555702,2381.7444531381802,1.0178188564015567,26.700691510241892,0.2756,instanton_2008-05-12_T60_delta0.20_tau60_am50.npz
2008-05-12,60,0.3,0.35667494393873245,60,50.0,4.6239521033702,0.35667494393873245,0.3558819799112891,0.0007929640274433325,0.0,0.0,0.5,10.0,5000,per_query,2179645287,0.0014895412272939923,9.382667604080681e-05,518.5768126876673,1.0427107466432317,69.10747992361104,0.0662,instanton_2008-05-12_T60_delta0.30_tau60_am50.npz
2008-05-13,20,0.2,0.2231435513142097,20,50.0,3.460207648898058,0.2231435513142097,0.2227075846466553,0.0004359666675544105,0.0,0.0,0.5,10.0,5000,per_query,1487294304,0.00545953058318413,0.00027575589427005843,1032.7373712275487,1.027252788698292,42.07493573282164,0.1008,instanton_2008-05-13_T20_delta0.20_tau20_am50.npz
2008-05-13,20,0.3,0.35667494393873245,20,50.0,12.86078363318236,0.35667494393873245,0.35645398380685656,0.00022096013187589136,0.0,0.0,0.5,10.0,5000,per_query,346305081,2.034946354184829e-07,5.244665071242585e-08,1.2602338864243547,6.943628237804632,30922.25719497359,0.005,instanton_2008-05-13_T20_delta0.30_tau20_am50.npz
2008-05-13,60,0.2,0.2231435513142097,60,50.0,1.338375562143363,0.2231435513142097,0.2216853215703809,0.0014582297438288094,0.0,0.0,0.5,10.0,5000,per_query,159913730,0.09031694252704439,0.0024605351665861748,2514.015058124106,1.0113781891681917,16.681564827196084,0.2812,instanton_2008-05-13_T60_delta0.20_tau60_am50.npz
2008-05-13,60,0.3,0.35667494393873245,60,50.0,4.634263179109114,0.35667494393873245,0.35587582926925343,0.0007991146694790174,0.0,0.0,0.5,10.0,5000,per_query,1966002095,0.0015997594312942359,9.63706094508233e-05,666.6345038889328,0.9182360530821272,64.06348472385389,0.072,instanton_2008-05-13_T60_delta0.30_tau60_am50.npz
2008-05-14,20,0.2,0.2231435513142097,20,50.0,4.476597893392532,0.2231435513142097,0.22265638278966993,0.00048716852453978277,0.0,0.0,0.5,10.0,5000,per_query,254081877,0.0016343953503037652,9.956526410271507e-05,728.6696768703443,1.0107411751494944,43.84351260528276,0.0716,instanton_2008-05-14_T20_delta0.20_tau20_am50.npz
2008-05-14,20,0.3,0.35667494393873245,20,50.0,15.962781311140402,0.35667494393873245,0.35641161788594644,0.00026332605278600596,0.0,0.0,0.5,10.0,5000,per_query,187794905,7.715810114597334e-09,2.7370138525794943e-09,6.168226463624844,1.1992490527345985,2382.2917269814543,0.0022,instanton_2008-05-14_T20_delta0.30_tau20_am50.npz
2008-05-14,60,0.2,0.2231435513142097,60,50.0,1.6955081424159135,0.2231435513142097,0.2214907187210171,0.0016528325931925991,0.0,0.0,0.5,10.0,5000,per_query,3764105950,0.0529226927492306,0.0016953718528562442,2080.6223209755526,1.0094876943008682,19.608274789202735,0.2236,instanton_2008-05-14_T60_delta0.20_tau60_am50.npz
2008-05-14,60,0.3,0.35667494393873245,60,50.0,5.6571606711011055,0.35667494393873245,0.3557195962148967,0.0009553477238357644,0.0,0.0,0.5,10.0,5000,per_query,885856369,0.0005314577587311337,4.0255242404001175e-05,210.49774342411123,1.0151175604436742,248.5865654852061,0.052,instanton_2008-05-14_T60_delta0.30_tau60_am50.npz
2008-05-15,20,0.2,0.2231435513142097,20,50.0,5.021040821537548,0.2231435513142097,0.22231759618313607,0.0008259551310736413,0.0,0.0,0.5,10.0,5000,per_query,3864895682,0.0009670307744895297,7.181191274741384e-05,737.9759216759867,0.9547584140124828,44.58176733354579,0.0608,instanton_2008-05-15_T20_delta0.20_tau20_am50.npz
2008-05-15,20,0.3,0.35667494393873245,20,50.0,16.480115763718928,0.35667494393873245,0.35620754883930505,0.0004673950994273923,0.0,0.0,0.5,10.0,5000,per_query,2977723937,4.758664221884729e-09,1.7388996033499164e-09,48.04860563694021,0.9158969081809186,399.13402490413984,0.0022,instanton_2008-05-15_T20_delta0.30_tau20_am50.npz
2008-05-15,60,0.2,0.2231435513142097,60,100.0,1.9321748279585238,0.2231435513142097,0.22313257179503676,1.0979519172948926e-05,0.0,0.0,0.5,10.0,5000,per_query,3047491248,0.0428526380645593,0.0013603903832110486,1814.8215695842791,1.0338250655243726,23.25175160145256,0.2168,instanton_2008-05-15_T60_delta0.20_tau60_am100.npz
2008-05-15,60,0.3,0.35667494393873245,60,50.0,5.825324987314646,0.35667494393873245,0.3549753726526541,0.0016995712860783385,0.0,0.0,0.5,10.0,5000,per_query,3830178412,0.0003916140575145769,3.0563049367558075e-05,208.39772282621297,1.0086038451237351,213.3385368784295,0.047,instanton_2008-05-15_T60_delta0.30_tau60_am50.npz
2008-05-16,20,0.2,0.2231435513142097,20,50.0,5.262487787855682,0.2231435513142097,0.22228023468365432,0.0008633166305553885,0.0,0.0,0.5,10.0,5000,per_query,2164782568,0.0006834450163101584,4.795663806515269e-05,324.998012847189,0.9919706317443706,189.25698975271584,0.055,instanton_2008-05-16_T20_delta0.20_tau20_am50.npz
2008-05-16,20,0.3,0.35667494393873245,20,50.0,17.096960716434246,0.35667494393873245,0.356180682442897,0.0004942614958354241,0.0,0.0,0.5,10.0,5000,per_query,3872912364,2.297536008876462e-09,9.754170923638599e-10,10.070004948380918,1.140489856514294,1694.3750302756594,0.0012,instanton_2008-05-16_T20_delta0.30_tau20_am50.npz
2008-05-16,60,0.2,0.2231435513142097,60,100.0,2.018563267800604,0.2231435513142106,0.22313151409458332,1.2037219626392925e-05,0.0,8.881784197001252e-16,0.5,10.0,5000,per_query,2453428917,0.03870915600123235,0.0012562127914946654,1909.6707784385105,1.011882396128591,22.474557549470305,0.2104,instanton_2008-05-16_T60_delta0.20_tau60_am100.npz
2008-05-16,60,0.3,0.35667494393873245,60,50.0,6.025319257884148,0.35667494393873245,0.35487800437479855,0.001796939563933897,0.0,0.0,0.5,10.0,5000,per_query,2099044781,0.0003616798501985107,3.70239583728242e-05,135.89559117890587,1.035298457592987,293.2920254027181,0.042,instanton_2008-05-16_T60_delta0.30_tau60_am50.npz
2008-05-19,20,0.2,0.2231435513142097,20,50.0,5.429920962693625,0.2231435513142097,0.2221715318120161,0.0009720195021936107,0.0,0.0,0.5,10.0,5000,per_query,1393424174,0.0006052756163214817,4.269425886804286e-05,263.81365258489063,1.0855793519470307,162.7091025088918,0.054,instanton_2008-05-19_T20_delta0.20_tau20_am50.npz
2008-05-19,20,0.3,0.35667494393873245,20,50.0,17.33830096267618,0.35667494393873245,0.35611151005361386,0.0005634338851185916,0.0,0.0,0.5,10.0,5000,per_query,863745514,2.4313206879431925e-09,9.862339214879812e-10,47.021731955664634,0.9202052186313795,429.07018580478535,0.0016,instanton_2008-05-19_T20_delta0.30_tau20_am50.npz
2008-05-19,60,0.2,0.2231435513142097,60,100.0,2.0802572787967994,0.2231435513142106,0.22312788063930977,1.56706748999369e-05,0.0,8.881784197001252e-16,0.5,10.0,5000,per_query,2937648570,0.033385554271956844,0.0011201835126762015,1996.5979626029618,1.027225720211185,14.934687752343281,0.1948,instanton_2008-05-19_T60_delta0.20_tau60_am100.npz
2008-05-19,60,0.3,0.35667494393873245,60,100.0,6.172658490582317,0.35667494393873245,0.35666565783811777,9.286100614680493e-06,0.0,0.0,0.5,10.0,5000,per_query,732987475,0.0003004893434241879,2.341308131492434e-05,372.78230959477906,0.9188190893825311,98.4099461548132,0.046,instanton_2008-05-19_T60_delta0.30_tau60_am100.npz
2008-05-20,20,0.2,0.2231435513142097,20,50.0,4.821846712572214,0.2231435513142097,0.22246222349828404,0.0006813278159256697,0.0,0.0,0.5,10.0,5000,per_query,1661771900,0.001171910779726276,8.232948328139853e-05,632.8733281385788,1.0005429984441296,54.259488934030706,0.0626,instanton_2008-05-20_T20_delta0.20_tau20_am50.npz
2008-05-20,20,0.3,0.35667494393873245,20,50.0,16.285075573730623,0.35667494393873245,0.35629526317124505,0.0003796807674874003,0.0,0.0,0.5,10.0,5000,per_query,1893646777,6.692110165265879e-09,2.4985609908912637e-09,17.849581704702448,0.8811281526611725,944.7594728117223,0.002,instanton_2008-05-20_T20_delta0.30_tau20_am50.npz
2008-05-20,60,0.2,0.2231435513142097,60,100.0,1.8585569142751224,0.2231435513142106,0.2231363550173251,7.196296884615094e-06,0.0,8.881784197001252e-16,0.5,10.0,5000,per_query,4057900964,0.049536253272354266,0.001633730216683856,2078.8634856509757,1.0069413048332487,17.324557934192278,0.222,instanton_2008-05-20_T60_delta0.20_tau60_am100.npz
2008-05-20,60,0.3,0.35667494393873245,60,50.0,5.763030573390973,0.35667494393873245,0.3552971920263337,0.0013777519123987503,0.0,0.0,0.5,10.0,5000,per_query,3196824737,0.0005203459275871412,4.015740059821355e-05,256.99687973247296,1.0355523356343679,164.00906707013036,0.0534,instanton_2008-05-20_T60_delta0.30_tau60_am50.npz
2008-05-21,20,0.2,0.2231435513142097,20,50.0,3.4422023060173914,0.2231435513142097,0.22281613527363664,0.0003274160405730697,0.0,0.0,0.5,10.0,5000,per_query,359785430,0.005975941826425852,0.000286538842518204,1217.0152898116737,0.9394244786724614,36.94617328524696,0.1108,instanton_2008-05-21_T20_delta0.20_tau20_am50.npz
2008-05-21,20,0.3,0.35667494393873245,20,50.0,13.414062134081288,0.35667494393873245,0.3565111947881068,0.00016374915062566942,0.0,0.0,0.5,10.0,5000,per_query,1419079353,8.295823106132943e-08,2.2929243336308917e-08,38.29194508986184,0.9113487056211248,578.6828954994157,0.004,instanton_2008-05-21_T20_delta0.30_tau20_am50.npz
2008-05-21,60,0.2,0.2231435513142097,60,50.0,1.3371241768989204,0.2231435513142097,0.22204825567936393,0.0010952956348457832,0.0,0.0,0.5,10.0,5000,per_query,1309171906,0.0894529577491227,0.002347804575118905,2493.071204788631,1.000683493070945,14.998705317953068,0.279,instanton_2008-05-21_T60_delta0.20_tau60_am50.npz
2008-05-21,60,0.3,0.35667494393873245,60,50.0,4.815400392284199,0.35667494393873245,0.35608408738797426,0.0005908565507581898,0.0,0.0,0.5,10.0,5000,per_query,1826986455,0.001306399984005791,8.263653631023748e-05,688.9361061292647,0.9893841090181712,51.47775048418215,0.0678,instanton_2008-05-21_T60_delta0.30_tau60_am50.npz
2008-05-22,20,0.2,0.2231435513142097,20,50.0,3.4707765047280934,0.2231435513142097,0.22281399055251505,0.0003295607616946583,0.0,0.0,0.5,10.0,5000,per_query,4012099030,0.006205536106008505,0.000306509395714589,985.518024635159,1.0057089387996356,58.08460635994832,0.1126,instanton_2008-05-22_T20_delta0.20_tau20_am50.npz
2008-05-22,20,0.3,0.35667494393873245,20,50.0,13.499891969899696,0.35667494393873245,0.35650976389425804,0.00016518004447441115,0.0,0.0,0.5,10.0,5000,per_query,3691632647,9.279769179597798e-08,2.7205665326845925e-08,89.8724206904261,0.717982316513133,243.11162461253437,0.0042,instanton_2008-05-22_T20_delta0.30_tau20_am50.npz
2008-05-22,60,0.2,0.2231435513142097,60,50.0,1.3472727271369533,0.2231435513142097,0.22204144273094784,0.0011021085832618738,0.0,0.0,0.5,10.0,5000,per_query,4246788032,0.08778976424048315,0.002301972753620323,2500.144991418828,0.9919518604556137,23.67887074887668,0.281,instanton_2008-05-22_T60_delta0.20_tau60_am50.npz
2008-05-22,60,0.3,0.35667494393873245,60,50.0,4.843899407348939,0.35667494393873245,0.35607894311468424,0.000596000824048204,0.0,0.0,0.5,10.0,5000,per_query,146430509,0.0013177987579744877,8.113347680867693e-05,407.0692862821442,0.9842662261709216,113.03736967750578,0.0698,instanton_2008-05-22_T60_delta0.30_tau60_am50.npz
2008-05-23,20,0.2,0.2231435513142097,20,50.0,2.6974137489279526,0.2231435513142097,0.22295474483853983,0.00018880647566987818,0.0,0.0,0.5,10.0,5000,per_query,3673272260,0.014964053691221278,0.0006187605471359531,1206.9426873738837,1.0112519171185759,49.92641131927557,0.1464,instanton_2008-05-23_T20_delta0.20_tau20_am50.npz
2008-05-23,20,0.3,0.35667494393873245,20,50.0,11.94218243216753,0.35667494393873245,0.35658789289521753,8.705104351491855e-05,0.0,0.0,0.5,10.0,5000,per_query,1562292332,4.609788516794524e-07,8.809040567918567e-08,70.66998110535297,0.8349702674673168,375.6847782463793,0.0068,instanton_2008-05-23_T20_delta0.30_tau20_am50.npz
2008-05-23,60,0.2,0.2231435513142097,60,50.0,1.0750358045617223,0.2231435513142097,0.2225201884484873,0.0006233628657223989,0.0,0.0,0.5,10.0,5000,per_query,2094229655,0.1270501646830292,0.0031013908898764268,3015.0889068565853,1.000142915551286,13.080098210206833,0.3146,instanton_2008-05-23_T60_delta0.20_tau60_am50.npz
2008-05-23,60,0.3,0.35667494393873245,60,50.0,4.318076436066817,0.35667494393873245,0.35636272361514365,0.0003122203235887966,0.0,0.0,0.5,10.0,5000,per_query,2282357595,0.002421350963449486,0.00016118019949928412,547.2414682192137,0.996420772318232,113.65024043858855,0.0772,instanton_2008-05-23_T60_delta0.30_tau60_am50.npz
2008-05-27,20,0.2,0.2231435513142097,20,50.0,3.002633191987142,0.2231435513142097,0.2228887144740428,0.00025483684016691655,0.0,0.0,0.5,10.0,5000,per_query,2077897369,0.010073604723251367,0.0004380127575396501,1267.9163956790774,0.9874366365728973,35.722517526759944,0.127,instanton_2008-05-27_T20_delta0.20_tau20_am50.npz
2008-05-27,20,0.3,0.35667494393873245,20,50.0,12.39617727559243,0.35667494393873245,0.3565526960042851,0.00012224793444737259,0.0,0.0,0.5,10.0,5000,per_query,3315078729,2.1983086853771105e-07,5.693607181112423e-08,50.445008562973236,1.0648353260510397,529.2464981954487,0.0036,instanton_2008-05-27_T20_delta0.30_tau20_am50.npz
2008-05-27,60,0.2,0.2231435513142097,60,50.0,1.1822396613612844,0.2231435513142097,0.22229793886751636,0.0008456124466933446,0.0,0.0,0.5,10.0,5000,per_query,2206013161,0.11131491035106174,0.0027368560583099877,2604.010683152865,1.011846194646089,27.25734412260075,0.3098,instanton_2008-05-27_T60_delta0.20_tau60_am50.npz
2008-05-27,60,0.3,0.35667494393873245,60,50.0,4.473982478095924,0.35667494393873245,0.356235115123666,0.00043982881506643423,0.0,0.0,0.5,10.0,5000,per_query,3918087023,0.0021437900825175466,0.0001177343184294489,785.2146902600949,0.9706372433413176,38.55242671971419,0.0842,instanton_2008-05-27_T60_delta0.30_tau60_am50.npz
2008-05-28,20,0.2,0.2231435513142097,20,50.0,3.225542702290064,0.2231435513142097,0.22283553409032475,0.0003080172238849599,0.0,0.0,0.5,10.0,5000,per_query,327338402,0.007936707999133383,0.00036866043780890245,1145.8025187083722,0.9879855095541289,33.7382149306852,0.121,instanton_2008-05-28_T20_delta0.20_tau20_am50.npz
2008-05-28,20,0.3,0.35667494393873245,20,50.0,12.779005445522206,0.35667494393873245,0.3565235261036417,0.00015141783509076134,0.0,0.0,0.5,10.0,5000,per_query,397749273,1.7137515864126797e-07,3.851058596438814e-08,34.83182666608859,0.9425900540083956,572.0119543164487,0.0052,instanton_2008-05-28_T20_delta0.30_tau20_am50.npz
2008-05-28,60,0.2,0.2231435513142097,60,50.0,1.260070346796586,0.2231435513142097,0.22211709470212337,0.001026456612086335,0.0,0.0,0.5,10.0,5000,per_query,4204427594,0.10179572935926835,0.002698843212313569,2653.751737331196,1.009064790913893,19.315959324141236,0.291,instanton_2008-05-28_T60_delta0.20_tau60_am50.npz
2008-05-28,60,0.3,0.35667494393873245,60,50.0,4.603884761663533,0.35667494393873245,0.35612927033950825,0.0005456735992241946,0.0,0.0,0.5,10.0,5000,per_query,2005251245,0.00175056124670352,0.0001100986612824456,734.1053285287661,1.0142022699753754,47.396875594959724,0.0728,instanton_2008-05-28_T60_delta0.30_tau60_am50.npz
2008-05-29,20,0.2,0.2231435513142097,20,50.0,3.4924678422512914,0.2231435513142097,0.22276370016406055,0.0003798511501491575,0.0,0.0,0.5,10.0,5000,per_query,3385286029,0.005519199817436074,0.0002794609218391269,897.0718933212722,1.0095698732804221,69.23861011643896,0.1014,instanton_2008-05-29_T20_delta0.20_tau20_am50.npz
2008-05-29,20,0.3,0.35667494393873245,20,50.0,13.257557195730026,0.35667494393873245,0.3564829210926339,0.00019202284609853848,0.0,0.0,0.5,10.0,5000,per_query,856787045,1.425494330587921e-07,3.108723108359171e-08,53.76910491306334,0.9457841594150621,390.8242405701735,0.0056,instanton_2008-05-29_T20_delta0.30_tau20_am50.npz
2008-05-29,60,0.2,0.2231435513142097,60,50.0,1.352500136405373,0.2231435513142097,0.22187275700882747,0.001270794305382239,0.0,0.0,0.5,10.0,5000,per_query,641063706,0.08486565610516787,0.0022885843129671164,2649.361052123493,1.0111336872986814,10.318706221690212,0.271,instanton_2008-05-29_T60_delta0.20_tau60_am50.npz
2008-05-29,60,0.3,0.35667494393873245,60,50.0,4.76509349825512,0.35667494393873245,0.3559814751377015,0.0006934688010309387,0.0,0.0,0.5,10.0,5000,per_query,2135797105,0.001587155555922013,9.786158257785239e-05,498.95271334951804,0.9935420771095718,101.08274490450368,0.0736,instanton_2008-05-29_T60_delta0.30_tau60_am50.npz
2008-05-30,20,0.2,0.2231435513142097,20,50.0,4.142083234174292,0.2231435513142097,0.2227159679344064,0.00042758337980330907,0.0,0.0,0.5,10.0,5000,per_query,400836477,0.0025169437947439414,0.00013873556484728604,444.39275661046617,1.048644375325166,153.7180047580515,0.082,instanton_2008-05-30_T20_delta0.20_tau20_am50.npz
2008-05-30,20,0.3,0.35667494393873245,20,50.0,15.181462040103005,0.35667494393873245,0.3564489275813516,0.0002260163573808427,0.0,0.0,0.5,10.0,5000,per_query,4206840330,6.739694508069732e-09,3.325775540980078e-09,34.68967910066868,0.8805730624594474,595.4599129639731,0.001,instanton_2008-05-30_T20_delta0.30_tau20_am50.npz
2008-05-30,60,0.2,0.2231435513142097,60,50.0,1.581007395128659,0.2231435513142097,0.22169879800985726,0.001444753304352453,0.0,0.0,0.5,10.0,5000,per_query,3831493729,0.06426529729155817,0.0018619980540484056,2218.114744619956,1.005559016051761,19.080154330270137,0.2464,instanton_2008-05-30_T60_delta0.20_tau60_am50.npz
2008-05-30,60,0.3,0.35667494393873245,60,50.0,5.400565863417303,0.35667494393873245,0.3558577482708358,0.0008171956678966197,0.0,0.0,0.5,10.0,5000,per_query,2560635362,0.000688893636921123,5.3975955658589946e-05,394.9950656101419,0.9754078441330839,146.23920094552096,0.054,instanton_2008-05-30_T60_delta0.30_tau60_am50.npz
2008-06-02,20,0.2,0.2231435513142097,20,50.0,3.4207196272486375,0.2231435513142097,0.22286749686937224,0.0002760544448374702,0.0,0.0,0.5,10.0,5000,per_query,3222750600,0.006556023577608333,0.0003019162832613409,751.9675395293939,1.054122157772095,78.20533655867729,0.1152,instanton_2008-06-02_T20_delta0.20_tau20_am50.npz
2008-06-02,20,0.3,0.35667494393873245,20,50.0,13.748393355716543,0.35667494393873245,0.356538217027099,0.00013672691163346684,0.0,0.0,0.5,10.0,5000,per_query,1095086550,6.709416670173212e-08,1.832389586021883e-08,109.02695725529294,0.7663728721036795,158.72195366400302,0.0032,instanton_2008-06-02_T20_delta0.30_tau20_am50.npz
2008-06-02,60,0.2,0.2231435513142097,60,50.0,1.332377489556845,0.2231435513142097,0.22222098653601474,0.0009225647781949675,0.0,0.0,0.5,10.0,5000,per_query,2983057745,0.09240112921197738,0.002416615083418617,2473.713030933571,1.0138650039890726,21.054865571123194,0.2822,instanton_2008-06-02_T60_delta0.20_tau60_am50.npz
2008-06-02,60,0.3,0.35667494393873245,60,50.0,4.92365652835302,0.35667494393873245,0.35618140031753853,0.0004935436211939148,0.0,0.0,0.5,10.0,5000,per_query,2210047394,0.0011864109757461145,8.037487371067952e-05,407.11799213812446,1.0278734334062842,116.32950628335733,0.0654,instanton_2008-06-02_T60_delta0.30_tau60_am50.npz
2008-06-03,20,0.2,0.2231435513142097,20,50.0,3.0965045483443885,0.2231435513142097,0.22292660257444474,0.0002169487397649661,0.0,0.0,0.5,10.0,5000,per_query,2954363739,0.009560015006520444,0.0004178842899976287,979.6175842310328,0.990030746853527,57.4193007925586,0.1272,instanton_2008-06-03_T20_delta0.20_tau20_am50.npz
2008-06-03,20,0.3,0.35667494393873245,20,50.0,13.155669459488413,0.35667494393873245,0.3565710014277217,0.00010394251101075724,0.0,0.0,0.5,10.0,5000,per_query,1316201952,1.2125230366263577e-07,2.99687754505562e-08,80.63279045361537,0.9067445876217655,216.4093996748922,0.0044,instanton_2008-06-03_T20_delta0.30_tau20_am50.npz
2008-06-03,60,0.2,0.2231435513142097,60,50.0,1.2190688531341087,0.2231435513142097,0.2224222989065181,0.0007212524076916083,0.0,0.0,0.5,10.0,5000,per_query,2462939952,0.10875626666961694,0.0027576385308374037,2790.62448968745,0.9938289512700871,12.727037871748943,0.302,instanton_2008-06-03_T60_delta0.20_tau60_am50.npz
2008-06-03,60,0.3,0.35667494393873245,60,50.0,4.723807096157086,0.35667494393873245,0.35630180601091155,0.00037313792782089905,0.0,0.0,0.5,10.0,5000,per_query,3034379603,0.0015449297233168218,9.218612921875966e-05,217.44243742859464,1.0216238914989078,274.32967528518117,0.0728,instanton_2008-06-03_T60_delta0.30_tau60_am50.npz
2008-06-04,20,0.2,0.2231435513142097,20,50.0,3.147320134003972,0.2231435513142097,0.22293073499356097,0.00021281632064873435,0.0,0.0,0.5,10.0,5000,per_query,2274801835,0.008636195307313934,0.0003847127917691527,1158.8813312012142,0.9985742417995054,43.58514950847483,0.1206,instanton_2008-06-04_T20_delta0.20_tau20_am50.npz
2008-06-04,20,0.3,0.35667494393873245,20,50.0,13.402379146488231,0.35667494393873245,0.3565726484859848,0.00010229545274764718,0.0,0.0,0.5,10.0,5000,per_query,3087253156,1.1266255712077356e-07,2.7727067733324143e-08,34.78351556145558,0.9615066524937863,528.1019309045287,0.0042,instanton_2008-06-04_T20_delta0.30_tau20_am50.npz
2008-06-04,60,0.2,0.2231435513142097,60,50.0,1.2378841066524193,0.2231435513142097,0.22243482011747595,0.0007087311967337584,0.0,0.0,0.5,10.0,5000,per_query,3891500479,0.10322677506028169,0.0025693102050675896,2701.4687152047095,0.9977808358100414,13.666210797707208,0.3018,instanton_2008-06-04_T60_delta0.20_tau60_am50.npz
2008-06-04,60,0.3,0.35667494393873245,60,50.0,4.805096058399258,0.35667494393873245,0.35630731128148874,0.0003676326572437105,0.0,0.0,0.5,10.0,5000,per_query,2810165694,0.001480962367177756,9.395601350273653e-05,641.8498602096964,0.9963880686239237,77.65468651224454,0.0714,instanton_2008-06-04_T60_delta0.30_tau60_am50.npz
2008-06-05,20,0.2,0.2231435513142097,20,50.0,4.177287717620933,0.2231435513142097,0.22265863243906292,0.0004849188751467892,0.0,0.0,0.5,10.0,5000,per_query,554145059,0.002660050883984913,0.00014606450882913774,871.3753233962839,1.0271596200405286,40.47332607069641,0.0886,instanton_2008-06-05_T20_delta0.20_tau20_am50.npz
2008-06-05,20,0.3,0.35667494393873245,20,50.0,15.008108531550112,0.35667494393873245,0.35641714779204126,0.00025779614669119155,0.0,0.0,0.5,10.0,5000,per_query,2797694874,1.4789069484140823e-08,5.0915925539751945e-09,23.510924050392997,1.0026503338512516,918.3358612121351,0.002,instanton_2008-06-05_T20_delta0.30_tau20_am50.npz
2008-06-05,60,0.2,0.2231435513142097,60,50.0,1.5906261634269805,0.2231435513142097,0.2215056836317597,0.0016378676824500005,0.0,0.0,0.5,10.0,5000,per_query,38482716,0.06455997643002258,0.0018332725891694554,2023.527614407971,0.9913516775614795,29.843733577217936,0.2578,instanton_2008-06-05_T60_delta0.20_tau60_am50.npz
2008-06-05,60,0.3,0.35667494393873245,60,50.0,5.344678046724056,0.35667494393873245,0.3557402059267716,0.0009347380119608673,0.0,0.0,0.5,10.0,5000,per_query,1302239247,0.0007970711978142211,5.992295707808023e-05,119.23636956348845,1.0687013847962203,430.80351772883705,0.0568,instanton_2008-06-05_T60_delta0.30_tau60_am50.npz
2008-06-06,20,0.2,0.2231435513142097,20,50.0,1.778736617389547,0.2231435513142097,0.22301805229403548,0.00012549902017422454,0.0,0.0,0.5,10.0,5000,per_query,2971375621,0.04697393214237825,0.0014431065754817477,1947.653910795556,0.9986175576606474,30.29280095875567,0.2218,instanton_2008-06-06_T20_delta0.20_tau20_am50.npz
2008-06-06,20,0.3,0.35667494393873245,20,50.0,8.963855570449061,0.35667494393873245,0.3566232604242412,5.168351449125197e-05,0.0,0.0,0.5,10.0,5000,per_query,2543422220,9.903039760181343e-06,1.384064091983921e-06,24.928877506176914,1.0570291408676538,1019.2806462158744,0.0126,instanton_2008-06-06_T20_delta0.30_tau20_am50.npz
2008-06-06,60,0.2,0.2231435513142097,60,50.0,0.7355409073746556,0.2231435513142097,0.2227374003918543,0.0004061509223554083,0.0,0.0,0.5,10.0,5000,per_query,2987400129,0.21119389065443703,0.004150899338665058,3377.9379864314105,1.0075961577446113,10.408722259023417,0.4026,instanton_2008-06-06_T60_delta0.20_tau60_am50.npz
2008-06-06,60,0.3,0.35667494393873245,60,50.0,3.306303338106173,0.35667494393873245,0.3564909958986364,0.00018394804009602694,0.0,0.0,0.5,10.0,5000,per_query,2543413662,0.0075843655711578875,0.00034070640765198376,1004.609297983351,0.9964446810921781,43.42756417771286,0.1192,instanton_2008-06-06_T60_delta0.30_tau60_am50.npz
2008-06-09,20,0.2,0.2231435513142097,20,50.0,1.8619360297265442,0.2231435513142097,0.22300552482633407,0.0001380264878756421,0.0,0.0,0.5,10.0,5000,per_query,2810368930,0.04114252936247747,0.0013234110884041556,2064.633732883187,0.9878593633718863,22.10194691160431,0.2068,instanton_2008-06-09_T20_delta0.20_tau20_am50.npz
2008-06-09,20,0.3,0.35667494393873245,20,50.0,9.128851246083087,0.35667494393873245,0.3566171916380476,5.775230068483239e-05,0.0,0.0,0.5,10.0,5000,per_query,127636548,1.0419662129915348e-05,1.4052302569159062e-06,103.19250777751253,1.1106904364758856,244.15949638241852,0.015,instanton_2008-06-09_T20_delta0.30_tau20_am50.npz
2008-06-09,60,0.2,0.2231435513142097,60,50.0,0.7660720933487534,0.2231435513142097,0.22269595740117953,0.00044759391303017537,0.0,0.0,0.5,10.0,5000,per_query,838551361,0.20390806448721904,0.004056952869353714,3380.617784378336,0.9906748474591961,6.944927661139573,0.3984,instanton_2008-06-09_T60_delta0.20_tau60_am50.npz
2008-06-09,60,0.3,0.35667494393873245,60,50.0,3.3638334217614037,0.35667494393873245,0.3564691283456378,0.00020581559309462705,0.0,0.0,0.5,10.0,5000,per_query,1665737546,0.008086744482050635,0.00038161275496303206,1085.471511463032,0.9991722882029488,42.01814203710591,0.122,instanton_2008-06-09_T60_delta0.30_tau60_am50.npz
2008-06-10,20,0.2,0.2231435513142097,20,50.0,1.7379479711090686,0.2231435513142097,0.22302991147612516,0.00011363983808454492,0.0,0.0,0.5,10.0,5000,per_query,3070726885,0.04944958725909584,0.001514795644767027,2061.580387206833,0.9973735753234003,18.96896675476261,0.22,instanton_2008-06-10_T20_delta0.20_tau20_am50.npz
2008-06-10,20,0.3,0.35667494393873245,20,50.0,9.006354499904562,0.35667494393873245,0.3566287268909081,4.621704782437064e-05,0.0,0.0,0.5,10.0,5000,per_query,1639365588,1.7403394052511805e-05,1.981639161720974e-06,279.50419387468565,0.8560842434843449,88.98572806985565,0.023,instanton_2008-06-10_T20_delta0.30_tau20_am50.npz
2008-06-10,60,0.2,0.2231435513142097,60,50.0,0.7213270384788575,0.2231435513142097,0.22277610791458713,0.0003674433996225801,0.0,0.0,0.5,10.0,5000,per_query,2127674123,0.225992572915651,0.00430033535662619,3403.088415943421,0.9849197735521317,9.736677030175843,0.4222,instanton_2008-06-10_T60_delta0.20_tau60_am50.npz
2008-06-10,60,0.3,0.35667494393873245,60,50.0,3.3196633704676564,0.35667494393873245,0.3565105034278897,0.00016444051084274491,0.0,0.0,0.5,10.0,5000,per_query,2128966148,0.008017231312158833,0.00039087690363074214,1051.8958388575088,1.0118881433129925,43.98237392214026,0.1192,instanton_2008-06-10_T60_delta0.30_tau60_am50.npz
2008-06-11,20,0.2,0.2231435513142097,20,50.0,1.1850176755499224,0.2231435513142097,0.22307919683235866,6.435448185104775e-05,0.0,0.0,0.5,10.0,5000,per_query,2262363102,0.09727709894019218,0.002472311934664527,2705.349359477178,0.9979774584629247,16.056772501675066,0.2844,instanton_2008-06-11_T20_delta0.20_tau20_am50.npz
2008-06-11,20,0.3,0.35667494393873245,20,50.0,7.535546940808175,0.35667494393873245,0.3566517894437853,2.315449494716404e-05,0.0,0.0,0.5,10.0,5000,per_query,668813478,5.3404787800211695e-05,5.328913287414357e-06,159.39289711479506,1.0677455014412447,306.36165240290296,0.0256,instanton_2008-06-11_T20_delta0.30_tau20_am50.npz
2008-06-11,60,0.2,0.2231435513142097,60,50.0,0.5129464741577844,0.2231435513142097,0.2229386689973225,0.0002048823168872005,0.0,0.0,0.5,10.0,5000,per_query,3139330717,0.2980926109355429,0.005132016333907822,3826.873339074702,1.005399694720907,4.539324086793907,0.4658,instanton_2008-06-11_T60_delta0.20_tau60_am50.npz
2008-06-11,60,0.3,0.35667494393873245,60,50.0,2.8074248387136147,0.35667494393873245,0.35659343728386617,8.150665486628128e-05,0.0,0.0,0.5,10.0,5000,per_query,1204859408,0.014997003747426043,0.0006035365166427652,1320.622735543732,0.9793993819960269,41.636603783817215,0.1486,instanton_2008-06-11_T60_delta0.30_tau60_am50.npz
2008-06-12,20,0.2,0.2231435513142097,20,50.0,1.2902464166370267,0.2231435513142097,0.223069335245623,7.42160685867077e-05,0.0,0.0,0.5,10.0,5000,per_query,4241200156,0.08469935088647289,0.002248161006607091,2579.2559995382685,1.0125839833736485,14.610796054515932,0.269,instanton_2008-06-12_T20_delta0.20_tau20_am50.npz
2008-06-12,20,0.3,0.35667494393873245,20,50.0,7.76298969955727,0.35667494393873245,0.35664744541571736,2.749852301509037e-05,0.0,0.0,0.5,10.0,5000,per_query,1190190759,4.5216238451420924e-05,4.765903895488527e-06,86.69678314503832,1.0994405041320816,439.0918597730409,0.0238,instanton_2008-06-12_T20_delta0.30_tau20_am50.npz
2008-06-12,60,0.2,0.2231435513142097,60,50.0,0.5526562611197994,0.2231435513142097,0.22290653980166564,0.00023701151254407193,0.0,0.0,0.5,10.0,5000,per_query,1501336422,0.28624323946547886,0.004913620947674414,3773.774977419817,0.9935093131553007,5.816341865604696,0.465,instanton_2008-06-12_T60_delta0.20_tau60_am50.npz
2008-06-12,60,0.3,0.35667494393873245,60,50.0,2.8875542334148983,0.35667494393873245,0.3565778981834722,9.704575526026105e-05,0.0,0.0,0.5,10.0,5000,per_query,2463000711,0.013070589734505797,0.000544421332957433,1209.6849198120058,0.9958323911214025,43.249828805173074,0.1414,instanton_2008-06-12_T60_delta0.30_tau60_am50.npz
2008-06-13,20,0.2,0.2231435513142097,20,50.0,1.67943976612273,0.2231435513142097,0.2230232371878369,0.00012031412637281136,0.0,0.0,0.5,10.0,5000,per_query,1766601392,0.051541733098374606,0.001535125238113976,2298.5033884799236,0.9921854490548349,13.209683443174121,0.2282,instanton_2008-06-13_T20_delta0.20_tau20_am50.npz
2008-06-13,20,0.3,0.35667494393873245,20,50.0,8.593330250090556,0.35667494393873245,0.3566261163031319,4.8827635600545705e-05,0.0,0.0,0.5,10.0,5000,per_query,3765638889,1.6163878374527326e-05,2.0552913588407452e-06,170.33222359040425,1.0163955244280474,235.40563160934883,0.017,instanton_2008-06-13_T20_delta0.30_tau20_am50.npz
2008-06-13,60,0.2,0.2231435513142097,60,50.0,0.6978423223015722,0.2231435513142097,0.22275520245013425,0.00038834886407546065,0.0,0.0,0.5,10.0,5000,per_query,2422199956,0.22571419860147007,0.004352315674300465,3494.1624752771404,0.9959206693375876,6.402078013822185,0.4108,instanton_2008-06-13_T60_delta0.20_tau60_am50.npz
2008-06-13,60,0.3,0.35667494393873245,60,50.0,3.178775683691156,0.35667494393873245,0.35650134406054335,0.00017359987818910128,0.0,0.0,0.5,10.0,5000,per_query,1814709606,0.008612224917547661,0.00037496999548519954,963.7822348802755,1.0072101709925918,77.78063898282133,0.126,instanton_2008-06-13_T60_delta0.30_tau60_am50.npz
2008-06-16,20,0.2,0.2231435513142097,20,50.0,1.6990999009563943,0.2231435513142097,0.22302043665910176,0.0001231146551079476,0.0,0.0,0.5,10.0,5000,per_query,2643953366,0.05232736132331413,0.0015362745381453365,2018.1052955042924,0.9957926661843045,28.742775488143298,0.2342,instanton_2008-06-16_T20_delta0.20_tau20_am50.npz
2008-06-16,20,0.3,0.35667494393873245,20,50.0,8.634317552783985,0.35667494393873245,0.3566247804836422,5.016345509023523e-05,0.0,0.0,0.5,10.0,5000,per_query,467002733,2.5844195486350206e-05,2.7411767822565734e-06,254.85586933944012,0.908590657118925,124.12963912133803,0.0248,instanton_2008-06-16_T20_delta0.30_tau20_am50.npz
2008-06-16,60,0.2,0.2231435513142097,60,50.0,0.7051072876971015,0.2231435513142097,0.22274596324513762,0.00039758806907208566,0.0,0.0,0.5,10.0,5000,per_query,4215684570,0.21418362370939167,0.004237697562092792,3567.5856789790514,1.0066988152859124,5.746377604018915,0.394,instanton_2008-06-16_T60_delta0.20_tau60_am50.npz
2008-06-16,60,0.3,0.35667494393873245,60,50.0,3.193101617186026,0.35667494393873245,0.35649647291595077,0.0001784710227816788,0.0,0.0,0.5,10.0,5000,per_query,3591259430,0.009472252001467348,0.0004114387523814966,1095.8885741071267,0.9768514754473303,38.440898556966374,0.1346,instanton_2008-06-16_T60_delta0.30_tau60_am50.npz
2008-06-17,20,0.2,0.2231435513142097,20,50.0,1.53480905303661,0.2231435513142097,0.22304166394083325,0.00010188737337646359,0.0,0.0,0.5,10.0,5000,per_query,880919281,0.06417866747403818,0.001880186807548804,2350.001941703468,1.025522585202641,13.355200338205861,0.2444,instanton_2008-06-17_T20_delta0.20_tau20_am50.npz
2008-06-17,20,0.3,0.35667494393873245,20,50.0,8.272894156797001,0.35667494393873245,0.3566348264254575,4.011751327492874e-05,0.0,0.0,0.5,10.0,5000,per_query,2023097999,2.9591899003135134e-05,3.2498364581375765e-06,170.2467901042454,0.8873330336615057,182.85387364274501,0.0226,instanton_2008-06-17_T20_delta0.30_tau20_am50.npz
2008-06-17,60,0.2,0.2231435513142097,60,50.0,0.644091883722439,0.2231435513142097,0.22281594105594404,0.0003276102582656648,0.0,0.0,0.5,10.0,5000,per_query,3114946253,0.240368519934706,0.004492437321695112,3671.610116631141,1.001411786626885,5.501045474988423,0.4214,instanton_2008-06-17_T60_delta0.20_tau60_am50.npz
2008-06-17,60,0.3,0.35667494393873245,60,50.0,3.066787919429449,0.35667494393873245,0.35653267707989134,0.00014226685884111134,0.0,0.0,0.5,10.0,5000,per_query,22098603,0.009729351584898877,0.0004138401987317148,1209.7513646830987,1.0075314238162294,42.529189299072016,0.128,instanton_2008-06-17_T60_delta0.30_tau60_am50.npz
2008-06-18,20,0.2,0.2231435513142097,20,50.0,1.2307953461813268,0.2231435513142097,0.22307341742733122,7.013388687848732e-05,0.0,0.0,0.5,10.0,5000,per_query,3440703938,0.09401483399736801,0.002451509858117914,2698.034094720897,1.0026067460578398,14.130947499150624,0.2816,instanton_2008-06-18_T20_delta0.20_tau20_am50.npz
2008-06-18,20,0.3,0.35667494393873245,20,50.0,7.573197497387514,0.35667494393873245,0.35664931374690845,2.5630191823999837e-05,0.0,0.0,0.5,10.0,5000,per_query,2489089825,6.877902016054962e-05,6.020070394666613e-06,318.57349083469614,0.896471553450422,103.05875373816882,0.0328,instanton_2008-06-18_T20_delta0.30_tau20_am50.npz
2008-06-18,60,0.2,0.2231435513142097,60,50.0,0.529835673195669,0.2231435513142097,0.22291999658837458,0.00022355472583512892,0.0,0.0,0.5,10.0,5000,per_query,116540330,0.2895395227083352,0.005072023855254915,3814.3101250376008,1.0094070880454256,5.688520420461692,0.4532,instanton_2008-06-18_T60_delta0.20_tau60_am50.npz
2008-06-18,60,0.3,0.35667494393873245,60,50.0,2.8213304119173617,0.35667494393873245,0.35658463092403725,9.031301469519804e-05,0.0,0.0,0.5,10.0,5000,per_query,3337121084,0.013614913310284926,0.0005538048241334329,1004.467193815178,1.0549147331811928,76.81751583282166,0.1428,instanton_2008-06-18_T60_delta0.30_tau60_am50.npz
2008-06-19,20,0.2,0.2231435513142097,20,50.0,1.3731403643232671,0.2231435513142097,0.22306977035877296,7.3780955436753e-05,0.0,0.0,0.5,10.0,5000,per_query,4078414406,0.07858685430114974,0.0021659816527220357,2564.52887808587,0.9707038576660805,17.980268002829014,0.2664,instanton_2008-06-19_T20_delta0.20_tau20_am50.npz
2008-06-19,20,0.3,0.35667494393873245,20,50.0,8.24196197404604,0.35667494393873245,0.35664730538026834,2.763855846410479e-05,0.0,0.0,0.5,10.0,5000,per_query,33246040,2.5299798771191483e-05,3.0089353379266272e-06,10.422172091120295,1.4564794907736731,2217.4294290194216,0.019,instanton_2008-06-19_T20_delta0.30_tau20_am50.npz
2008-06-19,60,0.2,0.2231435513142097,60,50.0,0.5857656647577502,0.2231435513142097,0.22290722181934441,0.00023632949486529498,0.0,0.0,0.5,10.0,5000,per_query,1584113173,0.26563489740153634,0.004711995333300968,3734.7358594153166,0.9962655965241918,7.112555197047711,0.4438,instanton_2008-06-19_T60_delta0.20_tau60_am50.npz
2008-06-19,60,0.3,0.35667494393873245,60,50.0,3.052495708934725,0.35667494393873245,0.356577233323236,9.771061549646021e-05,0.0,0.0,0.5,10.0,5000,per_query,1265127543,0.009938486868910086,0.00045710159159582215,1091.6989113413495,1.029046410592083,37.30576963689525,0.1234,instanton_2008-06-19_T60_delta0.30_tau60_am50.npz
2008-06-20,20,0.2,0.2231435513142097,20,50.0,0.8440020780498826,0.2231435513142097,0.22310321150907875,4.033980513096225e-05,0.0,0.0,0.5,10.0,5000,per_query,2223298686,0.16021330455088192,0.003472416943693628,3272.6556019816617,1.001858365252529,10.956890783370065,0.3494,instanton_2008-06-20_T20_delta0.20_tau20_am50.npz
2008-06-20,20,0.3,0.35667494393873245,20,50.0,6.663525409653978,0.35667494393873245,0.35666198138610294,1.2962552629502966e-05,0.0,0.0,0.5,10.0,5000,per_query,3191369264,0.00015245940444015945,1.4402048682895855e-05,239.87118715483317,1.0103050603182029,176.78622836082957,0.0328,instanton_2008-06-20_T20_delta0.30_tau20_am50.npz
2008-06-20,60,0.2,0.2231435513142097,60,50.0,0.3817833180227687,0.2231435513142097,0.22301656165576844,0.00012698965844126775,0.0,0.0,0.5,10.0,5000,per_query,1641591701,0.36498680605600214,0.005569332608671465,4122.61386573959,1.0044626260118938,4.584327648789207,0.513,instanton_2008-06-20_T60_delta0.20_tau60_am50.npz
2008-06-20,60,0.3,0.35667494393873245,60,50.0,2.5000434222779586,0.35667494393873245,0.35662971449961667,4.522943911577926e-05,0.0,0.0,0.5,10.0,5000,per_query,1902754537,0.021508145392247324,0.0007998536659970258,1543.7509785509571,0.9649800092136749,27.931775128346253,0.1754,instanton_2008-06-20_T60_delta0.30_tau60_am50.npz
2008-06-23,20,0.2,0.2231435513142097,20,50.0,0.8631871922678218,0.2231435513142097,0.2231045552995834,3.8996014626313524e-05,0.0,0.0,0.5,10.0,5000,per_query,4012785423,0.1462950586093583,0.003288443278159683,3231.305824295767,1.0021239382817577,13.935787878487774,0.3302,instanton_2008-06-23_T20_delta0.20_tau20_am50.npz
2008-06-23,20,0.3,0.35667494393873245,20,50.0,6.9184079670480925,0.35667494393873245,0.3566624312558089,1.2512682923571106e-05,0.0,0.0,0.5,10.0,5000,per_query,1976822786,0.00012344306159350936,1.0692435316490993e-05,183.00029095479834,1.033824708053239,192.26571450913406,0.0354,instanton_2008-06-23_T20_delta0.30_tau20_am50.npz
2008-06-23,60,0.2,0.2231435513142097,60,50.0,0.3906496041397941,0.2231435513142097,0.22302062836401948,0.00012292295019022959,0.0,0.0,0.5,10.0,5000,per_query,51628736,0.3789368956886562,0.005626864014911004,4087.792091701834,0.9920994256371981,7.0866738751651335,0.5316,instanton_2008-06-23_T60_delta0.20_tau60_am50.npz
2008-06-23,60,0.3,0.35667494393873245,60,50.0,2.588418789654807,0.35667494393873245,0.35663122003606595,4.372390266649262e-05,0.0,0.0,0.5,10.0,5000,per_query,531175358,0.018037181651030083,0.0006928798144820407,1490.1397317078672,0.9854144384154028,21.6292128156269,0.1554,instanton_2008-06-23_T60_delta0.30_tau60_am50.npz
2008-06-24,20,0.2,0.2231435513142097,20,50.0,0.8270546559161385,0.2231435513142097,0.22310718097112758,3.6370343082126055e-05,0.0,0.0,0.5,10.0,5000,per_query,909992737,0.16185346815000756,0.003524746540519886,3284.110462812928,1.0088022276688353,8.299995581161822,0.3478,instanton_2008-06-24_T20_delta0.20_tau20_am50.npz
2008-06-24,20,0.3,0.35667494393873245,20,50.0,6.8837891419480455,0.35667494393873245,0.3566634626025458,1.1481336186669466e-05,0.0,0.0,0.5,10.0,5000,per_query,3592334888,0.00013747651823655586,1.1300013808806893e-05,254.45183078794742,0.9268555159511732,153.79949565327985,0.0382,instanton_2008-06-24_T20_delta0.30_tau20_am50.npz
2008-06-24,60,0.2,0.2231435513142097,60,50.0,0.37700307114898873,0.2231435513142097,0.22302903396105034,0.00011451735315937128,0.0,0.0,0.5,10.0,5000,per_query,3455609512,0.3803900800976205,0.005727189983008283,4188.172782366345,0.9955885727612022,3.6734597389035755,0.5242,instanton_2008-06-24_T60_delta0.20_tau60_am50.npz
2008-06-24,60,0.3,0.35667494393873245,60,50.0,2.575708430492707,0.35667494393873245,0.3566348720334682,4.0071905264227325e-05,0.0,0.0,0.5,10.0,5000,per_query,510607262,0.018781577038539415,0.0007554520470902575,1300.2886518675243,1.012815496407843,29.848062079964198,0.1624,instanton_2008-06-24_T60_delta0.30_tau60_am50.npz
2008-06-25,20,0.2,0.2231435513142097,20,50.0,0.9448396262838215,0.2231435513142097,0.22310053540355224,4.3015910657473455e-05,0.0,0.0,0.5,10.0,5000,per_query,4144712741,0.13732759343014012,0.003176441576071985,3130.875665017992,1.0075796115681048,8.641378377578537,0.3246,instanton_2008-06-25_T20_delta0.20_tau20_am50.npz
2008-06-25,20,0.3,0.35667494393873245,20,50.0,7.186256356698859,0.35667494393873245,0.3566607418707255,1.4202068006952118e-05,0.0,0.0,0.5,10.0,5000,per_query,2834233010,9.664315266368987e-05,9.124753014369508e-06,121.27600592225619,1.040354667888261,269.4695471886701,0.032,instanton_2008-06-25_T20_delta0.30_tau20_am50.npz
2008-06-25,60,0.2,0.2231435513142097,60,50.0,0.4226540230521921,0.2231435513142097,0.22300754913146115,0.00013600218274856246,0.0,0.0,0.5,10.0,5000,per_query,1279528448,0.35865246032268716,0.005425060429209738,4053.884953686233,0.9889744146913135,4.408275463148679,0.52,instanton_2008-06-25_T60_delta0.20_tau60_am50.npz
2008-06-25,60,0.3,0.35667494393873245,60,50.0,2.682304390300948,0.35667494393873245,0.35662522024987453,4.972368885791667e-05,0.0,0.0,0.5,10.0,5000,per_query,3844828784,0.016850558753126244,0.0006459101055014802,1475.426091680941,0.9640173464250814,35.1170365660959,0.1578,instanton_2008-06-25_T60_delta0.30_tau60_am50.npz
2008-06-26,20,0.2,0.2231435513142097,20,50.0,0.29953365720763964,0.2231435513142097,0.22312665141931198,1.6899894897726142e-05,0.0,0.0,0.5,10.0,5000,per_query,3892944044,0.387224571372147,0.0056738886581221655,4268.248546811093,0.9977811157467716,4.324607331149475,0.5238,instanton_2008-06-26_T20_delta0.20_tau20_am50.npz
2008-06-26,20,0.3,0.35667494393873245,20,50.0,4.558358448587209,0.35667494393873245,0.35667091317582944,4.030762903006746e-06,0.0,0.0,0.5,10.0,5000,per_query,3262897987,0.0015841359059975584,9.28058974631403e-05,737.3569562604458,0.992827434557256,50.31946288916145,0.0702,instanton_2008-06-26_T20_delta0.30_tau20_am50.npz
2008-06-26,60,0.2,0.2231435513142097,60,50.0,0.1591790820665545,0.2231435513142097,0.2230916656914701,5.188562273961139e-05,0.0,0.0,0.5,10.0,5000,per_query,158563724,0.5901435092496675,0.006299421236110948,4608.779051988645,1.0012881188297962,2.6034523395659424,0.6744,instanton_2008-06-26_T60_delta0.20_tau60_am50.npz
2008-06-26,60,0.3,0.35667494393873245,60,50.0,1.7513815518020641,0.35667494393873245,0.35666120924011757,1.373469861487564e-05,0.0,0.0,0.5,10.0,5000,per_query,4073036914,0.05367327640924872,0.0016685732165697066,2193.29746432316,0.9984403604720302,21.3913548338886,0.2298,instanton_2008-06-26_T60_delta0.30_tau60_am50.npz
2008-06-27,20,0.2,0.2231435513142097,20,50.0,0.22961871122550254,0.2231435513142097,0.22312928646327368,1.4264850936029916e-05,0.0,0.0,0.5,10.0,5000,per_query,824960210,0.43650640044278705,0.005980106996745663,4469.1119705548945,1.0016687262131008,3.071732350448907,0.5518,instanton_2008-06-27_T20_delta0.20_tau20_am50.npz
2008-06-27,20,0.3,0.35667494393873245,20,50.0,4.269415612537733,0.35667494393873245,0.35667177500052993,3.168938202513516e-06,0.0,0.0,0.5,10.0,5000,per_query,1707478285,0.0020170676462797385,0.00011651919982259788,449.0412744829005,1.0242641212846537,166.2848818585626,0.0746,instanton_2008-06-27_T20_delta0.30_tau20_am50.npz
2008-06-27,60,0.2,0.2231435513142097,60,50.0,0.12895322634956072,0.2231435513142097,0.22309993998753797,4.3611326671744166e-05,0.0,0.0,0.5,10.0,5000,per_query,1864700389,0.6288152714697096,0.006245491315293517,4694.877831553935,0.9942970795270605,2.396396130333487,0.702,instanton_2008-06-27_T60_delta0.20_tau60_am50.npz
2008-06-27,60,0.3,0.35667494393873245,60,50.0,1.647244081819083,0.35667494393873245,0.356664191949978,1.075198875444272e-05,0.0,0.0,0.5,10.0,5000,per_query,891242720,0.05957551018415168,0.0017349781576406931,2067.338515241586,0.997389750471216,22.4478595416699,0.2438,instanton_2008-06-27_T60_delta0.30_tau60_am50.npz
2008-06-30,20,0.2,0.2231435513142097,20,50.0,0.2791038438306541,0.2231435513142097,0.22312765142489788,1.5899889311832283e-05,0.0,0.0,0.5,10.0,5000,per_query,1556755127,0.4065732556321113,0.005733354876406325,4345.488374334852,0.9974603419861793,3.6808362673869923,0.539,instanton_2008-06-30_T20_delta0.20_tau20_am50.npz
2008-06-30,20,0.3,0.35667494393873245,20,50.0,4.540300203198772,0.35667494393873245,0.35667123524218347,3.70869654897632e-06,0.0,0.0,0.5,10.0,5000,per_query,32509095,0.0017681662981229944,0.00010802716615714161,502.1070356250923,1.0900941341335588,106.13331722533758,0.0716,instanton_2008-06-30_T20_delta0.30_tau20_am50.npz
2008-06-30,60,0.2,0.2231435513142097,60,50.0,0.15086094492139895,0.2231435513142097,0.22309477379552245,4.877751868725966e-05,0.0,0.0,0.5,10.0,5000,per_query,1434485460,0.5950037697751853,0.006272098126600391,4640.079434485722,0.9973282064407085,2.473330034563432,0.6782,instanton_2008-06-30_T60_delta0.20_tau60_am50.npz
2008-06-30,60,0.3,0.35667494393873245,60,50.0,1.7447710557675817,0.35667494393873245,0.35666231482235844,1.2629116374007765e-05,0.0,0.0,0.5,10.0,5000,per_query,261124152,0.05240313624960431,0.001652032425026307,2123.98455792589,1.0241995427390918,20.667796243760158,0.226,instanton_2008-06-30_T60_delta0.30_tau60_am50.npz
2008-07-01,20,0.2,0.2231435513142097,20,50.0,0.3230987945856124,0.2231435513142097,0.2231260100416259,1.7541272583798673e-05,0.0,0.0,0.5,10.0,5000,per_query,2832920728,0.37336187794601094,0.005688365060399941,4259.406659174025,1.0087890097333787,4.214128269234303,0.5068,instanton_2008-07-01_T20_delta0.20_tau20_am50.npz
2008-07-01,20,0.3,0.35667494393873245,20,50.0,4.723147971008071,0.35667494393873245,0.35667068673026403,4.257208468416707e-06,0.0,0.0,0.5,10.0,5000,per_query,2945624230,0.001339760937763478,8.725932570309751e-05,403.4570220401387,1.036411584767488,132.40987857266478,0.0664,instanton_2008-07-01_T20_delta0.30_tau20_am50.npz
2008-07-01,60,0.2,0.2231435513142097,60,50.0,0.16969622248349564,0.2231435513142097,0.22308961266593919,5.393864827052397e-05,0.0,0.0,0.5,10.0,5000,per_query,2059766409,0.565854386209506,0.006335381478854507,4599.37354629261,1.0006925769329054,2.9626083744465506,0.6526,instanton_2008-07-01_T60_delta0.20_tau60_am50.npz
2008-07-01,60,0.3,0.35667494393873245,60,50.0,1.8104831785416955,0.35667494393873245,0.3566604089570422,1.453498169023959e-05,0.0,0.0,0.5,10.0,5000,per_query,1513792388,0.04894680903690903,0.001488575797001656,2079.959334624402,0.9985607968238212,18.565894507609396,0.225,instanton_2008-07-01_T60_delta0.30_tau60_am50.npz
2008-07-02,20,0.2,0.2231435513142097,20,50.0,0.11705688448608934,0.2231435513142097,0.22313312538840524,1.0425925804469216e-05,0.0,0.0,0.5,10.0,5000,per_query,3928418708,0.5715411377516151,0.0062916452326611345,4716.055368689669,0.9990180364857814,2.6830082737636105,0.6468,instanton_2008-07-02_T20_delta0.20_tau20_am50.npz
2008-07-02,20,0.3,0.35667494393873245,20,50.0,3.622131668811504,0.35667494393873245,0.35667295794607234,1.9859926601029088e-06,0.0,0.0,0.5,10.0,5000,per_query,1390995628,0.005097361507803327,0.0002441839185766776,916.7950397723823,1.0073104179161725,64.35100849656985,0.1076,instanton_2008-07-02_T20_delta0.30_tau20_am50.npz
2008-07-02,60,0.2,0.2231435513142097,60,50.0,0.07716926089891518,0.2231435513142097,0.2231119501985912,3.160111561850698e-05,0.0,0.0,0.5,10.0,5000,per_query,2393353894,0.7156732261949638,0.0060423892693305375,4813.443676649351,1.0026779048246068,1.896398705956285,0.7604,instanton_2008-07-02_T60_delta0.20_tau60_am50.npz
2008-07-02,60,0.3,0.35667494393873245,60,50.0,1.4127516761102226,0.35667494393873245,0.3566682733907829,6.670547949561012e-06,0.0,0.0,0.5,10.0,5000,per_query,2783132641,0.07710715832909955,0.0021119333571112896,2542.922091725767,1.0127014706919846,16.966271069889718,0.259,instanton_2008-07-02_T60_delta0.30_tau60_am50.npz
2008-07-03,20,0.2,0.2231435513142097,20,50.0,0.13858240742853886,0.2231435513142097,0.22313280778267774,1.0743531531964834e-05,0.0,0.0,0.5,10.0,5000,per_query,3419932328,0.5433310061954618,0.0062190311257666634,4651.186035599341,0.999402649789786,2.5521415690473552,0.6314,instanton_2008-07-03_T20_delta0.20_tau20_am50.npz
2008-07-03,20,0.3,0.35667494393873245,20,50.0,4.026324696569992,0.35667494393873245,0.35667284468710214,2.099251630305332e-06,0.0,0.0,0.5,10.0,5000,per_query,3035188086,0.003027523759000814,0.0001636862033800668,892.199309532737,1.0287947153334236,60.25927924800409,0.0892,instanton_2008-07-03_T20_delta0.30_tau20_am50.npz
2008-07-03,60,0.2,0.2231435513142097,60,50.0,0.08904655037859907,0.2231435513142097,0.22311089176664378,3.265954756592748e-05,0.0,0.0,0.5,10.0,5000,per_query,583271276,0.7034593287791501,0.006064482410784651,4780.6519643886295,1.002005038162585,1.974556858142799,0.755,instanton_2008-07-03_T60_delta0.20_tau60_am50.npz
2008-07-03,60,0.3,0.35667494393873245,60,50.0,1.5593978058447138,0.35667494393873245,0.3566678552878262,7.088650906261762e-06,0.0,0.0,0.5,10.0,5000,per_query,1120698545,0.0678131377479979,0.0018874083219299388,2240.301401694514,1.019070591401002,23.519460639125757,0.2516,instanton_2008-07-03_T60_delta0.30_tau60_am50.npz
2008-07-07,20,0.2,0.2231435513142097,20,50.0,0.07785393264541572,0.2231435513142097,0.2231354479289811,8.103385228608317e-06,0.0,0.0,0.5,10.0,5000,per_query,3173583594,0.6555671556999967,0.006233880356123551,4803.806559091645,1.0029250071122906,2.1752660924576452,0.7092,instanton_2008-07-07_T20_delta0.20_tau20_am50.npz
2008-07-07,20,0.3,0.35667494393873245,20,50.0,4.5875777364841,0.35667494393873245,0.3566735540031205,1.3899356119395634e-06,0.0,0.0,0.5,10.0,5000,per_query,511139214,0.0016292120861310473,9.748821456580432e-05,497.9757016643834,0.9765619074177803,129.82651561620062,0.074,instanton_2008-07-07_T20_delta0.30_tau20_am50.npz
2008-07-07,60,0.2,0.2231435513142097,50,50.0,0.06370325973179833,0.2231435513142097,0.22312308811620785,2.0463198001863248e-05,0.0,0.0,0.5,10.0,5000,per_query,1565751025,0.767381287678755,0.005663518239840663,4839.098001082216,0.9999728289129617,1.8596070633279926,0.8066,instanton_2008-07-07_T60_delta0.20_tau50_am50.npz
2008-07-07,60,0.3,0.35667494393873245,60,50.0,1.7600730236931665,0.35667494393873245,0.35667023173385637,4.712204876078374e-06,0.0,0.0,0.5,10.0,5000,per_query,3277015006,0.052947587494245524,0.0015755472763093925,2128.656300970361,1.0091514217083348,14.274724976297623,0.2332,instanton_2008-07-07_T60_delta0.30_tau60_am50.npz
2008-07-08,20,0.2,0.2231435513142097,20,50.0,0.25698957319755256,0.2231435513142097,0.22313020322243915,1.3348091770559734e-05,0.0,0.0,0.5,10.0,5000,per_query,4008539148,0.4246388223057889,0.005916863673740963,4434.011638846042,0.9928140398922347,3.6161114355398816,0.5456,instanton_2008-07-08_T20_delta0.20_tau20_am50.npz
2008-07-08,20,0.3,0.35667494393873245,20,50.0,5.17701169245401,0.35667494393873245,0.3566719863272825,2.957611449971864e-06,0.0,0.0,0.5,10.0,5000,per_query,3290876019,0.0009505730027096299,6.052428608258345e-05,286.0625895649772,1.0445840852112094,196.89891244620705,0.0622,instanton_2008-07-08_T20_delta0.30_tau20_am50.npz
2008-07-08,60,0.2,0.2231435513142097,60,50.0,0.1460268282860339,0.2231435513142097,0.2231025524775898,4.099883661989878e-05,0.0,0.0,0.5,10.0,5000,per_query,665514935,0.6057336927763308,0.0063480940311648575,4645.1236505530505,1.0032077996262876,2.8597726723447225,0.6806,instanton_2008-07-08_T60_delta0.20_tau60_am50.npz
2008-07-08,60,0.3,0.35667494393873245,60,50.0,1.9706157196556797,0.35667494393873245,0.3566648181476815,1.0125791050974442e-05,0.0,0.0,0.5,10.0,5000,per_query,3331403853,0.0389546253081423,0.0012964106492904493,2055.000329621145,0.9705588054123011,14.07181456676513,0.2032,instanton_2008-07-08_T60_delta0.30_tau60_am50.npz
2008-07-09,20,0.2,0.2231435513142097,20,50.0,0.05266478172611161,0.2231435513142097,0.22313583919625657,7.712117953140307e-06,0.0,0.0,0.5,10.0,5000,per_query,2360894546,0.7101674148997248,0.006039691432711839,4873.720955529126,1.0016382130532717,1.9288553750498514,0.749,instanton_2008-07-09_T20_delta0.20_tau20_am50.npz
2008-07-09,20,0.3,0.35667494393873245,20,50.0,3.7351653044513022,0.35667494393873245,0.35667368750554207,1.2564331903774928e-06,0.0,0.0,0.5,10.0,5000,per_query,555324654,0.004156047380776475,0.00021213512778756331,825.033875145885,1.063698923909005,63.23581847457114,0.0948,instanton_2008-07-09_T20_delta0.30_tau20_am50.npz
2008-07-09,60,0.2,0.2231435513142097,42,50.0,0.04592502438889419,0.2231435513142097,0.22312725928967136,1.6292024538344663e-05,0.0,0.0,0.5,10.0,5000,per_query,2467429981,0.8018663135134351,0.005439198732776647,4884.464307889248,1.00393841823237,1.6122075111106067,0.8288,instanton_2008-07-09_T60_delta0.20_tau42_am50.npz
2008-07-09,60,0.3,0.35667494393873245,60,50.0,1.4543715382968825,0.35667494393873245,0.35667072453171844,4.219407014005583e-06,0.0,0.0,0.5,10.0,5000,per_query,2566838344,0.07769477605819258,0.0022105249873279383,2576.6742753369012,0.9951060109855209,9.626353265708746,0.2676,instanton_2008-07-09_T60_delta0.30_tau60_am50.npz
2008-07-10,20,0.2,0.2231435513142097,20,50.0,0.08450780733175227,0.2231435513142097,0.22313495232013558,8.59899407412712e-06,0.0,0.0,0.5,10.0,5000,per_query,1814469884,0.6400299489486335,0.006253416991117173,4798.148616710212,1.0007585539298158,2.1809501027480187,0.6974,instanton_2008-07-10_T20_delta0.20_tau20_am50.npz
2008-07-10,20,0.3,0.35667494393873245,20,50.0,4.149903473859778,0.35667494393873245,0.3566734374256537,1.5065130787306202e-06,0.0,0.0,0.5,10.0,5000,per_query,3553278643,0.0026237003290760963,0.0001433837704658508,706.3388455862226,1.0260087777456528,85.71474933147266,0.0836,instanton_2008-07-10_T20_delta0.30_tau20_am50.npz
2008-07-10,60,0.2,0.2231435513142097,56,50.0,0.0651625600081221,0.2231435513142097,0.22311923160569425,2.431970851546339e-05,0.0,0.0,0.5,10.0,5000,per_query,1297705754,0.7658478988250879,0.005638418747508194,4843.89887371223,0.9951894627280069,1.7875257682728696,0.8074,instanton_2008-07-10_T60_delta0.20_tau56_am50.npz
2008-07-10,60,0.3,0.35667494393873245,60,50.0,1.6038325313224695,0.35667494393873245,0.356669853198623,5.090740109459091e-06,0.0,0.0,0.5,10.0,5000,per_query,112695867,0.06467227966695169,0.0018162622514301043,2184.1834475562696,1.020165321809842,14.435096965783199,0.2534,instanton_2008-07-10_T60_delta0.30_tau60_am50.npz
2008-07-11,20,0.2,0.2231435513142097,16,50.0,0.017038767122920108,0.2231435513142097,0.22313847626600314,5.075048206570898e-06,0.0,0.0,0.5,10.0,5000,per_query,143626328,0.807832109621391,0.005344179281781155,4957.783542907324,0.9995319960191628,1.4123110362691196,0.8262,instanton_2008-07-11_T20_delta0.20_tau16_am50.npz
2008-07-11,20,0.3,0.35667494393873245,20,50.0,3.4516283561801826,0.35667494393873245,0.3566740349670008,9.089717316612678e-07,0.0,0.0,0.5,10.0,5000,per_query,2230104159,0.0060952970921743345,0.00028919972085014517,1062.2744071682641,0.9923517102357422,43.86803732783542,0.1086,instanton_2008-07-11_T20_delta0.30_tau20_am50.npz
2008-07-11,60,0.2,0.2231435513142097,16,50.0,0.017038767122920108,0.2231435513142097,0.22313847626600314,5.075048206570898e-06,0.0,0.0,0.5,10.0,5000,per_query,3418819032,0.8740160937243898,0.004554699491884844,4958.141943079385,1.001473698155165,1.4253091262625375,0.8866,instanton_2008-07-11_T60_delta0.20_tau16_am50.npz
2008-07-11,60,0.3,0.35667494393873245,60,50.0,1.351952120496307,0.35667494393873245,0.35667190549940564,3.038439326807918e-06,0.0,0.0,0.5,10.0,5000,per_query,2200232147,0.08271216319456125,0.0022591311897756016,2605.5678125539453,1.0026175681277307,12.027613605282875,0.2678,instanton_2008-07-11_T60_delta0.30_tau60_am50.npz
2008-07-14,20,0.2,0.2231435513142097,0,,,0.227801973530485,0.227801973530485,,0.0,0.0,0.5,10.0,5000,per_query,2911172593,1.0,0.0,5000.0,1.0,1.0,1.0,
2008-07-14,20,0.3,0.35667494393873245,20,50.0,3.1035849511270026,0.35667494393873245,0.35667432323513815,6.207035943006645e-07,0.0,0.0,0.5,10.0,5000,per_query,2566897209,0.008599984870129989,0.0003834218806940332,1199.8491263396786,0.9886591883033019,32.07158232366211,0.1248,instanton_2008-07-14_T20_delta0.30_tau20_am50.npz
2008-07-14,60,0.2,0.2231435513142097,0,,,0.227801973530485,0.227801973530485,,0.0,0.0,0.5,10.0,5000,per_query,332237478,1.0,0.0,5000.0,1.0,1.0,1.0,
2008-07-14,60,0.3,0.35667494393873245,60,50.0,1.225904539928211,0.35667494393873245,0.3566728812998967,2.062638835731434e-06,0.0,0.0,0.5,10.0,5000,per_query,1872525899,0.10743875887489848,0.0026845575212265157,2768.326207940196,0.9951333122693359,9.588670184723423,0.2998,instanton_2008-07-14_T60_delta0.30_tau60_am50.npz
2008-07-15,20,0.2,0.2231435513142097,0,,,0.2419992059659481,0.2419992059659481,,0.0,0.0,0.5,10.0,5000,per_query,768302663,1.0,0.0,5000.0,1.0,1.0,1.0,
2008-07-15,20,0.3,0.35667494393873245,20,50.0,2.3662445110868346,0.35667494393873245,0.35667460052098576,3.43417746684338e-07,0.0,0.0,0.5,10.0,5000,per_query,941186933,0.022605639724140186,0.0008381514273383138,1499.6134537841592,1.017201572417104,33.84009856876712,0.1694,instanton_2008-07-15_T20_delta0.30_tau20_am50.npz
2008-07-15,60,0.2,0.2231435513142097,0,,,0.2419992059659481,0.2419992059659481,,0.0,0.0,0.5,10.0,5000,per_query,3320781124,1.0,0.0,5000.0,1.0,1.0,1.0,
2008-07-15,60,0.3,0.35667494393873245,60,50.0,0.9554335933769247,0.35667494393873245,0.35667381914728935,1.1247914430967398e-06,0.0,0.0,0.5,10.0,5000,per_query,1241549807,0.16192904115589973,0.0034769716922246874,3063.860885290723,0.9990497425410002,11.47023347977966,0.3642,instanton_2008-07-15_T60_delta0.30_tau60_am50.npz
2008-07-16,20,0.2,0.2231435513142097,19,50.0,0.017340530940839954,0.2231435513142097,0.22313737546462775,6.175849581957493e-06,0.0,0.0,0.5,10.0,5000,per_query,367779753,0.802967831196083,0.005396497493821475,4958.217608958017,0.9993843494450874,1.4280365780579438,0.8214,instanton_2008-07-16_T20_delta0.20_tau19_am50.npz
2008-07-16,20,0.3,0.35667494393873245,20,50.0,2.9396127570860844,0.35667494393873245,0.356674013213957,9.307247754719583e-07,0.0,0.0,0.5,10.0,5000,per_query,2983096944,0.01065354648367637,0.0004680202382030596,1333.0839085241037,0.9650277514004818,29.497180832188494,0.1276,instanton_2008-07-16_T20_delta0.30_tau20_am50.npz
2008-07-16,60,0.2,0.2231435513142097,19,50.0,0.017340530940839954,0.2231435513142097,0.22313737546462775,6.175849581957493e-06,0.0,0.0,0.5,10.0,5000,per_query,4146250788,0.8662472521235077,0.00464117696769042,4957.372854062087,0.9997248288206884,1.4160916065644937,0.8808,instanton_2008-07-16_T60_delta0.20_tau19_am50.npz
2008-07-16,60,0.3,0.35667494393873245,60,50.0,1.163864681319247,0.35667494393873245,0.35667185990748074,3.0840312517099733e-06,0.0,0.0,0.5,10.0,5000,per_query,2703170175,0.11468356029534989,0.0028580775384907295,2811.881635294633,1.0144078875471165,9.720136379444739,0.3074,instanton_2008-07-16_T60_delta0.30_tau60_am50.npz
2008-07-17,20,0.2,0.2231435513142097,20,50.0,0.06313699960341818,0.2231435513142097,0.2231351441873457,8.407126864007353e-06,0.0,0.0,0.5,10.0,5000,per_query,3616674475,0.6719933838722554,0.006218817594758209,4842.18553635556,1.0037726123022335,1.9658165064384143,0.7174,instanton_2008-07-17_T20_delta0.20_tau20_am50.npz
2008-07-17,20,0.3,0.35667494393873245,20,50.0,3.343203468784101,0.35667494393873245,0.3566735212655301,1.4226732023558952e-06,0.0,0.0,0.5,10.0,5000,per_query,1068439351,0.006897276855430318,0.000353721206236507,788.5352814137815,1.0306818334565597,92.14234930577129,0.1108,instanton_2008-07-17_T20_delta0.30_tau20_am50.npz
2008-07-17,60,0.2,0.2231435513142097,52,50.0,0.05041199917822566,0.2231435513142097,0.2231215568704279,2.1994443781814255e-05,0.0,0.0,0.5,10.0,5000,per_query,2382539410,0.7854292782719453,0.005577561225853784,4873.878898698585,1.00237589567812,1.6999923386976694,0.8158,instanton_2008-07-17_T60_delta0.20_tau52_am50.npz
2008-07-17,60,0.3,0.35667494393873245,60,50.0,1.3113102166137345,0.35667494393873245,0.3566701903223617,4.7536163707562196e-06,0.0,0.0,0.5,10.0,5000,per_query,677022746,0.09305645135247935,0.002461817367977232,2676.7321849376754,0.9950635016736387,14.260226520301584,0.2828,instanton_2008-07-17_T60_delta0.30_tau60_am50.npz
2008-07-18,20,0.2,0.2231435513142097,20,50.0,0.10521571136102167,0.2231435513142097,0.22313358226806557,9.969046144142624e-06,0.0,0.0,0.5,10.0,5000,per_query,2172303550,0.5933145019616335,0.006248203035382311,4743.454550448175,0.9950871398931347,2.2064081802072617,0.6668,instanton_2008-07-18_T20_delta0.20_tau20_am50.npz
2008-07-18,20,0.3,0.35667494393873245,20,50.0,3.577499945288741,0.35667494393873245,0.3566730890986598,1.8548400726459136e-06,0.0,0.0,0.5,10.0,5000,per_query,2057802015,0.005378722814942187,0.0002514382932812854,846.7057768623343,1.0014782651045917,53.569021099301686,0.1098,instanton_2008-07-18_T20_delta0.30_tau20_am50.npz
2008-07-18,60,0.2,0.2231435513142097,60,50.0,0.07162268627375236,0.2231435513142097,0.22311336088007572,3.0190434133992028e-05,0.0,0.0,0.5,10.0,5000,per_query,670223538,0.7345289812544246,0.005952767639568944,4823.055807081131,1.0018773900331583,1.8260734625307833,0.7754,instanton_2008-07-18_T60_delta0.20_tau60_am50.npz
2008-07-18,60,0.3,0.35667494393873245,60,50.0,1.396554421005659,0.35667494393873245,0.35666871672535194,6.227213380505248e-06,0.0,0.0,0.5,10.0,5000,per_query,790436957,0.08341189274349538,0.0023048494914876686,2582.674549169066,0.9970685428248078,16.261098315217502,0.2734,instanton_2008-07-18_T60_delta0.30_tau60_am50.npz
2008-07-21,20,0.2,0.2231435513142097,20,50.0,0.11714969534137146,0.2231435513142097,0.22313342016552706,1.0131148682646085e-05,0.0,0.0,0.5,10.0,5000,per_query,1689084720,0.5691212046390811,0.006343692544012464,4710.40059616884,1.0031585448644325,2.329473578652243,0.6432,instanton_2008-07-21_T20_delta0.20_tau20_am50.npz
2008-07-21,20,0.3,0.35667494393873245,20,50.0,3.838431290426586,0.35667494393873245,0.35667302909914333,1.914839589112205e-06,0.0,0.0,0.5,10.0,5000,per_query,2267318190,0.003975880191830998,0.0002163470490140763,831.6700688851379,0.9964371796977303,63.523603815199735,0.096,instanton_2008-07-21_T20_delta0.30_tau20_am50.npz
2008-07-21,60,0.2,0.2231435513142097,60,50.0,0.07848801169488338,0.2231435513142097,0.22311281702967634,3.073428453337357e-05,0.0,0.0,0.5,10.0,5000,per_query,935753819,0.7165646838803997,0.006035931924402915,4808.937835503123,1.0023439934000655,2.112647476655916,0.7616,instanton_2008-07-21_T60_delta0.20_tau60_am50.npz
2008-07-21,60,0.3,0.35667494393873245,60,50.0,1.4914447003699534,0.35667494393873245,0.3566684954503101,6.448488422350351e-06,0.0,0.0,0.5,10.0,5000,per_query,2927815764,0.07236112941084794,0.002048511294750558,2361.8498208351657,1.0234316579546388,18.077990395114778,0.2562,instanton_2008-07-21_T60_delta0.30_tau60_am50.npz
2008-07-22,20,0.2,0.2231435513142097,20,50.0,0.22457343619892206,0.2231435513142097,0.22312945681982743,1.409449438227739e-05,0.0,0.0,0.5,10.0,5000,per_query,2692675355,0.4597437914054579,0.00601486854676611,4438.11097283777,0.9982159731083277,5.028155855033206,0.576,instanton_2008-07-22_T20_delta0.20_tau20_am50.npz
2008-07-22,20,0.3,0.35667494393873245,20,50.0,4.241875221208308,0.35667494393873245,0.3566718297017957,3.1142369367742617e-06,0.0,0.0,0.5,10.0,5000,per_query,1746973627,0.002519173469956727,0.00013641441987025828,938.663610095405,0.9265458183327661,33.442272772653546,0.0864,instanton_2008-07-22_T20_delta0.30_tau20_am50.npz
2008-07-22,60,0.2,0.2231435513142097,60,50.0,0.12670042158241293,0.2231435513142097,0.22310047391914622,4.30773950634844e-05,0.0,0.0,0.5,10.0,5000,per_query,3709140143,0.6213409199193104,0.006289419564346718,4696.733963129624,1.0018944564554306,2.3172994090092107,0.6922,instanton_2008-07-22_T60_delta0.20_tau60_am50.npz
2008-07-22,60,0.3,0.35667494393873245,60,50.0,1.6373075580696457,0.35667494393873245,0.35666438318933835,1.0560749394095126e-05,0.0,0.0,0.5,10.0,5000,per_query,351909340,0.06254003711433663,0.001826887503314611,2059.947713498584,0.9937266844192407,19.14226171726856,0.2438,instanton_2008-07-22_T60_delta0.30_tau60_am50.npz
2008-07-23,20,0.2,0.2231435513142097,20,50.0,0.2891101041472646,0.2231435513142097,0.22312690558131365,1.6645732896058973e-05,0.0,0.0,0.5,10.0,5000,per_query,247069098,0.4003932599159703,0.005748138424306744,4334.995210649187,0.9978562328907025,3.684130844970548,0.5318,instanton_2008-07-23_T20_delta0.20_tau20_am50.npz
2008-07-23,20,0.3,0.35667494393873245,20,50.0,4.473904413887198,0.35667494393873245,0.3566710027520337,3.941186698774857e-06,0.0,0.0,0.5,10.0,5000,per_query,505034690,0.001877096331925727,0.00010633191026079324,664.9557784639455,0.9712761012017259,80.98388482802116,0.0764,instanton_2008-07-23_T20_delta0.30_tau20_am50.npz
2008-07-23,60,0.2,0.2231435513142097,60,50.0,0.1544305869166918,0.2231435513142097,0.22309247275617405,5.107855803565542e-05,0.0,0.0,0.5,10.0,5000,per_query,3037474680,0.5963924171777039,0.006299517834295925,4637.19606723656,0.9956806216109074,2.715709983718063,0.6782,instanton_2008-07-23_T60_delta0.20_tau60_am50.npz
2008-07-23,60,0.3,0.35667494393873245,60,50.0,1.721036659826094,0.35667494393873245,0.3566615303427012,1.3413596031242037e-05,0.0,0.0,0.5,10.0,5000,per_query,342768582,0.05513230401995129,0.0016578310208267622,1963.224207690948,1.0052957738602137,28.905583837229372,0.2364,instanton_2008-07-23_T60_delta0.30_tau60_am50.npz
2008-07-24,20,0.2,0.2231435513142097,20,50.0,0.07281383816307227,0.2231435513142097,0.2231345656257666,8.985688443097217e-06,0.0,0.0,0.5,10.0,5000,per_query,1374941647,0.6387291973321124,0.006241151857556523,4819.813272518954,1.0010607468527057,2.351431884379482,0.6942,instanton_2008-07-24_T20_delta0.20_tau20_am50.npz
2008-07-24,20,0.3,0.35667494393873245,20,50.0,3.1912999409725584,0.35667494393873245,0.3566733765277075,1.567411024971932e-06,0.0,0.0,0.5,10.0,5000,per_query,3639636390,0.00838143807280555,0.000394530972305809,1347.9450332174513,0.9628912772154355,22.289838965262934,0.1208,instanton_2008-07-24_T20_delta0.30_tau20_am50.npz
2008-07-24,60,0.2,0.2231435513142097,59,50.0,0.054519366999003574,0.2231435513142097,0.22311689278132718,2.6658532882528618e-05,0.0,0.0,0.5,10.0,5000,per_query,2969414713,0.7664893590694141,0.0057331811294433176,4868.73534102814,1.002054060023101,1.6897493901342349,0.799,instanton_2008-07-24_T60_delta0.20_tau59_am50.npz
2008-07-24,60,0.3,0.35667494393873245,60,50.0,1.2551994826567363,0.35667494393873245,0.3566697154651477,5.228473584750759e-06,0.0,0.0,0.5,10.0,5000,per_query,1858566220,0.10010744561170748,0.0025386977532954338,2657.545387121223,0.995395464981831,12.600412249129036,0.2942,instanton_2008-07-24_T60_delta0.30_tau60_am50.npz
2008-07-25,20,0.2,0.2231435513142097,20,50.0,0.0860923824871113,0.2231435513142097,0.22313461536400148,8.935950208233123e-06,0.0,0.0,0.5,10.0,5000,per_query,1324668322,0.6296215724865187,0.006276239580471354,4792.677829093766,1.0027910289917508,2.023446632510031,0.6882,instanton_2008-07-25_T20_delta0.20_tau20_am50.npz
2008-07-25,20,0.3,0.35667494393873245,20,50.0,3.807463743519265,0.35667494393873245,0.3566733605988617,1.583339870769862e-06,0.0,0.0,0.5,10.0,5000,per_query,2315151087,0.004189860975974874,0.00023050771255145097,616.434196290256,1.00434475210913,93.00916294791476,0.0982,instanton_2008-07-25_T20_delta0.30_tau20_am50.npz
2008-07-25,60,0.2,0.2231435513142097,60,50.0,0.06415052631635433,0.2231435513142097,0.223116501880523,2.7049433686698876e-05,0.0,0.0,0.5,10.0,5000,per_query,1875180989,0.7549208745363639,0.005781169353551899,4842.360646679167,0.9994494117846207,1.847513322571219,0.7938,instanton_2008-07-25_T60_delta0.20_tau60_am50.npz
2008-07-25,60,0.3,0.35667494393873245,60,50.0,1.4803444049661805,0.35667494393873245,0.3566696177598274,5.3261789050296215e-06,0.0,0.0,0.5,10.0,5000,per_query,810868155,0.07058231316464532,0.0019783362882535033,2577.872984385794,0.9784783509781643,11.038617602517956,0.2518,instanton_2008-07-25_T60_delta0.30_tau60_am50.npz
2008-07-28,20,0.2,0.2231435513142097,10,50.0,0.009513734839102367,0.2231435513142097,0.2231405085383784,3.0427758312967512e-06,0.0,0.0,0.5,10.0,5000,per_query,117086709,0.8242337424116151,0.0051775452744057746,4975.465569321261,0.9998886843672524,1.2688310694273128,0.8384,instanton_2008-07-28_T20_delta0.20_tau10_am50.npz
2008-07-28,20,0.3,0.35667494393873245,20,50.0,2.9988927692645713,0.35667494393873245,0.35667410460682714,8.393319053112691e-07,0.0,0.0,0.5,10.0,5000,per_query,621575808,0.009492930090376214,0.0004068442584247288,1394.700401952486,0.9777373220377887,24.740845145921924,0.1262,instanton_2008-07-28_T20_delta0.30_tau20_am50.npz
2008-07-28,60,0.2,0.2231435513142097,10,50.0,0.009513734839102367,0.2231435513142097,0.2231405085383784,3.0427758312967512e-06,0.0,0.0,0.5,10.0,5000,per_query,104123442,0.891374102702156,0.004253374475623931,4976.555334758599,0.9988987593711197,1.3328018108533715,0.9014,instanton_2008-07-28_T60_delta0.20_tau10_am50.npz
2008-07-28,60,0.3,0.35667494393873245,60,50.0,1.1861773684009906,0.35667494393873245,0.3566721592538249,2.7846849075530145e-06,0.0,0.0,0.5,10.0,5000,per_query,2012885848,0.11303290965725428,0.0029096597926524417,2699.951077136268,1.0056920035463115,11.204314967348045,0.3062,instanton_2008-07-28_T60_delta0.30_tau60_am50.npz
2008-07-29,20,0.2,0.2231435513142097,20,50.0,0.11959463057287424,0.2231435513142097,0.22313289432967043,1.0656984539281211e-05,0.0,0.0,0.5,10.0,5000,per_query,4037757006,0.5758929634886303,0.00625892243661052,4724.6484428580225,0.9921949973819998,2.219780461312708,0.654,instanton_2008-07-29_T20_delta0.20_tau20_am50.npz
2008-07-29,20,0.3,0.35667494393873245,20,50.0,3.543463699139892,0.35667494393873245,0.3566728975255442,2.046413188239171e-06,0.0,0.0,0.5,10.0,5000,per_query,408832835,0.005193255153921874,0.00026363376855353965,895.2690387179354,1.027703610922401,64.01056978676507,0.1,instanton_2008-07-29_T20_delta0.30_tau20_am50.npz
2008-07-29,60,0.2,0.2231435513142097,60,50.0,0.07781715048781052,0.2231435513142097,0.2231112432137703,3.2308100439415455e-05,0.0,0.0,0.5,10.0,5000,per_query,3693994462,0.7200834496980995,0.0059752850856721685,4814.394147598779,0.9980608909048966,2.004589455154314,0.767,instanton_2008-07-29_T60_delta0.20_tau60_am50.npz
2008-07-29,60,0.3,0.35667494393873245,60,50.0,1.383973412440186,0.35667494393873245,0.3566680712308692,6.872707863259109e-06,0.0,0.0,0.5,10.0,5000,per_query,1742889589,0.08491921138756614,0.0022366220647807925,2583.859021666218,0.9873208037486721,12.879435570028978,0.2794,instanton_2008-07-29_T60_delta0.30_tau60_am50.npz
2008-07-30,20,0.2,0.2231435513142097,20,50.0,0.28462790108891506,0.2231435513142097,0.22312539566415523,1.8155650054474393e-05,0.0,0.0,0.5,10.0,5000,per_query,507457984,0.3881578949283189,0.0056984309027092684,4310.436222366307,1.002366857421793,4.262206820978756,0.5198,instanton_2008-07-30_T20_delta0.20_tau20_am50.npz
2008-07-30,20,0.3,0.35667494393873245,20,50.0,4.046059651600193,0.35667494393873245,0.3566705719028107,4.3720359217402915e-06,0.0,0.0,0.5,10.0,5000,per_query,1851554848,0.0030489178394086124,0.0001625777604174184,622.8430889889203,1.016008081486593,95.90519675534584,0.0888,instanton_2008-07-30_T20_delta0.30_tau20_am50.npz
2008-07-30,60,0.2,0.2231435513142097,60,50.0,0.1496582462362124,0.2231435513142097,0.22308794523571418,5.560607849552923e-05,0.0,0.0,0.5,10.0,5000,per_query,420883581,0.5934920626683026,0.006266128066167595,4651.714959764641,0.9993068639574767,2.441765101158238,0.675,instanton_2008-07-30_T60_delta0.20_tau60_am50.npz
2008-07-30,60,0.3,0.35667494393873245,60,50.0,1.5665409862275024,0.35667494393873245,0.35666008874424193,1.4855194490515089e-05,0.0,0.0,0.5,10.0,5000,per_query,2710546487,0.06601670489834553,0.001872052439296795,2225.935526927239,1.0190565648386045,13.558372547165277,0.2474,instanton_2008-07-30_T60_delta0.30_tau60_am50.npz
2008-07-31,20,0.2,0.2231435513142097,20,50.0,0.15088458535531396,0.2231435513142097,0.2231314666272768,1.208468693292275e-05,0.0,0.0,0.5,10.0,5000,per_query,3801047845,0.5322398060657532,0.0062704377066966095,4635.0302262577225,0.999782461787653,2.817655894189605,0.6202,instanton_2008-07-31_T20_delta0.20_tau20_am50.npz
2008-07-31,20,0.3,0.35667494393873245,20,50.0,3.581854630714636,0.35667494393873245,0.3566724849974001,2.4589413323283793e-06,0.0,0.0,0.5,10.0,5000,per_query,2626871886,0.005261681308499007,0.00025413132909537356,644.0790112196448,1.0230601698092077,103.7912506236952,0.1096,instanton_2008-07-31_T20_delta0.30_tau20_am50.npz
2008-07-31,60,0.2,0.2231435513142097,60,50.0,0.09160540610732146,0.2231435513142097,0.22310685075322123,3.6700560988478514e-05,0.0,0.0,0.5,10.0,5000,per_query,2167481860,0.6950404997495895,0.006121436702667627,4779.525780733272,1.000563356018938,2.1593700804346603,0.7476,instanton_2008-07-31_T60_delta0.20_tau60_am50.npz
2008-07-31,60,0.3,0.35667494393873245,60,50.0,1.3977459260794827,0.35667494393873245,0.3566666772436111,8.266695121328382e-06,0.0,0.0,0.5,10.0,5000,per_query,448207346,0.08374181417763855,0.002208889415188694,2468.6072026814486,0.98756990879088,14.898104119754501,0.2792,instanton_2008-07-31_T60_delta0.30_tau60_am50.npz
2008-08-01,20,0.2,0.2231435513142097,20,50.0,0.10673200196869718,0.2231435513142097,0.2231331793644431,1.0371949766607713e-05,0.0,0.0,0.5,10.0,5000,per_query,3240681862,0.5967481061441522,0.006288355913973939,4740.503170527762,0.996516357456069,2.255191828170898,0.668,instanton_2008-08-01_T20_delta0.20_tau20_am50.npz
2008-08-01,20,0.3,0.35667494393873245,20,50.0,3.345387543378909,0.35667494393873245,0.35667299154656895,1.952392163495631e-06,0.0,0.0,0.5,10.0,5000,per_query,2062694269,0.007197492230074906,0.00033992583866040407,1017.0646739565998,0.9807019141323472,36.4239853706151,0.115,instanton_2008-08-01_T20_delta0.30_tau20_am50.npz
2008-08-01,60,0.2,0.2231435513142097,60,50.0,0.07092589040612242,0.2231435513142097,0.22311216693917313,3.1384375036580536e-05,0.0,0.0,0.5,10.0,5000,per_query,2909832768,0.7157884956284776,0.006028277792139765,4820.1266178159,1.0022407494292784,1.9836863098618887,0.7598,instanton_2008-08-01_T60_delta0.20_tau60_am50.npz
2008-08-01,60,0.3,0.35667494393873245,60,50.0,1.3114122208655266,0.35667494393873245,0.35666840258357446,6.5413551579851514e-06,0.0,0.0,0.5,10.0,5000,per_query,856071182,0.093421711432441,0.002469764845598307,2483.5616049283917,0.9934557773133178,17.652061332075174,0.2842,instanton_2008-08-01_T60_delta0.30_tau60_am50.npz
2008-08-04,20,0.2,0.2231435513142097,20,50.0,0.04866037376810263,0.2231435513142097,0.22313551533355191,8.03598065779454e-06,0.0,0.0,0.5,10.0,5000,per_query,595280616,0.696488381068423,0.006089961106345699,4878.607411252175,1.0012322733307184,1.7280892994255759,0.7368,instanton_2008-08-04_T20_delta0.20_tau20_am50.npz
2008-08-04,20,0.3,0.35667494393873245,20,50.0,2.993641813553579,0.35667494393873245,0.3566736319921606,1.3119465718247625e-06,0.0,0.0,0.5,10.0,5000,per_query,1808986733,0.011302721782886178,0.00046908824449162003,1232.021416600551,0.9843212640459121,27.49890449717834,0.138,instanton_2008-08-04_T20_delta0.30_tau20_am50.npz
2008-08-04,60,0.2,0.2231435513142097,46,50.0,0.04091151669983832,0.2231435513142097,0.2231249838611582,1.8567453051510086e-05,0.0,0.0,0.5,10.0,5000,per_query,701958157,0.8041798461387863,0.005318845892795097,4899.399247216612,0.9978011654812241,1.6749688398225113,0.834,instanton_2008-08-04_T60_delta0.20_tau46_am50.npz
2008-08-04,60,0.3,0.35667494393873245,60,50.0,1.1826594616562198,0.35667494393873245,0.3566705857357224,4.358203010035311e-06,0.0,0.0,0.5,10.0,5000,per_query,3677042971,0.10912573817224798,0.002714781933860473,2780.3668994910568,1.0084664216641237,14.825412412322104,0.3034,instanton_2008-08-04_T60_delta0.30_tau60_am50.npz
2008-08-05,20,0.2,0.2231435513142097,20,50.0,0.2526566127348231,0.2231435513142097,0.22312615571710648,1.7395597103231353e-05,0.0,0.0,0.5,10.0,5000,per_query,1140023802,0.4273693278895697,0.005885924361714684,4415.146339580557,0.9994665817678666,3.4507841982689733,0.5496,instanton_2008-08-05_T20_delta0.20_tau20_am50.npz
2008-08-05,20,0.3,0.35667494393873245,20,50.0,3.7590398058246004,0.35667494393873245,0.3566708429237835,4.101014948965087e-06,0.0,0.0,0.5,10.0,5000,per_query,756895143,0.0037426609809575245,0.00019659702467154862,893.3563691566172,1.0165715710681238,56.93367915928119,0.0902,instanton_2008-08-05_T20_delta0.30_tau20_am50.npz
2008-08-05,60,0.2,0.2231435513142097,60,50.0,0.13480418340232317,0.2231435513142097,0.22309040841891825,5.31428952914581e-05,0.0,0.0,0.5,10.0,5000,per_query,4056546986,0.6063828946930486,0.006312917917216091,4676.839699295701,0.9997938712480473,2.8677265274878816,0.681,instanton_2008-08-05_T60_delta0.20_tau60_am50.npz
2008-08-05,60,0.3,0.35667494393873245,60,50.0,1.4619250807814126,0.35667494393873245,0.35666111461712013,1.3829321612313095e-05,0.0,0.0,0.5,10.0,5000,per_query,3857799042,0.07664217834734448,0.0021066811534935564,2391.6145804861562,0.9972245070645198,24.271501063934913,0.2652,instanton_2008-08-05_T60_delta0.30_tau60_am50.npz
2008-08-06,20,0.2,0.2231435513142097,20,50.0,0.32865590593933536,0.2231435513142097,0.22312348821150874,2.0063102700973445e-05,0.0,0.0,0.5,10.0,5000,per_query,2232356806,0.37136737301262346,0.005624767807568737,4256.312028601982,0.9969289515783101,4.278559349650872,0.5102,instanton_2008-08-06_T20_delta0.20_tau20_am50.npz
2008-08-06,20,0.3,0.35667494393873245,20,50.0,4.24763984823486,0.35667494393873245,0.3566699162270046,5.0277117278341166e-06,0.0,0.0,0.5,10.0,5000,per_query,1027711304,0.0025350736264549384,0.0001377717239217488,570.0982476302231,1.0051022480841354,110.38781209366914,0.0866,instanton_2008-08-06_T20_delta0.30_tau20_am50.npz
2008-08-06,60,0.2,0.2231435513142097,60,50.0,0.1685636418439048,0.2231435513142097,0.22308194182921337,6.160948499633889e-05,0.0,0.0,0.5,10.0,5000,per_query,704762631,0.5644536908935064,0.0063332024300997375,4595.370449149879,1.0054766146316185,2.9449451367034425,0.6502,instanton_2008-08-06_T60_delta0.20_tau60_am50.npz
2008-08-06,60,0.3,0.35667494393873245,60,50.0,1.6396586445136807,0.35667494393873245,0.3566578489367025,1.7095002029954287e-05,0.0,0.0,0.5,10.0,5000,per_query,732699457,0.06332634054152926,0.0018680262834827697,2242.264534591636,0.9885472768965968,13.782213609829348,0.2486,instanton_2008-08-06_T60_delta0.30_tau60_am50.npz
2008-08-07,20,0.2,0.2231435513142097,20,50.0,0.1546095132484785,0.2231435513142097,0.22313095500705238,1.2596307157330955e-05,0.0,0.0,0.5,10.0,5000,per_query,1783968233,0.5196719625156958,0.00622647008026551,4645.866291402085,1.0007027146433318,2.4410890512472965,0.6096,instanton_2008-08-07_T20_delta0.20_tau20_am50.npz
2008-08-07,20,0.3,0.35667494393873245,20,50.0,3.4461318310840743,0.35667494393873245,0.3566723491059616,2.5948327708746888e-06,0.0,0.0,0.5,10.0,5000,per_query,1669442958,0.006153809940037228,0.0002935474517747396,939.1102520856068,0.9743342261940202,46.01720167341924,0.1136,instanton_2008-08-07_T20_delta0.30_tau20_am50.npz
2008-08-07,60,0.2,0.2231435513142097,60,50.0,0.09231011209563396,0.2231435513142097,0.22310531775797848,3.823355623122637e-05,0.0,0.0,0.5,10.0,5000,per_query,3490625950,0.6784296343031674,0.006094767488702643,4765.862010090315,0.9937813934318248,2.0083236435154115,0.7388,instanton_2008-08-07_T60_delta0.20_tau60_am50.npz
2008-08-07,60,0.3,0.35667494393873245,60,50.0,1.3478708882350914,0.35667494393873245,0.3566662173519939,8.726586738561082e-06,0.0,0.0,0.5,10.0,5000,per_query,2298219546,0.08742293058991298,0.002410010042063909,2524.298003419744,1.005691407066117,12.644888832139987,0.273,instanton_2008-08-07_T60_delta0.30_tau60_am50.npz
2008-08-08,20,0.2,0.2231435513142097,20,50.0,0.3423794809451849,0.2231435513142097,0.223121158933119,2.2392381090696745e-05,0.0,0.0,0.5,10.0,5000,per_query,1850336111,0.3647406041333606,0.005572367870755337,4207.8301995735965,1.0029160773878472,3.940118710468928,0.5062,instanton_2008-08-08_T20_delta0.20_tau20_am50.npz
2008-08-08,20,0.3,0.35667494393873245,20,50.0,4.041105987622867,0.35667494393873245,0.3566691794008756,5.76453785683384e-06,0.0,0.0,0.5,10.0,5000,per_query,2450474968,0.0031559429775673315,0.00017341520420104933,635.0032685431769,0.9944067068245981,79.73141761784778,0.0874,instanton_2008-08-08_T20_delta0.30_tau20_am50.npz
2008-08-08,60,0.2,0.2231435513142097,60,50.0,0.17244346684464434,0.2231435513142097,0.22307480608031938,6.874523389033271e-05,0.0,0.0,0.5,10.0,5000,per_query,3656825621,0.5620668362057627,0.006277499846745226,4581.042370681474,1.0025221616208626,2.780435577964498,0.6524,instanton_2008-08-08_T60_delta0.20_tau60_am50.npz
2008-08-08,60,0.3,0.35667494393873245,60,50.0,1.56464076305614,0.35667494393873245,0.35665531079490265,1.9633143829800304e-05,0.0,0.0,0.5,10.0,5000,per_query,455025886,0.06304649207017855,0.0018625008783805066,2210.303639869864,1.0453336626013288,18.721689991839547,0.2392,instanton_2008-08-08_T60_delta0.30_tau60_am50.npz
2008-08-11,20,0.2,0.2231435513142097,20,50.0,0.4834093430428633,0.2231435513142097,0.22311186500085434,3.168631335537242e-05,0.0,0.0,0.5,10.0,5000,per_query,610267820,0.2704687251153431,0.0048889860631575795,3924.429224623657,1.0125376577777148,5.515714506772308,0.4294,instanton_2008-08-11_T20_delta0.20_tau20_am50.npz
2008-08-11,20,0.3,0.35667494393873245,20,50.0,4.460572702502417,0.35667494393873245,0.356665860308226,9.083630506445672e-06,0.0,0.0,0.5,10.0,5000,per_query,16178392,0.0016807573414131267,9.70581518953629e-05,693.0150403059106,0.9692150077664552,79.32981418131044,0.0724,instanton_2008-08-11_T20_delta0.30_tau20_am50.npz
2008-08-11,60,0.2,0.2231435513142097,60,50.0,0.23012391789609266,0.2231435513142097,0.2230455793450563,9.797196915339867e-05,0.0,0.0,0.5,10.0,5000,per_query,3020347867,0.4865724570522838,0.0061589040857403625,4450.722510356943,1.004248526397931,3.277624698794505,0.597,instanton_2008-08-11_T60_delta0.20_tau60_am50.npz
2008-08-11,60,0.3,0.35667494393873245,60,50.0,1.7170005312718637,0.35667494393873245,0.3566438205713798,3.112336735267007e-05,0.0,0.0,0.5,10.0,5000,per_query,782287616,0.0533326076890296,0.0016047370920098465,1842.0799758931512,1.0000928921134102,45.99933671199686,0.2316,instanton_2008-08-11_T60_delta0.30_tau60_am50.npz
2008-08-12,20,0.2,0.2231435513142097,20,50.0,0.3454106647915707,0.2231435513142097,0.22312126386265252,2.2287451557190252e-05,0.0,0.0,0.5,10.0,5000,per_query,3263625607,0.35530273560556636,0.005476890226015701,4231.107709201229,0.9977132204232526,3.7649834109433375,0.4982,instanton_2008-08-12_T20_delta0.20_tau20_am50.npz
2008-08-12,20,0.3,0.35667494393873245,20,50.0,4.090934859129378,0.35667494393873245,0.3566692076353499,5.736303382519736e-06,0.0,0.0,0.5,10.0,5000,per_query,4025168847,0.0028508326023082473,0.00015744478906452514,656.3524736710325,1.037071184925582,66.14569864682014,0.0826,instanton_2008-08-12_T20_delta0.30_tau20_am50.npz
2008-08-12,60,0.2,0.2231435513142097,60,50.0,0.17400194424460205,0.2231435513142097,0.22307511855663087,6.843275757884015e-05,0.0,0.0,0.5,10.0,5000,per_query,1092225065,0.5590843035626504,0.006256864753207031,4577.094315058201,0.9967972993444358,2.804241477033447,0.6526,instanton_2008-08-12_T60_delta0.20_tau60_am50.npz
2008-08-12,60,0.3,0.35667494393873245,60,50.0,1.5827873152870184,0.35667494393873245,0.3566554044414856,1.9539497246867654e-05,0.0,0.0,0.5,10.0,5000,per_query,1014768325,0.06393440149842199,0.0018943387611686621,2282.03945286301,0.994973237926895,13.62615216216078,0.2398,instanton_2008-08-12_T60_delta0.30_tau60_am50.npz
2008-08-13,20,0.2,0.2231435513142097,20,50.0,0.30780294702258704,0.2231435513142097,0.22312519237573536,1.8358938474349884e-05,0.0,0.0,0.5,10.0,5000,per_query,3386197395,0.3826458904565736,0.005680570347175604,4270.39756318677,1.004749467837711,4.625288431839472,0.5166,instanton_2008-08-13_T20_delta0.20_tau20_am50.npz
2008-08-13,20,0.3,0.35667494393873245,20,50.0,4.31821081293941,0.35667494393873245,0.35667047026394894,4.473674783511683e-06,0.0,0.0,0.5,10.0,5000,per_query,53452644,0.0019615233054815304,0.00011453341254883973,694.2536159624136,0.9796797598743624,65.52740207404115,0.0768,instanton_2008-08-13_T20_delta0.30_tau20_am50.npz
2008-08-13,60,0.2,0.2231435513142097,60,50.0,0.16081115173250748,0.2231435513142097,0.2230872257777312,5.6325536478496474e-05,0.0,0.0,0.5,10.0,5000,per_query,2005110632,0.5803276607171948,0.006217545863983365,4613.213158835265,0.992871005410561,2.890733538296925,0.6708,instanton_2008-08-13_T60_delta0.20_tau60_am50.npz
2008-08-13,60,0.3,0.35667494393873245,60,50.0,1.6651072595314456,0.35667494393873245,0.35665972114526223,1.5222793470215379e-05,0.0,0.0,0.5,10.0,5000,per_query,463233927,0.05586706974626027,0.0016804989253015247,2187.099465411842,1.007608966884434,16.928858709798707,0.2354,instanton_2008-08-13_T60_delta0.30_tau60_am50.npz
2008-08-14,20,0.2,0.2231435513142097,20,50.0,0.41674812011265544,0.2231435513142097,0.223120107940308,2.344337390169926e-05,0.0,0.0,0.5,10.0,5000,per_query,1124743552,0.3216509803944306,0.005199398619619483,4056.3277270109497,0.9986744721692543,5.2598091625330845,0.4792,instanton_2008-08-14_T20_delta0.20_tau20_am50.npz
2008-08-14,20,0.3,0.35667494393873245,20,50.0,4.713976871089932,0.35667494393873245,0.3566687022559556,6.241682776852997e-06,0.0,0.0,0.5,10.0,5000,per_query,3254995905,0.0014767091276013877,9.03745967169013e-05,551.0249596404882,1.0048117162290366,65.55306445097513,0.0718,instanton_2008-08-14_T20_delta0.30_tau20_am50.npz
2008-08-14,60,0.2,0.2231435513142097,60,50.0,0.20636467938702419,0.2231435513142097,0.22307119439733292,7.235691687679235e-05,0.0,0.0,0.5,10.0,5000,per_query,3933824373,0.5223873943448336,0.006257470214143656,4499.196216991641,1.0033711429548824,3.0444796974148387,0.6256,instanton_2008-08-14_T60_delta0.20_tau60_am50.npz
2008-08-14,60,0.3,0.35667494393873245,60,50.0,1.8079555582399063,0.35667494393873245,0.35665358291344074,2.136102529171069e-05,0.0,0.0,0.5,10.0,5000,per_query,2913105447,0.050500140520208285,0.0015668105222668926,1800.9964404393486,1.021474266394915,26.475217031053365,0.2262,instanton_2008-08-14_T60_delta0.30_tau60_am50.npz
2008-08-15,20,0.2,0.2231435513142097,20,50.0,0.4949208496291587,0.2231435513142097,0.22311597179068166,2.757952352805404e-05,0.0,0.0,0.5,10.0,5000,per_query,892152624,0.2718370446137293,0.004826197093081462,3908.2995413116923,0.9910426771299932,5.849049901093023,0.4378,instanton_2008-08-15_T20_delta0.20_tau20_am50.npz
2008-08-15,20,0.3,0.35667494393873245,20,50.0,4.965797442918574,0.35667494393873245,0.3566672027543305,7.741184401943713e-06,0.0,0.0,0.5,10.0,5000,per_query,2804905721,0.0010640532324283066,6.788692083084921e-05,186.42607828063097,1.048918531084379,267.1001670358237,0.0644,instanton_2008-08-15_T20_delta0.30_tau20_am50.npz
2008-08-15,60,0.2,0.2231435513142097,60,50.0,0.23831212933996454,0.2231435513142097,0.22305808342888955,8.546788532015626e-05,0.0,0.0,0.5,10.0,5000,per_query,2083926889,0.4975822306380115,0.006156916817160161,4423.2003220507,1.0045572846798045,3.9106079085355825,0.6098,instanton_2008-08-15_T60_delta0.20_tau60_am50.npz
2008-08-15,60,0.3,0.35667494393873245,60,50.0,1.8986112313949113,0.35667494393873245,0.3566483504115139,2.6593527218565782e-05,0.0,0.0,0.5,10.0,5000,per_query,4147399191,0.04252781950182697,0.0013384645201096788,1984.8671580545401,0.9947170837427047,19.75931026113686,0.2116,instanton_2008-08-15_T60_delta0.30_tau60_am50.npz
2008-08-18,20,0.2,0.2231435513142097,20,50.0,0.28118927905995506,0.2231435513142097,0.2231260140265663,1.7537287643420996e-05,0.0,0.0,0.5,10.0,5000,per_query,2478726787,0.40408767718677147,0.005843612186209058,4354.612420124088,1.0026332514518694,3.8753403517175062,0.5294,instanton_2008-08-18_T20_delta0.20_tau20_am50.npz
2008-08-18,20,0.3,0.35667494393873245,20,50.0,4.132150384002104,0.35667494393873245,0.3566707523172763,4.19162145615104e-06,0.0,0.0,0.5,10.0,5000,per_query,4033491347,0.002713160042985013,0.00014579133466999125,778.056849347327,0.9944509812097316,64.86130783163289,0.0874,instanton_2008-08-18_T20_delta0.30_tau20_am50.npz
2008-08-18,60,0.2,0.2231435513142097,60,50.0,0.14889332257232457,0.2231435513142097,0.22308980053033434,5.3750783875372576e-05,0.0,0.0,0.5,10.0,5000,per_query,3956626952,0.5944704448522358,0.006305008734750941,4648.869190081391,0.9981252541920081,3.3062101566022806,0.6744,instanton_2008-08-18_T60_delta0.20_tau60_am50.npz
2008-08-18,60,0.3,0.35667494393873245,60,50.0,1.5977802297050205,0.35667494393873245,0.35666074552794313,1.4198410789312277e-05,0.0,0.0,0.5,10.0,5000,per_query,2989433333,0.06207510298178909,0.001788884896826466,2360.6535549735086,0.9916284590339954,17.577533088048884,0.2484,instanton_2008-08-18_T60_delta0.30_tau60_am50.npz
2008-08-19,20,0.2,0.2231435513142097,20,50.0,0.16371350568575538,0.2231435513142097,0.22313100846109446,1.2542853115249386e-05,0.0,0.0,0.5,10.0,5000,per_query,1979256981,0.5054668605556628,0.0061458968765343985,4596.293403399038,0.9987956396100163,2.716771104520272,0.604,instanton_2008-08-19_T20_delta0.20_tau20_am50.npz
2008-08-19,20,0.3,0.35667494393873245,20,50.0,3.664130735919619,0.35667494393873245,0.35667234753061283,2.5964081196150346e-06,0.0,0.0,0.5,10.0,5000,per_query,3266167300,0.004727189474468986,0.0002592776981992873,1147.4761726352924,0.9474621385759129,29.18008873938238,0.1016,instanton_2008-08-19_T20_delta0.30_tau20_am50.npz
2008-08-19,60,0.2,0.2231435513142097,60,50.0,0.09758149966245194,0.2231435513142097,0.22310542017619373,3.8131138015984334e-05,0.0,0.0,0.5,10.0,5000,per_query,1491716076,0.6733955262179193,0.006170100924350083,4771.930647318051,0.9980661891294258,1.9572163059227345,0.731,instanton_2008-08-19_T60_delta0.20_tau60_am50.npz
2008-08-19,60,0.3,0.35667494393873245,60,50.0,1.42775720936281,0.35667494393873245,0.35666619130581445,8.75263291799655e-06,0.0,0.0,0.5,10.0,5000,per_query,4134173652,0.08277402997827046,0.0021834049043642904,2458.184106886932,0.9948409737245025,14.18594475532286,0.2786,instanton_2008-08-19_T60_delta0.30_tau60_am50.npz
2008-08-20,20,0.2,0.2231435513142097,20,50.0,0.21008736489488714,0.2231435513142097,0.22312913421600467,1.4417098205043999e-05,0.0,0.0,0.5,10.0,5000,per_query,2958942244,0.4656462574366393,0.006105967375097125,4485.840044917508,1.0059947977247754,3.016601615249181,0.5734,instanton_2008-08-20_T20_delta0.20_tau20_am50.npz
2008-08-20,20,0.3,0.35667494393873245,20,50.0,3.8680163042685853,0.35667494393873245,0.35667176308585624,3.18085287620562e-06,0.0,0.0,0.5,10.0,5000,per_query,3573548587,0.004058111965680276,0.00019662919030226828,660.5860183533956,0.9929961139205244,106.16122954353615,0.1036,instanton_2008-08-20_T20_delta0.30_tau20_am50.npz
2008-08-20,60,0.2,0.2231435513142097,60,50.0,0.11825443046732462,0.2231435513142097,0.22309957940118785,4.3971913021856324e-05,0.0,0.0,0.5,10.0,5000,per_query,1181915643,0.647822239560398,0.006209643044219976,4713.691451177579,0.9973021466251194,2.5474483945452895,0.716,instanton_2008-08-20_T60_delta0.20_tau60_am50.npz
2008-08-20,60,0.3,0.35667494393873245,60,50.0,1.501918169978572,0.35667494393873245,0.35666419603919053,1.074789954191857e-05,0.0,0.0,0.5,10.0,5000,per_query,1848223748,0.07363470220605352,0.0020375162873792576,2383.963021640899,1.0095761470929119,16.63432347941296,0.2632,instanton_2008-08-20_T60_delta0.30_tau60_am50.npz
2008-08-21,20,0.2,0.2231435513142097,20,50.0,0.2539707994326288,0.2231435513142097,0.22312833441030833,1.521690390138275e-05,0.0,0.0,0.5,10.0,5000,per_query,2401287876,0.42803074142429287,0.005911246633404445,4406.116505185112,0.9949127715369439,3.733703463962618,0.5506,instanton_2008-08-21_T20_delta0.20_tau20_am50.npz
2008-08-21,20,0.3,0.35667494393873245,20,50.0,4.35524462714037,0.35667494393873245,0.35667146956248974,3.474376242706967e-06,0.0,0.0,0.5,10.0,5000,per_query,2776992764,0.00213846998868166,0.00011497276719978094,557.1894356330619,1.018537015448232,111.14876003839653,0.0824,instanton_2008-08-21_T20_delta0.30_tau20_am50.npz
2008-08-21,60,0.2,0.2231435513142097,60,50.0,0.13945803730832576,0.2231435513142097,0.2230969548519468,4.659646226290448e-05,0.0,0.0,0.5,10.0,5000,per_query,1339087885,0.6120253385628647,0.006272488527267296,4663.0861484346615,0.9999034549305803,2.7003832859982224,0.6884,instanton_2008-08-21_T60_delta0.20_tau60_am50.npz
2008-08-21,60,0.3,0.35667494393873245,60,50.0,1.6782273409934463,0.35667494393873245,0.3566631396109585,1.1804327773923262e-05,0.0,0.0,0.5,10.0,5000,per_query,4012156509,0.059307350911271976,0.0017874606598731588,2286.6500048009907,1.008830259950076,15.561381539642852,0.2402,instanton_2008-08-21_T60_delta0.30_tau60_am50.npz
2008-08-22,20,0.2,0.2231435513142097,20,50.0,0.4369800251913934,0.2231435513142097,0.22311942729258494,2.4124021624771785e-05,0.0,0.0,0.5,10.0,5000,per_query,2755589338,0.30129192701809226,0.005099658158628808,3996.317658577913,1.0012119990515662,4.80620897290936,0.4582,instanton_2008-08-22_T20_delta0.20_tau20_am50.npz
2008-08-22,20,0.3,0.35667494393873245,20,50.0,4.831059865307258,0.35667494393873245,0.35666845652701795,6.487411714495295e-06,0.0,0.0,0.5,10.0,5000,per_query,3637814567,0.0011497416352733035,8.21019061252692e-05,682.7003108382183,0.9745479315068282,64.4350489078903,0.057,instanton_2008-08-22_T20_delta0.30_tau20_am50.npz
2008-08-22,60,0.2,0.2231435513142097,60,50.0,0.21504302346282614,0.2231435513142097,0.22306901765130505,7.453366290466334e-05,0.0,0.0,0.5,10.0,5000,per_query,530341812,0.5170333382609499,0.006236033981073125,4475.94498172566,1.0039680905213135,3.3152201958337093,0.6208,instanton_2008-08-22_T60_delta0.20_tau60_am50.npz
2008-08-22,60,0.3,0.35667494393873245,60,50.0,1.8500023678522768,0.35667494393873245,0.356652683462368,2.226047636444406e-05,0.0,0.0,0.5,10.0,5000,per_query,3711827037,0.04740959914168451,0.0014473431569908275,1918.2867385081454,1.0190366269742976,26.649428918476683,0.229,instanton_2008-08-22_T60_delta0.30_tau60_am50.npz
2008-08-25,20,0.2,0.2231435513142097,20,50.0,0.1673183360709466,0.2231435513142097,0.22313091977290078,1.2631541308927297e-05,0.0,0.0,0.5,10.0,5000,per_query,2366171362,0.5022736303330916,0.006194034944678526,4591.760898537146,1.0038097327750606,2.7324766702920877,0.598,instanton_2008-08-25_T20_delta0.20_tau20_am50.npz
2008-08-25,20,0.3,0.35667494393873245,20,50.0,3.703555477717753,0.35667494393873245,0.356672315394686,2.628544046423542e-06,0.0,0.0,0.5,10.0,5000,per_query,1397533594,0.004368753872587031,0.00021637395958784734,429.71596245895694,0.9774715287159339,180.5680812738434,0.0998,instanton_2008-08-25_T20_delta0.30_tau20_am50.npz
2008-08-25,60,0.2,0.2231435513142097,60,50.0,0.09935907139949758,0.2231435513142097,0.22310513526810993,3.8416046099776224e-05,0.0,0.0,0.5,10.0,5000,per_query,2933588291,0.6813876266871948,0.006089868411166155,4755.131146714682,0.9957251345570216,2.1271161401403758,0.7422,instanton_2008-08-25_T60_delta0.20_tau60_am50.npz
2008-08-25,60,0.3,0.35667494393873245,60,50.0,1.4421387710362028,0.35667494393873245,0.35666608790809207,8.856030640380652e-06,0.0,0.0,0.5,10.0,5000,per_query,2116847143,0.08163947460149001,0.0022503982640783337,2343.857638024313,1.00093658270266,17.866902057020486,0.2754,instanton_2008-08-25_T60_delta0.30_tau60_am50.npz
2008-08-26,20,0.2,0.2231435513142097,20,50.0,0.21781947844433866,0.2231435513142097,0.2231297545351527,1.3796779056995945e-05,0.0,0.0,0.5,10.0,5000,per_query,2041238901,0.45552196909052983,0.006114355042548877,4481.711926402203,1.0071751396530737,4.102294508774886,0.5614,instanton_2008-08-26_T20_delta0.20_tau20_am50.npz
2008-08-26,20,0.3,0.35667494393873245,20,50.0,4.2324164621303435,0.35667494393873245,0.3566719220001673,3.0219385651619746e-06,0.0,0.0,0.5,10.0,5000,per_query,2252228158,0.0025539504947810782,0.00013584985508684785,697.698937943183,0.9560666064109997,70.1660834241246,0.0876,instanton_2008-08-26_T20_delta0.30_tau20_am50.npz
2008-08-26,60,0.2,0.2231435513142097,60,50.0,0.12385773710305957,0.2231435513142097,0.22310139736501178,4.2153949197931695e-05,0.0,0.0,0.5,10.0,5000,per_query,2055290901,0.6346430678147607,0.006207594733894665,4690.683190999098,0.9965693641893384,2.386363403704223,0.7084,instanton_2008-08-26_T60_delta0.20_tau60_am50.npz
2008-08-26,60,0.3,0.35667494393873245,60,50.0,1.633877441644891,0.35667494393873245,0.35666469964460035,1.0244294132100151e-05,0.0,0.0,0.5,10.0,5000,per_query,533217778,0.06439330300201296,0.0018663962320393834,2235.42317690908,1.0070032789112233,16.45779278507227,0.2488,instanton_2008-08-26_T60_delta0.30_tau60_am50.npz
2008-08-27,20,0.2,0.2231435513142097,20,50.0,0.36131881069448213,0.2231435513142097,0.22312487822635507,1.867308785463706e-05,0.0,0.0,0.5,10.0,5000,per_query,1346147593,0.34072618503365176,0.005413713514700483,4196.201221945523,1.0023334754144424,3.938979637602101,0.4836,instanton_2008-08-27_T20_delta0.20_tau20_am50.npz
2008-08-27,20,0.3,0.35667494393873245,20,50.0,4.955872286008597,0.35667494393873245,0.3566702869352456,4.657003486840949e-06,0.0,0.0,0.5,10.0,5000,per_query,1472178022,0.0009892205230973082,6.174822135360608e-05,178.6565465357239,1.039067789243953,320.7724681343843,0.0618,instanton_2008-08-27_T20_delta0.30_tau20_am50.npz
2008-08-27,60,0.2,0.2231435513142097,60,50.0,0.18640975613579347,0.2231435513142097,0.22308600494160746,5.7546372602246265e-05,0.0,0.0,0.5,10.0,5000,per_query,2958469638,0.5565132977924618,0.006353415536749827,4558.647399011833,1.0004619240516666,2.889920241021362,0.6476,instanton_2008-08-27_T60_delta0.20_tau60_am50.npz
2008-08-27,60,0.3,0.35667494393873245,60,50.0,1.8937238788910598,0.35667494393873245,0.35665900157612995,1.5942362602494597e-05,0.0,0.0,0.5,10.0,5000,per_query,2471871359,0.042940810231682836,0.001393552197223777,2009.2066928042466,0.9816934256627741,17.99074528755744,0.2112,instanton_2008-08-27_T60_delta0.30_tau60_am50.npz
2008-08-28,20,0.2,0.2231435513142097,20,50.0,0.5694513133553952,0.2231435513142097,0.22311574043839588,2.781087581382735e-05,0.0,0.0,0.5,10.0,5000,per_query,4162855264,0.24609788857876164,0.0045477955895182175,3781.9999361592413,0.9975526657422473,7.358992472325065,0.418,instanton_2008-08-28_T20_delta0.20_tau20_am50.npz
2008-08-28,20,0.3,0.35667494393873245,20,50.0,5.645142138357139,0.35667494393873245,0.35666698583369794,7.95810503451122e-06,0.0,0.0,0.5,10.0,5000,per_query,1819230346,0.0005347334091047805,3.982969782532367e-05,379.2705686484205,0.9384478988874049,154.28922461887407,0.0544,instanton_2008-08-28_T20_delta0.30_tau20_am50.npz
2008-08-28,60,0.2,0.2231435513142097,60,50.0,0.27162603358313153,0.2231435513142097,0.2230569860419891,8.656527222061783e-05,0.0,0.0,0.5,10.0,5000,per_query,3570704482,0.45747543259604784,0.006086519119896782,4356.721998945288,1.0030809328810733,3.981979377051459,0.5786,instanton_2008-08-28_T60_delta0.20_tau60_am50.npz
2008-08-28,60,0.3,0.35667494393873245,60,50.0,2.140038319836115,0.35667494393873245,0.35664745440912604,2.7489529606405938e-05,0.0,0.0,0.5,10.0,5000,per_query,3884584366,0.030814868938398264,0.0010477444688751687,1839.933410048319,0.9840029891371858,15.148188254969817,0.1918,instanton_2008-08-28_T60_delta0.30_tau60_am50.npz
2008-08-29,20,0.2,0.2231435513142097,20,50.0,0.3746434921961576,0.2231435513142097,0.22312413156060895,1.9419753600757872e-05,0.0,0.0,0.5,10.0,5000,per_query,3334284565,0.3376158995866264,0.005343363389991314,4148.644159170548,1.0004660879252103,4.498511776770468,0.487,instanton_2008-08-29_T20_delta0.20_tau20_am50.npz
2008-08-29,20,0.3,0.35667494393873245,20,50.0,4.95161521563528,0.35667494393873245,0.3566700347533738,4.909185358670243e-06,0.0,0.0,0.5,10.0,5000,per_query,181862121,0.0010712127359866392,6.851568864895563e-05,390.9037403529575,1.0305198611101851,160.54654792391835,0.0648,instanton_2008-08-29_T20_delta0.30_tau20_am50.npz
2008-08-29,60,0.2,0.2231435513142097,60,50.0,0.1916194896374794,0.2231435513142097,0.22308364308206752,5.9908232142191764e-05,0.0,0.0,0.5,10.0,5000,per_query,51607924,0.5484019777485201,0.006217154585094029,4551.672233534874,0.9953691963977112,3.665856050812247,0.6474,instanton_2008-08-29_T60_delta0.20_tau60_am50.npz
2008-08-29,60,0.3,0.35667494393873245,60,50.0,1.892358042399963,0.35667494393873245,0.35665813336909036,1.681056964208949e-05,0.0,0.0,0.5,10.0,5000,per_query,62285288,0.04181833315693263,0.0013309627894927602,1937.3482109502104,0.9939184173510265,18.98517608410222,0.2092,instanton_2008-08-29_T60_delta0.30_tau60_am50.npz
2008-09-02,20,0.2,0.2231435513142097,20,50.0,0.28956863306715963,0.2231435513142097,0.2231276119368779,1.593937733179729e-05,0.0,0.0,0.5,10.0,5000,per_query,1547577816,0.39670975834715666,0.00577322775305362,4320.875015260976,1.004790717477152,3.6870402980450026,0.527,instanton_2008-09-02_T20_delta0.20_tau20_am50.npz
2008-09-02,20,0.3,0.35667494393873245,20,50.0,4.688517110761722,0.35667494393873245,0.35667120607365366,3.737865078790037e-06,0.0,0.0,0.5,10.0,5000,per_query,2273794643,0.0014556215078456508,8.518939151964877e-05,749.3458958268769,0.9288318868685878,59.45724223012151,0.0718,instanton_2008-09-02_T20_delta0.30_tau20_am50.npz
2008-09-02,60,0.2,0.2231435513142097,60,50.0,0.15606593165423274,0.2231435513142097,0.22309458462138032,4.896669282938859e-05,0.0,0.0,0.5,10.0,5000,per_query,4223495170,0.5999673633961865,0.006295781381818278,4622.040160486824,0.9999056256214127,2.7466763809117043,0.6818,instanton_2008-09-02_T60_delta0.20_tau60_am50.npz
2008-09-02,60,0.3,0.35667494393873245,60,50.0,1.7978286482169694,0.35667494393873245,0.35666219549537637,1.274844335608094e-05,0.0,0.0,0.5,10.0,5000,per_query,4216107406,0.04809036542113686,0.0014685378148586272,2006.2677437433308,1.0053388620221575,21.46373404967989,0.2232,instanton_2008-09-02_T60_delta0.30_tau60_am50.npz
2008-09-03,20,0.2,0.2231435513142097,20,50.0,0.33866717181838685,0.2231435513142097,0.22312798516763266,1.5566146577050688e-05,0.0,0.0,0.5,10.0,5000,per_query,3033379774,0.3741785075393413,0.005620588889620143,4203.971844176591,0.9976259695756328,4.386390192830121,0.5168,instanton_2008-09-03_T20_delta0.20_tau20_am50.npz
2008-09-03,20,0.3,0.35667494393873245,20,50.0,5.5878114160899655,0.35667494393873245,0.35667124306436016,3.700874372292162e-06,0.0,0.0,0.5,10.0,5000,per_query,3277193852,0.0005671336769678766,4.2607360215417153e-05,475.053089192192,1.006110986628973,82.42280724727128,0.0532,instanton_2008-09-03_T20_delta0.30_tau20_am50.npz
2008-09-03,60,0.2,0.2231435513142097,60,50.0,0.18165479150890332,0.2231435513142097,0.223095498949065,4.8052365144712894e-05,0.0,0.0,0.5,10.0,5000,per_query,2389367616,0.5548893098675659,0.006282567674313728,4564.7371142677175,0.9961065037506712,2.9636652037126594,0.6492,instanton_2008-09-03_T60_delta0.20_tau60_am50.npz
2008-09-03,60,0.3,0.35667494393873245,60,50.0,2.116158433844254,0.35667494393873245,0.3566622154925492,1.27284461832744e-05,0.0,0.0,0.5,10.0,5000,per_query,1422975111,0.032150432365886675,0.001084938997110921,1820.4332816306269,1.0183540165486518,20.737066827017248,0.193,instanton_2008-09-03_T60_delta0.30_tau60_am50.npz
2008-09-04,20,0.2,0.2231435513142097,20,50.0,0.01980083060046301,0.2231435513142097,0.22313695638967257,6.594924537139946e-06,0.0,0.0,0.5,10.0,5000,per_query,331043923,0.8020986742228587,0.0053942810594106,4951.316255493402,0.9989431244433766,1.3837352501458886,0.8222,instanton_2008-09-04_T20_delta0.20_tau20_am50.npz
2008-09-04,20,0.3,0.35667494393873245,20,50.0,3.052727093833783,0.35667494393873245,0.3566739872804616,9.566582708231408e-07,0.0,0.0,0.5,10.0,5000,per_query,3109696139,0.010266449638734283,0.0004370586849393596,1248.4331473080874,1.0014439774960793,40.85735430187204,0.131,instanton_2008-09-04_T20_delta0.30_tau20_am50.npz
2008-09-04,60,0.2,0.2231435513142097,21,50.0,0.019792172159598206,0.2231435513142097,0.22313662474093565,6.926573274057546e-06,0.0,0.0,0.5,10.0,5000,per_query,3185303160,0.8606034869819592,0.004727365452580411,4950.870070289573,1.0006838893818186,1.4169866697195566,0.876,instanton_2008-09-04_T60_delta0.20_tau21_am50.npz
2008-09-04,60,0.3,0.35667494393873245,60,50.0,1.2055806155352438,0.35667494393873245,0.35667176625770214,3.1776810303085767e-06,0.0,0.0,0.5,10.0,5000,per_query,2841152784,0.1092440114579063,0.0026835599451589718,2719.432528293385,0.9840140965835062,14.540380133216049,0.3106,instanton_2008-09-04_T60_delta0.30_tau60_am50.npz
2008-09-05,20,0.2,0.2231435513142097,20,50.0,0.03388425202970316,0.2231435513142097,0.2231364115809562,7.139733253502811e-06,0.0,0.0,0.5,10.0,5000,per_query,637702820,0.7470547187505912,0.005818892340239833,4916.934041597684,0.9993568511170863,1.7812146026145723,0.7774,instanton_2008-09-05_T20_delta0.20_tau20_am50.npz
2008-09-05,20,0.3,0.35667494393873245,20,50.0,3.3553702912083607,0.35667494393873245,0.3566738451996265,1.0987391059202878e-06,0.0,0.0,0.5,10.0,5000,per_query,3243022034,0.007033861476044927,0.000318545312366861,997.7372449145469,0.977360730022705,56.57064539000589,0.1172,instanton_2008-09-05_T20_delta0.30_tau20_am50.npz
2008-09-05,60,0.2,0.2231435513142097,32,50.0,0.032126725985937354,0.2231435513142097,0.22313209184233962,1.1459471870089999e-05,0.0,0.0,0.5,10.0,5000,per_query,2919736038,0.8325384248749848,0.005030905555641208,4919.220732429682,0.9984381563600018,1.6151430859388618,0.8568,instanton_2008-09-05_T60_delta0.20_tau32_am50.npz
2008-09-05,60,0.3,0.35667494393873245,60,50.0,1.316359930364413,0.35667494393873245,0.35667127542294974,3.6685157827065495e-06,0.0,0.0,0.5,10.0,5000,per_query,3392089008,0.09240651667554761,0.0024485910516003125,2590.733890188674,1.0035582095294986,16.36425098977734,0.2768,instanton_2008-09-05_T60_delta0.30_tau60_am50.npz
2008-09-08,20,0.2,0.2231435513142097,20,50.0,0.19007702858572495,0.2231435513142097,0.22313099117515645,1.2560139053263697e-05,0.0,0.0,0.5,10.0,5000,per_query,1531683254,0.48501297318501563,0.006111093179980441,4564.491300936462,0.9933309360840139,2.664329844270211,0.5904,instanton_2008-09-08_T20_delta0.20_tau20_am50.npz
2008-09-08,20,0.3,0.35667494393873245,20,50.0,4.2224170617482875,0.35667494393873245,0.3566722979346828,2.646004049644546e-06,0.0,0.0,0.5,10.0,5000,per_query,4228126458,0.002767349595747565,0.00015193632602646893,816.5711720015998,0.9454793191511599,58.35005333016613,0.0882,instanton_2008-09-08_T20_delta0.30_tau20_am50.npz
2008-09-08,60,0.2,0.2231435513142097,60,50.0,0.1122573857063255,0.2231435513142097,0.22310522766435614,3.832364985356662e-05,0.0,0.0,0.5,10.0,5000,per_query,1268113250,0.6458021194753327,0.006244695287249262,4733.5984312637,1.0016857010527018,2.229800549729023,0.7102,instanton_2008-09-08_T60_delta0.20_tau60_am50.npz
2008-09-08,60,0.3,0.35667494393873245,60,50.0,1.63018353128419,0.35667494393873245,0.3566659797585068,8.964180225667917e-06,0.0,0.0,0.5,10.0,5000,per_query,3097666991,0.06319886988824855,0.0017922083196797861,2295.3947550868556,0.9996357832766893,16.14428454141519,0.2492,instanton_2008-09-08_T60_delta0.30_tau60_am50.npz
2008-09-09,20,0.2,0.2231435513142097,0,,,0.2237360019089473,0.2237360019089473,,0.0,0.0,0.5,10.0,5000,per_query,3710563743,1.0,0.0,5000.0,1.0,1.0,1.0,
2008-09-09,20,0.3,0.35667494393873245,20,50.0,2.3950606387586477,0.35667494393873245,0.35667422807883664,7.158598958056928e-07,0.0,0.0,0.5,10.0,5000,per_query,3298097955,0.023227737705164866,0.0008566958388577865,1412.8516541003107,1.0189034647652138,47.81785122048247,0.1726,instanton_2008-09-09_T20_delta0.30_tau20_am50.npz
2008-09-09,60,0.2,0.2231435513142097,0,,,0.2237360019089473,0.2237360019089473,,0.0,0.0,0.5,10.0,5000,per_query,2945650259,1.0,0.0,5000.0,1.0,1.0,1.0,
2008-09-09,60,0.3,0.35667494393873245,60,50.0,0.9615998804165999,0.35667494393873245,0.35667259284106834,2.3510976641105685e-06,0.0,0.0,0.5,10.0,5000,per_query,682675728,0.14590783892877088,0.0033265610438146247,3193.961971431846,1.0006013616107077,8.637127528967385,0.3342,instanton_2008-09-09_T60_delta0.30_tau60_am50.npz
2008-09-10,20,0.2,0.2231435513142097,12,50.0,0.009936102887229294,0.2231435513142097,0.22313984036260326,3.7109516064504078e-06,0.0,0.0,0.5,10.0,5000,per_query,2936256189,0.8285995670373061,0.005146968393775315,4975.334400031784,1.0005116767210416,1.278235112626372,0.8416,instanton_2008-09-10_T20_delta0.20_tau12_am50.npz
2008-09-10,20,0.3,0.35667494393873245,20,50.0,2.585950545023201,0.35667494393873245,0.35667409454157717,8.493971552780977e-07,0.0,0.0,0.5,10.0,5000,per_query,1977980918,0.01646599299520127,0.0006655371152545143,1542.084565188304,0.9966730229570192,22.34274393022018,0.148,instanton_2008-09-10_T20_delta0.30_tau20_am50.npz
2008-09-10,60,0.2,0.2231435513142097,12,50.0,0.009936102887229294,0.2231435513142097,0.22313984036260326,3.7109516064504078e-06,0.0,0.0,0.5,10.0,5000,per_query,1509355154,0.8918117455424567,0.004279757759610909,4975.327873054074,1.000463468302674,1.2632001296717386,0.9006,instanton_2008-09-10_T60_delta0.20_tau12_am50.npz
2008-09-10,60,0.3,0.35667494393873245,60,50.0,1.0324949673177486,0.35667494393873245,0.3566721443417977,2.7995969347216487e-06,0.0,0.0,0.5,10.0,5000,per_query,980174998,0.13979170258137724,0.003191548370592734,2971.6457522597084,1.0058476640711391,8.726411108442456,0.3372,instanton_2008-09-10_T60_delta0.30_tau60_am50.npz
2008-09-11,20,0.2,0.2231435513142097,20,50.0,0.068432246046271,0.2231435513142097,0.22313456862365566,8.9826905540491e-06,0.0,0.0,0.5,10.0,5000,per_query,1006364004,0.6582072616890522,0.006224796532755331,4834.549212330022,1.0033700856012961,1.9740684510423432,0.7076,instanton_2008-09-11_T20_delta0.20_tau20_am50.npz
2008-09-11,20,0.3,0.35667494393873245,20,50.0,3.006837784772053,0.35667494393873245,0.3566733861038536,1.5578348788736207e-06,0.0,0.0,0.5,10.0,5000,per_query,674701064,0.009522911402268578,0.00040388588047892554,961.3292411552447,1.0056655026196613,84.38582571434512,0.1284,instanton_2008-09-11_T20_delta0.30_tau20_am50.npz
2008-09-11,60,0.2,0.2231435513142097,58,50.0,0.05141542685027603,0.2231435513142097,0.22311737610472804,2.6175209481671402e-05,0.0,0.0,0.5,10.0,5000,per_query,1956035787,0.7785284140973907,0.005653697288900868,4876.353603564589,1.0023406575170146,1.7431526509187458,0.8082,instanton_2008-09-11_T60_delta0.20_tau58_am50.npz
2008-09-11,60,0.3,0.35667494393873245,60,50.0,1.1869741500176836,0.35667494393873245,0.35666976311342236,5.1808253100915636e-06,0.0,0.0,0.5,10.0,5000,per_query,4156325837,0.10753824146876274,0.0026984051240675332,2793.406372116211,1.0143005705393844,10.481871554524476,0.295,instanton_2008-09-11_T60_delta0.30_tau60_am50.npz
2008-09-12,20,0.2,0.2231435513142097,20,50.0,0.09882334349714428,0.2231435513142097,0.22313334598355983,1.0205330649881716e-05,0.0,0.0,0.5,10.0,5000,per_query,610250253,0.5980900599717335,0.006292868556017191,4757.823860864092,1.0006440664747982,2.226150817086719,0.6658,instanton_2008-09-12_T20_delta0.20_tau20_am50.npz
2008-09-12,20,0.3,0.35667494393873245,20,50.0,3.20518009619186,0.35667494393873245,0.35667304517124254,1.8987674899051399e-06,0.0,0.0,0.5,10.0,5000,per_query,1861588814,0.008492704600039489,0.000388676174439496,961.8939670035819,1.0061793198500326,65.72694408257644,0.121,instanton_2008-09-12_T20_delta0.30_tau20_am50.npz
2008-09-12,60,0.2,0.2231435513142097,60,50.0,0.06654927105028048,0.2231435513142097,0.22311269681182822,3.085450238149434e-05,0.0,0.0,0.5,10.0,5000,per_query,432795123,0.7443598206906394,0.00581129928260162,4836.924565591522,0.9963006697012036,1.8748775168675986,0.7874,instanton_2008-09-12_T60_delta0.20_tau60_am50.npz
2008-09-12,60,0.3,0.35667494393873245,60,50.0,1.2598050587875342,0.35667494393873245,0.3566686006841877,6.343254544738386e-06,0.0,0.0,0.5,10.0,5000,per_query,3111309378,0.09878913802531299,0.0024594333207928316,2586.6960187398313,0.9793211842178747,13.809688820923373,0.2998,instanton_2008-09-12_T60_delta0.30_tau60_am50.npz
2008-09-15,20,0.2,0.2231435513142097,0,,,0.2494657812943028,0.2494657812943028,,0.0,0.0,0.5,10.0,5000,per_query,1203263178,1.0,0.0,5000.0,1.0,1.0,1.0,
2008-09-15,20,0.3,0.35667494393873245,20,50.0,1.034186698885685,0.35667494393873245,0.3566746992204255,2.44718306952052e-07,0.0,0.0,0.5,10.0,5000,per_query,4092291962,0.12060134247801306,0.0028667748693041325,3011.2261438692626,0.9982221883669808,10.750706145255004,0.3088,instanton_2008-09-15_T20_delta0.30_tau20_am50.npz
2008-09-15,60,0.2,0.2231435513142097,0,,,0.2494657812943028,0.2494657812943028,,0.0,0.0,0.5,10.0,5000,per_query,823308947,1.0,0.0,5000.0,1.0,1.0,1.0,
2008-09-15,60,0.3,0.35667494393873245,60,50.0,0.43931572466972335,0.35667494393873245,0.3566741699883105,7.739504219728133e-07,0.0,0.0,0.5,10.0,5000,per_query,3805675794,0.3342529194838381,0.0053966873164230985,4020.6601748958083,1.0037582234871614,4.775545767030412,0.4902,instanton_2008-09-15_T60_delta0.30_tau60_am50.npz
2008-09-16,20,0.2,0.2231435513142097,0,,,0.2328667778890283,0.2328667778890283,,0.0,0.0,0.5,10.0,5000,per_query,751304048,1.0,0.0,5000.0,1.0,1.0,1.0,
2008-09-16,20,0.3,0.35667494393873245,20,50.0,1.340864512833972,0.35667494393873245,0.3566744662651278,4.776736046707697e-07,0.0,0.0,0.5,10.0,5000,per_query,3190118920,0.08054296254497847,0.0021614603043342328,2647.4974744797755,0.9898189158996015,12.856669171060688,0.2694,instanton_2008-09-16_T20_delta0.30_tau20_am50.npz
2008-09-16,60,0.2,0.2231435513142097,0,,,0.2328667778890283,0.2328667778890283,,0.0,0.0,0.5,10.0,5000,per_query,213285550,1.0,0.0,5000.0,1.0,1.0,1.0,
2008-09-16,60,0.3,0.35667494393873245,60,50.0,0.5566715920590802,0.35667494393873245,0.35667341316295076,1.530775781688476e-06,0.0,0.0,0.5,10.0,5000,per_query,1371802804,0.274368709013802,0.004800174730855585,3778.222428490324,1.0028754070345793,4.850523111534633,0.4472,instanton_2008-09-16_T60_delta0.30_tau60_am50.npz
2008-09-17,20,0.2,0.2231435513142097,0,,,0.278872063235088,0.278872063235088,,0.0,0.0,0.5,10.0,5000,per_query,4053815899,1.0,0.0,5000.0,1.0,1.0,1.0,
2008-09-17,20,0.3,0.35667494393873245,20,50.0,0.4294213817925673,0.35667494393873245,0.35667486509250157,7.884623087761611e-08,0.0,0.0,0.5,10.0,5000,per_query,2812310726,0.30053261547058135,0.00508035407087151,4066.7205877422693,1.0039875993292997,3.9166511235041748,0.457,instanton_2008-09-17_T20_delta0.30_tau20_am50.npz
2008-09-17,60,0.2,0.2231435513142097,0,,,0.278872063235088,0.278872063235088,,0.0,0.0,0.5,10.0,5000,per_query,1708278186,1.0,0.0,5000.0,1.0,1.0,1.0,
2008-09-17,60,0.3,0.35667494393873245,60,50.0,0.19618051927245814,0.35667494393873245,0.3566747017153693,2.422233631449444e-07,0.0,0.0,0.5,10.0,5000,per_query,2469824256,0.5109615073531524,0.006170743421632991,4519.1243729486705,1.0037248145472444,2.8002432203077223,0.615,instanton_2008-09-17_T60_delta0.30_tau60_am50.npz
2008-09-18,20,0.2,0.2231435513142097,0,,,0.2496323517616385,0.2496323517616385,,0.0,0.0,0.5,10.0,5000,per_query,1900656232,1.0,0.0,5000.0,1.0,1.0,1.0,
2008-09-18,20,0.3,0.35667494393873245,20,50.0,0.7127119325994874,0.35667494393873245,0.35667470314244465,2.4079628779816176e-07,0.0,0.0,0.5,10.0,5000,per_query,1917929418,0.1954275883755881,0.0039241700311180815,3575.8456689999666,0.9799879665516441,6.785815688218377,0.381,instanton_2008-09-18_T20_delta0.30_tau20_am50.npz
2008-09-18,60,0.2,0.2231435513142097,0,,,0.2496323517616385,0.2496323517616385,,0.0,0.0,0.5,10.0,5000,per_query,45231512,1.0,0.0,5000.0,1.0,1.0,1.0,
2008-09-18,60,0.3,0.35667494393873245,60,50.0,0.3067108024780789,0.35667494393873245,0.35667419110320875,7.528355236985362e-07,0.0,0.0,0.5,10.0,5000,per_query,3643065257,0.417584085454839,0.005924468885539408,4279.390884219822,1.0093831500514197,4.156310174836844,0.5464,instanton_2008-09-18_T60_delta0.30_tau60_am50.npz
2008-09-19,20,0.2,0.2231435513142097,20,50.0,0.01573078304667219,0.2231435513142097,0.2231357900145845,7.761299625208551e-06,0.0,0.0,0.5,10.0,5000,per_query,1244039532,0.7865124707466725,0.005549749938946756,4960.6676839513,0.998996089037373,1.4057943245456552,0.8058,instanton_2008-09-19_T20_delta0.20_tau20_am50.npz
2008-09-19,20,0.3,0.35667494393873245,20,50.0,1.1091141304364938,0.35667494393873245,0.3566737673855398,1.1765531926499762e-06,0.0,0.0,0.5,10.0,5000,per_query,4250057641,0.10870947816239108,0.002635053518876132,2906.93024372943,0.9909092759155388,11.07297246788508,0.2988,instanton_2008-09-19_T20_delta0.30_tau20_am50.npz
2008-09-19,60,0.2,0.2231435513142097,39,50.0,0.013962254437527355,0.2231435513142097,0.22312841411521234,1.5137198997372536e-05,0.0,0.0,0.5,10.0,5000,per_query,2804918296,0.8674938811905213,0.004596624244475798,4964.9363941871125,0.9972490196986459,1.338159433272709,0.8822,instanton_2008-09-19_T60_delta0.20_tau39_am50.npz
2008-09-19,60,0.3,0.35667494393873245,60,50.0,0.45704923488448906,0.35667494393873245,0.3566711633761299,3.780562602528903e-06,0.0,0.0,0.5,10.0,5000,per_query,242675924,0.3202509474453246,0.005164960612193195,3975.9214806034515,1.0016874731493703,4.53597239957929,0.4832,instanton_2008-09-19_T60_delta0.30_tau60_am50.npz
2008-09-22,20,0.2,0.2231435513142097,0,,,0.2335864046545541,0.2335864046545541,,0.0,0.0,0.5,10.0,5000,per_query,1510250657,1.0,0.0,5000.0,1.0,1.0,1.0,
2008-09-22,20,0.3,0.35667494393873245,20,50.0,0.7774691073293625,0.35667494393873245,0.3566744871698564,4.567688760559463e-07,0.0,0.0,0.5,10.0,5000,per_query,3032646962,0.17432590664127223,0.0036513974661218965,3409.656485718244,1.0002268959907488,9.424635981395555,0.3586,instanton_2008-09-22_T20_delta0.30_tau20_am50.npz
2008-09-22,60,0.2,0.2231435513142097,0,,,0.2335864046545541,0.2335864046545541,,0.0,0.0,0.5,10.0,5000,per_query,2926555657,1.0,0.0,5000.0,1.0,1.0,1.0,
2008-09-22,60,0.3,0.35667494393873245,60,50.0,0.32853403883239235,0.35667494393873245,0.35667350175600276,1.4421827296828837e-06,0.0,0.0,0.5,10.0,5000,per_query,2006061428,0.39682911370560675,0.005756940126163478,4260.726997772585,0.996488123792578,3.4161764978918034,0.5352,instanton_2008-09-22_T60_delta0.30_tau60_am50.npz
2008-09-23,20,0.2,0.2231435513142097,0,,,0.2566008404405719,0.2566008404405719,,0.0,0.0,0.5,10.0,5000,per_query,788570549,1.0,0.0,5000.0,1.0,1.0,1.0,
2008-09-23,20,0.3,0.35667494393873245,20,50.0,0.5195591782872607,0.35667494393873245,0.35667476131560605,1.8262312639905076e-07,0.0,0.0,0.5,10.0,5000,per_query,3072313993,0.25851381745584123,0.0046557865627339205,3859.3568376554285,0.9969588874245041,4.5391111853378465,0.4286,instanton_2008-09-23_T20_delta0.30_tau20_am50.npz
2008-09-23,60,0.2,0.2231435513142097,0,,,0.2566008404405719,0.2566008404405719,,0.0,0.0,0.5,10.0,5000,per_query,2527761227,1.0,0.0,5000.0,1.0,1.0,1.0,
2008-09-23,60,0.3,0.35667494393873245,60,50.0,0.22733018593330706,0.35667494393873245,0.35667437713255357,5.668061788810519e-07,0.0,0.0,0.5,10.0,5000,per_query,2265186737,0.46951728675302823,0.0061233051971761815,4453.351515483945,1.0099855113676157,3.118890721422641,0.58,instanton_2008-09-23_T60_delta0.30_tau60_am50.npz
2008-09-24,20,0.2,0.2231435513142097,0,,,0.2534004173814788,0.2534004173814788,,0.0,0.0,0.5,10.0,5000,per_query,683633206,1.0,0.0,5000.0,1.0,1.0,1.0,
2008-09-24,20,0.3,0.35667494393873245,20,50.0,0.5513693659441102,0.35667494393873245,0.3566747367694223,2.0716931015130058e-07,0.0,0.0,0.5,10.0,5000,per_query,925000710,0.24910447361962407,0.0044903197424260265,3820.910153194832,0.9901804238162054,5.275987367728402,0.4266,instanton_2008-09-24_T20_delta0.30_tau20_am50.npz
2008-09-24,60,0.2,0.2231435513142097,0,,,0.2534004173814788,0.2534004173814788,,0.0,0.0,0.5,10.0,5000,per_query,3514950872,1.0,0.0,5000.0,1.0,1.0,1.0,
2008-09-24,60,0.3,0.35667494393873245,60,50.0,0.23989177141482274,0.35667494393873245,0.3566743003560964,6.435826360728925e-07,0.0,0.0,0.5,10.0,5000,per_query,2773616679,0.47451513573127413,0.006073722604873106,4428.656919730584,0.9968015180542567,3.3074352735239416,0.593,instanton_2008-09-24_T60_delta0.30_tau60_am50.npz
2008-09-25,20,0.2,0.2231435513142097,0,,,0.2378819898724451,0.2378819898724451,,0.0,0.0,0.5,10.0,5000,per_query,721871512,1.0,0.0,5000.0,1.0,1.0,1.0,
2008-09-25,20,0.3,0.35667494393873245,20,50.0,0.7101370595933284,0.35667494393873245,0.35667456024125777,3.8369747468181004e-07,0.0,0.0,0.5,10.0,5000,per_query,4281069837,0.19145239269891504,0.003851400229117276,3449.0436517099756,1.0055043660964846,9.46346502048556,0.3754,instanton_2008-09-25_T20_delta0.30_tau20_am50.npz
2008-09-25,60,0.2,0.2231435513142097,0,,,0.2378819898724451,0.2378819898724451,,0.0,0.0,0.5,10.0,5000,per_query,2429983711,1.0,0.0,5000.0,1.0,1.0,1.0,
2008-09-25,60,0.3,0.35667494393873245,60,50.0,0.3019026453318618,0.35667494393873245,0.3566737359224694,1.2080162630212499e-06,0.0,0.0,0.5,10.0,5000,per_query,1364919493,0.41965945970134105,0.005825370342656862,4295.945200750463,0.9941684596171136,3.514344274154633,0.5562,instanton_2008-09-25_T60_delta0.30_tau60_am50.npz
2008-09-26,20,0.2,0.2231435513142097,0,,,0.2373855061588097,0.2373855061588097,,0.0,0.0,0.5,10.0,5000,per_query,3086641301,1.0,0.0,5000.0,1.0,1.0,1.0,
2008-09-26,20,0.3,0.35667494393873245,20,50.0,0.7250005211193292,0.35667494393873245,0.35667455240612433,3.915326081127546e-07,0.0,0.0,0.5,10.0,5000,per_query,2011853043,0.1820607892795365,0.0037791953661371453,3450.896832477802,1.0018974133441694,6.944105856268488,0.3632,instanton_2008-09-26_T20_delta0.30_tau20_am50.npz
2008-09-26,60,0.2,0.2231435513142097,0,,,0.2373855061588097,0.2373855061588097,,0.0,0.0,0.5,10.0,5000,per_query,2173135321,1.0,0.0,5000.0,1.0,1.0,1.0,
2008-09-26,60,0.3,0.35667494393873245,60,50.0,0.307931162669069,0.35667494393873245,0.35667371033837814,1.2336003543111929e-06,0.0,0.0,0.5,10.0,5000,per_query,1470217239,0.4158483676994645,0.005856157365081729,4306.39132523408,1.002561106577108,3.3928396957653884,0.5468,instanton_2008-09-26_T60_delta0.30_tau60_am50.npz
2008-09-29,20,0.2,0.2231435513142097,0,,,0.3189877341498013,0.3189877341498013,,0.0,0.0,0.5,10.0,5000,per_query,1131620429,1.0,0.0,5000.0,1.0,1.0,1.0,
2008-09-29,20,0.3,0.35667494393873245,20,50.0,0.05509499291242474,0.35667494393873245,0.3566749238861897,2.00525427374032e-08,0.0,0.0,0.5,10.0,5000,per_query,3130167102,0.6537295855734474,0.006224779069894108,4864.495431263693,0.9996802841767716,2.098862393125361,0.7016,instanton_2008-09-29_T20_delta0.30_tau20_am50.npz
2008-09-29,60,0.2,0.2231435513142097,0,,,0.3189877341498013,0.3189877341498013,,0.0,0.0,0.5,10.0,5000,per_query,4260198119,1.0,0.0,5000.0,1.0,1.0,1.0,
2008-09-29,60,0.3,0.35667494393873245,60,50.0,0.031448536465632684,0.35667494393873245,0.3566748840557947,5.988293771963527e-08,0.0,0.0,0.5,10.0,5000,per_query,2524241088,0.7981064102131256,0.005446298175558286,4922.969234338933,0.9999867584787459,1.6243699275488692,0.8218,instanton_2008-09-29_T60_delta0.30_tau60_am50.npz
2008-09-30,20,0.2,0.2231435513142097,0,,,0.2784313103264848,0.2784313103264848,,0.0,0.0,0.5,10.0,5000,per_query,2122370526,1.0,0.0,5000.0,1.0,1.0,1.0,
2008-09-30,20,0.3,0.35667494393873245,20,50.0,0.1896700266147988,0.35667494393873245,0.3566748644336135,7.950511893284329e-08,0.0,0.0,0.5,10.0,5000,per_query,2475766591,0.47165522702581947,0.00604811420804643,4543.760821567911,0.9951304154720249,2.6604972592484435,0.5798,instanton_2008-09-30_T20_delta0.30_tau20_am50.npz
2008-09-30,60,0.2,0.2231435513142097,0,,,0.2784313103264848,0.2784313103264848,,0.0,0.0,0.5,10.0,5000,per_query,1113262718,1.0,0.0,5000.0,1.0,1.0,1.0,
2008-09-30,60,0.3,0.35667494393873245,60,50.0,0.0879635547148946,0.35667494393873245,0.35667470204615626,2.4189257619156024e-07,0.0,0.0,0.5,10.0,5000,per_query,229821487,0.6544574292695121,0.006189492881915431,4776.696819513755,1.0015235181875632,2.2347261701185395,0.7136,instanton_2008-09-30_T60_delta0.30_tau60_am50.npz
2008-10-01,20,0.2,0.2231435513142097,0,,,0.2778286083102967,0.2778286083102967,,0.0,0.0,0.5,10.0,5000,per_query,1329613280,1.0,0.0,5000.0,1.0,1.0,1.0,
2008-10-01,20,0.3,0.35667494393873245,20,50.0,0.1924107182341221,0.35667494393873245,0.35667486265364,8.128509243476856e-08,0.0,0.0,0.5,10.0,5000,per_query,3399971012,0.4657811069928293,0.006085037790140818,4542.949737975208,0.9994988030408269,3.0462156791559645,0.5712,instanton_2008-10-01_T20_delta0.30_tau20_am50.npz
2008-10-01,60,0.2,0.2231435513142097,0,,,0.2778286083102967,0.2778286083102967,,0.0,0.0,0.5,10.0,5000,per_query,4130671954,1.0,0.0,5000.0,1.0,1.0,1.0,
2008-10-01,60,0.3,0.35667494393873245,60,50.0,0.08908446149645732,0.35667494393873245,0.35667469686918096,2.4706955148445786e-07,0.0,0.0,0.5,10.0,5000,per_query,3903656956,0.6503747816145822,0.006260757484512195,4781.144078357208,1.005961875624399,2.033913699388945,0.7062,instanton_2008-10-01_T60_delta0.30_tau60_am50.npz
2008-10-02,20,0.2,0.2231435513142097,0,,,0.3147771917215616,0.3147771917215616,,0.0,0.0,0.5,10.0,5000,per_query,4121777739,1.0,0.0,5000.0,1.0,1.0,1.0,
2008-10-02,20,0.3,0.35667494393873245,20,50.0,0.05952035582790988,0.35667494393873245,0.35667492110813903,2.283059341579019e-08,0.0,0.0,0.5,10.0,5000,per_query,4155595868,0.6671873600413079,0.006155628929607688,4859.359462665686,0.9980024004147304,1.7715415059212862,0.716,instanton_2008-10-02_T20_delta0.30_tau20_am50.npz
2008-10-02,60,0.2,0.2231435513142097,0,,,0.3147771917215616,0.3147771917215616,,0.0,0.0,0.5,10.0,5000,per_query,3469194817,1.0,0.0,5000.0,1.0,1.0,1.0,
2008-10-02,60,0.3,0.35667494393873245,60,50.0,0.03279582070096563,0.35667494393873245,0.35667487558257527,6.83561571790392e-08,0.0,0.0,0.5,10.0,5000,per_query,2641005865,0.7833685586031164,0.005593089522595244,4917.740536720636,1.0021724253236501,1.5769828313155585,0.808,instanton_2008-10-02_T60_delta0.30_tau60_am50.npz
2008-10-03,20,0.2,0.2231435513142097,0,,,0.3283693029905636,0.3283693029905636,,0.0,0.0,0.5,10.0,5000,per_query,2443608325,1.0,0.0,5000.0,1.0,1.0,1.0,
2008-10-03,20,0.3,0.35667494393873245,20,50.0,0.03004733501967706,0.35667494393873245,0.35667492882441554,1.511431690914833e-08,0.0,0.0,0.5,10.0,5000,per_query,237453386,0.7279119341982094,0.005953696354169646,4926.849273591859,0.9991647046804097,1.5799648540525948,0.758,instanton_2008-10-03_T20_delta0.30_tau20_am50.npz
2008-10-03,60,0.2,0.2231435513142097,0,,,0.3283693029905636,0.3283693029905636,,0.0,0.0,0.5,10.0,5000,per_query,2039864942,1.0,0.0,5000.0,1.0,1.0,1.0,
2008-10-03,60,0.3,0.35667494393873245,60,50.0,0.019179424099908846,0.35667494393873245,0.35667489890536075,4.503337169836641e-08,0.0,0.0,0.5,10.0,5000,per_query,2322370115,0.82523233542963,0.005173968608131913,4952.259485062114,0.9998673922367393,1.368034038175498,0.8426,instanton_2008-10-03_T60_delta0.30_tau60_am50.npz
2008-10-06,20,0.2,0.2231435513142097,0,,,0.3806455847887031,0.3806455847887031,,0.0,0.0,0.5,10.0,5000,per_query,2986614763,1.0,0.0,5000.0,1.0,1.0,1.0,
2008-10-06,20,0.3,0.35667494393873245,0,,,0.3806455847887031,0.3806455847887031,,0.0,0.0,0.5,10.0,5000,per_query,1245270719,1.0,0.0,5000.0,1.0,1.0,1.0,
2008-10-06,60,0.2,0.2231435513142097,0,,,0.3806455847887031,0.3806455847887031,,0.0,0.0,0.5,10.0,5000,per_query,3933993196,1.0,0.0,5000.0,1.0,1.0,1.0,
2008-10-06,60,0.3,0.35667494393873245,0,,,0.3806455847887031,0.3806455847887031,,0.0,0.0,0.5,10.0,5000,per_query,402224864,1.0,0.0,5000.0,1.0,1.0,1.0,
2008-10-07,20,0.2,0.2231435513142097,0,,,0.4264655985462777,0.4264655985462777,,0.0,0.0,0.5,10.0,5000,per_query,4224720802,1.0,0.0,5000.0,1.0,1.0,1.0,
2008-10-07,20,0.3,0.35667494393873245,0,,,0.4264655985462777,0.4264655985462777,,0.0,0.0,0.5,10.0,5000,per_query,1879915929,1.0,0.0,5000.0,1.0,1.0,1.0,
2008-10-07,60,0.2,0.2231435513142097,0,,,0.4264655985462777,0.4264655985462777,,0.0,0.0,0.5,10.0,5000,per_query,2727186642,1.0,0.0,5000.0,1.0,1.0,1.0,
2008-10-07,60,0.3,0.35667494393873245,0,,,0.4264655985462777,0.4264655985462777,,0.0,0.0,0.5,10.0,5000,per_query,3281846467,1.0,0.0,5000.0,1.0,1.0,1.0,
2008-10-08,20,0.2,0.2231435513142097,0,,,0.4519806548590876,0.4519806548590876,,0.0,0.0,0.5,10.0,5000,per_query,1027409236,1.0,0.0,5000.0,1.0,1.0,1.0,
2008-10-08,20,0.3,0.35667494393873245,0,,,0.4519806548590876,0.4519806548590876,,0.0,0.0,0.5,10.0,5000,per_query,476956271,1.0,0.0,5000.0,1.0,1.0,1.0,
2008-10-08,60,0.2,0.2231435513142097,0,,,0.4519806548590876,0.4519806548590876,,0.0,0.0,0.5,10.0,5000,per_query,1036186340,1.0,0.0,5000.0,1.0,1.0,1.0,
2008-10-08,60,0.3,0.35667494393873245,0,,,0.4519806548590876,0.4519806548590876,,0.0,0.0,0.5,10.0,5000,per_query,4136943356,1.0,0.0,5000.0,1.0,1.0,1.0,
2008-10-09,20,0.2,0.2231435513142097,0,,,0.5243781133688232,0.5243781133688232,,0.0,0.0,0.5,10.0,5000,per_query,4067870525,1.0,0.0,5000.0,1.0,1.0,1.0,
2008-10-09,20,0.3,0.35667494393873245,0,,,0.5243781133688232,0.5243781133688232,,0.0,0.0,0.5,10.0,5000,per_query,855044151,1.0,0.0,5000.0,1.0,1.0,1.0,
2008-10-09,60,0.2,0.2231435513142097,0,,,0.5243781133688232,0.5243781133688232,,0.0,0.0,0.5,10.0,5000,per_query,4159058227,1.0,0.0,5000.0,1.0,1.0,1.0,
2008-10-09,60,0.3,0.35667494393873245,0,,,0.5243781133688232,0.5243781133688232,,0.0,0.0,0.5,10.0,5000,per_query,222193355,1.0,0.0,5000.0,1.0,1.0,1.0,
2008-10-10,20,0.2,0.2231435513142097,0,,,0.54893297087437,0.54893297087437,,0.0,0.0,0.5,10.0,5000,per_query,4195427763,1.0,0.0,5000.0,1.0,1.0,1.0,
2008-10-10,20,0.3,0.35667494393873245,0,,,0.54893297087437,0.54893297087437,,0.0,0.0,0.5,10.0,5000,per_query,2400278040,1.0,0.0,5000.0,1.0,1.0,1.0,
2008-10-10,60,0.2,0.2231435513142097,0,,,0.54893297087437,0.54893297087437,,0.0,0.0,0.5,10.0,5000,per_query,3971287075,1.0,0.0,5000.0,1.0,1.0,1.0,
2008-10-10,60,0.3,0.35667494393873245,0,,,0.54893297087437,0.54893297087437,,0.0,0.0,0.5,10.0,5000,per_query,2124152527,1.0,0.0,5000.0,1.0,1.0,1.0,
2008-10-13,20,0.2,0.2231435513142097,0,,,0.4133555666132551,0.4133555666132551,,0.0,0.0,0.5,10.0,5000,per_query,193895331,1.0,0.0,5000.0,1.0,1.0,1.0,
2008-10-13,20,0.3,0.35667494393873245,0,,,0.4133555666132551,0.4133555666132551,,0.0,0.0,0.5,10.0,5000,per_query,4087172370,1.0,0.0,5000.0,1.0,1.0,1.0,
2008-10-13,60,0.2,0.2231435513142097,0,,,0.4133555666132551,0.4133555666132551,,0.0,0.0,0.5,10.0,5000,per_query,2372699624,1.0,0.0,5000.0,1.0,1.0,1.0,
2008-10-13,60,0.3,0.35667494393873245,0,,,0.4133555666132551,0.4133555666132551,,0.0,0.0,0.5,10.0,5000,per_query,3889200526,1.0,0.0,5000.0,1.0,1.0,1.0,
2008-10-14,20,0.2,0.2231435513142097,0,,,0.4282668644529588,0.4282668644529588,,0.0,0.0,0.5,10.0,5000,per_query,1672619128,1.0,0.0,5000.0,1.0,1.0,1.0,
2008-10-14,20,0.3,0.35667494393873245,0,,,0.4282668644529588,0.4282668644529588,,0.0,0.0,0.5,10.0,5000,per_query,2732942182,1.0,0.0,5000.0,1.0,1.0,1.0,
2008-10-14,60,0.2,0.2231435513142097,0,,,0.4282668644529588,0.4282668644529588,,0.0,0.0,0.5,10.0,5000,per_query,1592226490,1.0,0.0,5000.0,1.0,1.0,1.0,
2008-10-14,60,0.3,0.35667494393873245,0,,,0.4282668644529588,0.4282668644529588,,0.0,0.0,0.5,10.0,5000,per_query,4206756603,1.0,0.0,5000.0,1.0,1.0,1.0,
2008-10-15,20,0.2,0.2231435513142097,0,,,0.531903908777732,0.531903908777732,,0.0,0.0,0.5,10.0,5000,per_query,2926350296,1.0,0.0,5000.0,1.0,1.0,1.0,
2008-10-15,20,0.3,0.35667494393873245,0,,,0.531903908777732,0.531903908777732,,0.0,0.0,0.5,10.0,5000,per_query,481164943,1.0,0.0,5000.0,1.0,1.0,1.0,
2008-10-15,60,0.2,0.2231435513142097,0,,,0.531903908777732,0.531903908777732,,0.0,0.0,0.5,10.0,5000,per_query,1473406287,1.0,0.0,5000.0,1.0,1.0,1.0,
2008-10-15,60,0.3,0.35667494393873245,0,,,0.531903908777732,0.531903908777732,,0.0,0.0,0.5,10.0,5000,per_query,2705729354,1.0,0.0,5000.0,1.0,1.0,1.0,
2008-10-16,20,0.2,0.2231435513142097,0,,,0.4910905597672137,0.4910905597672137,,0.0,0.0,0.5,10.0,5000,per_query,113163877,1.0,0.0,5000.0,1.0,1.0,1.0,
2008-10-16,20,0.3,0.35667494393873245,0,,,0.4910905597672137,0.4910905597672137,,0.0,0.0,0.5,10.0,5000,per_query,805321371,1.0,0.0,5000.0,1.0,1.0,1.0,
2008-10-16,60,0.2,0.2231435513142097,0,,,0.4910905597672137,0.4910905597672137,,0.0,0.0,0.5,10.0,5000,per_query,3255619230,1.0,0.0,5000.0,1.0,1.0,1.0,
2008-10-16,60,0.3,0.35667494393873245,0,,,0.4910905597672137,0.4910905597672137,,0.0,0.0,0.5,10.0,5000,per_query,730454261,1.0,0.0,5000.0,1.0,1.0,1.0,
2008-10-17,20,0.2,0.2231435513142097,0,,,0.4970805750516032,0.4970805750516032,,0.0,0.0,0.5,10.0,5000,per_query,2784909915,1.0,0.0,5000.0,1.0,1.0,1.0,
2008-10-17,20,0.3,0.35667494393873245,0,,,0.4970805750516032,0.4970805750516032,,0.0,0.0,0.5,10.0,5000,per_query,316835478,1.0,0.0,5000.0,1.0,1.0,1.0,
2008-10-17,60,0.2,0.2231435513142097,0,,,0.4970805750516032,0.4970805750516032,,0.0,0.0,0.5,10.0,5000,per_query,4264582736,1.0,0.0,5000.0,1.0,1.0,1.0,
2008-10-17,60,0.3,0.35667494393873245,0,,,0.4970805750516032,0.4970805750516032,,0.0,0.0,0.5,10.0,5000,per_query,3814978145,1.0,0.0,5000.0,1.0,1.0,1.0,
2008-10-20,20,0.2,0.2231435513142097,0,,,0.4387369170486108,0.4387369170486108,,0.0,0.0,0.5,10.0,5000,per_query,344641859,1.0,0.0,5000.0,1.0,1.0,1.0,
2008-10-20,20,0.3,0.35667494393873245,0,,,0.4387369170486108,0.4387369170486108,,0.0,0.0,0.5,10.0,5000,per_query,1120883673,1.0,0.0,5000.0,1.0,1.0,1.0,
2008-10-20,60,0.2,0.2231435513142097,0,,,0.4387369170486108,0.4387369170486108,,0.0,0.0,0.5,10.0,5000,per_query,2412594239,1.0,0.0,5000.0,1.0,1.0,1.0,
2008-10-20,60,0.3,0.35667494393873245,0,,,0.4387369170486108,0.4387369170486108,,0.0,0.0,0.5,10.0,5000,per_query,3186364611,1.0,0.0,5000.0,1.0,1.0,1.0,
2008-10-21,20,0.2,0.2231435513142097,0,,,0.4690468636968772,0.4690468636968772,,0.0,0.0,0.5,10.0,5000,per_query,1636172225,1.0,0.0,5000.0,1.0,1.0,1.0,
2008-10-21,20,0.3,0.35667494393873245,0,,,0.4690468636968772,0.4690468636968772,,0.0,0.0,0.5,10.0,5000,per_query,2001904430,1.0,0.0,5000.0,1.0,1.0,1.0,
2008-10-21,60,0.2,0.2231435513142097,0,,,0.4690468636968772,0.4690468636968772,,0.0,0.0,0.5,10.0,5000,per_query,273083337,1.0,0.0,5000.0,1.0,1.0,1.0,
2008-10-21,60,0.3,0.35667494393873245,0,,,0.4690468636968772,0.4690468636968772,,0.0,0.0,0.5,10.0,5000,per_query,1473660667,1.0,0.0,5000.0,1.0,1.0,1.0,
2008-10-22,20,0.2,0.2231435513142097,0,,,0.5250400371595481,0.5250400371595481,,0.0,0.0,0.5,10.0,5000,per_query,2095341141,1.0,0.0,5000.0,1.0,1.0,1.0,
2008-10-22,20,0.3,0.35667494393873245,0,,,0.5250400371595481,0.5250400371595481,,0.0,0.0,0.5,10.0,5000,per_query,1339154330,1.0,0.0,5000.0,1.0,1.0,1.0,
2008-10-22,60,0.2,0.2231435513142097,0,,,0.5250400371595481,0.5250400371595481,,0.0,0.0,0.5,10.0,5000,per_query,3834624099,1.0,0.0,5000.0,1.0,1.0,1.0,
2008-10-22,60,0.3,0.35667494393873245,0,,,0.5250400371595481,0.5250400371595481,,0.0,0.0,0.5,10.0,5000,per_query,97969510,1.0,0.0,5000.0,1.0,1.0,1.0,
2008-10-23,20,0.2,0.2231435513142097,0,,,0.513522131388882,0.513522131388882,,0.0,0.0,0.5,10.0,5000,per_query,4232827677,1.0,0.0,5000.0,1.0,1.0,1.0,
2008-10-23,20,0.3,0.35667494393873245,0,,,0.513522131388882,0.513522131388882,,0.0,0.0,0.5,10.0,5000,per_query,3192082757,1.0,0.0,5000.0,1.0,1.0,1.0,
2008-10-23,60,0.2,0.2231435513142097,0,,,0.513522131388882,0.513522131388882,,0.0,0.0,0.5,10.0,5000,per_query,1647826968,1.0,0.0,5000.0,1.0,1.0,1.0,
2008-10-23,60,0.3,0.35667494393873245,0,,,0.513522131388882,0.513522131388882,,0.0,0.0,0.5,10.0,5000,per_query,2441563913,1.0,0.0,5000.0,1.0,1.0,1.0,
2008-10-24,20,0.2,0.2231435513142097,0,,,0.5655679491052066,0.5655679491052066,,0.0,0.0,0.5,10.0,5000,per_query,667685185,1.0,0.0,5000.0,1.0,1.0,1.0,
2008-10-24,20,0.3,0.35667494393873245,0,,,0.5655679491052066,0.5655679491052066,,0.0,0.0,0.5,10.0,5000,per_query,2032568756,1.0,0.0,5000.0,1.0,1.0,1.0,
2008-10-24,60,0.2,0.2231435513142097,0,,,0.5655679491052066,0.5655679491052066,,0.0,0.0,0.5,10.0,5000,per_query,3388032854,1.0,0.0,5000.0,1.0,1.0,1.0,
2008-10-24,60,0.3,0.35667494393873245,0,,,0.5655679491052066,0.5655679491052066,,0.0,0.0,0.5,10.0,5000,per_query,1308375739,1.0,0.0,5000.0,1.0,1.0,1.0,
2008-10-27,20,0.2,0.2231435513142097,0,,,0.6017143728692309,0.6017143728692309,,0.0,0.0,0.5,10.0,5000,per_query,3194437047,1.0,0.0,5000.0,1.0,1.0,1.0,
2008-10-27,20,0.3,0.35667494393873245,0,,,0.6017143728692309,0.6017143728692309,,0.0,0.0,0.5,10.0,5000,per_query,1763155029,1.0,0.0,5000.0,1.0,1.0,1.0,
2008-10-27,60,0.2,0.2231435513142097,0,,,0.6017143728692309,0.6017143728692309,,0.0,0.0,0.5,10.0,5000,per_query,3771854128,1.0,0.0,5000.0,1.0,1.0,1.0,
2008-10-27,60,0.3,0.35667494393873245,0,,,0.6017143728692309,0.6017143728692309,,0.0,0.0,0.5,10.0,5000,per_query,2125415413,1.0,0.0,5000.0,1.0,1.0,1.0,
2008-10-28,20,0.2,0.2231435513142097,0,,,0.491196828741919,0.491196828741919,,0.0,0.0,0.5,10.0,5000,per_query,1719836551,1.0,0.0,5000.0,1.0,1.0,1.0,
2008-10-28,20,0.3,0.35667494393873245,0,,,0.491196828741919,0.491196828741919,,0.0,0.0,0.5,10.0,5000,per_query,3414952138,1.0,0.0,5000.0,1.0,1.0,1.0,
2008-10-28,60,0.2,0.2231435513142097,0,,,0.491196828741919,0.491196828741919,,0.0,0.0,0.5,10.0,5000,per_query,2443382795,1.0,0.0,5000.0,1.0,1.0,1.0,
2008-10-28,60,0.3,0.35667494393873245,0,,,0.491196828741919,0.491196828741919,,0.0,0.0,0.5,10.0,5000,per_query,2095536656,1.0,0.0,5000.0,1.0,1.0,1.0,
2008-10-29,20,0.2,0.2231435513142097,0,,,0.4984762226016457,0.4984762226016457,,0.0,0.0,0.5,10.0,5000,per_query,3159748765,1.0,0.0,5000.0,1.0,1.0,1.0,
2008-10-29,20,0.3,0.35667494393873245,0,,,0.4984762226016457,0.4984762226016457,,0.0,0.0,0.5,10.0,5000,per_query,2814313871,1.0,0.0,5000.0,1.0,1.0,1.0,
2008-10-29,60,0.2,0.2231435513142097,0,,,0.4984762226016457,0.4984762226016457,,0.0,0.0,0.5,10.0,5000,per_query,1667738497,1.0,0.0,5000.0,1.0,1.0,1.0,
2008-10-29,60,0.3,0.35667494393873245,0,,,0.4984762226016457,0.4984762226016457,,0.0,0.0,0.5,10.0,5000,per_query,1539939576,1.0,0.0,5000.0,1.0,1.0,1.0,
2008-10-30,20,0.2,0.2231435513142097,0,,,0.4644671974383634,0.4644671974383634,,0.0,0.0,0.5,10.0,5000,per_query,1291600597,1.0,0.0,5000.0,1.0,1.0,1.0,
2008-10-30,20,0.3,0.35667494393873245,0,,,0.4644671974383634,0.4644671974383634,,0.0,0.0,0.5,10.0,5000,per_query,2109146161,1.0,0.0,5000.0,1.0,1.0,1.0,
2008-10-30,60,0.2,0.2231435513142097,0,,,0.4644671974383634,0.4644671974383634,,0.0,0.0,0.5,10.0,5000,per_query,1765904609,1.0,0.0,5000.0,1.0,1.0,1.0,
2008-10-30,60,0.3,0.35667494393873245,0,,,0.4644671974383634,0.4644671974383634,,0.0,0.0,0.5,10.0,5000,per_query,1096355687,1.0,0.0,5000.0,1.0,1.0,1.0,
2008-10-31,20,0.2,0.2231435513142097,0,,,0.4589786885911184,0.4589786885911184,,0.0,0.0,0.5,10.0,5000,per_query,1094133361,1.0,0.0,5000.0,1.0,1.0,1.0,
2008-10-31,20,0.3,0.35667494393873245,0,,,0.4589786885911184,0.4589786885911184,,0.0,0.0,0.5,10.0,5000,per_query,3984818702,1.0,0.0,5000.0,1.0,1.0,1.0,
2008-10-31,60,0.2,0.2231435513142097,0,,,0.4589786885911184,0.4589786885911184,,0.0,0.0,0.5,10.0,5000,per_query,3420955601,1.0,0.0,5000.0,1.0,1.0,1.0,
2008-10-31,60,0.3,0.35667494393873245,0,,,0.4589786885911184,0.4589786885911184,,0.0,0.0,0.5,10.0,5000,per_query,3131996667,1.0,0.0,5000.0,1.0,1.0,1.0,
