Date,check,lhs_Tdays,lhs_delta,rhs_Tdays,rhs_delta,lhs_p_hat,rhs_p_hat,lhs_se,rhs_se,combined_se,diff_lhs_minus_rhs,z_diff,raw_violation,sigma_violation
2007-01-03,delta_monotone_T20,20,0.2,20,0.3,7.022613847646873e-09,0.0,2.4043663772570584e-09,0.0,2.4043663772570584e-09,7.022613847646873e-09,2.920775267061582,False,False
2007-01-03,delta_monotone_T60,60,0.2,60,0.3,0.0008300008419496,1.3969848801516815e-06,6.016384965003626e-05,2.5150311060318545e-07,6.016437532732149e-05,0.0008286038570694483,13.77233375334602,False,False
2007-01-03,horizon_monotone_d20,60,0.2,20,0.2,0.0008300008419496,7.022613847646873e-09,6.016384965003626e-05,2.4043663772570584e-09,6.0163849698079875e-05,0.0008299938193357524,13.795557024706842,False,False
2007-01-03,horizon_monotone_d30,60,0.3,20,0.3,1.3969848801516815e-06,0.0,2.5150311060318545e-07,0.0,2.5150311060318545e-07,1.3969848801516815e-06,5.554543149789527,False,False
2007-01-04,delta_monotone_T20,20,0.2,20,0.3,4.939095881627849e-09,0.0,1.836555589054323e-09,0.0,1.836555589054323e-09,4.939095881627849e-09,2.6893255565278493,False,False
2007-01-04,delta_monotone_T60,60,0.2,60,0.3,0.0008594411104533,7.206269787616444e-07,6.701246469219922e-05,1.529287913331238e-07,6.701263919096506e-05,0.0008587204834745384,12.81430628373632,False,False
2007-01-04,horizon_monotone_d20,60,0.2,20,0.2,0.0008594411104533,4.939095881627849e-09,6.701246469219922e-05,1.836555589054323e-09,6.70124647173657e-05,0.0008594361713574184,12.82501956885497,False,False
2007-01-04,horizon_monotone_d30,60,0.3,20,0.3,7.206269787616444e-07,0.0,1.529287913331238e-07,0.0,1.529287913331238e-07,7.206269787616444e-07,4.71217337480885,False,False
2007-01-05,delta_monotone_T20,20,0.2,20,0.3,2.292479380782725e-08,0.0,6.461830333287413e-09,0.0,6.461830333287413e-09,2.292479380782725e-08,3.547724503030152,False,False
2007-01-05,delta_monotone_T60,60,0.2,60,0.3,0.0009002334642115,1.2385779909737977e-06,6.403328485510279e-05,2.218913936207172e-07,6.403366930861685e-05,0.0008989948862205263,14.039409203425906,False,False
2007-01-05,horizon_monotone_d20,60,0.2,20,0.2,0.0009002334642115,2.292479380782725e-08,6.403328485510279e-05,6.461830333287413e-09,6.403328518114612e-05,0.0009002105394176922,14.058478131663142,False,False
2007-01-05,horizon_monotone_d30,60,0.3,20,0.3,1.2385779909737977e-06,0.0,2.218913936207172e-07,0.0,2.218913936207172e-07,1.2385779909737977e-06,5.581910910393038,False,False
2007-01-08,delta_monotone_T20,20,0.2,20,0.3,1.236104420585726e-08,0.0,4.199224152480421e-09,0.0,4.199224152480421e-09,1.236104420585726e-08,2.943649530724805,False,False
2007-01-08,delta_monotone_T60,60,0.2,60,0.3,0.0009072634458452,1.445642974331419e-06,6.029088541152212e-05,2.717252783366717e-07,6.0291497728387696e-05,0.0009058178028708686,15.0239724836753,False,False
2007-01-08,horizon_monotone_d20,60,0.2,20,0.2,0.0009072634458452,1.236104420585726e-08,6.029088541152212e-05,4.199224152480421e-09,6.029088555775885e-05,0.0009072510848009941,15.04789781088627,False,False
2007-01-08,horizon_monotone_d30,60,0.3,20,0.3,1.445642974331419e-06,0.0,2.717252783366717e-07,0.0,2.717252783366717e-07,1.445642974331419e-06,5.320237348474608,False,False
2007-01-09,delta_monotone_T20,20,0.2,20,0.3,2.6239178767238428e-08,0.0,9.730135728642444e-09,0.0,9.730135728642444e-09,2.6239178767238428e-08,2.6966919577492203,False,False
2007-01-09,delta_monotone_T60,60,0.2,60,0.3,0.0010425740342347,1.0847635772984843e-06,7.683092642396641e-05,1.9158257356472e-07,7.683116528497686e-05,0.0010414892706574015,13.555557393856793,False,False
2007-01-09,horizon_monotone_d20,60,0.2,20,0.2,0.0010425740342347,2.6239178767238428e-08,7.683092642396641e-05,9.730135728642444e-09,7.683092704009552e-05,0.0010425477950559328,13.56937674996244,False,False
2007-01-09,horizon_monotone_d30,60,0.3,20,0.3,1.0847635772984843e-06,0.0,1.9158257356472e-07,0.0,1.9158257356472e-07,1.0847635772984843e-06,5.662120291603828,False,False
2007-01-10,delta_monotone_T20,20,0.2,20,0.3,6.049406728201232e-09,0.0,2.3325732829757224e-09,0.0,2.3325732829757224e-09,6.049406728201232e-09,2.5934476624390777,False,False
2007-01-10,delta_monotone_T60,60,0.2,60,0.3,0.0008540870848699,9.35459947713041e-07,6.0323656654585645e-05,1.8851402109472013e-07,6.032395121107772e-05,0.0008531516249221869,14.14283394562385,False,False
2007-01-10,horizon_monotone_d20,60,0.2,20,0.2,0.0008540870848699,6.049406728201232e-09,6.0323656654585645e-05,2.3325732829757224e-09,6.032365669968319e-05,0.0008540810354631718,14.15831005927161,False,False
2007-01-10,horizon_monotone_d30,60,0.3,20,0.3,9.35459947713041e-07,0.0,1.8851402109472013e-07,0.0,1.8851402109472013e-07,9.35459947713041e-07,4.962283135656063,False,False
2007-01-11,delta_monotone_T20,20,0.2,20,0.3,4.702378531739727e-09,0.0,1.687502681011359e-09,0.0,1.687502681011359e-09,4.702378531739727e-09,2.7865902582871653,False,False
2007-01-11,delta_monotone_T60,60,0.2,60,0.3,0.0008602843312497,1.5883377366507307e-06,0.0002004419634641,7.719199955120391e-07,0.00020044344982518902,0.0008586959935130492,4.283981313741787,False,False
2007-01-11,horizon_monotone_d20,60,0.2,20,0.2,0.0008602843312497,4.702378531739727e-09,0.0002004419634641,1.687502681011359e-09,0.00020044196347120347,0.0008602796288711683,4.2919137987528275,False,False
2007-01-11,horizon_monotone_d30,60,0.3,20,0.3,1.5883377366507307e-06,0.0,7.719199955120391e-07,0.0,7.719199955120391e-07,1.5883377366507307e-06,2.0576455408401952,False,False
2007-01-12,delta_monotone_T20,20,0.2,20,0.3,1.9808610571243574e-09,0.0,1.1711267087511714e-09,0.0,1.1711267087511714e-09,1.9808610571243574e-09,1.69141480791318,False,False
2007-01-12,delta_monotone_T60,60,0.2,60,0.3,0.0004616118151906,2.6234035473152197e-08,0.0001212554403058,1.5839217026679172e-08,0.00012125544134031357,0.0004615855811551268,3.806720556644119,False,False
2007-01-12,horizon_monotone_d20,60,0.2,20,0.2,0.0004616118151906,1.9808610571243574e-09,0.0001212554403058,1.1711267087511714e-09,0.00012125544031145558,0.0004616098343295429,3.806920606150588,False,False
2007-01-12,horizon_monotone_d30,60,0.3,20,0.3,2.6234035473152197e-08,0.0,1.5839217026679172e-08,0.0,1.5839217026679172e-08,2.6234035473152197e-08,1.6562709778497422,False,False
2007-01-16,delta_monotone_T20,20,0.2,20,0.3,1.246112931129159e-08,0.0,4.360014441371023e-09,0.0,4.360014441371023e-09,1.246112931129159e-08,2.858047714945903,False,False
2007-01-16,delta_monotone_T60,60,0.2,60,0.3,0.0004735901218368,4.808456188501006e-07,7.001413343496823e-05,1.7705941270079833e-07,7.001435731823268e-05,0.0004731092762179499,6.757317989331109,False,False
2007-01-16,horizon_monotone_d20,60,0.2,20,0.2,0.0004735901218368,1.246112931129159e-08,7.001413343496823e-05,4.360014441371023e-09,7.001413357072457e-05,0.0004735776607074887,6.764029440271593,False,False
2007-01-16,horizon_monotone_d30,60,0.3,20,0.3,4.808456188501006e-07,0.0,1.7705941270079833e-07,0.0,1.7705941270079833e-07,4.808456188501006e-07,2.7157303388476253,False,False
2007-01-17,delta_monotone_T20,20,0.2,20,0.3,1.0449691364590956e-08,0.0,2.7174132465455087e-09,0.0,2.7174132465455087e-09,1.0449691364590956e-08,3.84545537116044,False,False
2007-01-17,delta_monotone_T60,60,0.2,60,0.3,0.0006626811155308,5.583455013189572e-07,0.0001202830583742,2.919744917084529e-07,0.00012028341274238527,0.0006621227700294811,5.504688925376352,False,False
2007-01-17,horizon_monotone_d20,60,0.2,20,0.2,0.0006626811155308,1.0449691364590956e-08,0.0001202830583742,2.7174132465455087e-09,0.00012028305840489565,0.0006626706658394354,5.509260195303314,False,False
2007-01-17,horizon_monotone_d30,60,0.3,20,0.3,5.583455013189572e-07,0.0,2.919744917084529e-07,0.0,2.919744917084529e-07,5.583455013189572e-07,1.912309181709221,False,False
2007-01-18,delta_monotone_T20,20,0.2,20,0.3,4.272855637908328e-09,0.0,1.873265643363203e-09,0.0,1.873265643363203e-09,4.272855637908328e-09,2.28096621162441,False,False
2007-01-18,delta_monotone_T60,60,0.2,60,0.3,0.000571662517879,1.3867601972760471e-06,5.518026382833573e-05,4.487385357756267e-07,5.518208842041253e-05,0.000570275757681724,10.33443593756361,False,False
2007-01-18,horizon_monotone_d20,60,0.2,20,0.2,0.000571662517879,4.272855637908328e-09,5.518026382833573e-05,1.873265643363203e-09,5.518026386013265e-05,0.0005716582450233621,10.359831668662629,False,False
2007-01-18,horizon_monotone_d30,60,0.3,20,0.3,1.3867601972760471e-06,0.0,4.487385357756267e-07,0.0,4.487385357756267e-07,1.3867601972760471e-06,3.090352369401677,False,False
2007-01-19,delta_monotone_T20,20,0.2,20,0.3,6.181201451271031e-09,0.0,2.369239729028821e-09,0.0,2.369239729028821e-09,6.181201451271031e-09,2.608938798187711,False,False
2007-01-19,delta_monotone_T60,60,0.2,60,0.3,0.0010549474081008,6.379298044101941e-07,0.000229204546003,2.891841522954549e-07,0.0002292047284327164,0.0010543094782963897,4.599859197956663,False,False
2007-01-19,horizon_monotone_d20,60,0.2,20,0.2,0.0010549474081008,6.181201451271031e-09,0.000229204546003,2.369239729028821e-09,0.00022920454601524517,0.0010549412268993487,4.602619124444334,False,False
2007-01-19,horizon_monotone_d30,60,0.3,20,0.3,6.379298044101941e-07,0.0,2.891841522954549e-07,0.0,2.891841522954549e-07,6.379298044101941e-07,2.20596391381237,False,False
2007-01-22,delta_monotone_T20,20,0.2,20,0.3,4.558371100157952e-09,0.0,2.338615661839309e-09,0.0,2.338615661839309e-09,4.558371100157952e-09,1.9491749647194345,False,False
2007-01-22,delta_monotone_T60,60,0.2,60,0.3,0.0007899313613607,9.823009554319005e-07,6.387224528687154e-05,1.6295420458634642e-07,6.387245315516758e-05,0.0007889490604052682,12.3519455012734,False,False
2007-01-22,horizon_monotone_d20,60,0.2,20,0.2,0.0007899313613607,4.558371100157952e-09,6.387224528687154e-05,2.338615661839309e-09,6.387224532968453e-05,0.0007899268029895999,12.367293476412087,False,False
2007-01-22,horizon_monotone_d30,60,0.3,20,0.3,9.823009554319005e-07,0.0,1.6295420458634642e-07,0.0,1.6295420458634642e-07,9.823009554319005e-07,6.028079839519559,False,False
2007-01-23,delta_monotone_T20,20,0.2,20,0.3,6.777659258420045e-09,0.0,2.6564328378640637e-09,0.0,2.6564328378640637e-09,6.777659258420045e-09,2.5514137462137767,False,False
2007-01-23,delta_monotone_T60,60,0.2,60,0.3,0.0005202519724231,5.178310347095864e-07,6.50677574380353e-05,1.4098919378439386e-07,6.506791018595696e-05,0.0005197341413883905,7.987564682852841,False,False
2007-01-23,horizon_monotone_d20,60,0.2,20,0.2,0.0005202519724231,6.777659258420045e-09,6.50677574380353e-05,2.6564328378640637e-09,6.506775749226059e-05,0.0005202451947638417,7.995437599424288,False,False
2007-01-23,horizon_monotone_d30,60,0.3,20,0.3,5.178310347095864e-07,0.0,1.4098919378439386e-07,0.0,1.4098919378439386e-07,5.178310347095864e-07,3.6728420158318915,False,False
2007-01-24,delta_monotone_T20,20,0.2,20,0.3,8.866572215919718e-09,0.0,3.917942524364025e-09,0.0,3.917942524364025e-09,8.866572215919718e-09,2.2630684755537533,False,False
2007-01-24,delta_monotone_T60,60,0.2,60,0.3,0.0006305177714343,1.7756811043437196e-07,0.0001462590571991,8.323240965536363e-08,0.0001462590808818503,0.0006303402033238656,4.309750885369377,False,False
2007-01-24,horizon_monotone_d20,60,0.2,20,0.2,0.0006305177714343,8.866572215919718e-09,0.0001462590571991,3.917942524364025e-09,0.00014625905725157635,0.0006305089048620841,4.310905025030774,False,False
2007-01-24,horizon_monotone_d30,60,0.3,20,0.3,1.7756811043437196e-07,0.0,8.323240965536363e-08,0.0,8.323240965536363e-08,1.7756811043437196e-07,2.133401053383166,False,False
2007-01-25,delta_monotone_T20,20,0.2,20,0.3,4.3292818691438366e-08,0.0,1.0512344282896144e-08,0.0,1.0512344282896144e-08,4.3292818691438366e-08,4.118283945653959,False,False
2007-01-25,delta_monotone_T60,60,0.2,60,0.3,0.0011244097646042,2.010757164216602e-06,7.488976725311339e-05,3.376772920426301e-07,7.489052854119174e-05,0.0011223990074399836,14.987195701558374,False,False
2007-01-25,horizon_monotone_d20,60,0.2,20,0.2,0.0011244097646042,4.3292818691438366e-08,7.488976725311339e-05,1.0512344282896144e-08,7.488976799092702e-05,0.0011243664717855086,15.013619376170679,False,False
2007-01-25,horizon_monotone_d30,60,0.3,20,0.3,2.010757164216602e-06,0.0,3.376772920426301e-07,0.0,3.376772920426301e-07,2.010757164216602e-06,5.954670958338394,False,False
2007-01-26,delta_monotone_T20,20,0.2,20,0.3,5.16951944239173e-08,0.0,1.529426260954732e-08,0.0,1.529426260954732e-08,5.16951944239173e-08,3.3800383675671286,False,False
2007-01-26,delta_monotone_T60,60,0.2,60,0.3,0.0013378964917577,1.6961948484485915e-06,8.508243716081415e-05,2.907781627434145e-07,8.508293404181485e-05,0.0013362002969092514,15.704680520920476,False,False
2007-01-26,horizon_monotone_d20,60,0.2,20,0.2,0.0013378964917577,5.16951944239173e-08,8.508243716081415e-05,1.529426260954732e-08,8.508243853544842e-05,0.001337844796563276,15.724100291341339,False,False
2007-01-26,horizon_monotone_d30,60,0.3,20,0.3,1.6961948484485915e-06,0.0,2.907781627434145e-07,0.0,2.907781627434145e-07,1.6961948484485915e-06,5.833295156848935,False,False
2007-01-29,delta_monotone_T20,20,0.2,20,0.3,3.1332733684151963e-08,0.0,9.93442959069452e-09,0.0,9.93442959069452e-09,3.1332733684151963e-08,3.153953973713903,False,False
2007-01-29,delta_monotone_T60,60,0.2,60,0.3,0.0011735614225886,2.200249371466976e-06,7.85935515538025e-05,3.710113176102722e-07,7.859442725306934e-05,0.001171361173217133,14.903870594354233,False,False
2007-01-29,horizon_monotone_d20,60,0.2,20,0.2,0.0011735614225886,3.1332733684151963e-08,7.85935515538025e-05,9.93442959069452e-09,7.859355218167138e-05,0.001173530089854916,14.931633159196895,False,False
2007-01-29,horizon_monotone_d30,60,0.3,20,0.3,2.200249371466976e-06,0.0,3.710113176102722e-07,0.0,3.710113176102722e-07,2.200249371466976e-06,5.930410386505303,False,False
2007-01-30,delta_monotone_T20,20,0.2,20,0.3,1.6452792214768372e-08,0.0,5.070858023474664e-09,0.0,5.070858023474664e-09,1.6452792214768372e-08,3.244577572198433,False,False
2007-01-30,delta_monotone_T60,60,0.2,60,0.3,0.0010576260131458,1.6525871760801915e-06,8.31450193585624e-05,2.6616137818996055e-07,8.314544537143906e-05,0.00105597342596972,12.700315949386361,False,False
2007-01-30,horizon_monotone_d20,60,0.2,20,0.2,0.0010576260131458,1.6452792214768372e-08,8.31450193585624e-05,5.070858023474664e-09,8.314501951319343e-05,0.0010576095603535853,12.72005907925446,False,False
2007-01-30,horizon_monotone_d30,60,0.3,20,0.3,1.6525871760801915e-06,0.0,2.6616137818996055e-07,0.0,2.6616137818996055e-07,1.6525871760801915e-06,6.208966858071845,False,False
2007-01-31,delta_monotone_T20,20,0.2,20,0.3,1.8908096479914793e-08,0.0,5.129843711554385e-09,0.0,5.129843711554385e-09,1.8908096479914793e-08,3.6859010806365258,False,False
2007-01-31,delta_monotone_T60,60,0.2,60,0.3,0.0019332890820073,3.798705656041633e-07,0.0009668107656116,1.730616022953459e-07,0.0009668107811008349,0.0019329092114416958,1.999263195266438,False,False
2007-01-31,horizon_monotone_d20,60,0.2,20,0.2,0.0019332890820073,1.8908096479914793e-08,0.0009668107656116,5.129843711554385e-09,0.0009668107656252093,0.0019332701739108202,1.9996365810641639,False,False
2007-01-31,horizon_monotone_d30,60,0.3,20,0.3,3.798705656041633e-07,0.0,1.730616022953459e-07,0.0,1.730616022953459e-07,3.798705656041633e-07,2.19500201411448,False,False
2007-02-01,delta_monotone_T20,20,0.2,20,0.3,2.45277904237224e-08,0.0,1.2683791984129029e-08,0.0,1.2683791984129029e-08,2.45277904237224e-08,1.9337900254445615,False,False
2007-02-01,delta_monotone_T60,60,0.2,60,0.3,0.0006619891957544,2.7365050721940705e-07,0.0002255910416828,1.871312946865869e-07,0.00022559111929695342,0.0006617155452471805,2.933251749046652,False,False
2007-02-01,horizon_monotone_d20,60,0.2,20,0.2,0.0006619891957544,2.45277904237224e-08,0.0002255910416828,1.2683791984129029e-08,0.0002255910420393713,0.0006619646679639763,2.9343570648006794,False,False
2007-02-01,horizon_monotone_d30,60,0.3,20,0.3,2.7365050721940705e-07,0.0,1.871312946865869e-07,0.0,1.871312946865869e-07,2.7365050721940705e-07,1.4623449684229735,False,False
2007-02-02,delta_monotone_T20,20,0.2,20,0.3,1.9582788103209955e-08,0.0,8.949281152230288e-09,0.0,8.949281152230288e-09,1.9582788103209955e-08,2.1881967691147626,False,False
2007-02-02,delta_monotone_T60,60,0.2,60,0.3,0.0019858422596829,1.215434314784766e-06,0.0009155022852141,7.092795306951035e-07,0.000915502559968945,0.001984626825368115,2.1678004105585855,False,False
2007-02-02,horizon_monotone_d20,60,0.2,20,0.2,0.0019858422596829,1.9582788103209955e-08,0.0009155022852141,8.949281152230288e-09,0.0009155022852578408,0.0019858226768947967,2.16910728555474,False,False
2007-02-02,horizon_monotone_d30,60,0.3,20,0.3,1.215434314784766e-06,0.0,7.092795306951035e-07,0.0,7.092795306951035e-07,1.215434314784766e-06,1.7136182029581821,False,False
2007-02-05,delta_monotone_T20,20,0.2,20,0.3,5.7382609299586755e-09,0.0,2.3841396255847413e-09,0.0,2.3841396255847413e-09,5.7382609299586755e-09,2.406847681394202,False,False
2007-02-05,delta_monotone_T60,60,0.2,60,0.3,0.0003893517047917,1.073211393052707e-07,7.202906500027706e-05,5.432950052014737e-08,7.202908548988225e-05,0.00038924438365239475,5.403988972025349,False,False
2007-02-05,horizon_monotone_d20,60,0.2,20,0.2,0.0003893517047917,5.7382609299586755e-09,7.202906500027706e-05,2.3841396255847413e-09,7.20290650397342e-05,0.00038934596653077006,5.40540081029777,False,False
2007-02-05,horizon_monotone_d30,60,0.3,20,0.3,1.073211393052707e-07,0.0,5.432950052014737e-08,0.0,5.432950052014737e-08,1.073211393052707e-07,1.9753750407749853,False,False
2007-02-06,delta_monotone_T20,20,0.2,20,0.3,1.0786605936555232e-08,0.0,4.060594544111791e-09,0.0,4.060594544111791e-09,1.0786605936555232e-08,2.656410488507584,False,False
2007-02-06,delta_monotone_T60,60,0.2,60,0.3,0.0004186176400206,1.9691369695757762e-07,0.0001095308843565,1.1491487187150813e-07,0.00010953094463823797,0.0004184207263236424,3.820114285562082,False,False
2007-02-06,horizon_monotone_d20,60,0.2,20,0.2,0.0004186176400206,1.0786605936555232e-08,0.0001095308843565,4.060594544111791e-09,0.00010953088443176839,0.0004186068534146634,3.8218156968816595,False,False
2007-02-06,horizon_monotone_d30,60,0.3,20,0.3,1.9691369695757762e-07,0.0,1.1491487187150813e-07,0.0,1.1491487187150813e-07,1.9691369695757762e-07,1.713561471640993,False,False
2007-02-07,delta_monotone_T20,20,0.2,20,0.3,6.5177602348109495e-09,0.0,2.7875977517580006e-09,0.0,2.7875977517580006e-09,6.5177602348109495e-09,2.338127956481712,False,False
2007-02-07,delta_monotone_T60,60,0.2,60,0.3,0.0008041310416058,4.482193033817706e-07,0.0004293193857251,2.928298802856224e-07,0.00042931948559169305,0.0008036828223024182,1.8719924188737282,False,False
2007-02-07,horizon_monotone_d20,60,0.2,20,0.2,0.0008041310416058,6.5177602348109495e-09,0.0004293193857251,2.7875977517580006e-09,0.00042931938573415,0.0008041245238455652,1.8730216956555228,False,False
2007-02-07,horizon_monotone_d30,60,0.3,20,0.3,4.482193033817706e-07,0.0,2.928298802856224e-07,0.0,2.928298802856224e-07,4.482193033817706e-07,1.53064742895972,False,False
2007-02-08,delta_monotone_T20,20,0.2,20,0.3,1.1075291855714391e-08,0.0,4.660391370609898e-09,0.0,4.660391370609898e-09,1.1075291855714391e-08,2.376472483740134,False,False
2007-02-08,delta_monotone_T60,60,0.2,60,0.3,0.0005023534172866,6.290592452788248e-07,0.0001032706364213,2.854395347967127e-07,0.00010327103089728677,0.0005017243580413211,4.858326228391538,False,False
2007-02-08,horizon_monotone_d20,60,0.2,20,0.2,0.0005023534172866,1.1075291855714391e-08,0.0001032706364213,4.660391370609898e-09,0.00010327063652645693,0.0005023423419947443,4.864328902108094,False,False
2007-02-08,horizon_monotone_d30,60,0.3,20,0.3,6.290592452788248e-07,0.0,2.854395347967127e-07,0.0,2.854395347967127e-07,6.290592452788248e-07,2.2038266203272605,False,False
2007-02-09,delta_monotone_T20,20,0.2,20,0.3,2.7906305421882183e-08,0.0,7.323326566459725e-09,0.0,7.323326566459725e-09,2.7906305421882183e-08,3.8106050807144016,False,False
2007-02-09,delta_monotone_T60,60,0.2,60,0.3,0.0010981660266418,2.302467863698647e-06,8.32622320373496e-05,5.337641330315043e-07,8.326394290442386e-05,0.0010958635587781014,13.161321942632595,False,False
2007-02-09,horizon_monotone_d20,60,0.2,20,0.2,0.0010981660266418,2.7906305421882183e-08,8.32622320373496e-05,7.323326566459725e-09,8.326223235941105e-05,0.001098138120336378,13.188910376509458,False,False
2007-02-09,horizon_monotone_d30,60,0.3,20,0.3,2.302467863698647e-06,0.0,5.337641330315043e-07,0.0,5.337641330315043e-07,2.302467863698647e-06,4.3136429018222335,False,False
2007-02-12,delta_monotone_T20,20,0.2,20,0.3,2.8491846828791585e-08,0.0,8.018118662187358e-09,0.0,8.018118662187358e-09,2.8491846828791585e-08,3.553432922258468,False,False
2007-02-12,delta_monotone_T60,60,0.2,60,0.3,0.0011783109970191,1.4300657486368677e-06,7.535724861538939e-05,2.97416663044494e-07,7.535783552858363e-05,0.001176880931270463,15.617233735754867,False,False
2007-02-12,horizon_monotone_d20,60,0.2,20,0.2,0.0011783109970191,2.8491846828791585e-08,7.535724861538939e-05,8.018118662187358e-09,7.535724904195902e-05,0.001178282505172271,15.635954339524814,False,False
2007-02-12,horizon_monotone_d30,60,0.3,20,0.3,1.4300657486368677e-06,0.0,2.97416663044494e-07,0.0,2.97416663044494e-07,1.4300657486368677e-06,4.808290611555035,False,False
2007-02-13,delta_monotone_T20,20,0.2,20,0.3,1.6412609364095353e-08,0.0,4.97116215083216e-09,0.0,4.97116215083216e-09,1.6412609364095353e-08,3.301563873016679,False,False
2007-02-13,delta_monotone_T60,60,0.2,60,0.3,0.001135725183083,1.634606667738804e-06,0.0001243586223507,6.296015197143494e-07,0.0001243602161104493,0.0011340905764152611,9.119400173830753,False,False
2007-02-13,horizon_monotone_d20,60,0.2,20,0.2,0.001135725183083,1.6412609364095353e-08,0.0001243586223507,4.97116215083216e-09,0.00012435862245005965,0.0011357087704736359,9.132529358225382,False,False
2007-02-13,horizon_monotone_d30,60,0.3,20,0.3,1.634606667738804e-06,0.0,6.296015197143494e-07,0.0,6.296015197143494e-07,1.634606667738804e-06,2.5962559119622615,False,False
2007-02-14,delta_monotone_T20,20,0.2,20,0.3,2.6379901007773883e-08,0.0,7.514552699802181e-09,0.0,7.514552699802181e-09,2.6379901007773883e-08,3.510508484220003,False,False
2007-02-14,delta_monotone_T60,60,0.2,60,0.3,0.0015895594529371,2.720909616439749e-07,0.0010447437108691,1.2085254820432322e-07,0.0010447437178590145,0.0015892873619754561,1.5212222239846254,False,False
2007-02-14,horizon_monotone_d20,60,0.2,20,0.2,0.0015895594529371,2.6379901007773883e-08,0.0010447437108691,7.514552699802181e-09,0.001044743710896125,0.0015895330730360923,1.521457422005131,False,False
2007-02-14,horizon_monotone_d30,60,0.3,20,0.3,2.720909616439749e-07,0.0,1.2085254820432322e-07,0.0,1.2085254820432322e-07,2.720909616439749e-07,2.251429247349883,False,False
2007-02-15,delta_monotone_T20,20,0.2,20,0.3,9.953578193979969e-09,0.0,3.3901086230883926e-09,0.0,3.3901086230883926e-09,9.953578193979969e-09,2.9360646812880726,False,False
2007-02-15,delta_monotone_T60,60,0.2,60,0.3,0.0006527782589346,2.1485651038793264e-07,0.0001141546055766,1.519510623854542e-07,0.0001141547067074962,0.0006525634024242121,5.716482668527238,False,False
2007-02-15,horizon_monotone_d20,60,0.2,20,0.2,0.0006527782589346,9.953578193979969e-09,0.0001141546055766,3.3901086230883926e-09,0.0001141546056269389,0.000652768305356406,5.718282690141078,False,False
2007-02-15,horizon_monotone_d30,60,0.3,20,0.3,2.1485651038793264e-07,0.0,1.519510623854542e-07,0.0,1.519510623854542e-07,2.1485651038793264e-07,1.4139849173473116,False,False
2007-02-16,delta_monotone_T20,20,0.2,20,0.3,1.2608376686421366e-08,0.0,4.443843964596715e-09,0.0,4.443843964596715e-09,1.2608376686421366e-08,2.8372680919649693,False,False
2007-02-16,delta_monotone_T60,60,0.2,60,0.3,0.0087458434078377,7.903699414166597e-07,0.0069656924756785,6.639737749159919e-07,0.006965692507323679,0.008745053037896284,1.2554463219129754,False,False
2007-02-16,horizon_monotone_d20,60,0.2,20,0.2,0.0087458434078377,1.2608376686421366e-08,0.0069656924756785,4.443843964596715e-09,0.006965692475679917,0.008745830799461014,1.255557983645745,False,False
2007-02-16,horizon_monotone_d30,60,0.3,20,0.3,7.903699414166597e-07,0.0,6.639737749159919e-07,0.0,6.639737749159919e-07,7.903699414166597e-07,1.1903631909508172,False,False
2007-02-20,delta_monotone_T20,20,0.2,20,0.3,2.1738832628774692e-08,0.0,5.7404533626982285e-09,0.0,5.7404533626982285e-09,2.1738832628774692e-08,3.786953966046442,False,False
2007-02-20,delta_monotone_T60,60,0.2,60,0.3,0.0008139452257492,1.5225018848361838e-07,0.0001968051474224,7.103686099785272e-08,0.00019680516024278484,0.0008137929755607163,4.135018485068159,False,False
2007-02-20,horizon_monotone_d20,60,0.2,20,0.2,0.0008139452257492,2.1738832628774692e-08,0.0001968051474224,5.7404533626982285e-09,0.00019680514750611936,0.0008139234869165712,4.135681902787952,False,False
2007-02-20,horizon_monotone_d30,60,0.3,20,0.3,1.5225018848361838e-07,0.0,7.103686099785272e-08,0.0,7.103686099785272e-08,1.5225018848361838e-07,2.1432561397697536,False,False
2007-02-21,delta_monotone_T20,20,0.2,20,0.3,1.7101098217991556e-08,0.0,4.74622421672841e-09,0.0,4.74622421672841e-09,1.7101098217991556e-08,3.6030953105244166,False,False
2007-02-21,delta_monotone_T60,60,0.2,60,0.3,0.0053352739324198,8.20950763091324e-07,0.0041972778829564,5.258358740866294e-07,0.004197277915894815,0.005334452981656709,1.2709315629197406,False,False
2007-02-21,horizon_monotone_d20,60,0.2,20,0.2,0.0053352739324198,1.7101098217991556e-08,0.0041972778829564,4.74622421672841e-09,0.004197277882959084,0.005335256831321582,1.2711230897965284,False,False
2007-02-21,horizon_monotone_d30,60,0.3,20,0.3,8.20950763091324e-07,0.0,5.258358740866294e-07,0.0,5.258358740866294e-07,8.20950763091324e-07,1.5612300406800994,False,False
2007-02-22,delta_monotone_T20,20,0.2,20,0.3,4.6135788462795366e-09,0.0,1.7609950921132054e-09,0.0,1.7609950921132054e-09,4.6135788462795366e-09,2.619870360196866,False,False
2007-02-22,delta_monotone_T60,60,0.2,60,0.3,0.0003895491107784,3.188818647291411e-05,5.283046381999856e-05,3.1664064975522074e-05,6.159278300426326e-05,0.00035766092430548587,5.80686416265246,False,False
2007-02-22,horizon_monotone_d20,60,0.2,20,0.2,0.0003895491107784,4.6135788462795366e-09,5.283046381999856e-05,1.7609950921132054e-09,5.2830463849348146e-05,0.00038954449719955374,7.373482434498068,False,False
2007-02-22,horizon_monotone_d30,60,0.3,20,0.3,3.188818647291411e-05,0.0,3.1664064975522074e-05,0.0,3.1664064975522074e-05,3.188818647291411e-05,1.0070781024977462,False,False
2007-02-23,delta_monotone_T20,20,0.2,20,0.3,1.2576181440217422e-08,0.0,3.642274111352326e-09,0.0,3.642274111352326e-09,1.2576181440217422e-08,3.452837720538298,False,False
2007-02-23,delta_monotone_T60,60,0.2,60,0.3,0.0007423600081373,1.4422775043148134e-06,7.348224420239939e-05,4.3850494049589193e-07,7.348355257881792e-05,0.0007409177306329852,10.082769608046403,False,False
2007-02-23,horizon_monotone_d20,60,0.2,20,0.2,0.0007423600081373,1.2576181440217422e-08,7.348224420239939e-05,3.642274111352326e-09,7.348224429266719e-05,0.0007423474319558598,10.102405541660067,False,False
2007-02-23,horizon_monotone_d30,60,0.3,20,0.3,1.4422775043148134e-06,0.0,4.3850494049589193e-07,0.0,4.3850494049589193e-07,1.4422775043148134e-06,3.289079257998292,False,False
2007-02-26,delta_monotone_T20,20,0.2,20,0.3,4.452958658946906e-09,0.0,2.0355655314466313e-09,0.0,2.0355655314466313e-09,4.452958658946906e-09,2.187578139909987,False,False
2007-02-26,delta_monotone_T60,60,0.2,60,0.3,0.0008261701759792,7.687763143271087e-07,9.330319326726075e-05,1.38158305925263e-07,9.330329555586613e-05,0.0008254013996648728,8.846433502133447,False,False
2007-02-26,horizon_monotone_d20,60,0.2,20,0.2,0.0008261701759792,4.452958658946906e-09,9.330319326726075e-05,2.0355655314466313e-09,9.330319328946539e-05,0.000826165723020541,8.854635022591678,False,False
2007-02-26,horizon_monotone_d30,60,0.3,20,0.3,7.687763143271087e-07,0.0,1.38158305925263e-07,0.0,1.38158305925263e-07,7.687763143271087e-07,5.564459618830153,False,False
2007-02-27,delta_monotone_T20,20,0.2,20,0.3,0.0001567567160374,4.4275317777514006e-10,1.574662122519144e-05,2.783697153483498e-10,1.574662122765196e-05,0.00015675627328422224,9.954914836520569,False,False
2007-02-27,delta_monotone_T60,60,0.2,60,0.3,0.0213442972640427,0.000261614832676,0.0008042030304607,2.2879918646803507e-05,0.0008045284363398587,0.021082682431366698,26.205018342522198,False,False
2007-02-27,horizon_monotone_d20,60,0.2,20,0.2,0.0213442972640427,0.0001567567160374,0.0008042030304607,1.574662122519144e-05,0.0008043571782996552,0.0211875405480053,26.34096035892166,False,False
2007-02-27,horizon_monotone_d30,60,0.3,20,0.3,0.000261614832676,4.4275317777514006e-10,2.2879918646803507e-05,2.783697153483498e-10,2.2879918648496905e-05,0.00026161438992282224,11.434236019017007,False,False
2007-02-28,delta_monotone_T20,20,0.2,20,0.3,7.719911160295321e-05,1.8463133374528297e-11,9.4806924554384e-06,1.846313337452829e-11,9.480692455456377e-06,7.719909313981984e-05,8.14276947623059,False,False
2007-02-28,delta_monotone_T60,60,0.2,60,0.3,0.0169236334365545,0.0001600814598598,0.000700976590491,1.4345915874873242e-05,0.0007011233741066376,0.016763551976694702,23.90956085019217,False,False
2007-02-28,horizon_monotone_d20,60,0.2,20,0.2,0.0169236334365545,7.719911160295321e-05,0.000700976590491,9.4806924554384e-06,0.000701040700634294,0.01684643432495155,24.030608079829143,False,False
2007-02-28,horizon_monotone_d30,60,0.3,20,0.3,0.0001600814598598,1.8463133374528297e-11,1.4345915874873242e-05,1.846313337452829e-11,1.4345915874885122e-05,0.00016008144139666663,11.158676991610932,False,False
2007-03-01,delta_monotone_T20,20,0.2,20,0.3,9.58226191360998e-05,2.1627160396859972e-10,9.423656489706094e-06,2.1627160396859972e-10,9.423656492187795e-06,9.582240286449584e-05,10.168282655881244,False,False
2007-03-01,delta_monotone_T60,60,0.2,60,0.3,0.0181354079676076,0.0001678467891145,0.0007485611624867,1.5004648420905435e-05,0.0007487115288665419,0.017967561178493102,23.997975836827038,False,False
2007-03-01,horizon_monotone_d20,60,0.2,20,0.2,0.0181354079676076,9.58226191360998e-05,0.0007485611624867,9.423656489706094e-06,0.0007486204774684404,0.018039585348471502,24.09710379480235,False,False
2007-03-01,horizon_monotone_d30,60,0.3,20,0.3,0.0001678467891145,2.1627160396859972e-10,1.5004648420905435e-05,2.1627160396859972e-10,1.5004648422464066e-05,0.00016784657284289603,11.186304944780055,False,False
2007-03-02,delta_monotone_T20,20,0.2,20,0.3,0.0003632561532913,8.16298170658773e-09,2.706144042900102e-05,2.462047311179621e-09,2.7061440540999436e-05,0.0003632479903095934,13.423084028333767,False,False
2007-03-02,delta_monotone_T60,60,0.2,60,0.3,0.0290891961389522,0.0004652918154758,0.0010109031812296,3.697001183208126e-05,0.00101157897546113,0.0286239043234764,28.29626259326727,False,False
2007-03-02,horizon_monotone_d20,60,0.2,20,0.2,0.0290891961389522,0.0003632561532913,0.0010109031812296,2.706144042900102e-05,0.0010112653278829536,0.028725939985660903,28.40593778271583,False,False
2007-03-02,horizon_monotone_d30,60,0.3,20,0.3,0.0004652918154758,8.16298170658773e-09,3.697001183208126e-05,2.462047311179621e-09,3.697001191406226e-05,0.0004652836524940934,12.5854342047727,False,False
2007-03-05,delta_monotone_T20,20,0.2,20,0.3,0.0008281030169711,1.5704411598312186e-08,5.139474076918408e-05,4.736505850229079e-09,5.139474098744073e-05,0.0008280873125595017,16.11229664065941,False,False
2007-03-05,delta_monotone_T60,60,0.2,60,0.3,0.038705286416336,0.0005997506113492,0.0012496340640103,4.236750494854559e-05,0.00125035207018282,0.038105535804986795,30.475844934951162,False,False
2007-03-05,horizon_monotone_d20,60,0.2,20,0.2,0.038705286416336,0.0008281030169711,0.0012496340640103,5.139474076918408e-05,0.0012506904946123281,0.0378771833993649,30.285017406409207,False,False
2007-03-05,horizon_monotone_d30,60,0.3,20,0.3,0.0005997506113492,1.5704411598312186e-08,4.236750494854559e-05,4.736505850229079e-09,4.236750521330614e-05,0.0005997349069376017,14.155539815670952,False,False
2007-03-06,delta_monotone_T20,20,0.2,20,0.3,0.0003391977193337,1.2343079094208591e-08,2.6465353478114205e-05,3.672083561254041e-09,2.6465353732866093e-05,0.0003391853762546058,12.816204146683566,False,False
2007-03-06,delta_monotone_T60,60,0.2,60,0.3,0.0325870984862254,0.0004896178170614,0.001215958965432,3.4919421966582e-05,0.0012164602630768259,0.032097480669164,26.38596725550161,False,False
2007-03-06,horizon_monotone_d20,60,0.2,20,0.2,0.0325870984862254,0.0003391977193337,0.001215958965432,2.6465353478114205e-05,0.0012162469406124651,0.0322479007668917,26.514270819585892,False,False
2007-03-06,horizon_monotone_d30,60,0.3,20,0.3,0.0004896178170614,1.2343079094208591e-08,3.4919421966582e-05,3.672083561254041e-09,3.49194221596579e-05,0.0004896054739823058,14.02100732777711,False,False
2007-03-07,delta_monotone_T20,20,0.2,20,0.3,0.0004754674062486,1.1884373618458708e-08,3.917086346731905e-05,4.4838945906195735e-09,3.917086372395509e-05,0.00047545552187498155,12.13798922652336,False,False
2007-03-07,delta_monotone_T60,60,0.2,60,0.3,0.0319960652728142,0.0006029788383031,0.0011383303995265,4.543718854028322e-05,0.00113923686588374,0.0313930864345111,27.556241704097722,False,False
2007-03-07,horizon_monotone_d20,60,0.2,20,0.2,0.0319960652728142,0.0004754674062486,0.0011383303995265,3.917086346731905e-05,0.0011390041505766942,0.0315205978665656,27.673821777213252,False,False
2007-03-07,horizon_monotone_d30,60,0.3,20,0.3,0.0006029788383031,1.1884373618458708e-08,4.543718854028322e-05,4.4838945906195735e-09,4.5437188761526116e-05,0.0006029669539294815,13.27034022932429,False,False
2007-03-08,delta_monotone_T20,20,0.2,20,0.3,0.0002506067751313,2.492502539800994e-09,1.997242713663229e-05,1.1575010768548776e-09,1.997242717017375e-05,0.0002506042826287602,12.547512652994197,False,False
2007-03-08,delta_monotone_T60,60,0.2,60,0.3,0.0285194234869949,0.0004891761443156,0.001056673417894,3.610355871080274e-05,0.0010572900165211872,0.028030247342679303,26.51140832191675,False,False
2007-03-08,horizon_monotone_d20,60,0.2,20,0.2,0.0285194234869949,0.0002506067751313,0.001056673417894,1.997242713663229e-05,0.001056862152756695,0.0282688167118636,26.747874959972656,False,False
2007-03-08,horizon_monotone_d30,60,0.3,20,0.3,0.0004891761443156,2.492502539800994e-09,3.610355871080274e-05,1.1575010768548776e-09,3.610355872935782e-05,0.0004891736518130602,13.549180995702947,False,False
2007-03-09,delta_monotone_T20,20,0.2,20,0.3,0.0003143965007914,6.629781520077766e-09,3.3991544372127895e-05,2.2566163161140847e-09,3.399154444703354e-05,0.00031438987100987993,9.249061086346634,False,False
2007-03-09,delta_monotone_T60,60,0.2,60,0.3,0.0270160386117314,0.0004485778988447,0.0010225484421031,3.406387198714782e-05,0.0010231156649285718,0.026567460712886702,25.967211356050825,False,False
2007-03-09,horizon_monotone_d20,60,0.2,20,0.2,0.0270160386117314,0.0003143965007914,0.0010225484421031,3.3991544372127895e-05,0.0010231132593883628,0.02670164211094,26.098422502023645,False,False
2007-03-09,horizon_monotone_d30,60,0.3,20,0.3,0.0004485778988447,6.629781520077766e-09,3.406387198714782e-05,2.2566163161140847e-09,3.406387206189442e-05,0.0004485712690631799,13.168534341842323,False,False
2007-03-12,delta_monotone_T20,20,0.2,20,0.3,0.0001893924026983,2.677705831121886e-09,1.5701762895271923e-05,1.3566625601382343e-09,1.5701762953881053e-05,0.00018938972499246888,12.06168540110694,False,False
2007-03-12,delta_monotone_T60,60,0.2,60,0.3,0.0270006124055876,0.0003763222117589,0.0010304269753018,2.976338946637946e-05,0.0010308567363034224,0.026624290193828698,25.827342690994556,False,False
2007-03-12,horizon_monotone_d20,60,0.2,20,0.2,0.0270006124055876,0.0001893924026983,0.0010304269753018,1.5701762895271923e-05,0.0010305466009781583,0.0268112200028893,26.016504229348815,False,False
2007-03-12,horizon_monotone_d30,60,0.3,20,0.3,0.0003763222117589,2.677705831121886e-09,2.976338946637946e-05,1.3566625601382343e-09,2.9763389497298878e-05,0.0003763195340530689,12.643705586261307,False,False
2007-03-13,delta_monotone_T20,20,0.2,20,0.3,0.0015130613399089,1.2118006312884194e-07,9.05612692622788e-05,2.638196205328672e-08,9.056127310502479e-05,0.0015129401598457713,16.706259839028544,False,False
2007-03-13,delta_monotone_T60,60,0.2,60,0.3,0.052110321307587,0.0011581986852588,0.001561332845165,7.875608814088408e-05,0.0015633178738856308,0.0509521226223282,32.592298388866084,False,False
2007-03-13,horizon_monotone_d20,60,0.2,20,0.2,0.052110321307587,0.0015130613399089,0.001561332845165,9.05612692622788e-05,0.0015639570316608538,0.050597259967678096,32.352078058018016,False,False
2007-03-13,horizon_monotone_d30,60,0.3,20,0.3,0.0011581986852588,1.2118006312884194e-07,7.875608814088408e-05,2.638196205328672e-08,7.875609255964025e-05,0.0011580775051956713,14.70460846338567,False,False
2007-03-14,delta_monotone_T20,20,0.2,20,0.3,0.0009237988010287,8.614349616827493e-08,5.958892599559658e-05,1.775628193841773e-08,5.958892864110106e-05,0.0009237126575325317,15.501414081397114,False,False
2007-03-14,delta_monotone_T60,60,0.2,60,0.3,0.0428063031822704,0.0009511163159962,0.0013906882370779,6.696979050974062e-05,0.0013922997973093855,0.041855186866274194,30.061906887553384,False,False
2007-03-14,horizon_monotone_d20,60,0.2,20,0.2,0.0428063031822704,0.0009237988010287,0.0013906882370779,5.958892599559658e-05,0.001391964300134219,0.0418825043812417,30.08877769149914,False,False
2007-03-14,horizon_monotone_d30,60,0.3,20,0.3,0.0009511163159962,8.614349616827493e-08,6.696979050974062e-05,1.775628193841773e-08,6.696979286367917e-05,0.0009510301725000318,14.200882694021585,False,False
2007-03-15,delta_monotone_T20,20,0.2,20,0.3,0.0007994501815446,3.3817142061293074e-08,5.378072690166042e-05,1.0396771628986576e-08,5.3780727906600904e-05,0.0007994163644025388,14.86436490392724,False,False
2007-03-15,delta_monotone_T60,60,0.2,60,0.3,0.0424162417975871,0.0008779045321874,0.0013861051647277,5.768343702112813e-05,0.0013873049075784944,0.041538337265399704,29.941750395667395,False,False
2007-03-15,horizon_monotone_d20,60,0.2,20,0.2,0.0424162417975871,0.0007994501815446,0.0013861051647277,5.378072690166042e-05,0.0013871481154768134,0.0416167916160425,30.001692790922544,False,False
2007-03-15,horizon_monotone_d30,60,0.3,20,0.3,0.0008779045321874,3.3817142061293074e-08,5.768343702112813e-05,1.0396771628986576e-08,5.768343795807697e-05,0.0008778707150453388,15.218765491809894,False,False
2007-03-16,delta_monotone_T20,20,0.2,20,0.3,0.0010016833057109,3.271976083871855e-08,7.227054677865044e-05,9.440154299630943e-09,7.227054739519838e-05,0.0010016505859500612,13.859734318500685,False,False
2007-03-16,delta_monotone_T60,60,0.2,60,0.3,0.0439497976471452,0.0009363137430783,0.0014272067943308,6.0543252707437895e-05,0.0014284903637170239,0.043013483904066896,30.111147401892893,False,False
2007-03-16,horizon_monotone_d20,60,0.2,20,0.2,0.0439497976471452,0.0010016833057109,0.0014272067943308,7.227054677865044e-05,0.0014290354319315122,0.0429481143414343,30.053918455601057,False,False
2007-03-16,horizon_monotone_d30,60,0.3,20,0.3,0.0009363137430783,3.271976083871855e-08,6.0543252707437895e-05,9.440154299630943e-09,6.054325344341184e-05,0.0009362810233174613,15.464663196413422,False,False
2007-03-19,delta_monotone_T20,20,0.2,20,0.3,0.0005316918614262,3.546259695497557e-08,3.866344527368457e-05,9.115196151030384e-09,3.866344634817236e-05,0.000531656398829245,13.750879682105127,False,False
2007-03-19,delta_monotone_T60,60,0.2,60,0.3,0.0392702650332971,0.0007995599959927,0.0013558963922054,5.635202593055664e-05,0.0013570669022646223,0.0384707050373044,28.348421859752037,False,False
2007-03-19,horizon_monotone_d20,60,0.2,20,0.2,0.0392702650332971,0.0005316918614262,0.0013558963922054,3.866344527368457e-05,0.001356447525117006,0.0387385731718709,28.55884393207864,False,False
2007-03-19,horizon_monotone_d30,60,0.3,20,0.3,0.0007995599959927,3.546259695497557e-08,5.635202593055664e-05,9.115196151030384e-09,5.635202666776882e-05,0.000799524533395745,14.188035119117412,False,False
2007-03-20,delta_monotone_T20,20,0.2,20,0.3,0.0004169427428288,1.6260337566940992e-08,3.099453735420874e-05,5.251311295340162e-09,3.099453779906568e-05,0.0004169264824912331,13.451611545044598,False,False
2007-03-20,delta_monotone_T60,60,0.2,60,0.3,0.0344630643760941,0.0007378301684233,0.0011530367032063,5.452771803620195e-05,0.0011543253055248718,0.033725234207670804,29.216403769590702,False,False
2007-03-20,horizon_monotone_d20,60,0.2,20,0.2,0.0344630643760941,0.0004169427428288,0.0011530367032063,3.099453735420874e-05,0.0011534532068040967,0.0340461216332653,29.516690778985122,False,False
2007-03-20,horizon_monotone_d30,60,0.3,20,0.3,0.0007378301684233,1.6260337566940992e-08,5.452771803620195e-05,5.251311295340162e-09,5.452771828906665e-05,0.000737813908085733,13.530988114602112,False,False
2007-03-21,delta_monotone_T20,20,0.2,20,0.3,0.0002179606370736,1.230953905347008e-08,1.9253406732137764e-05,3.994505038406356e-09,1.9253407146507816e-05,0.00021794832753454653,11.319987463833279,False,False
2007-03-21,delta_monotone_T60,60,0.2,60,0.3,0.0307939637997644,0.000646269237665,0.0011029432697559,5.0287096611953885e-05,0.0011040890581766926,0.0301476945620994,27.305491652897736,False,False
2007-03-21,horizon_monotone_d20,60,0.2,20,0.2,0.0307939637997644,0.0002179606370736,0.0011029432697559,1.9253406732137764e-05,0.0011031113044342484,0.030576003162690803,27.717967388950193,False,False
2007-03-21,horizon_monotone_d30,60,0.3,20,0.3,0.000646269237665,1.230953905347008e-08,5.0287096611953885e-05,3.994505038406356e-09,5.028709677060363e-05,0.0006462569281259465,12.851346958326086,False,False
2007-03-22,delta_monotone_T20,20,0.2,20,0.3,0.0002130047444297,1.9946986814621538e-08,1.7910720758864437e-05,5.759011682500649e-09,1.7910721684740484e-05,0.00021298479744288537,11.891469321660189,False,False
2007-03-22,delta_monotone_T60,60,0.2,60,0.3,0.032171171144599,0.0007005754115466,0.001171045335014,5.439337760810489e-05,0.0011723079016135946,0.0314705957330524,26.84499156726272,False,False
2007-03-22,horizon_monotone_d20,60,0.2,20,0.2,0.032171171144599,0.0002130047444297,0.001171045335014,1.7910720758864437e-05,0.0011711822960479522,0.0319581664001693,27.287098266434878,False,False
2007-03-22,horizon_monotone_d30,60,0.3,20,0.3,0.0007005754115466,1.9946986814621538e-08,5.439337760810489e-05,5.759011682500649e-09,5.4393377912978545e-05,0.0007005554645597854,12.879425610973671,False,False
2007-03-23,delta_monotone_T20,20,0.2,20,0.3,0.0002160659401091,1.0421576486459778e-08,1.8111068214225907e-05,4.226285706771913e-09,1.8111068707335712e-05,0.00021605551853261354,11.929473739178205,False,False
2007-03-23,delta_monotone_T60,60,0.2,60,0.3,0.0296828739441135,0.0006859036343941,0.0010554181377094,5.450397163353709e-05,0.0010568245494545474,0.0289969703097194,27.43782809046727,False,False
2007-03-23,horizon_monotone_d20,60,0.2,20,0.2,0.0296828739441135,0.0002160659401091,0.0010554181377094,1.8111068214225907e-05,0.0010555735200344116,0.0294668080040044,27.9154482797596,False,False
2007-03-23,horizon_monotone_d30,60,0.3,20,0.3,0.0006859036343941,1.0421576486459778e-08,5.450397163353709e-05,4.226285706771913e-09,5.450397179739204e-05,0.0006858932128176136,12.584279460720566,False,False
2007-03-26,delta_monotone_T20,20,0.2,20,0.3,0.0002652468155933,2.034151298490401e-08,2.0330505956367254e-05,8.05912484177619e-09,2.033050755370799e-05,0.00026522647408031507,13.045737957090088,False,False
2007-03-26,delta_monotone_T60,60,0.2,60,0.3,0.0322195531397116,0.0007055061585191,0.0012136635396562,4.82639361613847e-05,0.0012146228200658042,0.0315140469811925,25.94554166163713,False,False
2007-03-26,horizon_monotone_d20,60,0.2,20,0.2,0.0322195531397116,0.0002652468155933,0.0012136635396562,2.0330505956367254e-05,0.0012138338094497363,0.0319543063241183,26.32510816172113,False,False
2007-03-26,horizon_monotone_d30,60,0.3,20,0.3,0.0007055061585191,2.034151298490401e-08,4.82639361613847e-05,8.05912484177619e-09,4.8263936834242095e-05,0.0007054858170061152,14.617245572590548,False,False
2007-03-27,delta_monotone_T20,20,0.2,20,0.3,1.0304258707671291e-05,0.0,1.3119685530021469e-06,0.0,1.3119685530021469e-06,1.0304258707671291e-05,7.8540439739140835,False,False
2007-03-27,delta_monotone_T60,60,0.2,60,0.3,0.0087486571196544,4.842809331097064e-05,0.0003970083631183,4.932944907102589e-06,0.00039703900857639726,0.008700229026343428,21.91278146079027,False,False
2007-03-27,horizon_monotone_d20,60,0.2,20,0.2,0.0087486571196544,1.0304258707671291e-05,0.0003970083631183,1.3119685530021469e-06,0.00039701053090233766,0.008738352860946728,22.010380533448153,False,False
2007-03-27,horizon_monotone_d30,60,0.3,20,0.3,4.842809331097064e-05,0.0,4.932944907102589e-06,0.0,4.932944907102589e-06,4.842809331097064e-05,9.817278364743656,False,False
2007-03-28,delta_monotone_T20,20,0.2,20,0.3,1.2355450343273369e-05,0.0,1.5156864326394883e-06,0.0,1.5156864326394883e-06,1.2355450343273369e-05,8.151719298401979,False,False
2007-03-28,delta_monotone_T60,60,0.2,60,0.3,0.0088663604700496,5.6480289185282737e-05,0.000417692323624,6.026116248698478e-06,0.0004177357912502341,0.008809880180864317,21.0895986539659,False,False
2007-03-28,horizon_monotone_d20,60,0.2,20,0.2,0.0088663604700496,1.2355450343273369e-05,0.000417692323624,1.5156864326394883e-06,0.0004176950736120531,0.008854005019706327,21.19729338232452,False,False
2007-03-28,horizon_monotone_d30,60,0.3,20,0.3,5.6480289185282737e-05,0.0,6.026116248698478e-06,0.0,6.026116248698478e-06,5.6480289185282737e-05,9.372585402327969,False,False
2007-03-29,delta_monotone_T20,20,0.2,20,0.3,1.1316253983262256e-05,0.0,1.4161860896849745e-06,0.0,1.4161860896849745e-06,1.1316253983262256e-05,7.990654664444215,False,False
2007-03-29,delta_monotone_T60,60,0.2,60,0.3,0.0081266681684529,5.439761960551008e-05,0.0003798301254489,5.812938843065471e-06,0.00037987460359508157,0.008072270548847389,21.24982947649703,False,False
2007-03-29,horizon_monotone_d20,60,0.2,20,0.2,0.0081266681684529,1.1316253983262256e-05,0.0003798301254489,1.4161860896849745e-06,0.0003798327655450063,0.008115351914469637,21.365592046345064,False,False
2007-03-29,horizon_monotone_d30,60,0.3,20,0.3,5.439761960551008e-05,0.0,5.812938843065471e-06,0.0,5.812938843065471e-06,5.439761960551008e-05,9.358023725022253,False,False
2007-03-30,delta_monotone_T20,20,0.2,20,0.3,5.0324237242221255e-06,0.0,7.302194326784494e-07,0.0,7.302194326784494e-07,5.0324237242221255e-06,6.891659546450529,False,False
2007-03-30,delta_monotone_T60,60,0.2,60,0.3,0.0067440037596994,4.935462474597142e-05,0.0003315189696536,6.338427375951568e-06,0.00033157955742443585,0.006694649134953428,20.19017452992132,False,False
2007-03-30,horizon_monotone_d20,60,0.2,20,0.2,0.0067440037596994,5.0324237242221255e-06,0.0003315189696536,7.302194326784494e-07,0.0003315197738606317,0.006738971335975178,20.327509449883337,False,False
2007-03-30,horizon_monotone_d30,60,0.3,20,0.3,4.935462474597142e-05,0.0,6.338427375951568e-06,0.0,6.338427375951568e-06,4.935462474597142e-05,7.786572570544278,False,False
2007-04-02,delta_monotone_T20,20,0.2,20,0.3,4.077023412134676e-06,0.0,6.430874433342976e-07,0.0,6.430874433342976e-07,4.077023412134676e-06,6.339765228498339,False,False
2007-04-02,delta_monotone_T60,60,0.2,60,0.3,0.006375198692192,3.051157607508216e-05,0.0003531910968356,3.325358573858957e-06,0.00035320675091733304,0.006344687116116918,17.96309696697126,False,False
2007-04-02,horizon_monotone_d20,60,0.2,20,0.2,0.006375198692192,4.077023412134676e-06,0.0003531910968356,6.430874433342976e-07,0.0003531916822992778,0.006371121668779865,18.03870812388294,False,False
2007-04-02,horizon_monotone_d30,60,0.3,20,0.3,3.051157607508216e-05,0.0,3.325358573858957e-06,0.0,3.325358573858957e-06,3.051157607508216e-05,9.17542436323629,False,False
2007-04-03,delta_monotone_T20,20,0.2,20,0.3,7.01987140964473e-07,0.0,1.3957057066253064e-07,0.0,1.3957057066253064e-07,7.01987140964473e-07,5.029621485619745,False,False
2007-04-03,delta_monotone_T60,60,0.2,60,0.3,0.0039258350051684,1.3758192325515424e-05,0.0002106638225036,1.8655835403107363e-06,0.00021067208290082994,0.003912076812842885,18.5695074495676,False,False
2007-04-03,horizon_monotone_d20,60,0.2,20,0.2,0.0039258350051684,7.01987140964473e-07,0.0002106638225036,1.3957057066253064e-07,0.0002106638687382639,0.003925133018027436,18.632207988661584,False,False
2007-04-03,horizon_monotone_d30,60,0.3,20,0.3,1.3758192325515424e-05,0.0,1.8655835403107363e-06,0.0,1.8655835403107363e-06,1.3758192325515424e-05,7.374739339318905,False,False
2007-04-04,delta_monotone_T20,20,0.2,20,0.3,6.829992494103525e-07,0.0,1.334525086411408e-07,0.0,1.334525086411408e-07,6.829992494103525e-07,5.117919897983823,False,False
2007-04-04,delta_monotone_T60,60,0.2,60,0.3,0.0038164381384767,1.46592111392713e-05,0.0002273372452508,2.0261487152204778e-06,0.00022734627412130287,0.0038017789273374286,16.7224158039597,False,False
2007-04-04,horizon_monotone_d20,60,0.2,20,0.2,0.0038164381384767,6.829992494103525e-07,0.0002273372452508,1.334525086411408e-07,0.00022733728442073564,0.0038157551392272895,16.784554935412306,False,False
2007-04-04,horizon_monotone_d30,60,0.3,20,0.3,1.46592111392713e-05,0.0,2.0261487152204778e-06,0.0,2.0261487152204778e-06,1.46592111392713e-05,7.235012429813742,False,False
2007-04-05,delta_monotone_T20,20,0.2,20,0.3,5.509789183340707e-07,0.0,1.2040269328417298e-07,0.0,1.2040269328417298e-07,5.509789183340707e-07,4.576134497537002,False,False
2007-04-05,delta_monotone_T60,60,0.2,60,0.3,0.0030982776789246,1.234148935673418e-05,0.0001746462448255,2.1101613212661355e-06,0.00017465899236068623,0.003085936189567866,17.668349896323317,False,False
2007-04-05,horizon_monotone_d20,60,0.2,20,0.2,0.0030982776789246,5.509789183340707e-07,0.0001746462448255,1.2040269328417298e-07,0.00017464628632884535,0.003097726700006266,17.737146120436183,False,False
2007-04-05,horizon_monotone_d30,60,0.3,20,0.3,1.234148935673418e-05,0.0,2.1101613212661355e-06,0.0,2.1101613212661355e-06,1.234148935673418e-05,5.848599930420988,False,False
2007-04-09,delta_monotone_T20,20,0.2,20,0.3,3.62810034894844e-07,0.0,7.325487818952776e-08,0.0,7.325487818952776e-08,3.62810034894844e-07,4.9527081862885405,False,False
2007-04-09,delta_monotone_T60,60,0.2,60,0.3,0.0032776191624199,1.0288536212091426e-05,0.0001736781964424,1.5378386328204294e-06,0.00017368500472736694,0.0032673306262078084,18.811817585153836,False,False
2007-04-09,horizon_monotone_d20,60,0.2,20,0.2,0.0032776191624199,3.62810034894844e-07,0.0001736781964424,7.325487818952776e-08,0.00017367821189130794,0.003277256352385005,18.86970344003767,False,False
2007-04-09,horizon_monotone_d30,60,0.3,20,0.3,1.0288536212091426e-05,0.0,1.5378386328204294e-06,0.0,1.5378386328204294e-06,1.0288536212091426e-05,6.690257347236769,False,False
2007-04-10,delta_monotone_T20,20,0.2,20,0.3,3.2974648363264986e-07,0.0,6.787512757466675e-08,0.0,6.787512757466675e-08,3.2974648363264986e-07,4.858134274147901,False,False
2007-04-10,delta_monotone_T60,60,0.2,60,0.3,0.0033204255253277,1.0833034254285546e-05,0.0002106898207199,2.0494220161156264e-06,0.00021069978805301096,0.0033095924910734142,15.707621358597372,False,False
2007-04-10,horizon_monotone_d20,60,0.2,20,0.2,0.0033204255253277,3.2974648363264986e-07,0.0002106898207199,6.787512757466675e-08,0.00021068983165311168,0.0033200957788440673,15.758215537949683,False,False
2007-04-10,horizon_monotone_d30,60,0.3,20,0.3,1.0833034254285546e-05,0.0,2.0494220161156264e-06,0.0,2.0494220161156264e-06,1.0833034254285546e-05,5.285897276939547,False,False
2007-04-11,delta_monotone_T20,20,0.2,20,0.3,1.121315938160787e-07,0.0,2.532062383820878e-08,0.0,2.532062383820878e-08,1.121315938160787e-07,4.428468845497886,False,False
2007-04-11,delta_monotone_T60,60,0.2,60,0.3,0.0019167369300311,3.779911970230882e-06,0.0001384365844977,5.374153118619389e-07,0.0001384376276256071,0.001912957018060869,13.81818694000088,False,False
2007-04-11,horizon_monotone_d20,60,0.2,20,0.2,0.0019167369300311,1.121315938160787e-07,0.0001384365844977,2.532062383820878e-08,0.00013843658681332338,0.0019166247984372838,13.844785129105945,False,False
2007-04-11,horizon_monotone_d30,60,0.3,20,0.3,3.779911970230882e-06,0.0,5.374153118619389e-07,0.0,5.374153118619389e-07,3.779911970230882e-06,7.033502557146967,False,False
2007-04-12,delta_monotone_T20,20,0.2,20,0.3,4.662628167052029e-08,0.0,1.247833427012076e-08,0.0,1.247833427012076e-08,4.662628167052029e-08,3.736578990528121,False,False
2007-04-12,delta_monotone_T60,60,0.2,60,0.3,0.0015500801894022,3.4303507957175438e-06,0.000110217238542,5.165922661343822e-07,0.00011021844917886279,0.0015466498386064824,14.0325857433956,False,False
2007-04-12,horizon_monotone_d20,60,0.2,20,0.2,0.0015500801894022,4.662628167052029e-08,0.000110217238542,1.247833427012076e-08,0.00011021723924837238,0.0015500335631205295,14.063440290203236,False,False
2007-04-12,horizon_monotone_d30,60,0.3,20,0.3,3.4303507957175438e-06,0.0,5.165922661343822e-07,0.0,5.165922661343822e-07,3.4303507957175438e-06,6.64034485337262,False,False
2007-04-13,delta_monotone_T20,20,0.2,20,0.3,4.709626263800485e-08,0.0,1.0824543941444212e-08,0.0,1.0824543941444212e-08,4.709626263800485e-08,4.350877311115729,False,False
2007-04-13,delta_monotone_T60,60,0.2,60,0.3,0.0012264604253114,1.2183513641170528e-06,0.0004730684819408,5.328761038369726e-07,0.0004730687820631531,0.0012252420739472828,2.5899871655105686,False,False
2007-04-13,horizon_monotone_d20,60,0.2,20,0.2,0.0012264604253114,4.709626263800485e-08,0.0004730684819408,1.0824543941444212e-08,0.0004730684820646412,0.001226413329048762,2.59246467593075,False,False
2007-04-13,horizon_monotone_d30,60,0.3,20,0.3,1.2183513641170528e-06,0.0,5.328761038369726e-07,0.0,5.328761038369726e-07,1.2183513641170528e-06,2.2863689239286917,False,False
2007-04-16,delta_monotone_T20,20,0.2,20,0.3,6.5322636364973e-08,0.0,1.4592538024620191e-08,0.0,1.4592538024620191e-08,6.5322636364973e-08,4.4764410587631955,False,False
2007-04-16,delta_monotone_T60,60,0.2,60,0.3,0.0019594843834863,1.4608370582969249e-06,0.0005854308450574,7.286910661905001e-07,0.0005854312985614038,0.0019580235464280032,3.344582961723276,False,False
2007-04-16,horizon_monotone_d20,60,0.2,20,0.2,0.0019594843834863,6.5322636364973e-08,0.0005854308450574,1.4592538024620191e-08,0.0005854308452392679,0.001959419060849935,3.3469692907094992,False,False
2007-04-16,horizon_monotone_d30,60,0.3,20,0.3,1.4608370582969249e-06,0.0,7.286910661905001e-07,0.0,7.286910661905001e-07,1.4608370582969249e-06,2.0047412766208135,False,False
2007-04-17,delta_monotone_T20,20,0.2,20,0.3,3.3536312841885446e-08,0.0,9.750994162838634e-09,0.0,9.750994162838634e-09,3.3536312841885446e-08,3.439271143212603,False,False
2007-04-17,delta_monotone_T60,60,0.2,60,0.3,0.0013800417851594,3.0021343434589933e-07,0.0009036523393879,1.2421969579821708e-07,0.0009036523479257701,0.001379741571725054,1.5268499826200772,False,False
2007-04-17,horizon_monotone_d20,60,0.2,20,0.2,0.0013800417851594,3.3536312841885446e-08,0.0009036523393879,9.750994162838634e-09,0.0009036523394405097,0.001380008248846558,1.5271451072665634,False,False
2007-04-17,horizon_monotone_d30,60,0.3,20,0.3,3.0021343434589933e-07,0.0,1.2421969579821708e-07,0.0,1.2421969579821708e-07,3.0021343434589933e-07,2.4167941518192664,False,False
2007-04-18,delta_monotone_T20,20,0.2,20,0.3,1.865099581007289e-08,0.0,5.831728626576489e-09,0.0,5.831728626576489e-09,1.865099581007289e-08,3.1981933667276867,False,False
2007-04-18,delta_monotone_T60,60,0.2,60,0.3,0.0010058979419777,9.10840552311273e-07,0.0002279385920171,4.581855963097207e-07,0.00022793905252233243,0.0010049871014253886,4.40901675384004,False,False
2007-04-18,horizon_monotone_d20,60,0.2,20,0.2,0.0010058979419777,1.865099581007289e-08,0.0002279385920171,5.831728626576489e-09,0.00022793859209170136,0.00100587929098189,4.412939826254684,False,False
2007-04-18,horizon_monotone_d30,60,0.3,20,0.3,9.10840552311273e-07,0.0,4.581855963097207e-07,0.0,4.581855963097207e-07,9.10840552311273e-07,1.9879292575918739,False,False
2007-04-19,delta_monotone_T20,20,0.2,20,0.3,8.029855745738993e-10,0.0,8.029855745738993e-10,0.0,8.029855745738993e-10,8.029855745738993e-10,1.0,False,False
2007-04-19,delta_monotone_T60,60,0.2,60,0.3,0.0002625430185877,2.0469986130280664e-05,4.619278176668312e-05,2.033389586855449e-05,5.047019326828093e-05,0.00024207303245741936,4.796356359696275,False,False
2007-04-19,horizon_monotone_d20,60,0.2,20,0.2,0.0002625430185877,8.029855745738993e-10,4.619278176668312e-05,8.029855745738993e-10,4.6192781773662415e-05,0.00026254221560212545,5.683619940633631,False,False
2007-04-19,horizon_monotone_d30,60,0.3,20,0.3,2.0469986130280664e-05,0.0,2.033389586855449e-05,0.0,2.033389586855449e-05,2.0469986130280664e-05,1.0066927785312716,False,False
2007-04-20,delta_monotone_T20,20,0.2,20,0.3,1.1012708802787866e-08,0.0,3.427441096527784e-09,0.0,3.427441096527784e-09,1.1012708802787866e-08,3.2130993626540922,False,False
2007-04-20,delta_monotone_T60,60,0.2,60,0.3,0.0006905101654546,3.9130575583007125e-07,0.0001774782152281,1.718504503249269e-07,0.00017747829842865035,0.0006901188596987699,3.8884689892167907,False,False
2007-04-20,horizon_monotone_d20,60,0.2,20,0.2,0.0006905101654546,1.1012708802787866e-08,0.0001774782152281,3.427441096527784e-09,0.00017747821526119522,0.0006904991527457971,3.890613570401232,False,False
2007-04-20,horizon_monotone_d30,60,0.3,20,0.3,3.9130575583007125e-07,0.0,1.718504503249269e-07,0.0,1.718504503249269e-07,3.9130575583007125e-07,2.277013269911184,False,False
2007-04-23,delta_monotone_T20,20,0.2,20,0.3,9.232210785619866e-09,0.0,3.844984703224778e-09,0.0,3.844984703224778e-09,9.232210785619866e-09,2.40110468524799,False,False
2007-04-23,delta_monotone_T60,60,0.2,60,0.3,0.0008947169633876,1.1669432641433697e-06,0.0001542115294292,3.767222359289306e-07,0.00015421198957453358,0.0008935500201234566,5.794296685936906,False,False
2007-04-23,horizon_monotone_d20,60,0.2,20,0.2,0.0008947169633876,9.232210785619866e-09,0.0001542115294292,3.844984703224778e-09,0.00015421152947713384,0.0008947077311768144,5.80182126596105,False,False
2007-04-23,horizon_monotone_d30,60,0.3,20,0.3,1.1669432641433697e-06,0.0,3.767222359289306e-07,0.0,3.767222359289306e-07,1.1669432641433697e-06,3.0976224731356603,False,False
2007-04-24,delta_monotone_T20,20,0.2,20,0.3,8.946260522522363e-09,0.0,2.927941604709159e-09,0.0,2.927941604709159e-09,8.946260522522363e-09,3.055477782799231,False,False
2007-04-24,delta_monotone_T60,60,0.2,60,0.3,0.0009526862243097,1.1750170259129982e-06,0.0001738503466612,4.761656883462427e-07,0.00017385099875462943,0.0009515112072837871,5.473142024491531,False,False
2007-04-24,horizon_monotone_d20,60,0.2,20,0.2,0.0009526862243097,8.946260522522363e-09,0.0001738503466612,2.927941604709159e-09,0.00017385034668585577,0.0009526772780491775,5.4798698778015495,False,False
2007-04-24,horizon_monotone_d30,60,0.3,20,0.3,1.1750170259129982e-06,0.0,4.761656883462427e-07,0.0,4.761656883462427e-07,1.1750170259129982e-06,2.4676642073768815,False,False
2007-04-25,delta_monotone_T20,20,0.2,20,0.3,8.205920509462045e-09,0.0,3.116972566701877e-09,0.0,3.116972566701877e-09,8.205920509462045e-09,2.632657276847602,False,False
2007-04-25,delta_monotone_T60,60,0.2,60,0.3,0.0089745322910275,1.2388402446654962e-06,0.008214619215501,6.443315909858169e-07,0.008214619240770778,0.008973293450782833,1.0923565886348823,False,False
2007-04-25,horizon_monotone_d20,60,0.2,20,0.2,0.0089745322910275,8.205920509462045e-09,0.008214619215501,3.116972566701877e-09,0.008214619215501592,0.00897452408510699,1.0925064022652933,False,False
2007-04-25,horizon_monotone_d30,60,0.3,20,0.3,1.2388402446654962e-06,0.0,6.443315909858169e-07,0.0,6.443315909858169e-07,1.2388402446654962e-06,1.9226750046045247,False,False
2007-04-26,delta_monotone_T20,20,0.2,20,0.3,1.0360187944988911e-08,0.0,3.3812735450401863e-09,0.0,3.3812735450401863e-09,1.0360187944988911e-08,3.063989886350878,False,False
2007-04-26,delta_monotone_T60,60,0.2,60,0.3,0.0018107460890578,3.4899539375287764e-07,0.0009574083797561,2.5151778834931225e-07,0.0009574084127938288,0.001810397093664047,1.890935017357011,False,False
2007-04-26,horizon_monotone_d20,60,0.2,20,0.2,0.0018107460890578,1.0360187944988911e-08,0.0009574083797561,3.3812735450401863e-09,0.0009574083797620708,0.001810735728869855,1.8912887824523197,False,False
2007-04-26,horizon_monotone_d30,60,0.3,20,0.3,3.4899539375287764e-07,0.0,2.5151778834931225e-07,0.0,2.5151778834931225e-07,3.4899539375287764e-07,1.387557500577998,False,False
2007-04-27,delta_monotone_T20,20,0.2,20,0.3,5.3012937967001614e-09,0.0,2.53853158366055e-09,0.0,2.53853158366055e-09,5.3012937967001614e-09,2.088330840877592,False,False
2007-04-27,delta_monotone_T60,60,0.2,60,0.3,0.0010504415833626,7.505929178166453e-07,0.0003577439253588,3.166223702281142e-07,0.0003577440654725777,0.0010496909904447833,2.9341953976459343,False,False
2007-04-27,horizon_monotone_d20,60,0.2,20,0.2,0.0010504415833626,5.3012937967001614e-09,0.0003577439253588,2.53853158366055e-09,0.0003577439253678067,0.0010504362820688033,2.9362798571319413,False,False
2007-04-27,horizon_monotone_d30,60,0.3,20,0.3,7.505929178166453e-07,0.0,3.166223702281142e-07,0.0,3.166223702281142e-07,7.505929178166453e-07,2.370625035988051,False,False
2007-04-30,delta_monotone_T20,20,0.2,20,0.3,3.874178758702863e-08,0.0,1.0373389343534988e-08,0.0,1.0373389343534988e-08,3.874178758702863e-08,3.7347279952596875,False,False
2007-04-30,delta_monotone_T60,60,0.2,60,0.3,0.0013471138571751,1.909956662363284e-06,8.329150017051654e-05,3.534011310891154e-07,8.329224989766222e-05,0.0013452039005127368,16.15040897761237,False,False
2007-04-30,horizon_monotone_d20,60,0.2,20,0.2,0.0013471138571751,3.874178758702863e-08,8.329150017051654e-05,1.0373389343534988e-08,8.329150081648404e-05,0.001347075115387513,16.173020082271304,False,False
2007-04-30,horizon_monotone_d30,60,0.3,20,0.3,1.909956662363284e-06,0.0,3.534011310891154e-07,0.0,3.534011310891154e-07,1.909956662363284e-06,5.40450070569146,False,False
2007-05-01,delta_monotone_T20,20,0.2,20,0.3,3.3749142477933515e-08,0.0,9.532440409786776e-09,0.0,9.532440409786776e-09,3.3749142477933515e-08,3.540451450741188,False,False
2007-05-01,delta_monotone_T60,60,0.2,60,0.3,0.0012280032093645,1.7862980773476309e-06,8.458028738782439e-05,3.37474546567216e-07,8.458096064526901e-05,0.0012262169112871523,14.49755242707497,False,False
2007-05-01,horizon_monotone_d20,60,0.2,20,0.2,0.0012280032093645,3.3749142477933515e-08,8.458028738782439e-05,9.532440409786776e-09,8.458028792499104e-05,0.0012279694602220221,14.518388271638793,False,False
2007-05-01,horizon_monotone_d30,60,0.3,20,0.3,1.7862980773476309e-06,0.0,3.37474546567216e-07,0.0,3.37474546567216e-07,1.7862980773476309e-06,5.29313423936062,False,False
2007-05-02,delta_monotone_T20,20,0.2,20,0.3,8.503443682683653e-09,0.0,3.1750769560882127e-09,0.0,3.1750769560882127e-09,8.503443682683653e-09,2.6781850645787633,False,False
2007-05-02,delta_monotone_T60,60,0.2,60,0.3,0.0011646714734422,6.902692121946746e-08,0.000439270270447,2.4223984340861543e-08,0.0004392702711149275,0.0011646024465209806,2.6512207246920254,False,False
2007-05-02,horizon_monotone_d20,60,0.2,20,0.2,0.0011646714734422,8.503443682683653e-09,0.000439270270447,3.1750769560882127e-09,0.0004392702704584748,0.0011646629699985174,2.651358510520041,False,False
2007-05-02,horizon_monotone_d30,60,0.3,20,0.3,6.902692121946746e-08,0.0,2.4223984340861543e-08,0.0,2.4223984340861543e-08,6.902692121946746e-08,2.8495279821920687,False,False
2007-05-03,delta_monotone_T20,20,0.2,20,0.3,1.1998487749843742e-08,0.0,3.935313534722405e-09,0.0,3.935313534722405e-09,1.1998487749843742e-08,3.0489280317762812,False,False
2007-05-03,delta_monotone_T60,60,0.2,60,0.3,0.0008110324403706,1.2976014880360117e-07,0.0003438188474661,6.822129750234609e-08,0.0003438188542344104,0.0008109026802217964,2.3585171965843834,False,False
2007-05-03,horizon_monotone_d20,60,0.2,20,0.2,0.0008110324403706,1.1998487749843742e-08,0.0003438188474661,3.935313534722405e-09,0.00034381884748862156,0.0008110204418828502,2.3588597536372413,False,False
2007-05-03,horizon_monotone_d30,60,0.3,20,0.3,1.2976014880360117e-07,0.0,6.822129750234609e-08,0.0,6.822129750234609e-08,1.2976014880360117e-07,1.902047506486355,False,False
2007-05-04,delta_monotone_T20,20,0.2,20,0.3,9.755538912757264e-09,0.0,3.1680235437384072e-09,0.0,3.1680235437384072e-09,9.755538912757264e-09,3.0793770242140623,False,False
2007-05-04,delta_monotone_T60,60,0.2,60,0.3,0.0006797694296857,1.114991953864473e-05,0.0003307215008909,1.1074298085032758e-05,0.00033090686186539823,0.0006686195101470553,2.020567075514521,False,False
2007-05-04,horizon_monotone_d20,60,0.2,20,0.2,0.0006797694296857,9.755538912757264e-09,0.0003307215008909,3.1680235437384072e-09,0.0003307215009060735,0.0006797596741467873,2.0553839780130967,False,False
2007-05-04,horizon_monotone_d30,60,0.3,20,0.3,1.114991953864473e-05,0.0,1.1074298085032758e-05,0.0,1.1074298085032758e-05,1.114991953864473e-05,1.0068285550046894,False,False
2007-05-07,delta_monotone_T20,20,0.2,20,0.3,8.328386762303157e-09,0.0,3.5240220901670963e-09,0.0,3.5240220901670963e-09,8.328386762303157e-09,2.3633185460276884,False,False
2007-05-07,delta_monotone_T60,60,0.2,60,0.3,0.0013090353389871,9.166144687179335e-08,0.0004229507895714,5.168932509566394e-08,0.00042295079272990733,0.0013089436775402283,3.094789512254463,False,False
2007-05-07,horizon_monotone_d20,60,0.2,20,0.2,0.0013090353389871,8.328386762303157e-09,0.0004229507895714,3.5240220901670963e-09,0.0004229507895860811,0.0013090270106003376,3.094986563050068,False,False
2007-05-07,horizon_monotone_d30,60,0.3,20,0.3,9.166144687179335e-08,0.0,5.168932509566394e-08,0.0,5.168932509566394e-08,9.166144687179335e-08,1.7733148324562387,False,False
2007-05-08,delta_monotone_T20,20,0.2,20,0.3,1.0704190521836545e-08,0.0,3.5018065325642115e-09,0.0,3.5018065325642115e-09,1.0704190521836545e-08,3.0567623945799083,False,False
2007-05-08,delta_monotone_T60,60,0.2,60,0.3,0.0012184931030462,7.368822112939031e-07,0.000304738669016,3.541001834391405e-07,0.0003047388747445641,0.001217756220834906,3.996064571202622,False,False
2007-05-08,horizon_monotone_d20,60,0.2,20,0.2,0.0012184931030462,1.0704190521836545e-08,0.000304738669016,3.5018065325642115e-09,0.00030473866903612,0.0012184823988556782,3.998450221987595,False,False
2007-05-08,horizon_monotone_d30,60,0.3,20,0.3,7.368822112939031e-07,0.0,3.541001834391405e-07,0.0,3.541001834391405e-07,7.368822112939031e-07,2.080999236253013,False,False
2007-05-09,delta_monotone_T20,20,0.2,20,0.3,1.3824325297092192e-08,0.0,3.87184454166261e-09,0.0,3.87184454166261e-09,1.3824325297092192e-08,3.570475298875477,False,False
2007-05-09,delta_monotone_T60,60,0.2,60,0.3,0.0014548587758739,3.702742122174405e-07,0.0007451168273406,2.4250252998873136e-07,0.0007451168668025161,0.0014544885016616826,1.95202734827794,False,False
2007-05-09,horizon_monotone_d20,60,0.2,20,0.2,0.0014548587758739,1.3824325297092192e-08,0.0007451168273406,3.87184454166261e-09,0.0007451168273506596,0.0014548449515486028,1.9525058328389324,False,False
2007-05-09,horizon_monotone_d30,60,0.3,20,0.3,3.702742122174405e-07,0.0,2.4250252998873136e-07,0.0,2.4250252998873136e-07,3.702742122174405e-07,1.5268880379707643,False,False
2007-05-10,delta_monotone_T20,20,0.2,20,0.3,8.440216648362206e-08,0.0,1.8416221943133863e-08,0.0,1.8416221943133863e-08,8.440216648362206e-08,4.5830337375516805,False,False
2007-05-10,delta_monotone_T60,60,0.2,60,0.3,0.0012847330782965,2.3222979181074047e-06,8.924491513756035e-05,3.659792025667927e-07,8.924566554565584e-05,0.0012824107803783927,14.369446096206696,False,False
2007-05-10,horizon_monotone_d20,60,0.2,20,0.2,0.0012847330782965,8.440216648362206e-08,8.924491513756035e-05,1.8416221943133863e-08,8.92449170377091e-05,0.0012846486761300163,14.394642504818592,False,False
2007-05-10,horizon_monotone_d30,60,0.3,20,0.3,2.3222979181074047e-06,0.0,3.659792025667927e-07,0.0,3.659792025667927e-07,2.3222979181074047e-06,6.345436849471183,False,False
2007-05-11,delta_monotone_T20,20,0.2,20,0.3,2.9140731974082933e-08,0.0,8.159033764625869e-09,0.0,8.159033764625869e-09,2.9140731974082933e-08,3.571591050453163,False,False
2007-05-11,delta_monotone_T60,60,0.2,60,0.3,0.0016494835725609,2.7817255130589222e-06,0.0003459792167433,1.2009618244837852e-06,0.0003459813011242244,0.001646701847047841,4.759511111430249,False,False
2007-05-11,horizon_monotone_d20,60,0.2,20,0.2,0.0016494835725609,2.9140731974082933e-08,0.0003459792167433,8.159033764625869e-09,0.00034597921683950496,0.0016494544318289258,4.767495709414491,False,False
2007-05-11,horizon_monotone_d30,60,0.3,20,0.3,2.7817255130589222e-06,0.0,1.2009618244837852e-06,0.0,1.2009618244837852e-06,2.7817255130589222e-06,2.31624807412559,False,False
2007-05-14,delta_monotone_T20,20,0.2,20,0.3,1.4342693686448248e-08,0.0,5.514650617883889e-09,0.0,5.514650617883889e-09,1.4342693686448248e-08,2.6008345188605806,False,False
2007-05-14,delta_monotone_T60,60,0.2,60,0.3,0.0012158174720503,1.9884178451823773e-06,0.0001565461989347,5.295711853988497e-07,0.00015654709466017907,0.0012138290542051176,7.753762896973646,False,False
2007-05-14,horizon_monotone_d20,60,0.2,20,0.2,0.0012158174720503,1.4342693686448248e-08,0.0001565461989347,5.514650617883889e-09,0.00015654619903183225,0.0012158031293566136,7.766417433804261,False,False
2007-05-14,horizon_monotone_d30,60,0.3,20,0.3,1.9884178451823773e-06,0.0,5.295711853988497e-07,0.0,5.295711853988497e-07,1.9884178451823773e-06,3.754769708032337,False,False
2007-05-15,delta_monotone_T20,20,0.2,20,0.3,6.606254010939683e-09,0.0,3.859955339695661e-09,0.0,3.859955339695661e-09,6.606254010939683e-09,1.7114845715962494,False,False
2007-05-15,delta_monotone_T60,60,0.2,60,0.3,0.0011307158594725,2.2114502562787982e-06,0.0002516112734677,1.031171577153569e-06,0.0002516133864699159,0.001128504409216221,4.4850730124056835,False,False
2007-05-15,horizon_monotone_d20,60,0.2,20,0.2,0.0011307158594725,6.606254010939683e-09,0.0002516112734677,3.859955339695661e-09,0.0002516112734973077,0.001130709253218489,4.493873575305392,False,False
2007-05-15,horizon_monotone_d30,60,0.3,20,0.3,2.2114502562787982e-06,0.0,1.031171577153569e-06,0.0,1.031171577153569e-06,2.2114502562787982e-06,2.144599701228435,False,False
2007-05-16,delta_monotone_T20,20,0.2,20,0.3,1.744938824867375e-08,0.0,5.173274142944528e-09,0.0,5.173274142944528e-09,1.744938824867375e-08,3.3729873512448143,False,False
2007-05-16,delta_monotone_T60,60,0.2,60,0.3,0.0008325022586087,2.966778676349646e-06,0.0001871770833536,1.954089162378065e-06,0.00018718728321447226,0.0008295354799323504,4.43158031724783,False,False
2007-05-16,horizon_monotone_d20,60,0.2,20,0.2,0.0008325022586087,1.744938824867375e-08,0.0001871770833536,5.173274142944528e-09,0.0001871770834250905,0.0008324848092204514,4.447578699203405,False,False
2007-05-16,horizon_monotone_d30,60,0.3,20,0.3,2.966778676349646e-06,0.0,1.954089162378065e-06,0.0,1.954089162378065e-06,2.966778676349646e-06,1.5182412007951418,False,False
2007-05-17,delta_monotone_T20,20,0.2,20,0.3,2.123146747961952e-08,0.0,6.187369975599202e-09,0.0,6.187369975599202e-09,2.123146747961952e-08,3.431420387555442,False,False
2007-05-17,delta_monotone_T60,60,0.2,60,0.3,0.0016741694613032,1.855222744818732e-06,0.0002622660085472,8.751375941160188e-07,0.0002622674686366737,0.0016723142385583812,6.376369312028873,False,False
2007-05-17,horizon_monotone_d20,60,0.2,20,0.2,0.0016741694613032,2.123146747961952e-08,0.0002622660085472,6.187369975599202e-09,0.0002622660086201861,0.0016741482298357204,6.383397675679061,False,False
2007-05-17,horizon_monotone_d30,60,0.3,20,0.3,1.855222744818732e-06,0.0,8.751375941160188e-07,0.0,8.751375941160188e-07,1.855222744818732e-06,2.1199212070105418,False,False
2007-05-18,delta_monotone_T20,20,0.2,20,0.3,2.1666024660716223e-08,0.0,5.901231720337195e-09,0.0,5.901231720337195e-09,2.1666024660716223e-08,3.6714410969576754,False,False
2007-05-18,delta_monotone_T60,60,0.2,60,0.3,0.0007634162670272,2.806675920824019e-06,0.0001788710658618,1.7980747973307267e-06,0.00017888010307329653,0.000760609591106376,4.252063689804083,False,False
2007-05-18,horizon_monotone_d20,60,0.2,20,0.2,0.0007634162670272,2.1666024660716223e-08,0.0001788710658618,5.901231720337195e-09,0.00017887106595914536,0.0007633946010025393,4.267848446639776,False,False
2007-05-18,horizon_monotone_d30,60,0.3,20,0.3,2.806675920824019e-06,0.0,1.7980747973307267e-06,0.0,1.7980747973307267e-06,2.806675920824019e-06,1.5609339083060272,False,False
2007-05-21,delta_monotone_T20,20,0.2,20,0.3,1.1519839206932485e-08,0.0,4.1690621673136735e-09,0.0,4.1690621673136735e-09,1.1519839206932485e-08,2.763172805925144,False,False
2007-05-21,delta_monotone_T60,60,0.2,60,0.3,0.000706305815191,6.353963174520503e-07,0.0001169843035872,3.228532119891093e-07,0.00011698474909140366,0.000705670418873548,6.032157391064597,False,False
2007-05-21,horizon_monotone_d20,60,0.2,20,0.2,0.000706305815191,1.1519839206932485e-08,0.0001169843035872,4.1690621673136735e-09,0.00011698430366148809,0.0007062942953517932,6.037513352180676,False,False
2007-05-21,horizon_monotone_d30,60,0.3,20,0.3,6.353963174520503e-07,0.0,3.228532119891093e-07,0.0,3.228532119891093e-07,6.353963174520503e-07,1.9680656529242893,False,False
2007-05-22,delta_monotone_T20,20,0.2,20,0.3,2.1477688665015138e-08,0.0,5.811675464185155e-09,0.0,5.811675464185155e-09,2.1477688665015138e-08,3.6956104650668906,False,False
2007-05-22,delta_monotone_T60,60,0.2,60,0.3,0.0011544243267925,1.2489261794087152e-06,0.000196961772907,7.935773644851342e-07,0.00019696337159914293,0.0011531754006130913,5.854770819825412,False,False
2007-05-22,horizon_monotone_d20,60,0.2,20,0.2,0.0011544243267925,2.1477688665015138e-08,0.000196961772907,5.811675464185155e-09,0.00019696177299274146,0.0011544028491038349,5.861050251341805,False,False
2007-05-22,horizon_monotone_d30,60,0.3,20,0.3,1.2489261794087152e-06,0.0,7.935773644851342e-07,0.0,7.935773644851342e-07,1.2489261794087152e-06,1.5737925945241737,False,False
2007-05-23,delta_monotone_T20,20,0.2,20,0.3,2.3365152636181893e-08,0.0,6.298453922624185e-09,0.0,6.298453922624185e-09,2.3365152636181893e-08,3.709664772215567,False,False
2007-05-23,delta_monotone_T60,60,0.2,60,0.3,0.0008563693973933,2.7360711016265004e-07,0.0001953994469146,9.706840859946012e-08,0.0001953994710248918,0.0008560957902831373,4.3812595079854635,False,False
2007-05-23,horizon_monotone_d20,60,0.2,20,0.2,0.0008563693973933,2.3365152636181893e-08,0.0001953994469146,6.298453922624185e-09,0.00019539944701611135,0.0008563460322406638,4.382540715020832,False,False
2007-05-23,horizon_monotone_d30,60,0.3,20,0.3,2.7360711016265004e-07,0.0,9.706840859946012e-08,0.0,9.706840859946012e-08,2.7360711016265004e-07,2.81870398526521,False,False
2007-05-24,delta_monotone_T20,20,0.2,20,0.3,4.1186023348136616e-08,0.0,1.0945072238252618e-08,0.0,1.0945072238252618e-08,4.1186023348136616e-08,3.762974099357061,False,False
2007-05-24,delta_monotone_T60,60,0.2,60,0.3,0.0013662432171081,1.9997425982517685e-06,9.18385066415888e-05,3.689176502359602e-07,9.183924761445841e-05,0.0013642434745098483,14.854689143762903,False,False
2007-05-24,horizon_monotone_d20,60,0.2,20,0.2,0.0013662432171081,4.1186023348136616e-08,9.18385066415888e-05,1.0945072238252618e-08,9.18385072937913e-05,0.001366202031084752,14.876134982402021,False,False
2007-05-24,horizon_monotone_d30,60,0.3,20,0.3,1.9997425982517685e-06,0.0,3.689176502359602e-07,0.0,3.689176502359602e-07,1.9997425982517685e-06,5.420566343119476,False,False
2007-05-25,delta_monotone_T20,20,0.2,20,0.3,3.53370229967551e-08,0.0,9.972681087419903e-09,0.0,9.972681087419903e-09,3.53370229967551e-08,3.543382435173947,False,False
2007-05-25,delta_monotone_T60,60,0.2,60,0.3,0.0013770728977549,2.535221026090888e-06,0.0001029474031554,3.964044334175342e-07,0.00010294816634071389,0.0013745376767288092,13.351745111998248,False,False
2007-05-25,horizon_monotone_d20,60,0.2,20,0.2,0.0013770728977549,3.53370229967551e-08,0.0001029474031554,9.972681087419903e-09,0.00010294740363843485,0.0013770375607319032,13.376127149046367,False,False
2007-05-25,horizon_monotone_d30,60,0.3,20,0.3,2.535221026090888e-06,0.0,3.964044334175342e-07,0.0,3.964044334175342e-07,2.535221026090888e-06,6.3955415539475835,False,False
2007-05-29,delta_monotone_T20,20,0.2,20,0.3,2.0402732416246924e-08,0.0,6.882852787461821e-09,0.0,6.882852787461821e-09,2.0402732416246924e-08,2.9642842940667933,False,False
2007-05-29,delta_monotone_T60,60,0.2,60,0.3,0.0011540479526674,1.1977612002642225e-06,0.0002539869524328,4.4295727438022134e-07,0.00025398733869476316,0.001152850191467136,4.539006540214227,False,False
2007-05-29,horizon_monotone_d20,60,0.2,20,0.2,0.0011540479526674,2.0402732416246924e-08,0.0002539869524328,6.882852787461821e-09,0.00025398695252606,0.0011540275499349838,4.543648949119055,False,False
2007-05-29,horizon_monotone_d30,60,0.3,20,0.3,1.1977612002642225e-06,0.0,4.4295727438022134e-07,0.0,4.4295727438022134e-07,1.1977612002642225e-06,2.70401067899858,False,False
2007-05-30,delta_monotone_T20,20,0.2,20,0.3,1.44916136247214e-08,0.0,4.4825187440557676e-09,0.0,4.4825187440557676e-09,1.44916136247214e-08,3.232917574285353,False,False
2007-05-30,delta_monotone_T60,60,0.2,60,0.3,0.0012834186518324,5.036307429683165e-06,0.0004676675039224,3.3981429712238423e-06,0.00046767984947040524,0.0012783823444027168,2.7334561150118843,False,False
2007-05-30,horizon_monotone_d20,60,0.2,20,0.2,0.0012834186518324,1.44916136247214e-08,0.0004676675039224,4.4825187440557676e-09,0.00046766750394388213,0.0012834041602187752,2.744266277634671,False,False
2007-05-30,horizon_monotone_d30,60,0.3,20,0.3,5.036307429683165e-06,0.0,3.3981429712238423e-06,0.0,3.3981429712238423e-06,5.036307429683165e-06,1.4820763788727045,False,False
2007-05-31,delta_monotone_T20,20,0.2,20,0.3,1.333350827382339e-08,0.0,4.3331274394928614e-09,0.0,4.3331274394928614e-09,1.333350827382339e-08,3.077109653480192,False,False
2007-05-31,delta_monotone_T60,60,0.2,60,0.3,0.0027285459789023,1.0348317685185882e-06,0.0016871281249322,5.090699286471117e-07,0.001687128201734958,0.0027275111471337815,1.6166590922544866,False,False
2007-05-31,horizon_monotone_d20,60,0.2,20,0.2,0.0027285459789023,1.333350827382339e-08,0.0016871281249322,4.3331274394928614e-09,0.0016871281249377645,0.0027285326453940265,1.617264631573063,False,False
2007-05-31,horizon_monotone_d30,60,0.3,20,0.3,1.0348317685185882e-06,0.0,5.090699286471117e-07,0.0,5.090699286471117e-07,1.0348317685185882e-06,2.032789034050243,False,False
2007-06-01,delta_monotone_T20,20,0.2,20,0.3,7.24022257871051e-09,0.0,3.513243989603423e-09,0.0,3.513243989603423e-09,7.24022257871051e-09,2.060836822075597,False,False
2007-06-01,delta_monotone_T60,60,0.2,60,0.3,0.0005531891047367,3.628221600898982e-07,0.0001295427464451,2.137184098059485e-07,0.00012954292274029546,0.0005528262825766102,4.267514356495592,False,False
2007-06-01,horizon_monotone_d20,60,0.2,20,0.2,0.0005531891047367,7.24022257871051e-09,0.0001295427464451,3.513243989603423e-09,0.0001295427464927402,0.0005531818645141213,4.270265063008546,False,False
2007-06-01,horizon_monotone_d30,60,0.3,20,0.3,3.628221600898982e-07,0.0,2.137184098059485e-07,0.0,2.137184098059485e-07,3.628221600898982e-07,1.6976645129417376,False,False
2007-06-04,delta_monotone_T20,20,0.2,20,0.3,9.67313325955358e-09,0.0,3.475786475400681e-09,0.0,3.475786475400681e-09,9.67313325955358e-09,2.7830056098133826,False,False
2007-06-04,delta_monotone_T60,60,0.2,60,0.3,0.0007841449664436,2.0340945998726574e-05,0.0002186892404498,1.967326062651027e-05,0.00021957235953596037,0.0007638040204448734,3.4785982263846,False,False
2007-06-04,horizon_monotone_d20,60,0.2,20,0.2,0.0007841449664436,9.67313325955358e-09,0.0002186892404498,3.475786475400681e-09,0.0002186892404774216,0.0007841352933103405,3.585614416139041,False,False
2007-06-04,horizon_monotone_d30,60,0.3,20,0.3,2.0340945998726574e-05,0.0,1.967326062651027e-05,0.0,1.967326062651027e-05,2.0340945998726574e-05,1.0339387244896545,False,False
2007-06-05,delta_monotone_T20,20,0.2,20,0.3,1.611633567761676e-08,0.0,4.528325951986334e-09,0.0,4.528325951986334e-09,1.611633567761676e-08,3.5590052148404614,False,False
2007-06-05,delta_monotone_T60,60,0.2,60,0.3,0.0011719157652611,2.871917464882662e-06,0.0001506481863301,1.1417896206276758e-06,0.00015065251318211159,0.0011690438477962174,7.759869537543361,False,False
2007-06-05,horizon_monotone_d20,60,0.2,20,0.2,0.0011719157652611,1.611633567761676e-08,0.0001506481863301,4.528325951986334e-09,0.00015064818639815835,0.0011718996489254224,7.779049167098029,False,False
2007-06-05,horizon_monotone_d30,60,0.3,20,0.3,2.871917464882662e-06,0.0,1.1417896206276758e-06,0.0,1.1417896206276758e-06,2.871917464882662e-06,2.515277256859178,False,False
2007-06-06,delta_monotone_T20,20,0.2,20,0.3,1.4827551116596824e-07,0.0,3.5695735118469346e-08,0.0,3.5695735118469346e-08,1.4827551116596824e-07,4.153871903011992,False,False
2007-06-06,delta_monotone_T60,60,0.2,60,0.3,0.0017631813686741,3.901713416976489e-06,0.0001177184141961,6.311091180399393e-07,0.0001177201059274219,0.0017592796552571236,14.944597963085203,False,False
2007-06-06,horizon_monotone_d20,60,0.2,20,0.2,0.0017631813686741,1.4827551116596824e-07,0.0001177184141961,3.5695735118469346e-08,0.00011771841960810578,0.0017630330931629342,14.97669692671899,False,False
2007-06-06,horizon_monotone_d30,60,0.3,20,0.3,3.901713416976489e-06,0.0,6.311091180399393e-07,0.0,6.311091180399393e-07,3.901713416976489e-06,6.182311910013589,False,False
2007-06-07,delta_monotone_T20,20,0.2,20,0.3,4.2195545857709255e-06,0.0,5.726703248659447e-07,0.0,5.726703248659447e-07,4.2195545857709255e-06,7.368208902318577,False,False
2007-06-07,delta_monotone_T60,60,0.2,60,0.3,0.0051960311762483,1.826656441751407e-05,0.0002639906214784,2.309621308855108e-06,0.00026400072458071435,0.005177764611830786,19.612690912322705,False,False
2007-06-07,horizon_monotone_d20,60,0.2,20,0.2,0.0051960311762483,4.2195545857709255e-06,0.0002639906214784,5.726703248659447e-07,0.0002639912426196234,0.005191811621662529,19.666605490937613,False,False
2007-06-07,horizon_monotone_d30,60,0.3,20,0.3,1.826656441751407e-05,0.0,2.309621308855108e-06,0.0,2.309621308855108e-06,1.826656441751407e-05,7.908900193932185,False,False
2007-06-08,delta_monotone_T20,20,0.2,20,0.3,1.396569395452744e-06,0.0,2.2897343680440198e-07,0.0,2.2897343680440198e-07,1.396569395452744e-06,6.0992638051974035,False,False
2007-06-08,delta_monotone_T60,60,0.2,60,0.3,0.0040030428280367,1.633999816912792e-05,0.0002085565620384,2.109412585761871e-06,0.00020856722942671016,0.003986702829867572,19.114713470691648,False,False
2007-06-08,horizon_monotone_d20,60,0.2,20,0.2,0.0040030428280367,1.396569395452744e-06,0.0002085565620384,2.2897343680440198e-07,0.00020855668773288416,0.0040016462586412475,19.18733128216194,False,False
2007-06-08,horizon_monotone_d30,60,0.3,20,0.3,1.633999816912792e-05,0.0,2.109412585761871e-06,0.0,2.109412585761871e-06,1.633999816912792e-05,7.746231476677329,False,False
2007-06-11,delta_monotone_T20,20,0.2,20,0.3,9.006827778438942e-07,0.0,1.616322788432495e-07,0.0,1.616322788432495e-07,9.006827778438942e-07,5.5724189765175165,False,False
2007-06-11,delta_monotone_T60,60,0.2,60,0.3,0.003195270833534,9.316900807288964e-06,0.0001868592481616,1.229293026627257e-06,0.00018686329169974428,0.003185953932726711,17.049651131298525,False,False
2007-06-11,horizon_monotone_d20,60,0.2,20,0.2,0.003195270833534,9.006827778438942e-07,0.0001868592481616,1.616322788432495e-07,0.00018685931806712764,0.003194370150756156,17.095054096304715,False,False
2007-06-11,horizon_monotone_d30,60,0.3,20,0.3,9.316900807288964e-06,0.0,1.229293026627257e-06,0.0,1.229293026627257e-06,9.316900807288964e-06,7.579072365562202,False,False
2007-06-12,delta_monotone_T20,20,0.2,20,0.3,3.5103290797297377e-06,0.0,5.208246326429431e-07,0.0,5.208246326429431e-07,3.5103290797297377e-06,6.739944426046918,False,False
2007-06-12,delta_monotone_T60,60,0.2,60,0.3,0.005398777967094,2.718891267661286e-05,0.000265552654085,3.6036223044307778e-06,0.0002655771040306386,0.005371589054417387,20.226099964542453,False,False
2007-06-12,horizon_monotone_d20,60,0.2,20,0.2,0.005398777967094,3.5103290797297377e-06,0.000265552654085,5.208246326429431e-07,0.0002655531648274703,0.00539526763801427,20.31709033300195,False,False
2007-06-12,horizon_monotone_d30,60,0.3,20,0.3,2.718891267661286e-05,0.0,3.6036223044307778e-06,0.0,3.6036223044307778e-06,2.718891267661286e-05,7.544884113738322,False,False
2007-06-13,delta_monotone_T20,20,0.2,20,0.3,1.985682575988317e-06,0.0,3.359554706883951e-07,0.0,3.359554706883951e-07,1.985682575988317e-06,5.910552883450659,False,False
2007-06-13,delta_monotone_T60,60,0.2,60,0.3,0.0048321009458882,2.808274347523771e-05,0.0002621294753296,3.5172909723555053e-06,0.00026215307202540197,0.0048040182024129624,18.325240918586164,False,False
2007-06-13,horizon_monotone_d20,60,0.2,20,0.2,0.0048321009458882,1.985682575988317e-06,0.0002621294753296,3.359554706883951e-07,0.00026212969061640016,0.004830115263312212,18.426433312282004,False,False
2007-06-13,horizon_monotone_d30,60,0.3,20,0.3,2.808274347523771e-05,0.0,3.5172909723555053e-06,0.0,3.5172909723555053e-06,2.808274347523771e-05,7.984196842387166,False,False
2007-06-14,delta_monotone_T20,20,0.2,20,0.3,1.256539834638191e-06,0.0,2.1660639871713765e-07,0.0,2.1660639871713765e-07,1.256539834638191e-06,5.801028234069316,False,False
2007-06-14,delta_monotone_T60,60,0.2,60,0.3,0.0045895292483335,2.052702647649008e-05,0.0002293813355574,2.589532628810012e-06,0.00022939595197241867,0.004569002221857009,19.917536393172107,False,False
2007-06-14,horizon_monotone_d20,60,0.2,20,0.2,0.0045895292483335,1.256539834638191e-06,0.0002293813355574,2.1660639871713765e-07,0.0002293814378288455,0.004588272708498861,20.00280734103006,False,False
2007-06-14,horizon_monotone_d30,60,0.3,20,0.3,2.052702647649008e-05,0.0,2.589532628810012e-06,0.0,2.589532628810012e-06,2.052702647649008e-05,7.9269232787860355,False,False
2007-06-15,delta_monotone_T20,20,0.2,20,0.3,6.900980036742568e-07,0.0,1.327306766603534e-07,0.0,1.327306766603534e-07,6.900980036742568e-07,5.199235180878037,False,False
2007-06-15,delta_monotone_T60,60,0.2,60,0.3,0.0062922856840767,1.2408188169461274e-05,0.0015276587142241,2.235519316991243e-06,0.0015276603499114088,0.0062798774959072386,4.110781232406416,False,False
2007-06-15,horizon_monotone_d20,60,0.2,20,0.2,0.0062922856840767,6.900980036742568e-07,0.0015276587142241,1.327306766603534e-07,0.0015276587199902546,0.006291595586073026,4.118456238781632,False,False
2007-06-15,horizon_monotone_d30,60,0.3,20,0.3,1.2408188169461274e-05,0.0,2.235519316991243e-06,0.0,2.235519316991243e-06,1.2408188169461274e-05,5.550472355640968,False,False
2007-06-18,delta_monotone_T20,20,0.2,20,0.3,5.755168507556954e-07,0.0,1.0611142983043065e-07,0.0,1.0611142983043065e-07,5.755168507556954e-07,5.423702721520097,False,False
2007-06-18,delta_monotone_T60,60,0.2,60,0.3,0.0033241865604077,1.5703633871105017e-05,0.0002688222380324,2.941213744295448e-06,0.00026883832762282603,0.003308482926536595,12.306589450215299,False,False
2007-06-18,horizon_monotone_d20,60,0.2,20,0.2,0.0033241865604077,5.755168507556954e-07,0.0002688222380324,1.0611142983043065e-07,0.0002688222589749291,0.0033236110435569443,12.363600604468214,False,False
2007-06-18,horizon_monotone_d30,60,0.3,20,0.3,1.5703633871105017e-05,0.0,2.941213744295448e-06,0.0,2.941213744295448e-06,1.5703633871105017e-05,5.339167852578745,False,False
2007-06-19,delta_monotone_T20,20,0.2,20,0.3,4.706511966498037e-07,0.0,9.503560783009767e-08,0.0,9.503560783009767e-08,4.706511966498037e-07,4.952366880119527,False,False
2007-06-19,delta_monotone_T60,60,0.2,60,0.3,0.0034335407304285,5.691582202997995e-06,0.0004632741511017,1.5791871191278956e-06,0.00046327684262323967,0.003427849148225502,7.39913769230465,False,False
2007-06-19,horizon_monotone_d20,60,0.2,20,0.2,0.0034335407304285,4.706511966498037e-07,0.0004632741511017,9.503560783009767e-08,0.0004632741608494559,0.00343307007923185,7.4104501596570795,False,False
2007-06-19,horizon_monotone_d30,60,0.3,20,0.3,5.691582202997995e-06,0.0,1.5791871191278956e-06,0.0,1.5791871191278956e-06,5.691582202997995e-06,3.6041214711409024,False,False
2007-06-20,delta_monotone_T20,20,0.2,20,0.3,2.954564708705833e-06,0.0,4.315816812016567e-07,0.0,4.315816812016567e-07,2.954564708705833e-06,6.84589925244142,False,False
2007-06-20,delta_monotone_T60,60,0.2,60,0.3,0.0065311656393433,3.239906681022916e-05,0.0003762985963676,3.7813121241971135e-06,0.00037631759452569656,0.006498766572533071,17.269366798339554,False,False
2007-06-20,horizon_monotone_d20,60,0.2,20,0.2,0.0065311656393433,2.954564708705833e-06,0.0003762985963676,4.315816812016567e-07,0.00037629884386079836,0.006528211074634594,17.34847497179537,False,False
2007-06-20,horizon_monotone_d30,60,0.3,20,0.3,3.239906681022916e-05,0.0,3.7813121241971135e-06,0.0,3.7813121241971135e-06,3.239906681022916e-05,8.568207475628174,False,False
2007-06-21,delta_monotone_T20,20,0.2,20,0.3,2.688689508039058e-06,6.285242552252961e-11,3.808228407453827e-07,6.285242552252961e-11,3.8082284593208235e-07,2.688626655613536e-06,7.060045594252603,False,False
2007-06-21,delta_monotone_T60,60,0.2,60,0.3,0.0057764095882522,3.4134330851219565e-05,0.0003140598172597,5.110942906452578e-06,0.00031410140170745686,0.0057422752574009805,18.281597045367967,False,False
2007-06-21,horizon_monotone_d20,60,0.2,20,0.2,0.0057764095882522,2.688689508039058e-06,0.0003140598172597,3.808228407453827e-07,0.00031406004814880895,0.005773720898744161,18.38413046414754,False,False
2007-06-21,horizon_monotone_d30,60,0.3,20,0.3,3.4134330851219565e-05,6.285242552252961e-11,5.110942906452578e-06,6.285242552252961e-11,5.1109429068390455e-06,3.4134267998794044e-05,6.678663530582265,False,False
2007-06-22,delta_monotone_T20,20,0.2,20,0.3,4.829796056713435e-06,0.0,8.272115879436134e-07,0.0,8.272115879436134e-07,4.829796056713435e-06,5.838646516932807,False,False
2007-06-22,delta_monotone_T60,60,0.2,60,0.3,0.0063936089012315,4.101143618653327e-05,0.0003170901716764,4.317618847728807e-06,0.0003171195654737864,0.006352597465044967,20.03218393527372,False,False
2007-06-22,horizon_monotone_d20,60,0.2,20,0.2,0.0063936089012315,4.829796056713435e-06,0.0003170901716764,8.272115879436134e-07,0.00031709125067207395,0.006388779105174787,20.148077538039253,False,False
2007-06-22,horizon_monotone_d30,60,0.3,20,0.3,4.101143618653327e-05,0.0,4.317618847728807e-06,0.0,4.317618847728807e-06,4.101143618653327e-05,9.498623577694097,False,False
2007-06-25,delta_monotone_T20,20,0.2,20,0.3,9.186559427744078e-06,2.9099215760709607e-11,1.085004345500497e-06,2.9099215760709607e-11,1.0850043458907093e-06,9.186530328528318e-06,8.466814315832853,False,False
2007-06-25,delta_monotone_T60,60,0.2,60,0.3,0.0084988264989399,5.183917762571952e-05,0.0004573610368039,6.758724052833573e-06,0.00045741097312718755,0.008446987321314181,18.466953828336372,False,False
2007-06-25,horizon_monotone_d20,60,0.2,20,0.2,0.0084988264989399,9.186559427744078e-06,0.0004573610368039,1.085004345500497e-06,0.00045736232378800954,0.008489639939512158,18.562175977239352,False,False
2007-06-25,horizon_monotone_d30,60,0.3,20,0.3,5.183917762571952e-05,2.9099215760709607e-11,6.758724052833573e-06,2.9099215760709607e-11,6.758724052896216e-06,5.183914852650376e-05,7.669960797451096,False,False
2007-06-26,delta_monotone_T20,20,0.2,20,0.3,2.8932517631591016e-05,0.0,3.136444964065521e-06,0.0,3.136444964065521e-06,2.8932517631591016e-05,9.224621494422182,False,False
2007-06-26,delta_monotone_T60,60,0.2,60,0.3,0.0112611211998884,8.448307640507093e-05,0.0004823501372696,7.846471244901209e-06,0.0004824139529853993,0.011176638123483329,23.168148546113052,False,False
2007-06-26,horizon_monotone_d20,60,0.2,20,0.2,0.0112611211998884,2.8932517631591016e-05,0.0004823501372696,3.136444964065521e-06,0.0004823603344088469,0.011232188682256809,23.285887916182688,False,False
2007-06-26,horizon_monotone_d30,60,0.3,20,0.3,8.448307640507093e-05,0.0,7.846471244901209e-06,0.0,7.846471244901209e-06,8.448307640507093e-05,10.767015358651788,False,False
2007-06-27,delta_monotone_T20,20,0.2,20,0.3,9.77505520243005e-06,0.0,1.3894942068863236e-06,0.0,1.3894942068863236e-06,9.77505520243005e-06,7.0349737004911175,False,False
2007-06-27,delta_monotone_T60,60,0.2,60,0.3,0.0095782416400678,7.618227885184676e-05,0.0004386175158092,1.2224027456482512e-05,0.00043878782118683587,0.009502059361215953,21.6552486245282,False,False
2007-06-27,horizon_monotone_d20,60,0.2,20,0.2,0.0095782416400678,9.77505520243005e-06,0.0004386175158092,1.3894942068863236e-06,0.0004386197166895086,0.00956846658486537,21.81494862356752,False,False
2007-06-27,horizon_monotone_d30,60,0.3,20,0.3,7.618227885184676e-05,0.0,1.2224027456482512e-05,0.0,1.2224027456482512e-05,7.618227885184676e-05,6.232175044031549,False,False
2007-06-28,delta_monotone_T20,20,0.2,20,0.3,1.3198225541530511e-05,0.0,1.5764816133471994e-06,0.0,1.5764816133471994e-06,1.3198225541530511e-05,8.371950189452527,False,False
2007-06-28,delta_monotone_T60,60,0.2,60,0.3,0.0098079706877714,6.682630543650286e-05,0.0004438493484687,7.13159428250771e-06,0.000443906638577415,0.009741144382334897,21.944128642798145,False,False
2007-06-28,horizon_monotone_d20,60,0.2,20,0.2,0.0098079706877714,1.3198225541530511e-05,0.0004438493484687,1.5764816133471994e-06,0.0004438521481646413,0.00979477246222987,22.067646856575813,False,False
2007-06-28,horizon_monotone_d30,60,0.3,20,0.3,6.682630543650286e-05,0.0,7.13159428250771e-06,0.0,7.13159428250771e-06,6.682630543650286e-05,9.370458103654835,False,False
2007-06-29,delta_monotone_T20,20,0.2,20,0.3,1.127792124011576e-05,0.0,1.516462141503186e-06,0.0,1.516462141503186e-06,1.127792124011576e-05,7.436994918275093,False,False
2007-06-29,delta_monotone_T60,60,0.2,60,0.3,0.0098082480376466,7.090786031603479e-05,0.0004391664297953,7.059785099407834e-06,0.00043922317063743347,0.009737340177330566,22.169459236859044,False,False
2007-06-29,horizon_monotone_d20,60,0.2,20,0.2,0.0098082480376466,1.127792124011576e-05,0.0004391664297953,1.516462141503186e-06,0.00043916904799470646,0.009796970116406484,22.307970384389595,False,False
2007-06-29,horizon_monotone_d30,60,0.3,20,0.3,7.090786031603479e-05,0.0,7.059785099407834e-06,0.0,7.059785099407834e-06,7.090786031603479e-05,10.043912005477683,False,False
2007-07-02,delta_monotone_T20,20,0.2,20,0.3,6.893338303197155e-06,0.0,9.143164580274508e-07,0.0,9.143164580274508e-07,6.893338303197155e-06,7.53933525167956,False,False
2007-07-02,delta_monotone_T60,60,0.2,60,0.3,0.0087020030273344,5.61442162398722e-05,0.0004249350305226,5.892555404040446e-06,0.0004249758844622042,0.008645858811094528,20.344351590762933,False,False
2007-07-02,horizon_monotone_d20,60,0.2,20,0.2,0.0087020030273344,6.893338303197155e-06,0.0004249350305226,9.143164580274508e-07,0.00042493601417134373,0.008695109689031203,20.462162299863667,False,False
2007-07-02,horizon_monotone_d30,60,0.3,20,0.3,5.61442162398722e-05,0.0,5.892555404040446e-06,0.0,5.892555404040446e-06,5.61442162398722e-05,9.527991234732365,False,False
2007-07-03,delta_monotone_T20,20,0.2,20,0.3,5.446089355179424e-06,0.0,8.01269453981229e-07,0.0,8.01269453981229e-07,5.446089355179424e-06,6.796826371103631,False,False
2007-07-03,delta_monotone_T60,60,0.2,60,0.3,0.007757395298223,5.460563904474428e-05,0.0003560693836221,5.313433433257312e-06,0.0003561090261814096,0.007702789659178256,21.630425214929232,False,False
2007-07-03,horizon_monotone_d20,60,0.2,20,0.2,0.007757395298223,5.446089355179424e-06,0.0003560693836221,8.01269453981229e-07,0.00035607028517662087,0.007751949208867821,21.77084000430599,False,False
2007-07-03,horizon_monotone_d30,60,0.3,20,0.3,5.460563904474428e-05,0.0,5.313433433257312e-06,0.0,5.313433433257312e-06,5.460563904474428e-05,10.276902821998695,False,False
2007-07-05,delta_monotone_T20,20,0.2,20,0.3,4.068580957760895e-06,0.0,5.870240751682972e-07,0.0,5.870240751682972e-07,4.068580957760895e-06,6.930858766898872,False,False
2007-07-05,delta_monotone_T60,60,0.2,60,0.3,0.0070407178032371,5.562586751648559e-05,0.0003281951801616,5.957546319734319e-06,0.00032824924773631526,0.006985091935720614,21.27984141286375,False,False
2007-07-05,horizon_monotone_d20,60,0.2,20,0.2,0.0070407178032371,4.068580957760895e-06,0.0003281951801616,5.870240751682972e-07,0.00032819570514948837,0.00703664922227934,21.440406171903586,False,False
2007-07-05,horizon_monotone_d30,60,0.3,20,0.3,5.562586751648559e-05,0.0,5.957546319734319e-06,0.0,5.957546319734319e-06,5.562586751648559e-05,9.33704322738128,False,False
2007-07-06,delta_monotone_T20,20,0.2,20,0.3,8.837167715460177e-07,0.0,1.6703812641423288e-07,0.0,1.6703812641423288e-07,8.837167715460177e-07,5.2905093616442675,False,False
2007-07-06,delta_monotone_T60,60,0.2,60,0.3,0.0038336905327049,2.2242107096765943e-05,0.0003427765702747,3.6102401590669536e-06,0.00034279558188998364,0.003811448425608134,11.118720972405576,False,False
2007-07-06,horizon_monotone_d20,60,0.2,20,0.2,0.0038336905327049,8.837167715460177e-07,0.0003427765702747,1.6703812641423288e-07,0.00034277661097429333,0.003832806815933354,11.181646276970739,False,False
2007-07-06,horizon_monotone_d30,60,0.3,20,0.3,2.2242107096765943e-05,0.0,3.6102401590669536e-06,0.0,3.6102401590669536e-06,2.2242107096765943e-05,6.160838646954249,False,False
2007-07-09,delta_monotone_T20,20,0.2,20,0.3,4.158419416352784e-07,1.979347070186443e-12,1.3191335091495398e-07,1.979347070186443e-12,1.3191335092980392e-07,4.158399622882082e-07,3.152372063609334,False,False
2007-07-09,delta_monotone_T60,60,0.2,60,0.3,0.0039474480210617,1.4681228140065593e-05,0.0011399567380008,5.906958817681992e-06,0.0011399720420588824,0.0039327667929216345,3.4498800390040594,False,False
2007-07-09,horizon_monotone_d20,60,0.2,20,0.2,0.0039474480210617,4.158419416352784e-07,0.0011399567380008,1.3191335091495398e-07,0.0011399567456331651,0.003947032179120065,3.4624403024412724,False,False
2007-07-09,horizon_monotone_d30,60,0.3,20,0.3,1.4681228140065593e-05,1.979347070186443e-12,5.906958817681992e-06,1.979347070186443e-12,5.9069588176823235e-06,1.4681226160718522e-05,2.48541197151581,False,False
2007-07-10,delta_monotone_T20,20,0.2,20,0.3,3.7219320731448656e-06,0.0,5.374425510872362e-07,0.0,5.374425510872362e-07,3.7219320731448656e-06,6.925264971326642,False,False
2007-07-10,delta_monotone_T60,60,0.2,60,0.3,0.0053483730068083,2.877260304201801e-05,0.0002740528207168,3.474972035969726e-06,0.0002740748510416184,0.0053196004037662815,19.40929780149182,False,False
2007-07-10,horizon_monotone_d20,60,0.2,20,0.2,0.0053483730068083,3.7219320731448656e-06,0.0002740528207168,5.374425510872362e-07,0.00027405334770319855,0.0053446510747351544,19.502228743154944,False,False
2007-07-10,horizon_monotone_d30,60,0.3,20,0.3,2.877260304201801e-05,0.0,3.474972035969726e-06,0.0,3.474972035969726e-06,2.877260304201801e-05,8.279952397944614,False,False
2007-07-11,delta_monotone_T20,20,0.2,20,0.3,1.1290775739361618e-06,0.0,1.9423173267929437e-07,0.0,1.9423173267929437e-07,1.1290775739361618e-06,5.81304382327906,False,False
2007-07-11,delta_monotone_T60,60,0.2,60,0.3,0.0051773925147495,2.4135679686114373e-05,0.0002802648046273,3.799562367372688e-06,0.00028029055886162526,0.005153256835063386,18.385409968829745,False,False
2007-07-11,horizon_monotone_d20,60,0.2,20,0.2,0.0051773925147495,1.1290775739361618e-06,0.0002802648046273,1.9423173267929437e-07,0.00028026487193143673,0.005176263437175564,18.469183817092397,False,False
2007-07-11,horizon_monotone_d30,60,0.3,20,0.3,2.4135679686114373e-05,0.0,3.799562367372688e-06,0.0,3.799562367372688e-06,2.4135679686114373e-05,6.352226217779826,False,False
2007-07-12,delta_monotone_T20,20,0.2,20,0.3,7.095474300927722e-07,0.0,1.248125273331511e-07,0.0,1.248125273331511e-07,7.095474300927722e-07,5.684905555985094,False,False
2007-07-12,delta_monotone_T60,60,0.2,60,0.3,0.0030277580177077,6.661767541830233e-05,0.0004406902463663,5.051903312125377e-05,0.000443576448822406,0.002961140342289398,6.675603157360018,False,False
2007-07-12,horizon_monotone_d20,60,0.2,20,0.2,0.0030277580177077,7.095474300927722e-07,0.0004406902463663,1.248125273331511e-07,0.00044069026404103506,0.0030270484702776073,6.868879839822697,False,False
2007-07-12,horizon_monotone_d30,60,0.3,20,0.3,6.661767541830233e-05,0.0,5.051903312125377e-05,0.0,5.051903312125377e-05,6.661767541830233e-05,1.3186648932573442,False,False
2007-07-13,delta_monotone_T20,20,0.2,20,0.3,6.476395267205069e-07,0.0,1.1987816827205108e-07,0.0,1.1987816827205108e-07,6.476395267205069e-07,5.402481002635577,False,False
2007-07-13,delta_monotone_T60,60,0.2,60,0.3,0.006441102937888,9.179562591913002e-06,0.0019954551041608,3.1201281322332013e-06,0.0019954575435024795,0.006431923375296087,3.2232824979110335,False,False
2007-07-13,horizon_monotone_d20,60,0.2,20,0.2,0.006441102937888,6.476395267205069e-07,0.0019954551041608,1.1987816827205108e-07,0.0019954551077616765,0.00644045529836128,3.2275621101722543,False,False
2007-07-13,horizon_monotone_d30,60,0.3,20,0.3,9.179562591913002e-06,0.0,3.1201281322332013e-06,0.0,3.1201281322332013e-06,9.179562591913002e-06,2.9420466733662054,False,False
2007-07-16,delta_monotone_T20,20,0.2,20,0.3,5.990335627428194e-07,0.0,1.0821380369182049e-07,0.0,1.0821380369182049e-07,5.990335627428194e-07,5.5356483397330045,False,False
2007-07-16,delta_monotone_T60,60,0.2,60,0.3,0.0047452904392641,6.363147506138488e-06,0.0011480936890318,1.7380884035493465e-06,0.0011480950046690152,0.004738927291757962,4.127643855679129,False,False
2007-07-16,horizon_monotone_d20,60,0.2,20,0.2,0.0047452904392641,5.990335627428194e-07,0.0011480936890318,1.0821380369182049e-07,0.0011480936941316569,0.004744691405701358,4.132669162763699,False,False
2007-07-16,horizon_monotone_d30,60,0.3,20,0.3,6.363147506138488e-06,0.0,1.7380884035493465e-06,0.0,1.7380884035493465e-06,6.363147506138488e-06,3.661003371948353,False,False
2007-07-17,delta_monotone_T20,20,0.2,20,0.3,4.893764184350618e-07,6.844912773802455e-12,9.918290269330969e-08,6.844912773802456e-12,9.918290292950378e-08,4.89369573522288e-07,4.9340113978123545,False,False
2007-07-17,delta_monotone_T60,60,0.2,60,0.3,0.0028575294012062,1.0722805398139169e-05,0.0003553523609595,3.576506577229465e-06,0.00035537035869468315,0.0028468065958080608,8.010816113827596,False,False
2007-07-17,horizon_monotone_d20,60,0.2,20,0.2,0.0028575294012062,4.893764184350618e-07,0.0003553523609595,9.918290269330969e-08,0.0003553523748010402,0.0028570400247877646,8.040019505673502,False,False
2007-07-17,horizon_monotone_d30,60,0.3,20,0.3,1.0722805398139169e-05,6.844912773802455e-12,3.576506577229465e-06,6.844912773802456e-12,3.576506577236015e-06,1.0722798553226394e-05,2.9981207420323424,False,False
2007-07-18,delta_monotone_T20,20,0.2,20,0.3,5.839686169141394e-07,0.0,1.2557423235494466e-07,0.0,1.2557423235494466e-07,5.839686169141394e-07,4.650385719767012,False,False
2007-07-18,delta_monotone_T60,60,0.2,60,0.3,0.0039106162896651,1.7104061875101716e-05,0.0004955825993769,5.57512584640275e-06,0.0004956139574642428,0.003893512227789998,7.855937406829194,False,False
2007-07-18,horizon_monotone_d20,60,0.2,20,0.2,0.0039106162896651,5.839686169141394e-07,0.0004955825993769,1.2557423235494466e-07,0.0004955826152863444,0.003910032321048185,7.88976893144041,False,False
2007-07-18,horizon_monotone_d30,60,0.3,20,0.3,1.7104061875101716e-05,0.0,5.57512584640275e-06,0.0,5.57512584640275e-06,1.7104061875101716e-05,3.067923908146003,False,False
2007-07-19,delta_monotone_T20,20,0.2,20,0.3,1.8552310686022768e-07,0.0,4.5026662345555e-08,0.0,4.5026662345555e-08,1.8552310686022768e-07,4.120294447686114,False,False
2007-07-19,delta_monotone_T60,60,0.2,60,0.3,0.0027378397398027,5.700735106244006e-06,0.0005204610818967,2.8989436703946514e-06,0.000520469155323817,0.002732139004696456,5.249377367995263,False,False
2007-07-19,horizon_monotone_d20,60,0.2,20,0.2,0.0027378397398027,1.8552310686022768e-07,0.0005204610818967,4.5026662345555e-08,0.0005204610838443963,0.00273765421669584,5.260055557802904,False,False
2007-07-19,horizon_monotone_d30,60,0.3,20,0.3,5.700735106244006e-06,0.0,2.8989436703946514e-06,0.0,2.8989436703946514e-06,5.700735106244006e-06,1.9664870223117958,False,False
2007-07-20,delta_monotone_T20,20,0.2,20,0.3,9.607656344418844e-07,0.0,1.5170338685224732e-07,0.0,1.5170338685224732e-07,9.607656344418844e-07,6.333185134341328,False,False
2007-07-20,delta_monotone_T60,60,0.2,60,0.3,0.0037365555486505,1.7337064448773558e-05,0.0001963134946658,2.416563861537492e-06,0.00019632836771286003,0.0037192184842017263,18.94386698941677,False,False
2007-07-20,horizon_monotone_d20,60,0.2,20,0.2,0.0037365555486505,9.607656344418844e-07,0.0001963134946658,1.5170338685224732e-07,0.00019631355328101181,0.003735594783016058,19.028715646895577,False,False
2007-07-20,horizon_monotone_d30,60,0.3,20,0.3,1.7337064448773558e-05,0.0,2.416563861537492e-06,0.0,2.416563861537492e-06,1.7337064448773558e-05,7.174262896467875,False,False
2007-07-23,delta_monotone_T20,20,0.2,20,0.3,5.034454352902328e-07,0.0,9.160033045583576e-08,0.0,9.160033045583576e-08,5.034454352902328e-07,5.496109378480509,False,False
2007-07-23,delta_monotone_T60,60,0.2,60,0.3,0.0029938366611695,1.0853528359759023e-05,0.0001619888390274,1.4527441971610038e-06,0.0001619953531282527,0.002982983132809741,18.414004323001137,False,False
2007-07-23,horizon_monotone_d20,60,0.2,20,0.2,0.0029938366611695,5.034454352902328e-07,0.0001619888390274,9.160033045583576e-08,0.00016198886492615919,0.0029933332157342095,18.47863565868362,False,False
2007-07-23,horizon_monotone_d30,60,0.3,20,0.3,1.0853528359759023e-05,0.0,1.4527441971610038e-06,0.0,1.4527441971610038e-06,1.0853528359759023e-05,7.4710526333330485,False,False
2007-07-24,delta_monotone_T20,20,0.2,20,0.3,6.3146239610517466e-06,0.0,8.73177485459854e-07,0.0,8.73177485459854e-07,6.3146239610517466e-06,7.23177597476209,False,False
2007-07-24,delta_monotone_T60,60,0.2,60,0.3,0.007406103814263,3.330385411622825e-05,0.0003599846408328,3.991621780963029e-06,0.00036000677032517356,0.007372799960146771,20.47961474026542,False,False
2007-07-24,horizon_monotone_d20,60,0.2,20,0.2,0.007406103814263,6.3146239610517466e-06,0.0003599846408328,8.73177485459854e-07,0.0003599856998193694,0.007399789190301948,20.555786504894368,False,False
2007-07-24,horizon_monotone_d30,60,0.3,20,0.3,3.330385411622825e-05,0.0,3.991621780963029e-06,0.0,3.991621780963029e-06,3.330385411622825e-05,8.343439319592367,False,False
2007-07-25,delta_monotone_T20,20,0.2,20,0.3,5.023292895336468e-06,0.0,7.090981251183072e-07,0.0,7.090981251183072e-07,5.023292895336468e-06,7.084058915680213,False,False
2007-07-25,delta_monotone_T60,60,0.2,60,0.3,0.0057286414069751,2.5085151161184428e-05,0.0002834117110477,4.031461347050911e-06,0.0002834403828666229,0.0057035562558139154,20.122595792914268,False,False
2007-07-25,horizon_monotone_d20,60,0.2,20,0.2,0.0057286414069751,5.023292895336468e-06,0.0002834117110477,7.090981251183072e-07,0.00028341259813059836,0.005723618114079764,20.195355294129456,False,False
2007-07-25,horizon_monotone_d30,60,0.3,20,0.3,2.5085151161184428e-05,0.0,4.031461347050911e-06,0.0,4.031461347050911e-06,2.5085151161184428e-05,6.222346936188457,False,False
2007-07-26,delta_monotone_T20,20,0.2,20,0.3,8.917817122136607e-05,5.357725029710481e-10,7.854476696757627e-06,3.7995189381712105e-10,7.85447670594751e-06,8.91776354488631e-05,11.35373351878893,False,False
2007-07-26,delta_monotone_T60,60,0.2,60,0.3,0.0163450233247488,0.0001503743065298,0.0006584774304806,1.404703063067178e-05,0.0006586272432278159,0.016194649018219,24.588489444882182,False,False
2007-07-26,horizon_monotone_d20,60,0.2,20,0.2,0.0163450233247488,8.917817122136607e-05,0.0006584774304806,7.854476696757627e-06,0.0006585242738551962,0.016255845153527435,24.685263397142375,False,False
2007-07-26,horizon_monotone_d30,60,0.3,20,0.3,0.0001503743065298,5.357725029710481e-10,1.404703063067178e-05,3.7995189381712105e-10,1.4047030635810354e-05,0.00015037377075729702,10.705021912171702,False,False
2007-07-27,delta_monotone_T20,20,0.2,20,0.3,0.0008768217304265,1.4780564453552722e-08,5.836842348680033e-05,4.246559462553423e-09,5.836842364127827e-05,0.0008768069498620464,15.021939863422434,False,False
2007-07-27,delta_monotone_T60,60,0.2,60,0.3,0.042202662688142,0.0006064265386417,0.0013829767979848,4.4446413092818274e-05,0.0013836908279673994,0.041596236149500296,30.06179943434613,False,False
2007-07-27,horizon_monotone_d20,60,0.2,20,0.2,0.042202662688142,0.0008768217304265,0.0013829767979848,5.836842348680033e-05,0.0013842079672594812,0.0413258409577155,29.855225468420258,False,False
2007-07-27,horizon_monotone_d30,60,0.3,20,0.3,0.0006064265386417,1.4780564453552722e-08,4.4446413092818274e-05,4.246559462553423e-09,4.4446413295683546e-05,0.0006064117580772464,13.643660154151036,False,False
2007-07-30,delta_monotone_T20,20,0.2,20,0.3,0.0005131159791815,1.0097260873678825e-08,3.736814162267123e-05,3.167283317713948e-09,3.736814175689898e-05,0.0005131058819206263,13.73110510173805,False,False
2007-07-30,delta_monotone_T60,60,0.2,60,0.3,0.0352297566587077,0.0005025276133896,0.0012323776554971,3.601467762285182e-05,0.0012329037848805586,0.0347272290453181,28.167022821397545,False,False
2007-07-30,horizon_monotone_d20,60,0.2,20,0.2,0.0352297566587077,0.0005131159791815,0.0012323776554971,3.736814162267123e-05,0.0012329440635231027,0.0347166406795262,28.15751477023571,False,False
2007-07-30,horizon_monotone_d30,60,0.3,20,0.3,0.0005025276133896,1.0097260873678825e-08,3.601467762285182e-05,3.167283317713948e-09,3.6014677762123976e-05,0.0005025175161287263,13.953130983090883,False,False
2007-07-31,delta_monotone_T20,20,0.2,20,0.3,0.0011541634325043,2.5240319257254893e-08,7.208842809852743e-05,7.1655600546630444e-09,7.208842845465429e-05,0.001154138192185043,16.010034022464914,False,False
2007-07-31,delta_monotone_T60,60,0.2,60,0.3,0.0474746469142959,0.0009145131317802,0.0015232358716356,6.574453565078356e-05,0.001524654014721177,0.0465601337825157,30.538163631196316,False,False
2007-07-31,horizon_monotone_d20,60,0.2,20,0.2,0.0474746469142959,0.0011541634325043,0.0015232358716356,7.208842809852743e-05,0.0015249407405218023,0.046320483481791595,30.37526787168248,False,False
2007-07-31,horizon_monotone_d30,60,0.3,20,0.3,0.0009145131317802,2.5240319257254893e-08,6.574453565078356e-05,7.1655600546630444e-09,6.57445360412742e-05,0.0009144878914609427,13.909717012632507,False,False
2007-08-01,delta_monotone_T20,20,0.2,20,0.3,0.0008577720594395,2.3460860483377608e-08,5.752552359254418e-05,1.3974508467524308e-08,5.752552528993755e-05,0.0008577485985790166,14.910747781195061,False,False
2007-08-01,delta_monotone_T60,60,0.2,60,0.3,0.0379149890865256,0.0007335516965501,0.0012974388702726,5.701705943372804e-05,0.0012986910976674592,0.0371814373899755,28.629931672555532,False,False
2007-08-01,horizon_monotone_d20,60,0.2,20,0.2,0.0379149890865256,0.0008577720594395,0.0012974388702726,5.752552359254418e-05,0.0012987135203572945,0.0370572170270861,28.53378858864204,False,False
2007-08-01,horizon_monotone_d30,60,0.3,20,0.3,0.0007335516965501,2.3460860483377608e-08,5.701705943372804e-05,1.3974508467524308e-08,5.7017061146258344e-05,0.0007335282356896166,12.865065665310132,False,False
2007-08-02,delta_monotone_T20,20,0.2,20,0.3,0.0005582599237875,4.594187249165301e-09,3.87805718951789e-05,1.8060384010078906e-09,3.878057193723314e-05,0.0005582553296002509,14.395231986361479,False,False
2007-08-02,delta_monotone_T60,60,0.2,60,0.3,0.0333903160049873,0.000452560839093,0.0011492820816477,3.374462352278197e-05,0.0011497773709780363,0.0329377551658943,28.647072030889266,False,False
2007-08-02,horizon_monotone_d20,60,0.2,20,0.2,0.0333903160049873,0.0005582599237875,0.0011492820816477,3.87805718951789e-05,0.0011499361877743424,0.032832056081199795,28.55119825800507,False,False
2007-08-02,horizon_monotone_d30,60,0.3,20,0.3,0.000452560839093,4.594187249165301e-09,3.374462352278197e-05,1.8060384010078906e-09,3.374462357111226e-05,0.00045255624490575085,13.411210350355498,False,False
2007-08-03,delta_monotone_T20,20,0.2,20,0.3,0.0061008209264429,8.894026762087668e-07,0.0002914265975376,1.6431460148711518e-07,0.00029142664386021835,0.006099931523766691,20.9312760253057,False,False
2007-08-03,delta_monotone_T60,60,0.2,60,0.3,0.0872956461968645,0.0028890179173549,0.0023901926651174,0.0001645730835711,0.002395851680763465,0.08440662827950961,35.23032287733792,False,False
2007-08-03,horizon_monotone_d20,60,0.2,20,0.2,0.0872956461968645,0.0061008209264429,0.0023901926651174,0.0002914265975376,0.0024078933610385163,0.0811948252704216,33.7202745703832,False,False
2007-08-03,horizon_monotone_d30,60,0.3,20,0.3,0.0028890179173549,8.894026762087668e-07,0.0001645730835711,1.6431460148711518e-07,0.00016457316559934223,0.0028881285146786914,17.549206786906666,False,False
2007-08-06,delta_monotone_T20,20,0.2,20,0.3,0.0028574283000438,4.271264912820745e-07,0.0001557017769443,8.864252025761922e-08,0.00015570180217681795,0.002857001173552518,18.349185003703763,False,False
2007-08-06,delta_monotone_T60,60,0.2,60,0.3,0.0698964148943091,0.0024642649851249,0.0020319136653761,0.0001368963245543,0.0020365200090395903,0.0674321499091842,33.11145955348839,False,False
2007-08-06,horizon_monotone_d20,60,0.2,20,0.2,0.0698964148943091,0.0028574283000438,0.0020319136653761,0.0001557017769443,0.0020378705029725883,0.0670389865942653,32.89658812789001,False,False
2007-08-06,horizon_monotone_d30,60,0.3,20,0.3,0.0024642649851249,4.271264912820745e-07,0.0001368963245543,8.864252025761922e-08,0.00013689635325300905,0.0024638378586336177,17.99783412842271,False,False
2007-08-07,delta_monotone_T20,20,0.2,20,0.3,0.0016732978348406,2.1633203079927605e-07,9.7771425173133e-05,4.487793098253645e-08,9.777143547281197e-05,0.0016730815028098008,17.11217079629609,False,False
2007-08-07,delta_monotone_T60,60,0.2,60,0.3,0.0566976193866056,0.0017400873217473,0.001753445674589,0.0001097645990535,0.0017568779129297088,0.0549575320648583,31.2813609075505,False,False
2007-08-07,horizon_monotone_d20,60,0.2,20,0.2,0.0566976193866056,0.0016732978348406,0.001753445674589,9.7771425173133e-05,0.0017561694067814925,0.055024321551764996,31.332012355577536,False,False
2007-08-07,horizon_monotone_d30,60,0.3,20,0.3,0.0017400873217473,2.1633203079927605e-07,0.0001097645990535,4.487793098253645e-08,0.00010976460822780859,0.0017398709897165007,15.850928799431626,False,False
2007-08-08,delta_monotone_T20,20,0.2,20,0.3,0.0008658580863736,9.881729293733929e-08,5.543356687416717e-05,2.5866992412591026e-08,5.54335729093305e-05,0.0008657592690806626,15.617959002872414,False,False
2007-08-08,delta_monotone_T60,60,0.2,60,0.3,0.0457365368732975,0.0012018781160076,0.001443739305447,7.855248905455181e-05,0.0014458747095198986,0.044534658757289895,30.801188003404246,False,False
2007-08-08,horizon_monotone_d20,60,0.2,20,0.2,0.0457365368732975,0.0008658580863736,0.001443739305447,5.543356687416717e-05,0.0014448031223765329,0.0448706787869239,31.056604247308698,False,False
2007-08-08,horizon_monotone_d30,60,0.3,20,0.3,0.0012018781160076,9.881729293733929e-08,7.855248905455181e-05,2.5866992412591026e-08,7.855249331349565e-05,0.0012017792987146626,15.299059877303627,False,False
2007-08-09,delta_monotone_T20,20,0.2,20,0.3,0.0078950284826769,3.958630528038782e-06,0.0003506693534823,5.41257862033211e-07,0.0003506697711975862,0.00789106985214886,22.502851686359378,False,False
2007-08-09,delta_monotone_T60,60,0.2,60,0.3,0.1059841056807944,0.0049834700134348,0.0026742726701226,0.0002477714691403,0.0026857261615966365,0.1010006356673596,37.60645337248968,False,False
2007-08-09,horizon_monotone_d20,60,0.2,20,0.2,0.1059841056807944,0.0078950284826769,0.0026742726701226,0.0003506693534823,0.0026971657920187913,0.0980890771981175,36.36746301928262,False,False
2007-08-09,horizon_monotone_d30,60,0.3,20,0.3,0.0049834700134348,3.958630528038782e-06,0.0002477714691403,5.41257862033211e-07,0.00024777206032968255,0.004979511382906762,20.097146450980322,False,False
2007-08-10,delta_monotone_T20,20,0.2,20,0.3,0.0099859618223363,4.344597789772009e-06,0.000435850535448,7.979339559916803e-07,0.0004358512658567214,0.009981617224546527,22.90142992914425,False,False
2007-08-10,delta_monotone_T60,60,0.2,60,0.3,0.1142628285887932,0.0063266135279443,0.002768165463822,0.0002880208518128,0.002783109061135736,0.10793621506084891,38.78260344450968,False,False
2007-08-10,horizon_monotone_d20,60,0.2,20,0.2,0.1142628285887932,0.0099859618223363,0.002768165463822,0.000435850535448,0.00280226796083943,0.10427686676645691,37.21159725753721,False,False
2007-08-10,horizon_monotone_d30,60,0.3,20,0.3,0.0063266135279443,4.344597789772009e-06,0.0002880208518128,7.979339559916803e-07,0.00028802195711016376,0.006322268930154528,21.9506491574056,False,False
2007-08-13,delta_monotone_T20,20,0.2,20,0.3,0.0093247210119807,5.656961412040119e-06,0.0004047267733712,7.679362097201429e-07,0.000404727501918865,0.00931906405056866,23.025527067930355,False,False
2007-08-13,delta_monotone_T60,60,0.2,60,0.3,0.1072217992837761,0.0054100917552324,0.0027889701858687,0.0002633630680539,0.002801377304698397,0.10181170752854371,36.343446974382125,False,False
2007-08-13,horizon_monotone_d20,60,0.2,20,0.2,0.1072217992837761,0.0093247210119807,0.0027889701858687,0.0004047267733712,0.0028181835388682466,0.0978970782717954,34.737651725518866,False,False
2007-08-13,horizon_monotone_d30,60,0.3,20,0.3,0.0054100917552324,5.656961412040119e-06,0.0002633630680539,7.679362097201429e-07,0.0002633641876580515,0.00540443479382036,20.520765719435644,False,False
2007-08-14,delta_monotone_T20,20,0.2,20,0.3,0.0187906094288121,2.2643014104534184e-05,0.0006983471079247,2.6109363736788363e-06,0.0006983519887102348,0.018767966414707567,26.87465163429914,False,False
2007-08-14,delta_monotone_T60,60,0.2,60,0.3,0.1469702436170858,0.0089083306219695,0.0032765248595282,0.0003941913346353,0.0033001518091457325,0.1380619129951163,41.835018805045394,False,False
2007-08-14,horizon_monotone_d20,60,0.2,20,0.2,0.1469702436170858,0.0187906094288121,0.0032765248595282,0.0006983471079247,0.003350119973710357,0.1281796341882737,38.2612071191919,False,False
2007-08-14,horizon_monotone_d30,60,0.3,20,0.3,0.0089083306219695,2.2643014104534184e-05,0.0003941913346353,2.6109363736788363e-06,0.00039419998134234666,0.008885687607864965,22.541065521127223,False,False
2007-08-15,delta_monotone_T20,20,0.2,20,0.3,0.0370731305729361,7.389469155713447e-05,0.0011778796667028,8.702998753955879e-06,0.0011779118181847105,0.03699923588137896,31.41087075465359,False,False
2007-08-15,delta_monotone_T60,60,0.2,60,0.3,0.1858278613451022,0.0140585796086774,0.0038966597142287,0.0005749975415531,0.0039388550495397774,0.1717692817364248,43.6089370073404,False,False
2007-08-15,horizon_monotone_d20,60,0.2,20,0.2,0.1858278613451022,0.0370731305729361,0.0038966597142287,0.0011778796667028,0.004070793219720794,0.1487547307721661,36.541952082343506,False,False
2007-08-15,horizon_monotone_d30,60,0.3,20,0.3,0.0140585796086774,7.389469155713447e-05,0.0005749975415531,8.702998753955879e-06,0.0005750634008345692,0.013984684917120266,24.31850974488167,False,False
2007-08-16,delta_monotone_T20,20,0.2,20,0.3,0.028580843829379,4.661833641088419e-05,0.0009816197303972,5.420068977432294e-06,0.0009816346938921789,0.028534225492968118,29.068069487061415,False,False
2007-08-16,delta_monotone_T60,60,0.2,60,0.3,0.1756871655076883,0.0118433771397635,0.0037142366281906,0.0004978953089252,0.0037474596020294067,0.1638437883679248,43.72129542882771,False,False
2007-08-16,horizon_monotone_d20,60,0.2,20,0.2,0.1756871655076883,0.028580843829379,0.0037142366281906,0.0009816197303972,0.003841761448254921,0.14710632167830928,38.29137328272445,False,False
2007-08-16,horizon_monotone_d30,60,0.3,20,0.3,0.0118433771397635,4.661833641088419e-05,0.0004978953089252,5.420068977432294e-06,0.0004979248093813367,0.011796758803352616,23.691847807322343,False,False
2007-08-17,delta_monotone_T20,20,0.2,20,0.3,0.0155048822416307,2.4739053643186957e-05,0.0006162958004232,2.764535491062754e-06,0.000616302000869504,0.015480143187987513,25.117788302078356,False,False
2007-08-17,delta_monotone_T60,60,0.2,60,0.3,0.1409149778832714,0.0092314934391382,0.0032352950243217,0.0003958750076677,0.003259424936410816,0.1316834844441332,40.40083358665692,False,False
2007-08-17,horizon_monotone_d20,60,0.2,20,0.2,0.1409149778832714,0.0155048822416307,0.0032352950243217,0.0006162958004232,0.0032934714828004846,0.12541009564164068,38.078391234468114,False,False
2007-08-17,horizon_monotone_d30,60,0.3,20,0.3,0.0092314934391382,2.4739053643186957e-05,0.0003958750076677,2.764535491062754e-06,0.00039588466041561005,0.009206754385495014,23.256153385254994,False,False
2007-08-20,delta_monotone_T20,20,0.2,20,0.3,0.0171383548397541,2.168003987253079e-05,0.0006409371357111,2.6088002500666147e-06,0.0006409424449763752,0.01711667479988157,26.705478680714428,False,False
2007-08-20,delta_monotone_T60,60,0.2,60,0.3,0.1438057476384734,0.0093998897586578,0.0032977347666131,0.0004338172906725,0.003326146724456873,0.1344058578798156,40.40887820478297,False,False
2007-08-20,horizon_monotone_d20,60,0.2,20,0.2,0.1438057476384734,0.0171383548397541,0.0032977347666131,0.0006409371357111,0.003359442662535306,0.1266673927987193,37.70488307817282,False,False
2007-08-20,horizon_monotone_d30,60,0.3,20,0.3,0.0093998897586578,2.168003987253079e-05,0.0004338172906725,2.6088002500666147e-06,0.00043382513473192526,0.00937820971878527,21.617488172003615,False,False
2007-08-21,delta_monotone_T20,20,0.2,20,0.3,0.0126466059316796,1.225173655667103e-05,0.0005293308849701,1.5844843008495167e-06,0.0005293332564403345,0.012634354195122929,23.868430787981392,False,False
2007-08-21,delta_monotone_T60,60,0.2,60,0.3,0.12793414303583,0.0080767958211418,0.0029971951472675,0.0003971572580755,0.0030233942247821243,0.1198573472146882,39.64330758861773,False,False
2007-08-21,horizon_monotone_d20,60,0.2,20,0.2,0.12793414303583,0.0126466059316796,0.0029971951472675,0.0005293308849701,0.003043578475509886,0.1152875371041504,37.87894349753425,False,False
2007-08-21,horizon_monotone_d30,60,0.3,20,0.3,0.0080767958211418,1.225173655667103e-05,0.0003971572580755,1.5844843008495167e-06,0.0003971604187636892,0.008064544084585129,20.30550806066991,False,False
2007-08-22,delta_monotone_T20,20,0.2,20,0.3,0.0084944898473107,7.263656388753292e-06,0.0003800787623442,9.541112155182463e-07,0.00038007995989437597,0.008487226190921947,22.330107047160663,False,False
2007-08-22,delta_monotone_T60,60,0.2,60,0.3,0.1067042256864205,0.006154168169886,0.0027577535705063,0.0002914478155055,0.002773111354562448,0.10055005751653451,36.25893253478805,False,False
2007-08-22,horizon_monotone_d20,60,0.2,20,0.2,0.1067042256864205,0.0084944898473107,0.0027577535705063,0.0003800787623442,0.0027838219449572103,0.0982097358391098,35.27874188110812,False,False
2007-08-22,horizon_monotone_d30,60,0.3,20,0.3,0.006154168169886,7.263656388753292e-06,0.0002914478155055,9.541112155182463e-07,0.00029144937723580666,0.006146904513497246,21.090813683653515,False,False
2007-08-23,delta_monotone_T20,20,0.2,20,0.3,0.005490720192285,2.158877742755279e-06,0.0002725574546048,3.777352064996776e-07,0.0002725577163547821,0.005488561314542244,20.137244279658955,False,False
2007-08-23,delta_monotone_T60,60,0.2,60,0.3,0.0906213750711973,0.0039375561649489,0.0023420647832011,0.0002311804198572,0.0023534467988964966,0.0866838189062484,36.832708071792155,False,False
2007-08-23,horizon_monotone_d20,60,0.2,20,0.2,0.0906213750711973,0.005490720192285,0.0023420647832011,0.0002725574546048,0.002357870864736121,0.0851306548789123,36.10488434804067,False,False
2007-08-23,horizon_monotone_d30,60,0.3,20,0.3,0.0039375561649489,2.158877742755279e-06,0.0002311804198572,3.777352064996776e-07,0.0002311807284555473,0.0039353972872061445,17.023033509312885,False,False
2007-08-24,delta_monotone_T20,20,0.2,20,0.3,0.0024013499639563,6.181924006292873e-07,0.0001394997632269,1.1091636263405318e-07,0.00013949980732173308,0.0024007317715556706,17.209570519468766,False,False
2007-08-24,delta_monotone_T60,60,0.2,60,0.3,0.065025900464247,0.0021821363094733,0.0018783055735385,0.0001284201397648,0.0018826905109133056,0.0628437641547737,33.37976358328156,False,False
2007-08-24,horizon_monotone_d20,60,0.2,20,0.2,0.065025900464247,0.0024013499639563,0.0018783055735385,0.0001394997632269,0.001883478699514851,0.0626245505002907,33.24940734207486,False,False
2007-08-24,horizon_monotone_d30,60,0.3,20,0.3,0.0021821363094733,6.181924006292873e-07,0.0001284201397648,1.1091636263405318e-07,0.00012842018766397385,0.002181518117072671,16.987345656127395,False,False
2007-08-27,delta_monotone_T20,20,0.2,20,0.3,0.0031024863999071,9.664024417962773e-07,0.0001639680971471,1.667749248662653e-07,0.00016396818196197819,0.0031015199974653036,18.915377119839633,False,False
2007-08-27,delta_monotone_T60,60,0.2,60,0.3,0.0749513621827127,0.0027420355049822,0.0020980272844921,0.0001484559684462,0.002103273082849822,0.0722093266777305,34.33188360870893,False,False
2007-08-27,horizon_monotone_d20,60,0.2,20,0.2,0.0749513621827127,0.0031024863999071,0.0020980272844921,0.0001639680971471,0.002104424867595737,0.0718488757828056,34.14181085252594,False,False
2007-08-27,horizon_monotone_d30,60,0.3,20,0.3,0.0027420355049822,9.664024417962773e-07,0.0001484559684462,1.667749248662653e-07,0.00014845606212335923,0.0027410691025404037,18.463840838393775,False,False
2007-08-28,delta_monotone_T20,20,0.2,20,0.3,0.0121116750385242,6.791490942933434e-06,0.0005091020832606,9.119596503771404e-07,0.0005091029000611633,0.012104883547581267,23.776889792077387,False,False
2007-08-28,delta_monotone_T60,60,0.2,60,0.3,0.1220991135720627,0.0060217145856693,0.0029956242002217,0.0003033529107652,0.00301094459222079,0.1160773989863934,38.55182167293816,False,False
2007-08-28,horizon_monotone_d20,60,0.2,20,0.2,0.1220991135720627,0.0121116750385242,0.0029956242002217,0.0005091020832606,0.0030385768511153673,0.1099874385335385,36.19702377880142,False,False
2007-08-28,horizon_monotone_d30,60,0.3,20,0.3,0.0060217145856693,6.791490942933434e-06,0.0003033529107652,9.119596503771404e-07,0.0003033542815589115,0.006014923094726366,19.828047469171015,False,False
2007-08-29,delta_monotone_T20,20,0.2,20,0.3,0.0064655150080198,4.279420840149175e-06,0.0002955079117141,6.339276682688117e-07,0.0002955085916685282,0.0064612355871796505,21.864797739712472,False,False
2007-08-29,delta_monotone_T60,60,0.2,60,0.3,0.0977365310979106,0.0052155637544228,0.002515607982591,0.0002703683962987,0.002530095372074478,0.0925209673434878,36.568173818533936,False,False
2007-08-29,horizon_monotone_d20,60,0.2,20,0.2,0.0977365310979106,0.0064655150080198,0.002515607982591,0.0002955079117141,0.0025329051399452743,0.0912710160898908,36.03412328811603,False,False
2007-08-29,horizon_monotone_d30,60,0.3,20,0.3,0.0052155637544228,4.279420840149175e-06,0.0002703683962987,6.339276682688117e-07,0.0002703691394767892,0.00521128433358265,19.274701038984634,False,False
2007-08-30,delta_monotone_T20,20,0.2,20,0.3,0.0077566140338817,4.19380850165975e-06,0.0003518998607317,6.685208610846113e-07,0.0003519004957415258,0.00775242022538004,22.030148633476962,False,False
2007-08-30,delta_monotone_T60,60,0.2,60,0.3,0.1019982330302395,0.0051999376247375,0.0026317711442154,0.0002552347472667,0.002644118781699705,0.096798295405502,36.60890580084971,False,False
2007-08-30,horizon_monotone_d20,60,0.2,20,0.2,0.1019982330302395,0.0077566140338817,0.0026317711442154,0.0003518998607317,0.002655193564979364,0.0942416189963578,35.49331402401551,False,False
2007-08-30,horizon_monotone_d30,60,0.3,20,0.3,0.0051999376247375,4.19380850165975e-06,0.0002552347472667,6.685208610846113e-07,0.00025523562277322874,0.00519574381623584,20.356656174330904,False,False
2007-08-31,delta_monotone_T20,20,0.2,20,0.3,0.0031731722687738,6.629484372101738e-07,0.0001649994155284,1.304365493518065e-07,0.00016499946708522126,0.0031725093203365897,19.227391314530774,False,False
2007-08-31,delta_monotone_T60,60,0.2,60,0.3,0.0695504578970592,0.0025875536578317,0.0019798945960679,0.000136290394006,0.001984579976477941,0.0669629042392275,33.74160025441122,False,False
2007-08-31,horizon_monotone_d20,60,0.2,20,0.2,0.0695504578970592,0.0031731722687738,0.0019798945960679,0.0001649994155284,0.00198675801713837,0.0663772856282854,33.40984913899682,False,False
2007-08-31,horizon_monotone_d30,60,0.3,20,0.3,0.0025875536578317,6.629484372101738e-07,0.000136290394006,1.304365493518065e-07,0.0001362904564230531,0.00258689070939449,18.980717926166733,False,False
2007-09-04,delta_monotone_T20,20,0.2,20,0.3,0.0015091160677993,2.1052950683906605e-07,8.795446820750344e-05,4.348760800437262e-08,8.795447895836108e-05,0.001508905538292461,17.15552813412491,False,False
2007-09-04,delta_monotone_T60,60,0.2,60,0.3,0.0526555507074084,0.0020202427067171,0.0016366897377059,0.0001180325512342,0.0016409402733380217,0.0506353080006913,30.857496048706455,False,False
2007-09-04,horizon_monotone_d20,60,0.2,20,0.2,0.0526555507074084,0.0015091160677993,0.0016366897377059,8.795446820750344e-05,0.001639051337203772,0.0511464346396091,31.204900956223323,False,False
2007-09-04,horizon_monotone_d30,60,0.3,20,0.3,0.0020202427067171,2.1052950683906605e-07,0.0001180325512342,4.348760800437262e-08,0.00011803255924543066,0.002020032177210261,17.114194508058688,False,False
2007-09-05,delta_monotone_T20,20,0.2,20,0.3,0.0019722416983402,2.983750695133949e-07,0.0001192077522541,6.682241568760362e-08,0.00011920777098289406,0.0019719433232706866,16.542070261121268,False,False
2007-09-05,delta_monotone_T60,60,0.2,60,0.3,0.06025150106506,0.0021062803959054,0.0018088926035289,0.0001194890253888,0.0018128348182583891,0.0581452206691546,32.07419676825016,False,False
2007-09-05,horizon_monotone_d20,60,0.2,20,0.2,0.06025150106506,0.0019722416983402,0.0018088926035289,0.0001192077522541,0.0018128163004835975,0.0582792593667198,32.14846388526674,False,False
2007-09-05,horizon_monotone_d30,60,0.3,20,0.3,0.0021062803959054,2.983750695133949e-07,0.0001194890253888,6.682241568760362e-08,0.00011948904407350713,0.0021059820208358866,17.624896384143227,False,False
2007-09-06,delta_monotone_T20,20,0.2,20,0.3,0.0014562341380198,1.8014731240433493e-07,8.765199268400077e-05,3.737813968006781e-08,8.765200065372982e-05,0.0014560539907073958,16.611759912469687,False,False
2007-09-06,delta_monotone_T60,60,0.2,60,0.3,0.0530910989990003,0.0015148441963286,0.0017171766797703,9.20864776140247e-05,0.0017196440529674477,0.0515762548026717,29.992401458703515,False,False
2007-09-06,horizon_monotone_d20,60,0.2,20,0.2,0.0530910989990003,0.0014562341380198,0.0017171766797703,8.765199268400077e-05,0.0017194122895246584,0.051634864860980505,30.030531464478056,False,False
2007-09-06,horizon_monotone_d30,60,0.3,20,0.3,0.0015148441963286,1.8014731240433493e-07,9.20864776140247e-05,3.737813968006781e-08,9.208648519996624e-05,0.0015146640490161958,16.448277352828654,False,False
2007-09-07,delta_monotone_T20,20,0.2,20,0.3,0.0013558736988843,8.907214007473387e-08,8.292778822002514e-05,2.5454085723360765e-08,8.292779212649894e-05,0.0013557846267442254,16.348977730844407,False,False
2007-09-07,delta_monotone_T60,60,0.2,60,0.3,0.0494954240089856,0.0011324230890816,0.0015461754645139,6.998483499998619e-05,0.001547758522572158,0.048363000919904,31.247122994051722,False,False
2007-09-07,horizon_monotone_d20,60,0.2,20,0.2,0.0494954240089856,0.0013558736988843,0.0015461754645139,8.292778822002514e-05,0.0015483977477133708,0.0481395503101013,31.08991238277917,False,False
2007-09-07,horizon_monotone_d30,60,0.3,20,0.3,0.0011324230890816,8.907214007473387e-08,6.998483499998619e-05,2.5454085723360765e-08,6.998483962892086e-05,0.0011323340169415253,16.17970438948601,False,False
2007-09-10,delta_monotone_T20,20,0.2,20,0.3,0.0013981953003479,7.996002458185539e-08,8.494800324166922e-05,1.6948180325674274e-08,8.49480049323553e-05,0.0013981153403233183,16.45848353279924,False,False
2007-09-10,delta_monotone_T60,60,0.2,60,0.3,0.053786658102978,0.0010799754096289,0.001599676563142,6.927494414505015e-05,0.001601175856847742,0.052706682693349105,32.91748527679746,False,False
2007-09-10,horizon_monotone_d20,60,0.2,20,0.2,0.053786658102978,0.0013981953003479,0.001599676563142,8.494800324166922e-05,0.00160193048223715,0.052388462802630105,32.70333100189706,False,False
2007-09-10,horizon_monotone_d30,60,0.3,20,0.3,0.0010799754096289,7.996002458185539e-08,6.927494414505015e-05,1.6948180325674274e-08,6.927494621824425e-05,0.0010798954496043182,15.588542590884277,False,False
2007-09-11,delta_monotone_T20,20,0.2,20,0.3,0.0009138767055441,3.831801606582511e-08,6.744196199358552e-05,9.928859134120076e-09,6.744196272445278e-05,0.0009138383875280342,13.549996924936753,False,False
2007-09-11,delta_monotone_T60,60,0.2,60,0.3,0.0396789209019681,0.0009468540429669,0.0013130878972353,6.147548480190307e-05,0.001314526173606844,0.0387320668590012,29.464660070424284,False,False
2007-09-11,horizon_monotone_d20,60,0.2,20,0.2,0.0396789209019681,0.0009138767055441,0.0013130878972353,6.744196199358552e-05,0.0013148187114972794,0.038765044196423994,29.48318567225091,False,False
2007-09-11,horizon_monotone_d30,60,0.3,20,0.3,0.0009468540429669,3.831801606582511e-08,6.147548480190307e-05,9.928859134120076e-09,6.147548560370433e-05,0.0009468157249508342,15.401516810365495,False,False
2007-09-12,delta_monotone_T20,20,0.2,20,0.3,0.0005240144196724,8.506363332173928e-09,3.664426778324546e-05,3.273232482116088e-09,3.664426792943546e-05,0.0005240059133090678,14.299805751833468,False,False
2007-09-12,delta_monotone_T60,60,0.2,60,0.3,0.0342913564789195,0.0006564306171792,0.0011383380300014,5.1509373379931016e-05,0.0011395028240831445,0.0336349258617403,29.517193947108733,False,False
2007-09-12,horizon_monotone_d20,60,0.2,20,0.2,0.0342913564789195,0.0005240144196724,0.0011383380300014,3.664426778324546e-05,0.0011389276855484894,0.033767342059247106,29.648363533269713,False,False
2007-09-12,horizon_monotone_d30,60,0.3,20,0.3,0.0006564306171792,8.506363332173928e-09,5.1509373379931016e-05,3.273232482116088e-09,5.1509373483932e-05,0.0006564221108158678,12.743740923593922,False,False
2007-09-13,delta_monotone_T20,20,0.2,20,0.3,0.0002221795940829,6.345827261848366e-10,2.0736320612250103e-05,6.345827261848365e-10,2.0736320621960004e-05,0.00022217895950017383,10.714483227312936,False,False
2007-09-13,delta_monotone_T60,60,0.2,60,0.3,0.0262346267279846,0.0003920321128792,0.0009888995232074,3.1049380843654275e-05,0.0009893868460064533,0.0258425946151054,26.119808161404283,False,False
2007-09-13,horizon_monotone_d20,60,0.2,20,0.2,0.0262346267279846,0.0002221795940829,0.0009888995232074,2.0736320612250103e-05,0.0009891169101740992,0.0260124471339017,26.298657788919133,False,False
2007-09-13,horizon_monotone_d30,60,0.3,20,0.3,0.0003920321128792,6.345827261848366e-10,3.1049380843654275e-05,6.345827261848365e-10,3.104938085013903e-05,0.0003920314782964738,12.62606427447388,False,False
2007-09-14,delta_monotone_T20,20,0.2,20,0.3,0.000193240505252,2.801749373451817e-09,1.8566985152107265e-05,1.17116685218749e-09,1.856698518904465e-05,0.00019323770350262656,10.40759722351938,False,False
2007-09-14,delta_monotone_T60,60,0.2,60,0.3,0.0246144601888272,0.0003996309074665,0.0009051265473992,2.9374994346356213e-05,0.0009056030902661743,0.024214829281360702,26.73889868710971,False,False
2007-09-14,horizon_monotone_d20,60,0.2,20,0.2,0.0246144601888272,0.000193240505252,0.0009051265473992,1.8566985152107265e-05,0.0009053169609282899,0.0244212196835752,26.975325479967015,False,False
2007-09-14,horizon_monotone_d30,60,0.3,20,0.3,0.0003996309074665,2.801749373451817e-09,2.9374994346356213e-05,1.17116685218749e-09,2.9374994369703142e-05,0.00039962810571712653,13.604363653233445,False,False
2007-09-17,delta_monotone_T20,20,0.2,20,0.3,0.0001652934236869,9.799707707683232e-10,1.3660181442968978e-05,6.940685451056562e-10,1.3660181460601654e-05,0.00016529244371612923,12.100310979972079,False,False
2007-09-17,delta_monotone_T60,60,0.2,60,0.3,0.0227900733305075,0.0002062994544367,0.0009291995648687,1.926279000956041e-05,0.0009293992072468827,0.0225837738760708,24.299325521236128,False,False
2007-09-17,horizon_monotone_d20,60,0.2,20,0.2,0.0227900733305075,0.0001652934236869,0.0009291995648687,1.3660181442968978e-05,0.0009292999687448807,0.022624779906820602,24.346046129085526,False,False
2007-09-17,horizon_monotone_d30,60,0.3,20,0.3,0.0002062994544367,9.799707707683232e-10,1.926279000956041e-05,6.940685451056562e-10,1.9262790022064602e-05,0.00020629847446592924,10.70968817235843,False,False
2007-09-18,delta_monotone_T20,20,0.2,20,0.3,0.0001145369868986,3.4734770449647553e-09,1.04284355469187e-05,1.3844074237399103e-09,1.0428435638810908e-05,0.00011453351342155504,10.9828086770083,False,False
2007-09-18,delta_monotone_T60,60,0.2,60,0.3,0.0230152648133929,0.000416348057097,0.0008711347606193,3.575368589493958e-05,0.0008718681650423528,0.022598916756295898,25.920107720870977,False,False
2007-09-18,horizon_monotone_d20,60,0.2,20,0.2,0.0230152648133929,0.0001145369868986,0.0008711347606193,1.04284355469187e-05,0.0008711971782709132,0.0229007278264943,26.286503672964077,False,False
2007-09-18,horizon_monotone_d30,60,0.3,20,0.3,0.000416348057097,3.4734770449647553e-09,3.575368589493958e-05,1.3844074237399103e-09,3.575368592174219e-05,0.00041634458361995507,11.64480172844981,False,False
2007-09-19,delta_monotone_T20,20,0.2,20,0.3,9.278511712990236e-05,4.244134075147053e-09,8.356696103099615e-06,2.218063954324897e-09,8.356696397462816e-06,9.278087299582721e-05,11.102577930675631,False,False
2007-09-19,delta_monotone_T60,60,0.2,60,0.3,0.0229701353247608,0.0003590183754571,0.0008796992923873,3.279807194919159e-05,0.0008803104898558807,0.022611116949303702,25.685388519004768,False,False
2007-09-19,horizon_monotone_d20,60,0.2,20,0.2,0.0229701353247608,9.278511712990236e-05,0.0008796992923873,8.356696103099615e-06,0.0008797389836744055,0.0228773502076309,26.00470211298251,False,False
2007-09-19,horizon_monotone_d30,60,0.3,20,0.3,0.0003590183754571,4.244134075147053e-09,3.279807194919159e-05,2.218063954324897e-09,3.2798072024193074e-05,0.00035901413132302483,10.946196198916896,False,False
2007-09-20,delta_monotone_T20,20,0.2,20,0.3,0.0001159561310949,2.325100855396892e-09,1.051442113855516e-05,1.1669177573167004e-09,1.0514421203308942e-05,0.00011595380599404461,11.028073134216209,False,False
2007-09-20,delta_monotone_T60,60,0.2,60,0.3,0.0239901885901694,0.0004357859098071,0.0009808485478813,3.45627302882495e-05,0.0009814573124725461,0.0235544026803623,23.99941635874375,False,False
2007-09-20,horizon_monotone_d20,60,0.2,20,0.2,0.0239901885901694,0.0001159561310949,0.0009808485478813,1.051442113855516e-05,0.0009809049020841592,0.0238742324590745,24.338987814566096,False,False
2007-09-20,horizon_monotone_d30,60,0.3,20,0.3,0.0004357859098071,2.325100855396892e-09,3.45627302882495e-05,1.1669177573167004e-09,3.4562730307948426e-05,0.0004357835847062446,12.608482629221772,False,False
2007-09-21,delta_monotone_T20,20,0.2,20,0.3,0.000113681142039,1.507850520778779e-09,1.0292508125454672e-05,7.474726407229034e-10,1.0292508152596518e-05,0.00011367963418847922,11.044891342621959,False,False
2007-09-21,delta_monotone_T60,60,0.2,60,0.3,0.0219766009101675,0.000382049975705,0.0008142328415059,2.9875109693224537e-05,0.0008147807326919031,0.0215945509344625,26.503512010056514,False,False
2007-09-21,horizon_monotone_d20,60,0.2,20,0.2,0.0219766009101675,0.000113681142039,0.0008142328415059,1.0292508125454672e-05,0.0008142978913826836,0.0218629197681285,26.848798209467432,False,False
2007-09-21,horizon_monotone_d30,60,0.3,20,0.3,0.000382049975705,1.507850520778779e-09,2.9875109693224537e-05,7.474726407229034e-10,2.9875109702575387e-05,0.00038204846785447924,12.78818627472838,False,False
2007-09-24,delta_monotone_T20,20,0.2,20,0.3,9.257209260197515e-05,1.953445542759173e-09,9.97314088332684e-06,1.002443555555409e-09,9.97314093370681e-06,9.257013915643239e-05,9.28194435150993,False,False
2007-09-24,delta_monotone_T60,60,0.2,60,0.3,0.0205378007913189,0.0002790099821934,0.000834170704046,2.4761395133608788e-05,0.0008345381298524125,0.0202587908091255,24.2754525940094,False,False
2007-09-24,horizon_monotone_d20,60,0.2,20,0.2,0.0205378007913189,9.257209260197515e-05,0.000834170704046,9.97314088332684e-06,0.0008342303201320832,0.020445228698716927,24.507894529031077,False,False
2007-09-24,horizon_monotone_d30,60,0.3,20,0.3,0.0002790099821934,1.953445542759173e-09,2.4761395133608788e-05,1.002443555555409e-09,2.4761395153900316e-05,0.00027900802874785725,11.267863826481886,False,False
2007-09-25,delta_monotone_T20,20,0.2,20,0.3,9.430283248070296e-05,9.058589644148521e-10,8.543339590549743e-06,5.57324321223305e-10,8.543339608728254e-06,9.430192662173854e-05,11.038063677744418,False,False
2007-09-25,delta_monotone_T60,60,0.2,60,0.3,0.0196813534561794,0.0002670489611777,0.0008151684602463,2.167776410230565e-05,0.0008154566475520318,0.0194143044950017,23.807892857680006,False,False
2007-09-25,horizon_monotone_d20,60,0.2,20,0.2,0.0196813534561794,9.430283248070296e-05,0.0008151684602463,8.543339590549743e-06,0.0008152132280769756,0.019587050623698695,24.026904801217494,False,False
2007-09-25,horizon_monotone_d30,60,0.3,20,0.3,0.0002670489611777,9.058589644148521e-10,2.167776410230565e-05,5.57324321223305e-10,2.1677764109469914e-05,0.00026704805531873563,12.31898520392497,False,False
2007-09-26,delta_monotone_T20,20,0.2,20,0.3,1.874978230290418e-05,0.0,2.1638447771163197e-06,0.0,2.1638447771163197e-06,1.874978230290418e-05,8.665031106293752,False,False
2007-09-26,delta_monotone_T60,60,0.2,60,0.3,0.011647107196812,9.808634507517752e-05,0.0005342842732212,1.0883145621841738e-05,0.0005343951042722342,0.011549020851736822,21.61138969913441,False,False
2007-09-26,horizon_monotone_d20,60,0.2,20,0.2,0.011647107196812,1.874978230290418e-05,0.0005342842732212,2.1638447771163197e-06,0.0005342886549756839,0.011628357414509094,21.764185531954286,False,False
2007-09-26,horizon_monotone_d30,60,0.3,20,0.3,9.808634507517752e-05,0.0,1.0883145621841738e-05,0.0,1.0883145621841738e-05,9.808634507517752e-05,9.012683325519863,False,False
2007-09-27,delta_monotone_T20,20,0.2,20,0.3,5.596090675561044e-06,0.0,1.0170796062650223e-06,0.0,1.0170796062650223e-06,5.596090675561044e-06,5.502116688890585,False,False
2007-09-27,delta_monotone_T60,60,0.2,60,0.3,0.0071308427949775,4.986115631296958e-05,0.0003379921473521,5.630244524187085e-06,0.0003380390381673185,0.00708098163866453,20.947230465020052,False,False
2007-09-27,horizon_monotone_d20,60,0.2,20,0.2,0.0071308427949775,5.596090675561044e-06,0.0003379921473521,1.0170796062650223e-06,0.0003379936776370368,0.007125246704301939,21.08100587595478,False,False
2007-09-27,horizon_monotone_d30,60,0.3,20,0.3,4.986115631296958e-05,0.0,5.630244524187085e-06,0.0,5.630244524187085e-06,4.986115631296958e-05,8.855948635759956,False,False
2007-09-28,delta_monotone_T20,20,0.2,20,0.3,5.871874883295536e-06,0.0,8.149654678165925e-07,0.0,8.149654678165925e-07,5.871874883295536e-06,7.205059742012281,False,False
2007-09-28,delta_monotone_T60,60,0.2,60,0.3,0.0077368223439244,5.920665114347348e-05,0.0003575001922791,9.90017345542356e-06,0.00035763724766030866,0.007677615692780927,21.467606472783526,False,False
2007-09-28,horizon_monotone_d20,60,0.2,20,0.2,0.0077368223439244,5.871874883295536e-06,0.0003575001922791,8.149654678165925e-07,0.00035750112118468553,0.007730950469041105,21.624968457224185,False,False
2007-09-28,horizon_monotone_d30,60,0.3,20,0.3,5.920665114347348e-05,0.0,9.90017345542356e-06,0.0,9.90017345542356e-06,5.920665114347348e-05,5.980365031992305,False,False
2007-10-01,delta_monotone_T20,20,0.2,20,0.3,3.4464300644226177e-06,0.0,4.728802590862105e-07,0.0,4.728802590862105e-07,3.4464300644226177e-06,7.288166503466369,False,False
2007-10-01,delta_monotone_T60,60,0.2,60,0.3,0.0108237326709847,4.165193295730582e-05,0.0030402781468773,1.1874310936038534e-05,0.0030403013353350146,0.010782080738027394,3.546385554851359,False,False
2007-10-01,horizon_monotone_d20,60,0.2,20,0.2,0.0108237326709847,3.4464300644226177e-06,0.0030402781468773,4.728802590862105e-07,0.003040278183652839,0.010820286240920277,3.558979010243036,False,False
2007-10-01,horizon_monotone_d30,60,0.3,20,0.3,4.165193295730582e-05,0.0,1.1874310936038534e-05,0.0,1.1874310936038534e-05,4.165193295730582e-05,3.50773473776,False,False
2007-10-02,delta_monotone_T20,20,0.2,20,0.3,2.071530823716638e-06,2.1399928628000244e-11,3.455080945642064e-07,2.1399928628000244e-11,3.455080952269361e-07,2.07150942378801e-06,5.995545263353104,False,False
2007-10-02,delta_monotone_T60,60,0.2,60,0.3,0.0055119330066879,2.303227397754169e-05,0.0005272074261302,3.827119109034711e-06,0.0005272213169130257,0.005488900732710359,10.410999245722548,False,False
2007-10-02,horizon_monotone_d20,60,0.2,20,0.2,0.0055119330066879,2.071530823716638e-06,0.0005272074261302,3.455080945642064e-07,0.0005272075393454401,0.005509861475864184,10.451029366357334,False,False
2007-10-02,horizon_monotone_d30,60,0.3,20,0.3,2.303227397754169e-05,2.1399928628000244e-11,3.827119109034711e-06,2.1399928628000244e-11,3.8271191090945415e-06,2.303225257761306e-05,6.018169782821905,False,False
2007-10-03,delta_monotone_T20,20,0.2,20,0.3,2.099449681281679e-06,0.0,3.850760555840559e-07,0.0,3.850760555840559e-07,2.099449681281679e-06,5.452039021479493,False,False
2007-10-03,delta_monotone_T60,60,0.2,60,0.3,0.0060938411364912,3.0179036740632425e-05,0.0004789272507518,3.2338317205411606e-06,0.0004789381684312436,0.006063662099750568,12.660636590339047,False,False
2007-10-03,horizon_monotone_d20,60,0.2,20,0.2,0.0060938411364912,2.099449681281679e-06,0.0004789272507518,3.850760555840559e-07,0.00047892740555980517,0.006091741686809918,12.719551264119971,False,False
2007-10-03,horizon_monotone_d30,60,0.3,20,0.3,3.0179036740632425e-05,0.0,3.2338317205411606e-06,0.0,3.2338317205411606e-06,3.0179036740632425e-05,9.332284221512355,False,False
2007-10-04,delta_monotone_T20,20,0.2,20,0.3,1.7211822468763165e-06,0.0,2.9520486296077105e-07,0.0,2.9520486296077105e-07,1.7211822468763165e-06,5.830467119049592,False,False
2007-10-04,delta_monotone_T60,60,0.2,60,0.3,0.0047048328780849,1.8860136223307403e-05,0.000419100503582,3.257348488879459e-06,0.00041911316183324996,0.004685972741861592,11.180686193114527,False,False
2007-10-04,horizon_monotone_d20,60,0.2,20,0.2,0.0047048328780849,1.7211822468763165e-06,0.000419100503582,2.9520486296077105e-07,0.00041910060754978283,0.004703111695838024,11.221915719316549,False,False
2007-10-04,horizon_monotone_d30,60,0.3,20,0.3,1.8860136223307403e-05,0.0,3.257348488879459e-06,0.0,3.257348488879459e-06,1.8860136223307403e-05,5.790027160954881,False,False
2007-10-05,delta_monotone_T20,20,0.2,20,0.3,1.3335494820878769e-06,0.0,2.2124863032268486e-07,0.0,2.2124863032268486e-07,1.3335494820878769e-06,6.027379605211263,False,False
2007-10-05,delta_monotone_T60,60,0.2,60,0.3,0.0036315078986419,1.826119257147687e-05,0.0006258479283559,4.705179788709495e-06,0.000625865615083794,0.003613246706070423,5.77319894077687,False,False
2007-10-05,horizon_monotone_d20,60,0.2,20,0.2,0.0036315078986419,1.3335494820878769e-06,0.0006258479283559,2.2124863032268486e-07,0.0006258479674636071,0.003630174349159812,5.80040926532354,False,False
2007-10-05,horizon_monotone_d30,60,0.3,20,0.3,1.826119257147687e-05,0.0,4.705179788709495e-06,0.0,4.705179788709495e-06,1.826119257147687e-05,3.881082847311436,False,False
2007-10-08,delta_monotone_T20,20,0.2,20,0.3,2.5924937067380173e-06,2.075029075143788e-11,3.961109240724725e-07,2.075029075143788e-11,3.96110924615975e-07,2.592472956447266e-06,6.544815594168827,False,False
2007-10-08,delta_monotone_T60,60,0.2,60,0.3,0.0056752676801599,3.191145269042234e-05,0.0003428549461106,3.5620004594447724e-06,0.00034287344884049493,0.005643356227469478,16.459006220965136,False,False
2007-10-08,horizon_monotone_d20,60,0.2,20,0.2,0.0056752676801599,2.5924937067380173e-06,0.0003428549461106,3.961109240724725e-07,0.00034285517493012495,0.005672675186453162,16.54539759421532,False,False
2007-10-08,horizon_monotone_d30,60,0.3,20,0.3,3.191145269042234e-05,2.075029075143788e-11,3.5620004594447724e-06,2.075029075143788e-11,3.5620004595052124e-06,3.1911431940131584e-05,8.958851157634133,False,False
2007-10-09,delta_monotone_T20,20,0.2,20,0.3,1.4489194635198953e-06,0.0,2.4546540624502466e-07,0.0,2.4546540624502466e-07,1.4489194635198953e-06,5.902744039107398,False,False
2007-10-09,delta_monotone_T60,60,0.2,60,0.3,0.0050176632983266,4.726259686438332e-05,0.0009301404515342,2.1918325344112862e-05,0.0009303986632439536,0.004970400701462216,5.342226830090533,False,False
2007-10-09,horizon_monotone_d20,60,0.2,20,0.2,0.0050176632983266,1.4489194635198953e-06,0.0009301404515342,2.4546540624502466e-07,0.0009301404839235367,0.0050162143788630795,5.3929642517048455,False,False
2007-10-09,horizon_monotone_d30,60,0.3,20,0.3,4.726259686438332e-05,0.0,2.1918325344112862e-05,0.0,2.1918325344112862e-05,4.726259686438332e-05,2.1563051064518386,False,False
2007-10-10,delta_monotone_T20,20,0.2,20,0.3,1.450264283482637e-06,1.5811285133795346e-11,2.662005963121871e-07,1.5811285133795346e-11,2.662005967817517e-07,1.4502484721975033e-06,5.4479534972136445,False,False
2007-10-10,delta_monotone_T60,60,0.2,60,0.3,0.0039007437973006,4.506065360977986e-05,0.0003922813987924,1.693118312325679e-05,0.00039264661058065333,0.00385568314369082,9.81972857982643,False,False
2007-10-10,horizon_monotone_d20,60,0.2,20,0.2,0.0039007437973006,1.450264283482637e-06,0.0003922813987924,2.662005963121871e-07,0.0003922814891137223,0.0038992935330171173,9.940039592045887,False,False
2007-10-10,horizon_monotone_d30,60,0.3,20,0.3,4.506065360977986e-05,1.5811285133795346e-11,1.693118312325679e-05,1.5811285133795346e-11,1.6931183123264173e-05,4.506063779849472e-05,2.6613992342082384,False,False
2007-10-11,delta_monotone_T20,20,0.2,20,0.3,1.5321955085138849e-06,0.0,2.60808238421865e-07,0.0,2.60808238421865e-07,1.5321955085138849e-06,5.874797198835083,False,False
2007-10-11,delta_monotone_T60,60,0.2,60,0.3,0.0053319736035241,2.45208783483237e-05,0.0002511918926,2.9586017353355644e-06,0.0002512093155760715,0.005307452725175776,21.127611103930448,False,False
2007-10-11,horizon_monotone_d20,60,0.2,20,0.2,0.0053319736035241,1.5321955085138849e-06,0.0002511918926,2.60808238421865e-07,0.0002511920279963263,0.005330441408015586,21.220583513476566,False,False
2007-10-11,horizon_monotone_d30,60,0.3,20,0.3,2.45208783483237e-05,0.0,2.9586017353355644e-06,0.0,2.9586017353355644e-06,2.45208783483237e-05,8.287995662093582,False,False
2007-10-12,delta_monotone_T20,20,0.2,20,0.3,1.7517930601710366e-06,0.0,2.8119484462529776e-07,0.0,2.8119484462529776e-07,1.7517930601710366e-06,6.229819264664556,False,False
2007-10-12,delta_monotone_T60,60,0.2,60,0.3,0.0076082338157496,1.0459856783494186e-05,0.0025087389431179,2.2218488568481487e-06,0.002508739927000936,0.007597773958966106,3.0285219592486166,False,False
2007-10-12,horizon_monotone_d20,60,0.2,20,0.2,0.0076082338157496,1.7517930601710366e-06,0.0025087389431179,2.8119484462529776e-07,0.0025087389588769214,0.007606482022689429,3.0319942199544734,False,False
2007-10-12,horizon_monotone_d30,60,0.3,20,0.3,1.0459856783494186e-05,0.0,2.2218488568481487e-06,0.0,2.2218488568481487e-06,1.0459856783494186e-05,4.707726518505061,False,False
2007-10-15,delta_monotone_T20,20,0.2,20,0.3,2.8498869321556165e-06,0.0,4.510744118499108e-07,0.0,4.510744118499108e-07,2.8498869321556165e-06,6.317997335446019,False,False
2007-10-15,delta_monotone_T60,60,0.2,60,0.3,0.0064977909067967,3.1670062974584864e-05,0.0003442427741089,4.164537338964265e-06,0.0003442679637977353,0.006466120843822115,18.78223222542164,False,False
2007-10-15,horizon_monotone_d20,60,0.2,20,0.2,0.0064977909067967,2.8498869321556165e-06,0.0003442427741089,4.510744118499108e-07,0.00034424306963876,0.006494941019864545,18.867310899476266,False,False
2007-10-15,horizon_monotone_d30,60,0.3,20,0.3,3.1670062974584864e-05,0.0,4.164537338964265e-06,0.0,4.164537338964265e-06,3.1670062974584864e-05,7.604701410231879,False,False
2007-10-16,delta_monotone_T20,20,0.2,20,0.3,2.2493968206445813e-07,0.0,5.0101436779801745e-08,0.0,5.0101436779801745e-08,2.2493968206445813e-07,4.489685256993307,False,False
2007-10-16,delta_monotone_T60,60,0.2,60,0.3,0.002699934717902,4.694280337170847e-06,0.000161624875976,6.844286966695686e-07,0.00016162632513578415,0.002695240437564829,16.675751523153956,False,False
2007-10-16,horizon_monotone_d20,60,0.2,20,0.2,0.002699934717902,2.2493968206445813e-07,0.000161624875976,5.0101436779801745e-08,0.00016162488374136996,0.0026997097782199358,16.70355279289776,False,False
2007-10-16,horizon_monotone_d30,60,0.3,20,0.3,4.694280337170847e-06,0.0,6.844286966695686e-07,0.0,6.844286966695686e-07,4.694280337170847e-06,6.858684272026033,False,False
2007-10-17,delta_monotone_T20,20,0.2,20,0.3,1.8799821108960802e-07,0.0,4.604464968189346e-08,0.0,4.604464968189346e-08,1.8799821108960802e-07,4.08295453192548,False,False
2007-10-17,delta_monotone_T60,60,0.2,60,0.3,0.0023823430603942,4.3016750183028105e-06,0.0001890846283719,6.940591605177226e-07,0.00018908590218379007,0.002378041385375897,12.576513414862937,False,False
2007-10-17,horizon_monotone_d20,60,0.2,20,0.2,0.0023823430603942,1.8799821108960802e-07,0.0001890846283719,4.604464968189346e-08,0.0001890846339781456,0.00238215506218311,12.598353510092416,False,False
2007-10-17,horizon_monotone_d30,60,0.3,20,0.3,4.3016750183028105e-06,0.0,6.940591605177226e-07,0.0,6.940591605177226e-07,4.3016750183028105e-06,6.197850648774729,False,False
2007-10-18,delta_monotone_T20,20,0.2,20,0.3,1.902926831870975e-07,0.0,4.6807744418808574e-08,0.0,4.6807744418808574e-08,1.902926831870975e-07,4.065410233923447,False,False
2007-10-18,delta_monotone_T60,60,0.2,60,0.3,0.0020074195851477,6.143817552827016e-06,0.0001227258628063,1.2378471886594352e-06,0.00012273210528306454,0.002001275767594873,16.306049366457202,False,False
2007-10-18,horizon_monotone_d20,60,0.2,20,0.2,0.0020074195851477,1.902926831870975e-07,0.0001227258628063,4.6807744418808574e-08,0.00012272587173255568,0.0020072292924645132,16.355388347443714,False,False
2007-10-18,horizon_monotone_d30,60,0.3,20,0.3,6.143817552827016e-06,0.0,1.2378471886594352e-06,0.0,1.2378471886594352e-06,6.143817552827016e-06,4.963308564347634,False,False
2007-10-19,delta_monotone_T20,20,0.2,20,0.3,3.7587019477849886e-05,0.0,4.227065388562831e-06,0.0,4.227065388562831e-06,3.7587019477849886e-05,8.891989127859027,False,False
2007-10-19,delta_monotone_T60,60,0.2,60,0.3,0.0125723152748602,8.339253637702732e-05,0.0005526338299963,8.068051689095605e-06,0.0005526927206997006,0.012488922738483172,22.596503030965174,False,False
2007-10-19,horizon_monotone_d20,60,0.2,20,0.2,0.0125723152748602,3.7587019477849886e-05,0.0005526338299963,4.227065388562831e-06,0.0005526499960537216,0.01253472825538235,22.681133348210288,False,False
2007-10-19,horizon_monotone_d30,60,0.3,20,0.3,8.339253637702732e-05,0.0,8.068051689095605e-06,0.0,8.068051689095605e-06,8.339253637702732e-05,10.336143047984772,False,False
2007-10-22,delta_monotone_T20,20,0.2,20,0.3,2.464778297915792e-05,0.0,2.8510151056005328e-06,0.0,2.8510151056005328e-06,2.464778297915792e-05,8.64526565669183,False,False
2007-10-22,delta_monotone_T60,60,0.2,60,0.3,0.01051195114989,7.283069851344235e-05,0.0004854273232235,8.192958768468245e-06,0.00048549645797401464,0.010439120451376557,21.501949766923516,False,False
2007-10-22,horizon_monotone_d20,60,0.2,20,0.2,0.01051195114989,2.464778297915792e-05,0.0004854273232235,2.8510151056005328e-06,0.00048543569545210074,0.010487303366910842,21.603898240618058,False,False
2007-10-22,horizon_monotone_d30,60,0.3,20,0.3,7.283069851344235e-05,0.0,8.192958768468245e-06,0.0,8.192958768468245e-06,7.283069851344235e-05,8.889425733929182,False,False
2007-10-23,delta_monotone_T20,20,0.2,20,0.3,1.4305662230952116e-05,0.0,1.867135101444692e-06,0.0,1.867135101444692e-06,1.4305662230952116e-05,7.6618249101969855,False,False
2007-10-23,delta_monotone_T60,60,0.2,60,0.3,0.0099481660112461,6.92427896216277e-05,0.0004616626655263,7.512013978197191e-06,0.0004617237779179853,0.009878923221624472,21.39574285338027,False,False
2007-10-23,horizon_monotone_d20,60,0.2,20,0.2,0.0099481660112461,1.4305662230952116e-05,0.0004616626655263,1.867135101444692e-06,0.00046166644120439963,0.009933860349015148,21.517397545941616,False,False
2007-10-23,horizon_monotone_d30,60,0.3,20,0.3,6.92427896216277e-05,0.0,7.512013978197191e-06,0.0,7.512013978197191e-06,6.92427896216277e-05,9.217606599587995,False,False
2007-10-24,delta_monotone_T20,20,0.2,20,0.3,1.8781905095387847e-05,7.588733664077524e-11,2.3409910908826746e-06,7.588733664077524e-11,2.3409910921126854e-06,1.8781829208051207e-05,8.02302463744152,False,False
2007-10-24,delta_monotone_T60,60,0.2,60,0.3,0.0098930892388562,5.581109703559335e-05,0.0005169360959999,5.8067928606246885e-06,0.0005169687091023441,0.009837278141820605,19.028768992424883,False,False
2007-10-24,horizon_monotone_d20,60,0.2,20,0.2,0.0098930892388562,1.8781905095387847e-05,0.0005169360959999,2.3409910908826746e-06,0.0005169413966659136,0.009874307333760811,19.101405686305156,False,False
2007-10-24,horizon_monotone_d30,60,0.3,20,0.3,5.581109703559335e-05,7.588733664077524e-11,5.8067928606246885e-06,7.588733664077524e-11,5.8067928611205636e-06,5.581102114825671e-05,9.611333223532034,False,False
2007-10-25,delta_monotone_T20,20,0.2,20,0.3,1.1661958063626152e-05,0.0,1.7472520138058746e-06,0.0,1.7472520138058746e-06,1.1661958063626152e-05,6.6744567878471095,False,False
2007-10-25,delta_monotone_T60,60,0.2,60,0.3,0.0093931750088152,5.496663485745526e-05,0.0004336047253565,6.274165521429816e-06,0.00043365011588200467,0.009338208373957746,21.533969511260672,False,False
2007-10-25,horizon_monotone_d20,60,0.2,20,0.2,0.0093931750088152,1.1661958063626152e-05,0.0004336047253565,1.7472520138058746e-06,0.0004336082457023685,0.009381513050751574,21.635919389759728,False,False
2007-10-25,horizon_monotone_d30,60,0.3,20,0.3,5.496663485745526e-05,0.0,6.274165521429816e-06,0.0,6.274165521429816e-06,5.496663485745526e-05,8.760788135045718,False,False
2007-10-26,delta_monotone_T20,20,0.2,20,0.3,6.017306623577681e-06,0.0,9.465425729409476e-07,0.0,9.465425729409476e-07,6.017306623577681e-06,6.357143139247985,False,False
2007-10-26,delta_monotone_T60,60,0.2,60,0.3,0.007558998882248,3.840975365461534e-05,0.0003652083362463,5.3088383447786e-06,0.0003652469200805963,0.007520589128593385,20.59042449128352,False,False
2007-10-26,horizon_monotone_d20,60,0.2,20,0.2,0.007558998882248,6.017306623577681e-06,0.0003652083362463,9.465425729409476e-07,0.0003652095628630676,0.0075529815756244225,20.681226188089585,False,False
2007-10-26,horizon_monotone_d30,60,0.3,20,0.3,3.840975365461534e-05,0.0,5.3088383447786e-06,0.0,5.3088383447786e-06,3.840975365461534e-05,7.23505805980935,False,False
2007-10-29,delta_monotone_T20,20,0.2,20,0.3,3.495798587518049e-06,0.0,4.955489258360402e-07,0.0,4.955489258360402e-07,3.495798587518049e-06,7.054396458675174,False,False
2007-10-29,delta_monotone_T60,60,0.2,60,0.3,0.0059566342242518,3.5258347263905586e-05,0.0002946225307156,4.972795839611203e-06,0.0002946644944741852,0.005921375876987894,20.095315139865452,False,False
2007-10-29,horizon_monotone_d20,60,0.2,20,0.2,0.0059566342242518,3.495798587518049e-06,0.0002946225307156,4.955489258360402e-07,0.0002946229474667623,0.005953138425664282,20.205956382049575,False,False
2007-10-29,horizon_monotone_d30,60,0.3,20,0.3,3.5258347263905586e-05,0.0,4.972795839611203e-06,0.0,4.972795839611203e-06,3.5258347263905586e-05,7.0902462922471905,False,False
2007-10-30,delta_monotone_T20,20,0.2,20,0.3,6.422254422047987e-06,0.0,8.635335417821301e-07,0.0,8.635335417821301e-07,6.422254422047987e-06,7.43718004143066,False,False
2007-10-30,delta_monotone_T60,60,0.2,60,0.3,0.0078932060736469,4.575759634975415e-05,0.0003690356773461,4.741548083666903e-06,0.0003690661369355424,0.007847448477297144,21.262987014892957,False,False
2007-10-30,horizon_monotone_d20,60,0.2,20,0.2,0.0078932060736469,6.422254422047987e-06,0.0003690356773461,8.635335417821301e-07,0.00036903668766732743,0.00788678381922485,21.371273054386634,False,False
2007-10-30,horizon_monotone_d30,60,0.3,20,0.3,4.575759634975415e-05,0.0,4.741548083666903e-06,0.0,4.741548083666903e-06,4.575759634975415e-05,9.650349536130244,False,False
2007-10-31,delta_monotone_T20,20,0.2,20,0.3,3.884910436241677e-06,0.0,6.06026623132343e-07,0.0,6.06026623132343e-07,3.884910436241677e-06,6.410461666126007,False,False
2007-10-31,delta_monotone_T60,60,0.2,60,0.3,0.0070642713753265,4.609639697187625e-05,0.0003464004830602,4.963291993637462e-06,0.0003464360387311834,0.007018174978354624,20.258212754246298,False,False
2007-10-31,horizon_monotone_d20,60,0.2,20,0.2,0.0070642713753265,3.884910436241677e-06,0.0003464004830602,6.06026623132343e-07,0.00034640101318068894,0.007060386464890258,20.382118401043577,False,False
2007-10-31,horizon_monotone_d30,60,0.3,20,0.3,4.609639697187625e-05,0.0,4.963291993637462e-06,0.0,4.963291993637462e-06,4.609639697187625e-05,9.287464253759016,False,False
2007-11-01,delta_monotone_T20,20,0.2,20,0.3,0.0001313895407059,8.812017363757356e-10,1.236692626696709e-05,5.616594242972338e-10,1.2366926279721323e-05,0.00013138865950416362,10.624196872557434,False,False
2007-11-01,delta_monotone_T60,60,0.2,60,0.3,0.0208395497060603,0.0002451599183265,0.0007980264307096,2.207964911055447e-05,0.0007983318201198981,0.0205943897877338,25.79677931995848,False,False
2007-11-01,horizon_monotone_d20,60,0.2,20,0.2,0.0208395497060603,0.0001313895407059,0.0007980264307096,1.236692626696709e-05,0.0007981222493931595,0.0207081601653544,25.9461005893515,False,False
2007-11-01,horizon_monotone_d30,60,0.3,20,0.3,0.0002451599183265,8.812017363757356e-10,2.207964911055447e-05,5.616594242972338e-10,2.2079649117698184e-05,0.00024515903712476366,11.103393709651561,False,False
2007-11-02,delta_monotone_T20,20,0.2,20,0.3,8.055288950885452e-05,7.249413753357254e-10,7.292740785425448e-06,3.9357311246807856e-10,7.292740796045584e-06,8.055216456747919e-05,11.045526890405567,False,False
2007-11-02,delta_monotone_T60,60,0.2,60,0.3,0.0177254106938424,0.0001723897883931,0.0007311980663027,1.532075266295624e-05,0.0007313585561316469,0.0175530209054493,24.00056820048975,False,False
2007-11-02,horizon_monotone_d20,60,0.2,20,0.2,0.0177254106938424,8.055288950885452e-05,0.0007311980663027,7.292740785425448e-06,0.0007312344331559963,0.017644857804333548,24.13023375852067,False,False
2007-11-02,horizon_monotone_d30,60,0.3,20,0.3,0.0001723897883931,7.249413753357254e-10,1.532075266295624e-05,3.9357311246807856e-10,1.532075266801147e-05,0.00017238906345172465,11.251997025685265,False,False
2007-11-05,delta_monotone_T20,20,0.2,20,0.3,0.0001738819352036,2.0493395383493937e-10,3.356155441590913e-05,2.0493395383493942e-10,3.3561554416534816e-05,0.00017388173026964616,5.180979644494046,False,False
2007-11-05,delta_monotone_T60,60,0.2,60,0.3,0.0221249468710792,0.0002514093416028,0.0008425324936667,2.183832969020195e-05,0.0008428154694403074,0.021873537529476402,25.95293788805522,False,False
2007-11-05,horizon_monotone_d20,60,0.2,20,0.2,0.0221249468710792,0.0001738819352036,0.0008425324936667,3.356155441590913e-05,0.0008432006764816072,0.021951064935875602,26.03302576495789,False,False
2007-11-05,horizon_monotone_d30,60,0.3,20,0.3,0.0002514093416028,2.0493395383493937e-10,2.183832969020195e-05,2.0493395383493942e-10,2.1838329691163516e-05,0.0002514091366688462,11.512287808832482,False,False
2007-11-06,delta_monotone_T20,20,0.2,20,0.3,6.389276918215654e-05,5.489862928338513e-10,6.590793936253548e-06,3.934522192638114e-10,6.590793947997554e-06,6.38922201958637e-05,9.69416138631913,False,False
2007-11-06,delta_monotone_T60,60,0.2,60,0.3,0.016584609860807,0.0001730227281542,0.0006844668486642,1.4976356241937417e-05,0.0006846306728204531,0.0164115871326528,23.97144589657729,False,False
2007-11-06,horizon_monotone_d20,60,0.2,20,0.2,0.016584609860807,6.389276918215654e-05,0.0006844668486642,6.590793936253548e-06,0.0006844985796077382,0.016520717091624844,24.13550237181249,False,False
2007-11-06,horizon_monotone_d30,60,0.3,20,0.3,0.0001730227281542,5.489862928338513e-10,1.4976356241937417e-05,3.934522192638114e-10,1.4976356247105719e-05,0.00017302217916790715,11.553022398311661,False,False
2007-11-07,delta_monotone_T20,20,0.2,20,0.3,0.0015918371832518,1.9996223311068645e-07,0.0001005629968541,6.85352769626368e-08,0.00010056302020803629,0.0015916372210186894,15.827261529397632,False,False
2007-11-07,delta_monotone_T60,60,0.2,60,0.3,0.0541133558884781,0.001551243358333,0.0016188138214794,9.753351071333304e-05,0.001621749356196822,0.052562112530145096,32.41074974335673,False,False
2007-11-07,horizon_monotone_d20,60,0.2,20,0.2,0.0541133558884781,0.0015918371832518,0.0016188138214794,0.0001005629968541,0.0016219343713446044,0.0525215187052263,32.38202459553606,False,False
2007-11-07,horizon_monotone_d30,60,0.3,20,0.3,0.001551243358333,1.9996223311068645e-07,9.753351071333304e-05,6.85352769626368e-08,9.753353479266523e-05,0.0015510433960998894,15.90266772753664,False,False
2007-11-08,delta_monotone_T20,20,0.2,20,0.3,0.0021808057897647,1.515516752835551e-07,0.0001301057005739,3.794343594474396e-08,0.0001301057061067256,0.0021806542380894164,16.760634897139926,False,False
2007-11-08,delta_monotone_T60,60,0.2,60,0.3,0.0609962515624162,0.0015004938861171,0.0018032358299695,9.669293935261456e-05,0.0018058263989117116,0.059495757676299096,32.94655439313239,False,False
2007-11-08,horizon_monotone_d20,60,0.2,20,0.2,0.0609962515624162,0.0021808057897647,0.0018032358299695,0.0001301057005739,0.0018079233810666913,0.0588154457726515,32.532045543849236,False,False
2007-11-08,horizon_monotone_d30,60,0.3,20,0.3,0.0015004938861171,1.515516752835551e-07,9.669293935261456e-05,3.794343594474396e-08,9.669294679733745e-05,0.0015003423344418165,15.51656438381636,False,False
2007-11-09,delta_monotone_T20,20,0.2,20,0.3,0.0051870988567654,8.407767433975243e-07,0.0002694627179882,1.512294894524343e-07,0.0002694627604251591,0.005186258080022003,19.2466598050102,False,False
2007-11-09,delta_monotone_T60,60,0.2,60,0.3,0.0884624688794652,0.0026769346930352,0.0023354934039712,0.0001452115710217,0.002340003384688059,0.08578553418643,36.66043166765158,False,False
2007-11-09,horizon_monotone_d20,60,0.2,20,0.2,0.0884624688794652,0.0051870988567654,0.0023354934039712,0.0002694627179882,0.002350986940920466,0.0832753700226998,35.42145155008627,False,False
2007-11-09,horizon_monotone_d30,60,0.3,20,0.3,0.0026769346930352,8.407767433975243e-07,0.0001452115710217,1.512294894524343e-07,0.00014521164977008113,0.0026760939162918025,18.42892027278086,False,False
2007-11-12,delta_monotone_T20,20,0.2,20,0.3,0.0098402683282197,1.979142656463605e-06,0.0004191381079944,3.912154881938572e-07,0.00041913829057088484,0.009838289185563237,23.472656655069745,False,False
2007-11-12,delta_monotone_T60,60,0.2,60,0.3,0.1044826821592982,0.0044312614108449,0.002726132563661,0.0002226170317795,0.002735206956976238,0.1000514207484533,36.57910436841672,False,False
2007-11-12,horizon_monotone_d20,60,0.2,20,0.2,0.1044826821592982,0.0098402683282197,0.002726132563661,0.0004191381079944,0.002758165243096581,0.0946424138310785,34.313540157885484,False,False
2007-11-12,horizon_monotone_d30,60,0.3,20,0.3,0.0044312614108449,1.979142656463605e-06,0.0002226170317795,3.912154881938572e-07,0.00022261737553001812,0.004429282268188436,19.89639064625117,False,False
2007-11-13,delta_monotone_T20,20,0.2,20,0.3,0.0045855102971715,1.8780584073924368e-06,0.0002399643515495,2.8434250874196455e-07,0.00023996452001334343,0.004583632238764108,19.101291468043822,False,False
2007-11-13,delta_monotone_T60,60,0.2,60,0.3,0.0814557183650934,0.0038670907260662,0.0021965266143782,0.0002052549342176,0.0022060958174323323,0.0775886276390272,35.170107765007394,False,False
2007-11-13,horizon_monotone_d20,60,0.2,20,0.2,0.0814557183650934,0.0045855102971715,0.0021965266143782,0.0002399643515495,0.0022095954511372282,0.0768702080679219,34.78926788537628,False,False
2007-11-13,horizon_monotone_d30,60,0.3,20,0.3,0.0038670907260662,1.8780584073924368e-06,0.0002052549342176,2.8434250874196455e-07,0.0002052551311693171,0.0038652126676588074,18.831259640814306,False,False
2007-11-14,delta_monotone_T20,20,0.2,20,0.3,0.0052600432256933,2.991793747432999e-06,0.0002482149591528,5.303547109074144e-07,0.00024821552574999327,0.005257051431945867,21.17938197484413,False,False
2007-11-14,delta_monotone_T60,60,0.2,60,0.3,0.0862511505349218,0.0037514963605379,0.0023021486670662,0.0002067294266014,0.0023114120232225204,0.0824996541743839,35.69231852457213,False,False
2007-11-14,horizon_monotone_d20,60,0.2,20,0.2,0.0862511505349218,0.0052600432256933,0.0023021486670662,0.0002482149591528,0.002315491125273839,0.0809911073092285,34.97793898892624,False,False
2007-11-14,horizon_monotone_d30,60,0.3,20,0.3,0.0037514963605379,2.991793747432999e-06,0.0002067294266014,5.303547109074144e-07,0.00020673010690042947,0.0037485045667904667,18.13235925329403,False,False
2007-11-15,delta_monotone_T20,20,0.2,20,0.3,0.0119632586763502,1.1234328590710893e-05,0.0005179044923143,1.523142565728809e-06,0.0005179067320692099,0.01195202434775949,23.077561282138912,False,False
2007-11-15,delta_monotone_T60,60,0.2,60,0.3,0.1186894518706205,0.0061004051317194,0.0029374982505231,0.0002860205702711,0.002951390136604186,0.11258904673890109,38.14780206199507,False,False
2007-11-15,horizon_monotone_d20,60,0.2,20,0.2,0.1186894518706205,0.0119632586763502,0.0029374982505231,0.0005179044923143,0.002982804223375313,0.10672619319427029,35.7804888292333,False,False
2007-11-15,horizon_monotone_d30,60,0.3,20,0.3,0.0061004051317194,1.1234328590710893e-05,0.0002860205702711,1.523142565728809e-06,0.0002860246258305057,0.006089170803128689,21.28897393169583,False,False
2007-11-16,delta_monotone_T20,20,0.2,20,0.3,0.0067287342957567,1.6147451663905098e-06,0.0003053880876198,2.57748336555801e-07,0.0003053881963899123,0.006727119550590309,22.02809286709066,False,False
2007-11-16,delta_monotone_T60,60,0.2,60,0.3,0.0876701158793052,0.0032970260742066,0.0023170842654636,0.0001828331929409,0.0023242864431261383,0.08437308980509861,36.30064188285579,False,False
2007-11-16,horizon_monotone_d20,60,0.2,20,0.2,0.0876701158793052,0.0067287342957567,0.0023170842654636,0.0003053880876198,0.00233712245663745,0.08094138158354851,34.632922786597774,False,False
2007-11-16,horizon_monotone_d30,60,0.3,20,0.3,0.0032970260742066,1.6147451663905098e-06,0.0001828331929409,2.57748336555801e-07,0.00018283337462063473,0.0032954113290402094,18.024123527107324,False,False
2007-11-19,delta_monotone_T20,20,0.2,20,0.3,0.0141774957185091,6.485417287884188e-06,0.0005851449667164,9.337746122632444e-07,0.0005851457117749077,0.014171010301221216,24.217917035120447,False,False
2007-11-19,delta_monotone_T60,60,0.2,60,0.3,0.1330270721713175,0.0056824053573654,0.0031007138480314,0.0002676115819294,0.0031122407243265177,0.12734466681395212,40.917357651217436,False,False
2007-11-19,horizon_monotone_d20,60,0.2,20,0.2,0.1330270721713175,0.0141774957185091,0.0031007138480314,0.0005851449667164,0.003155443074981266,0.11884957645280841,37.66494074798482,False,False
2007-11-19,horizon_monotone_d30,60,0.3,20,0.3,0.0056824053573654,6.485417287884188e-06,0.0002676115819294,9.337746122632444e-07,0.000267613211029991,0.005675919940077516,21.209416075656385,False,False
2007-11-20,delta_monotone_T20,20,0.2,20,0.3,0.0098295360542057,3.930967986017816e-06,0.0004311750018092,5.697892856105587e-07,0.00043117537829170347,0.009825605086219682,22.787954927176653,False,False
2007-11-20,delta_monotone_T60,60,0.2,60,0.3,0.1162019772725225,0.0051311290157942,0.0028431580558418,0.0002528303277513,0.0028543774987077226,0.1110708482567283,38.91245930400376,False,False
2007-11-20,horizon_monotone_d20,60,0.2,20,0.2,0.1162019772725225,0.0098295360542057,0.0028431580558418,0.0004311750018092,0.0028756668118339592,0.10637244121831681,36.99053060687434,False,False
2007-11-20,horizon_monotone_d30,60,0.3,20,0.3,0.0051311290157942,3.930967986017816e-06,0.0002528303277513,5.697892856105587e-07,0.00025283096980128794,0.005127198047808182,20.279153506541917,False,False
2007-11-21,delta_monotone_T20,20,0.2,20,0.3,0.0322262714487122,2.8403626088778805e-05,0.0011031369168078,3.140254502538577e-06,0.0011031413864154313,0.03219786782262342,29.187435281752762,False,False
2007-11-21,delta_monotone_T60,60,0.2,60,0.3,0.180738041972837,0.0105727824396439,0.0038097293295445,0.0004548959301962,0.00383679135107718,0.1701652595331931,44.35092866997294,False,False
2007-11-21,horizon_monotone_d20,60,0.2,20,0.2,0.180738041972837,0.0322262714487122,0.0038097293295445,0.0011031369168078,0.003966225992252056,0.1485117705241248,37.444101978616345,False,False
2007-11-21,horizon_monotone_d30,60,0.3,20,0.3,0.0105727824396439,2.8403626088778805e-05,0.0004548959301962,3.140254502538577e-06,0.00045490676902790395,0.010544378813555121,23.179208425690252,False,False
2007-11-23,delta_monotone_T20,20,0.2,20,0.3,0.0191598796150232,2.4097309042445223e-05,0.000760618149533,2.6117509626848324e-06,0.0007606226335326187,0.019135782305980755,25.158050079455244,False,False
2007-11-23,delta_monotone_T60,60,0.2,60,0.3,0.1487039878368501,0.009007153974589,0.0033454400244944,0.0004039210515139,0.003369736068796069,0.1396968338622611,41.456313197897316,False,False
2007-11-23,horizon_monotone_d20,60,0.2,20,0.2,0.1487039878368501,0.0191598796150232,0.0033454400244944,0.000760618149533,0.003430817530398272,0.1295441082218269,37.758961843356495,False,False
2007-11-23,horizon_monotone_d30,60,0.3,20,0.3,0.009007153974589,2.4097309042445223e-05,0.0004039210515139,2.6117509626848324e-06,0.00040392949520824266,0.008983056665546555,22.23916988511921,False,False
2007-11-26,delta_monotone_T20,20,0.2,20,0.3,0.0528039762295586,0.0001466157684141,0.0015929214378829,1.3707705015895322e-05,0.0015929804168425075,0.0526573604611445,33.05587432488227,False,False
2007-11-26,delta_monotone_T60,60,0.2,60,0.3,0.235458999756812,0.0184071055217935,0.0044224816221089,0.0007084062271214,0.004478859573654363,0.2170518942350185,48.46141984708909,False,False
2007-11-26,horizon_monotone_d20,60,0.2,20,0.2,0.235458999756812,0.0528039762295586,0.0044224816221089,0.0015929214378829,0.00470061085446965,0.1826550235272534,38.857720662746,False,False
2007-11-26,horizon_monotone_d30,60,0.3,20,0.3,0.0184071055217935,0.0001466157684141,0.0007084062271214,1.3707705015895322e-05,0.000708538837186205,0.018260489753379402,25.77203788277384,False,False
2007-11-27,delta_monotone_T20,20,0.2,20,0.3,0.0393559475087153,8.358610576164045e-05,0.0012717113329928,8.22528435189545e-06,0.0012717379328167394,0.03927236140295366,30.88086026967075,False,False
2007-11-27,delta_monotone_T60,60,0.2,60,0.3,0.2011763423909769,0.0153410932752416,0.0041331694453761,0.0005967981494727,0.0041760337277618595,0.1858352491157353,44.50041863415061,False,False
2007-11-27,horizon_monotone_d20,60,0.2,20,0.2,0.2011763423909769,0.0393559475087153,0.0041331694453761,0.0012717113329928,0.004324388902336711,0.1618203948822616,37.4204074926797,False,False
2007-11-27,horizon_monotone_d30,60,0.3,20,0.3,0.0153410932752416,8.358610576164045e-05,0.0005967981494727,8.22528435189545e-06,0.0005968548286783887,0.01525750716947996,25.563179581313847,False,False
2007-11-28,delta_monotone_T20,20,0.2,20,0.3,0.0207426634371541,6.081252370929751e-05,0.0007767327888909,6.11807318089595e-06,0.0007767568835598963,0.0206818509134448,26.625899752132685,False,False
2007-11-28,delta_monotone_T60,60,0.2,60,0.3,0.1588800857236598,0.0130033032906934,0.0035056577644216,0.0005425564325611,0.003547393951024171,0.1458767824329664,41.12223915554972,False,False
2007-11-28,horizon_monotone_d20,60,0.2,20,0.2,0.1588800857236598,0.0207426634371541,0.0035056577644216,0.0007767327888909,0.003590675449910182,0.13813742228650572,38.47115235378935,False,False
2007-11-28,horizon_monotone_d30,60,0.3,20,0.3,0.0130033032906934,6.081252370929751e-05,0.0005425564325611,6.11807318089595e-06,0.0005425909263274445,0.012942490766984104,23.853127907217395,False,False
2007-11-29,delta_monotone_T20,20,0.2,20,0.3,0.0176224037553264,4.468612941958002e-05,0.0006906536680433,5.103792446349414e-06,0.0006906725257884522,0.01757771762590682,25.450147457133312,False,False
2007-11-29,delta_monotone_T60,60,0.2,60,0.3,0.1585450889910928,0.0125646798299385,0.003392218166899,0.0005249334185864,0.003432593652879469,0.1459804091611543,42.52772798746423,False,False
2007-11-29,horizon_monotone_d20,60,0.2,20,0.2,0.1585450889910928,0.0176224037553264,0.003392218166899,0.0006906536680433,0.0034618126149491796,0.1409226852357664,40.70777390642653,False,False
2007-11-29,horizon_monotone_d30,60,0.3,20,0.3,0.0125646798299385,4.468612941958002e-05,0.0005249334185864,5.103792446349414e-06,0.0005249582294298662,0.01251999370051892,23.849504586519824,False,False
2007-11-30,delta_monotone_T20,20,0.2,20,0.3,0.0098268743884072,1.1254949898822734e-05,0.000439503572716,1.5159687191407403e-06,0.00043950618720478297,0.009815619438508377,22.33329068911355,False,False
2007-11-30,delta_monotone_T60,60,0.2,60,0.3,0.1262933938745142,0.0080818873683865,0.0029700041036524,0.0003571552815192,0.0029914017234114773,0.11821150650612769,39.517095140038904,False,False
2007-11-30,horizon_monotone_d20,60,0.2,20,0.2,0.1262933938745142,0.0098268743884072,0.0029700041036524,0.000439503572716,0.003002347042921958,0.11646651948610699,38.791824469685196,False,False
2007-11-30,horizon_monotone_d30,60,0.3,20,0.3,0.0080818873683865,1.1254949898822734e-05,0.0003571552815192,1.5159687191407403e-06,0.0003571584988184047,0.008070632418487676,22.596781107513685,False,False
2007-12-03,delta_monotone_T20,20,0.2,20,0.3,0.0125181734295096,2.1261981837574783e-05,0.0005161566771192,2.4324752828062927e-06,0.0005161624088121253,0.012496911447672026,24.21120026239783,False,False
2007-12-03,delta_monotone_T60,60,0.2,60,0.3,0.1265799683076102,0.0094411397923162,0.0030535813040755,0.0004379056599242,0.0030848209263412813,0.117138828515294,37.972651026529846,False,False
2007-12-03,horizon_monotone_d20,60,0.2,20,0.2,0.1265799683076102,0.0125181734295096,0.0030535813040755,0.0005161566771192,0.003096897882710078,0.1140617948781006,36.83098351899345,False,False
2007-12-03,horizon_monotone_d30,60,0.3,20,0.3,0.0094411397923162,2.1261981837574783e-05,0.0004379056599242,2.4324752828062927e-06,0.0004379124158203905,0.009419877810478625,21.51087174094233,False,False
2007-12-04,delta_monotone_T20,20,0.2,20,0.3,0.0181365124887308,3.5041326337165765e-05,0.0007076194716203,3.5454168474485334e-06,0.0007076283534432568,0.018101471162393634,25.58047748413907,False,False
2007-12-04,delta_monotone_T60,60,0.2,60,0.3,0.146512259656252,0.0110537671753578,0.0033455014307124,0.0005311574404774,0.003387404323294345,0.1354584924808942,39.9888763054884,False,False
2007-12-04,horizon_monotone_d20,60,0.2,20,0.2,0.146512259656252,0.0181365124887308,0.0033455014307124,0.0007076194716203,0.0034195182613220403,0.1283757471675212,37.542056324006616,False,False
2007-12-04,horizon_monotone_d30,60,0.3,20,0.3,0.0110537671753578,3.5041326337165765e-05,0.0005311574404774,3.5454168474485334e-06,0.0005311692729771978,0.011018725849020635,20.74428324375919,False,False
2007-12-05,delta_monotone_T20,20,0.2,20,0.3,0.0101083454206507,1.830854567042213e-05,0.0004489678185224,2.1221232714468546e-06,0.00044897283378389605,0.010090036874980278,22.473602222082132,False,False
2007-12-05,delta_monotone_T60,60,0.2,60,0.3,0.1247395918966432,0.0097781518494707,0.002992181313194,0.0004315271165681,0.0030231382143992274,0.1149614400471725,38.02718628596284,False,False
2007-12-05,horizon_monotone_d20,60,0.2,20,0.2,0.1247395918966432,0.0101083454206507,0.002992181313194,0.0004489678185224,0.003025676967737325,0.1146312464759925,37.88614835565759,False,False
2007-12-05,horizon_monotone_d30,60,0.3,20,0.3,0.0097781518494707,1.830854567042213e-05,0.0004315271165681,2.1221232714468546e-06,0.0004315323345251869,0.009759843303800277,22.616713796288266,False,False
2007-12-06,delta_monotone_T20,20,0.2,20,0.3,0.0036161578362137,2.487079459236821e-06,0.000192449977513,4.15520430304943e-07,0.00019245042608937555,0.003613670756754463,18.777151239333943,False,False
2007-12-06,delta_monotone_T60,60,0.2,60,0.3,0.0871494683279213,0.0046574775416429,0.0023035192947498,0.0002427418955164,0.0023162738976907527,0.08249199078627839,35.614091610029426,False,False
2007-12-06,horizon_monotone_d20,60,0.2,20,0.2,0.0871494683279213,0.0036161578362137,0.0023035192947498,0.000192449977513,0.0023115445345329973,0.08353331049170759,36.13744370647995,False,False
2007-12-06,horizon_monotone_d30,60,0.3,20,0.3,0.0046574775416429,2.487079459236821e-06,0.0002427418955164,4.15520430304943e-07,0.000242742251155671,0.004654990462183663,19.176679955886254,False,False
2007-12-07,delta_monotone_T20,20,0.2,20,0.3,0.0039109928398094,2.4117141079093104e-06,0.0002167141286635,4.295840785141089e-07,0.0002167145544370764,0.003908581125701491,18.03561895440833,False,False
2007-12-07,delta_monotone_T60,60,0.2,60,0.3,0.0802170123135628,0.0046408630272692,0.0022554378846336,0.0002355464879899,0.00226770416929653,0.07557614928629361,33.32716423489148,False,False
2007-12-07,horizon_monotone_d20,60,0.2,20,0.2,0.0802170123135628,0.0039109928398094,0.0022554378846336,0.0002167141286635,0.0022658254709934894,0.0763060194737534,33.67691839049534,False,False
2007-12-07,horizon_monotone_d30,60,0.3,20,0.3,0.0046408630272692,2.4117141079093104e-06,0.0002355464879899,4.295840785141089e-07,0.00023554687972218317,0.004638451313161291,19.692263886628997,False,False
2007-12-10,delta_monotone_T20,20,0.2,20,0.3,0.0024073131829908,9.870029592300572e-07,0.0001308493227457,1.6846922174705485e-07,0.00013084943119817923,0.00240632618003157,18.390039284061128,False,False
2007-12-10,delta_monotone_T60,60,0.2,60,0.3,0.0750574089528166,0.0034329832263581,0.0020916401917023,0.0001849799699243,0.002099803867226087,0.0716244257264585,34.110055155330684,False,False
2007-12-10,horizon_monotone_d20,60,0.2,20,0.2,0.0750574089528166,0.0024073131829908,0.0020916401917023,0.0001308493227457,0.0020957290466106166,0.0726500957698258,34.66578653730139,False,False
2007-12-10,horizon_monotone_d30,60,0.3,20,0.3,0.0034329832263581,9.870029592300572e-07,0.0001849799699243,1.6846922174705485e-07,0.00018498004664037042,0.00343199622339887,18.553332025432976,False,False
2007-12-11,delta_monotone_T20,20,0.2,20,0.3,0.0133016459778101,2.3596296002088145e-05,0.0005395241806056,3.108140870555409e-06,0.0005395331333642219,0.013278049681808011,24.61025813004966,False,False
2007-12-11,delta_monotone_T60,60,0.2,60,0.3,0.1269428200562216,0.0096620085779638,0.0029670196555908,0.0004340220003692,0.002998596460590626,0.1172808114782578,39.11190219145303,False,False
2007-12-11,horizon_monotone_d20,60,0.2,20,0.2,0.1269428200562216,0.0133016459778101,0.0029670196555908,0.0005395241806056,0.003015674381978315,0.1136411740784115,37.683502820308355,False,False
2007-12-11,horizon_monotone_d30,60,0.3,20,0.3,0.0096620085779638,2.3596296002088145e-05,0.0004340220003692,3.108140870555409e-06,0.0004340331293163611,0.009638412281961712,22.206628091139095,False,False
2007-12-12,delta_monotone_T20,20,0.2,20,0.3,0.0045339784612611,2.728738017668229e-06,0.0002389503452955,4.1355609192699843e-07,0.0002389507031700887,0.0045312497232434315,18.96311524983469,False,False
2007-12-12,delta_monotone_T60,60,0.2,60,0.3,0.0925947005560998,0.0040630680612177,0.0023783985185553,0.0002104536421991,0.0023876914056428886,0.08853163249488209,37.07833947287038,False,False
2007-12-12,horizon_monotone_d20,60,0.2,20,0.2,0.0925947005560998,0.0045339784612611,0.0023783985185553,0.0002389503452955,0.0023903716825177806,0.0880607220948387,36.83976125507154,False,False
2007-12-12,horizon_monotone_d30,60,0.3,20,0.3,0.0040630680612177,2.728738017668229e-06,0.0002104536421991,4.1355609192699843e-07,0.0002104540485319966,0.0040603393232000315,19.293234563661596,False,False
2007-12-13,delta_monotone_T20,20,0.2,20,0.3,0.0055888353345784,4.289985763323648e-06,0.0002734704950993,5.899055875991305e-07,0.00027347113134380114,0.0055845453488150764,20.420968463374383,False,False
2007-12-13,delta_monotone_T60,60,0.2,60,0.3,0.0902971429754425,0.0043839555630547,0.0024593938539652,0.0002235150569554,0.0024695297345056558,0.0859131874123878,34.7892905325093,False,False
2007-12-13,horizon_monotone_d20,60,0.2,20,0.2,0.0902971429754425,0.0055888353345784,0.0024593938539652,0.0002734704950993,0.0024745513210704794,0.0847083076408641,34.231784533860335,False,False
2007-12-13,horizon_monotone_d30,60,0.3,20,0.3,0.0043839555630547,4.289985763323648e-06,0.0002235150569554,5.899055875991305e-07,0.0002235158353995931,0.004379665577291377,19.594430835119926,False,False
2007-12-14,delta_monotone_T20,20,0.2,20,0.3,0.0089249536494111,7.26519352391982e-06,0.0003943661837368,1.0012293172238234e-06,0.00039436745471105143,0.00891768845588718,22.61263790750956,False,False
2007-12-14,delta_monotone_T60,60,0.2,60,0.3,0.1081191299470429,0.0055382630116876,0.0026301137350091,0.0002661224424764,0.0026435429660728277,0.1025808669353553,38.804312338356475,False,False
2007-12-14,horizon_monotone_d20,60,0.2,20,0.2,0.1081191299470429,0.0089249536494111,0.0026301137350091,0.0003943661837368,0.0026595155472301053,0.0991941762976318,37.29783659318814,False,False
2007-12-14,horizon_monotone_d30,60,0.3,20,0.3,0.0055382630116876,7.26519352391982e-06,0.0002661224424764,1.0012293172238234e-06,0.0002661243259263431,0.00553099781816368,20.783510860613806,False,False
2007-12-17,delta_monotone_T20,20,0.2,20,0.3,0.0174081877051301,2.438979271534784e-05,0.0006622462899716,2.6336973577363625e-06,0.0006622515269464621,0.01738379791241475,26.24953994831649,False,False
2007-12-17,delta_monotone_T60,60,0.2,60,0.3,0.1490790178741224,0.0095230934349211,0.003321204932549,0.0004286741198697,0.0033487555457264824,0.13955592443920128,41.673965905721516,False,False
2007-12-17,horizon_monotone_d20,60,0.2,20,0.2,0.1490790178741224,0.0174081877051301,0.003321204932549,0.0006622462899716,0.0033865871246092217,0.13167083016899228,38.880095306624,False,False
2007-12-17,horizon_monotone_d30,60,0.3,20,0.3,0.0095230934349211,2.438979271534784e-05,0.0004286741198697,2.6336973577363625e-06,0.00042868221027683674,0.009498703642205753,22.157914218254188,False,False
2007-12-18,delta_monotone_T20,20,0.2,20,0.3,0.0129150752113851,1.187215804306294e-05,0.0005507336323604,1.5150758435687352e-06,0.0005507357163537626,0.012903203053342038,23.429028970138056,False,False
2007-12-18,delta_monotone_T60,60,0.2,60,0.3,0.1268454967984846,0.0070509857785861,0.0029769063374556,0.0003255213306504,0.0029946511447398547,0.11979451101989852,40.002826783453294,False,False
2007-12-18,horizon_monotone_d20,60,0.2,20,0.2,0.1268454967984846,0.0129150752113851,0.0029769063374556,0.0005507336323604,0.0030274211593031117,0.11393042158709951,37.63282859968032,False,False
2007-12-18,horizon_monotone_d30,60,0.3,20,0.3,0.0070509857785861,1.187215804306294e-05,0.0003255213306504,1.5150758435687352e-06,0.00032552485644451,0.007039113620543038,21.623889792707573,False,False
2007-12-19,delta_monotone_T20,20,0.2,20,0.3,0.0125078857079706,1.2424851556389322e-05,0.0005362141296915,1.646007537276586e-06,0.0005362166560464395,0.01249546085641421,23.30300768451331,False,False
2007-12-19,delta_monotone_T60,60,0.2,60,0.3,0.1283287879708503,0.0075351540293984,0.002999653776495,0.0003708749558636,0.00302249417066891,0.12079363394145189,39.96488566087754,False,False
2007-12-19,horizon_monotone_d20,60,0.2,20,0.2,0.1283287879708503,0.0125078857079706,0.002999653776495,0.0005362141296915,0.0030472033689469317,0.1158209022628797,38.00891776478499,False,False
2007-12-19,horizon_monotone_d30,60,0.3,20,0.3,0.0075351540293984,1.2424851556389322e-05,0.0003708749558636,1.646007537276586e-06,0.00037087860847943225,0.007522729177842011,20.283534843609612,False,False
2007-12-20,delta_monotone_T20,20,0.2,20,0.3,0.00771858214025,4.932020072100533e-06,0.0003527983680888,7.215692625955536e-07,0.0003527991059913859,0.0077136501201779,21.864143046797402,False,False
2007-12-20,delta_monotone_T60,60,0.2,60,0.3,0.1031011036747146,0.0050087712853248,0.002683292366523,0.0002409326373268,0.002694087314837782,0.0980923323893898,36.41022763039,False,False
2007-12-20,horizon_monotone_d20,60,0.2,20,0.2,0.1031011036747146,0.00771858214025,0.002683292366523,0.0003527983680888,0.00270638589502065,0.09538252153446461,35.24350378486466,False,False
2007-12-20,horizon_monotone_d30,60,0.3,20,0.3,0.0050087712853248,4.932020072100533e-06,0.0002409326373268,7.215692625955536e-07,0.0002409337178384297,0.0050038392652526995,20.768530491063427,False,False
2007-12-21,delta_monotone_T20,20,0.2,20,0.3,0.0037352221642153,7.955929438569069e-07,0.0002005685679426,1.817630578559485e-07,0.0002005686503029687,0.0037344265712714432,18.619193805364947,False,False
2007-12-21,delta_monotone_T60,60,0.2,60,0.3,0.0755746007478206,0.0032211616486253,0.0020695947018022,0.000174889589714,0.0020769710152811634,0.0723534390991953,34.836036982153395,False,False
2007-12-21,horizon_monotone_d20,60,0.2,20,0.2,0.0755746007478206,0.0037352221642153,0.0020695947018022,0.0002005685679426,0.002079290739693293,0.0718393785836053,34.54994398436171,False,False
2007-12-21,horizon_monotone_d30,60,0.3,20,0.3,0.0032211616486253,7.955929438569069e-07,0.000174889589714,1.817630578559485e-07,0.00017488968416730718,0.003220366055681443,18.41369930430373,False,False
2007-12-24,delta_monotone_T20,20,0.2,20,0.3,0.0013996819515274,2.421708952204464e-07,8.647243030844667e-05,4.872596832086118e-08,8.647244403663605e-05,0.0013994397806321795,16.183650135287888,False,False
2007-12-24,delta_monotone_T60,60,0.2,60,0.3,0.0543785254283026,0.0017289956688821,0.0015969241738095,0.0001124788303257,0.001600880477789829,0.0526495297594205,32.88785795683403,False,False
2007-12-24,horizon_monotone_d20,60,0.2,20,0.2,0.0543785254283026,0.0013996819515274,0.0015969241738095,8.647243030844667e-05,0.0015992636737263194,0.0529788434767752,33.127022358566634,False,False
2007-12-24,horizon_monotone_d30,60,0.3,20,0.3,0.0017289956688821,2.421708952204464e-07,0.0001124788303257,4.872596832086118e-08,0.00011247884087977436,0.0017287534979868796,15.369588488511347,False,False
2007-12-26,delta_monotone_T20,20,0.2,20,0.3,0.0011284515613724,1.3028322813178886e-07,7.03521255087343e-05,4.679979415761047e-08,7.035214107486307e-05,0.0011283212781442683,16.038193875913453,False,False
2007-12-26,delta_monotone_T60,60,0.2,60,0.3,0.0507047678339716,0.0013087388396816,0.0015354262566885,8.385772257071117e-05,0.0015377145077559767,0.04939602899429,32.12301681823552,False,False
2007-12-26,horizon_monotone_d20,60,0.2,20,0.2,0.0507047678339716,0.0011284515613724,0.0015354262566885,7.03521255087343e-05,0.0015370371535171348,0.049576316272599195,32.254468383640486,False,False
2007-12-26,horizon_monotone_d30,60,0.3,20,0.3,0.0013087388396816,1.3028322813178886e-07,8.385772257071117e-05,4.679979415761047e-08,8.385773562985764e-05,0.001308608556453468,15.605102458639923,False,False
2007-12-27,delta_monotone_T20,20,0.2,20,0.3,0.0006599765696031,1.5830562574523013e-08,4.719069657308631e-05,5.2388379512916155e-09,4.719069686387904e-05,0.0006599607390405254,13.984975490914527,False,False
2007-12-27,delta_monotone_T60,60,0.2,60,0.3,0.0401758765875093,0.0008468747039136,0.0013400548283273,5.908526488267558e-05,0.0013413567800736558,0.0393290018835957,29.320313929777942,False,False
2007-12-27,horizon_monotone_d20,60,0.2,20,0.2,0.0401758765875093,0.0006599765696031,0.0013400548283273,4.719069657308631e-05,0.001340885492786898,0.0395159000179062,29.4700033899064,False,False
2007-12-27,horizon_monotone_d30,60,0.3,20,0.3,0.0008468747039136,1.5830562574523013e-08,5.908526488267558e-05,5.2388379512916155e-09,5.908526511492827e-05,0.0008468588733510254,14.332826834300878,False,False
2007-12-28,delta_monotone_T20,20,0.2,20,0.3,0.0008617623836524,4.6010880850440186e-08,5.825490343864274e-05,1.2567106636056841e-08,5.8254904794169554e-05,0.0008617163727715495,14.792168587627568,False,False
2007-12-28,delta_monotone_T60,60,0.2,60,0.3,0.0404328287788176,0.0008121431370135,0.0013666022790987,5.645668915745539e-05,0.0013677679433984344,0.0396206856418041,28.967403303341264,False,False
2007-12-28,horizon_monotone_d20,60,0.2,20,0.2,0.0404328287788176,0.0008617623836524,0.0013666022790987,5.825490343864274e-05,0.0013678433473948714,0.0395710663951652,28.92953090756361,False,False
2007-12-28,horizon_monotone_d30,60,0.3,20,0.3,0.0008121431370135,4.6010880850440186e-08,5.645668915745539e-05,1.2567106636056841e-08,5.645669055615738e-05,0.0008120971261326496,14.384426684112096,False,False
2007-12-31,delta_monotone_T20,20,0.2,20,0.3,0.0012519541803806,2.834210735803021e-08,7.821634728885139e-05,8.843761826764368e-09,7.821634778882439e-05,0.001251925838273242,16.005935762346066,False,False
2007-12-31,delta_monotone_T60,60,0.2,60,0.3,0.0480675827962653,0.000927044823619,0.0015009167831734,5.937819213643742e-05,0.0015020908626687598,0.0471405379726463,31.383279896192075,False,False
2007-12-31,horizon_monotone_d20,60,0.2,20,0.2,0.0480675827962653,0.0012519541803806,0.0015009167831734,7.821634728885139e-05,0.0015029534214322136,0.0468156286158847,31.14908815422407,False,False
2007-12-31,horizon_monotone_d30,60,0.3,20,0.3,0.000927044823619,2.834210735803021e-08,5.937819213643742e-05,8.843761826764368e-09,5.9378192795030415e-05,0.0009270164815116419,15.612069648391646,False,False
2008-01-02,delta_monotone_T20,20,0.2,20,0.3,0.0024134720935268,1.5009597408180536e-07,0.0001357158901069,3.399622304122982e-08,0.0001357158943648508,0.002413321997552718,17.782161837764427,False,False
2008-01-02,delta_monotone_T60,60,0.2,60,0.3,0.0585734064099408,0.0013717952539932,0.0017575133743771,8.792308415401784e-05,0.001759711263202442,0.0572016111559476,32.506248242025926,False,False
2008-01-02,horizon_monotone_d20,60,0.2,20,0.2,0.0585734064099408,0.0024134720935268,0.0017575133743771,0.0001357158901069,0.0017627456038640085,0.056159934316414,31.85935292835744,False,False
2008-01-02,horizon_monotone_d30,60,0.3,20,0.3,0.0013717952539932,1.5009597408180536e-07,8.792308415401784e-05,3.399622304122982e-08,8.792309072648483e-05,0.0013716451580191183,15.600511159077595,False,False
2008-01-03,delta_monotone_T20,20,0.2,20,0.3,0.0021171881220384,1.5017335611395176e-07,0.0001459727361085,6.438802286757828e-08,0.0001459727503091562,0.002117037948682286,14.502966781119104,False,False
2008-01-03,delta_monotone_T60,60,0.2,60,0.3,0.0595735091890716,0.0012993221349045,0.0017525834982936,8.333197657264613e-05,0.0017545635174625446,0.0582741870541671,33.212925308308826,False,False
2008-01-03,horizon_monotone_d20,60,0.2,20,0.2,0.0595735091890716,0.0021171881220384,0.0017525834982936,0.0001459727361085,0.0017586520287362236,0.0574563210670332,32.67065919135897,False,False
2008-01-03,horizon_monotone_d30,60,0.3,20,0.3,0.0012993221349045,1.5017335611395176e-07,8.333197657264613e-05,6.438802286757828e-08,8.333200144795235e-05,0.001299171961548386,15.590312712695678,False,False
2008-01-04,delta_monotone_T20,20,0.2,20,0.3,0.0123994510551945,1.992891839846264e-06,0.0005294214591551,3.424476531994959e-07,0.0005294215699084336,0.012397458163354655,23.416987270652506,False,False
2008-01-04,delta_monotone_T60,60,0.2,60,0.3,0.1167798423229194,0.0040901033951061,0.0028468567895285,0.0002068429696488,0.0028543611534242916,0.1126897389278133,39.4798460568393,False,False
2008-01-04,horizon_monotone_d20,60,0.2,20,0.2,0.1167798423229194,0.0123994510551945,0.0028468567895285,0.0005294214591551,0.0028956658407866117,0.10438039126772489,36.04711213479308,False,False
2008-01-04,horizon_monotone_d30,60,0.3,20,0.3,0.0040901033951061,1.992891839846264e-06,0.0002068429696488,3.424476531994959e-07,0.00020684325312547562,0.004088110503266254,19.7642922430074,False,False
2008-01-07,delta_monotone_T20,20,0.2,20,0.3,0.0108101434722675,1.447986041309491e-06,0.0004457012266084,2.3538073460217658e-07,0.000445701288762241,0.010808695486226191,24.250985489054937,False,False
2008-01-07,delta_monotone_T60,60,0.2,60,0.3,0.1104603653428056,0.0035210240407562,0.0028020534571722,0.0001910730743494,0.002808560573780101,0.10693934130204939,38.07620967851068,False,False
2008-01-07,horizon_monotone_d20,60,0.2,20,0.2,0.1104603653428056,0.0108101434722675,0.0028020534571722,0.0004457012266084,0.002837279182641516,0.0996502218705381,35.12175413692051,False,False
2008-01-07,horizon_monotone_d30,60,0.3,20,0.3,0.0035210240407562,1.447986041309491e-06,0.0001910730743494,2.3538073460217658e-07,0.0001910732193307622,0.00351957605471489,18.42003849122486,False,False
2008-01-08,delta_monotone_T20,20,0.2,20,0.3,0.0295995156940131,9.947155599305525e-06,0.0010563091374543,1.267355017570444e-06,0.0010563098977374905,0.029589568538413796,28.012204185335833,False,False
2008-01-08,delta_monotone_T60,60,0.2,60,0.3,0.1809316328424954,0.0066696454721769,0.0037754936396835,0.0003090795250407,0.003788123859655324,0.17426198737031848,46.00218837252442,False,False
2008-01-08,horizon_monotone_d20,60,0.2,20,0.2,0.1809316328424954,0.0295995156940131,0.0037754936396835,0.0010563091374543,0.003920477167024444,0.1513321171484823,38.600433238421346,False,False
2008-01-08,horizon_monotone_d30,60,0.3,20,0.3,0.0066696454721769,9.947155599305525e-06,0.0003090795250407,1.267355017570444e-06,0.00030908212337196934,0.006659698316577594,21.546695240484304,False,False
2008-01-09,delta_monotone_T20,20,0.2,20,0.3,0.0206805949007585,4.863504178269995e-06,0.0007891367014064,6.832855124534946e-07,0.0007891369972227037,0.02067573139658023,26.20043347270068,False,False
2008-01-09,delta_monotone_T60,60,0.2,60,0.3,0.1423110036712302,0.0054272646845795,0.0033150584933004,0.0002778606988028,0.0033266829397978854,0.1368837389866507,41.14721524828187,False,False
2008-01-09,horizon_monotone_d20,60,0.2,20,0.2,0.1423110036712302,0.0206805949007585,0.0033150584933004,0.0007891367014064,0.003407689766910963,0.12163040877047171,35.692923091625346,False,False
2008-01-09,horizon_monotone_d30,60,0.3,20,0.3,0.0054272646845795,4.863504178269995e-06,0.0002778606988028,6.832855124534946e-07,0.0002778615389331022,0.00542240118040123,19.514759765678562,False,False
2008-01-10,delta_monotone_T20,20,0.2,20,0.3,0.0066936691892012,3.005291139076374e-07,0.0003237208871207,5.8486709268535235e-08,0.00032372089240410195,0.006693368660087292,20.676356754051994,False,False
2008-01-10,delta_monotone_T60,60,0.2,60,0.3,0.0932183412968604,0.001984837356358,0.0023956592942658,0.0001181915682534,0.002398573055174328,0.09123350394050239,38.036575014335575,False,False
2008-01-10,horizon_monotone_d20,60,0.2,20,0.2,0.0932183412968604,0.0066936691892012,0.0023956592942658,0.0003237208871207,0.002417432246612162,0.0865246721076592,35.79197399592754,False,False
2008-01-10,horizon_monotone_d30,60,0.3,20,0.3,0.001984837356358,3.005291139076374e-07,0.0001181915682534,5.8486709268535235e-08,0.0001181915827243771,0.0019845368272440925,16.790847381002035,False,False
2008-01-11,delta_monotone_T20,20,0.2,20,0.3,0.0096952402809482,5.445328225330268e-07,0.0004135736750501,9.711958258828629e-08,0.0004135736864534046,0.009694695748125667,23.441277976997025,False,False
2008-01-11,delta_monotone_T60,60,0.2,60,0.3,0.1098808016377202,0.0027094067435902,0.0027238814750762,0.0001515151965982,0.0027280922171113438,0.10717139489413,39.28437397457519,False,False
2008-01-11,horizon_monotone_d20,60,0.2,20,0.2,0.1098808016377202,0.0096952402809482,0.0027238814750762,0.0004135736750501,0.002755099539936396,0.100185561356772,36.363681204449286,False,False
2008-01-11,horizon_monotone_d30,60,0.3,20,0.3,0.0027094067435902,5.445328225330268e-07,0.0001515151965982,9.711958258828629e-08,0.0001515152277244915,0.002708862210767667,17.87848159851854,False,False
2008-01-14,delta_monotone_T20,20,0.2,20,0.3,0.0067811351299804,4.3686038114632893e-07,0.0003152994389591,8.627310459483942e-08,0.00031529945076224253,0.006780698269599254,21.5055822431875,False,False
2008-01-14,delta_monotone_T60,60,0.2,60,0.3,0.0939275297662379,0.0020435726995065,0.0024736560740928,0.000131292934538,0.0024771379064468337,0.0918839570667314,37.09279036407313,False,False
2008-01-14,horizon_monotone_d20,60,0.2,20,0.2,0.0939275297662379,0.0067811351299804,0.0024736560740928,0.0003152994389591,0.0024936696070458346,0.08714639463625751,34.94704927630604,False,False
2008-01-14,horizon_monotone_d30,60,0.3,20,0.3,0.0020435726995065,4.3686038114632893e-07,0.000131292934538,8.627310459483942e-08,0.0001312929628831954,0.0020431358391253536,15.561655356525288,False,False
2008-01-15,delta_monotone_T20,20,0.2,20,0.3,0.0290318827353323,6.302890082658292e-06,0.0010198655967555,8.952303926797719e-07,0.0010198659896686957,0.029025579845249644,28.460190004648187,False,False
2008-01-15,delta_monotone_T60,60,0.2,60,0.3,0.1778020644716562,0.0063249833719686,0.0037636480380744,0.000317171385665,0.0037769887797537787,0.1714770810996876,45.40047405458964,False,False
2008-01-15,horizon_monotone_d20,60,0.2,20,0.2,0.1778020644716562,0.0290318827353323,0.0037636480380744,0.0010198655967555,0.0038993810265151997,0.1487701817363239,38.152255633576,False,False
2008-01-15,horizon_monotone_d30,60,0.3,20,0.3,0.0063249833719686,6.302890082658292e-06,0.000317171385665,8.952303926797719e-07,0.0003171726490763542,0.006318680481885942,19.921895851633856,False,False
2008-01-16,delta_monotone_T20,20,0.2,20,0.3,0.0418276628924951,6.260371001124563e-06,0.0013545882412499,8.631837726733082e-07,0.001354588516273013,0.041821402521493974,30.873879424698302,False,False
2008-01-16,delta_monotone_T60,60,0.2,60,0.3,0.1958024399983353,0.0066429088727965,0.0040633860705715,0.000304886918844,0.004074808264421368,0.1891595311255388,46.42170105944847,False,False
2008-01-16,horizon_monotone_d20,60,0.2,20,0.2,0.1958024399983353,0.0418276628924951,0.0040633860705715,0.0013545882412499,0.00428322491375914,0.1539747771058402,35.9483287023341,False,False
2008-01-16,horizon_monotone_d30,60,0.3,20,0.3,0.0066429088727965,6.260371001124563e-06,0.000304886918844,8.631837726733082e-07,0.00030488814074741124,0.006636648501795375,21.767486546134958,False,False
2008-01-17,delta_monotone_T20,20,0.2,20,0.3,0.1613525359495774,0.0002555687204028,0.0034705387892281,2.1125508933572137e-05,0.0034706030851517074,0.1610969672291746,46.41757160834562,False,False
2008-01-17,delta_monotone_T60,60,0.2,60,0.3,0.3674070220886613,0.0226552962170305,0.0056176776593484,0.0008805874377069,0.00568627615577975,0.3447517258716308,60.62873424133857,False,False
2008-01-17,horizon_monotone_d20,60,0.2,20,0.2,0.3674070220886613,0.1613525359495774,0.0056176776593484,0.0034705387892281,0.00660325236318278,0.20605448613908386,31.20499941634295,False,False
2008-01-17,horizon_monotone_d30,60,0.3,20,0.3,0.0226552962170305,0.0002555687204028,0.0008805874377069,2.1125508933572137e-05,0.00088084080433124,0.0223997274966277,25.429938516113843,False,False
2008-01-18,delta_monotone_T20,20,0.2,20,0.3,0.2188077148682028,0.0005332944139587,0.0043296211083408,3.920598769322336e-05,0.00432979861555491,0.2182744204542441,50.41214149546997,False,False
2008-01-18,delta_monotone_T60,60,0.2,60,0.3,0.4516482211681886,0.0342310382522607,0.0060185190530557,0.0010994441551238,0.0061181164619701685,0.4174171829159279,68.22641993014797,False,False
2008-01-18,horizon_monotone_d20,60,0.2,20,0.2,0.4516482211681886,0.2188077148682028,0.0060185190530557,0.0043296211083408,0.007414053583147663,0.2328405062999858,31.40529046475174,False,False
2008-01-18,horizon_monotone_d30,60,0.3,20,0.3,0.0342310382522607,0.0005332944139587,0.0010994441551238,3.920598769322336e-05,0.0011001429723935374,0.033697743838302,30.630331405914593,False,False
2008-01-22,delta_monotone_T20,20,0.2,20,0.3,0.3030425864594349,0.0010021862488896,0.0051224383785401,6.847967804885425e-05,0.005122896095788612,0.3020404002105453,58.958915926255884,False,False
2008-01-22,delta_monotone_T60,60,0.2,60,0.3,0.5159395346866363,0.0428076472939366,0.0062629336656558,0.0013360314528369,0.00640385182084769,0.47313188739269973,73.88239150887635,False,False
2008-01-22,horizon_monotone_d20,60,0.2,20,0.2,0.5159395346866363,0.3030425864594349,0.0062629336656558,0.0051224383785401,0.008090964901811484,0.21289694822720145,26.312924454725543,False,False
2008-01-22,horizon_monotone_d30,60,0.3,20,0.3,0.0428076472939366,0.0010021862488896,0.0013360314528369,6.847967804885425e-05,0.0013377853001416754,0.041805461045047,31.249753634323596,False,False
2008-01-23,delta_monotone_T20,20,0.2,20,0.3,0.1657147866845927,0.0004133287065256,0.0036061399097054,3.152294584152296e-05,0.0036062776854375203,0.16530145797806708,45.83714078523945,False,False
2008-01-23,delta_monotone_T60,60,0.2,60,0.3,0.3799312105597524,0.0308335340604963,0.0057410169929296,0.0010209308937538,0.005831087034415398,0.34909767649925605,59.86837007214303,False,False
2008-01-23,horizon_monotone_d20,60,0.2,20,0.2,0.3799312105597524,0.1657147866845927,0.0057410169929296,0.0036061399097054,0.006779640194101491,0.21421642387515968,31.597019567724995,False,False
2008-01-23,horizon_monotone_d30,60,0.3,20,0.3,0.0308335340604963,0.0004133287065256,0.0010209308937538,3.152294584152296e-05,0.001021417439608048,0.030420205353970702,29.782343804159,False,False
2008-01-24,delta_monotone_T20,20,0.2,20,0.3,0.1236691121882658,0.0002550840830775,0.003003313938512,2.083421931397664e-05,0.0030033862019318933,0.1234140281051883,41.09162785185723,False,False
2008-01-24,delta_monotone_T60,60,0.2,60,0.3,0.3369109081046567,0.0233579996867196,0.0053794599371171,0.0008598248171836,0.0054477415440981345,0.3135529084179371,57.55649490340227,False,False
2008-01-24,horizon_monotone_d20,60,0.2,20,0.2,0.3369109081046567,0.1236691121882658,0.0053794599371171,0.003003313938512,0.006161045676531572,0.21324179591639086,34.61129930080922,False,False
2008-01-24,horizon_monotone_d30,60,0.3,20,0.3,0.0233579996867196,0.0002550840830775,0.0008598248171836,2.083421931397664e-05,0.0008600771947559324,0.0231029156036421,26.86144423373312,False,False
2008-01-25,delta_monotone_T20,20,0.2,20,0.3,0.2087034466851731,0.0007344969623132,0.0040701946678083,5.184556249275433e-05,0.004070524855126831,0.2079689497228599,51.09143344522826,False,False
2008-01-25,delta_monotone_T60,60,0.2,60,0.3,0.4356414871812749,0.0401582848438558,0.00590015658453,0.0013050955877229,0.006042774380619096,0.39548320233741907,65.44728917992482,False,False
2008-01-25,horizon_monotone_d20,60,0.2,20,0.2,0.4356414871812749,0.2087034466851731,0.00590015658453,0.0040701946678083,0.007167868048159636,0.22693804049610178,31.66046570212304,False,False
2008-01-25,horizon_monotone_d30,60,0.3,20,0.3,0.0401582848438558,0.0007344969623132,0.0013050955877229,5.184556249275433e-05,0.001306124976961995,0.0394237878815426,30.18377917650811,False,False
2008-01-28,delta_monotone_T20,20,0.2,20,0.3,0.1330892240632343,0.0003753378036225,0.0030993620523182,2.795710327157176e-05,0.0030994881401569235,0.1327138862596118,42.818000991896895,False,False
2008-01-28,delta_monotone_T60,60,0.2,60,0.3,0.343274388302269,0.0285075875586338,0.0053998673398145,0.0009729056535402,0.005486812617384141,0.31476680074363517,57.36787871091932,False,False
2008-01-28,horizon_monotone_d20,60,0.2,20,0.2,0.343274388302269,0.1330892240632343,0.0053998673398145,0.0030993620523182,0.006226123386100328,0.21018516423903466,33.75859282009541,False,False
2008-01-28,horizon_monotone_d30,60,0.3,20,0.3,0.0285075875586338,0.0003753378036225,0.0009729056535402,2.795710327157176e-05,0.0009733072538072553,0.0281322497550113,28.903770772248194,False,False
2008-01-29,delta_monotone_T20,20,0.2,20,0.3,0.1143450814046415,0.000310703757318,0.0027624416158474,2.3794453986523565e-05,0.002762544091413947,0.1140343776473235,41.2787538855018,False,False
2008-01-29,delta_monotone_T60,60,0.2,60,0.3,0.3127804710390439,0.025836231535167,0.005206914403102,0.0009018018990892,0.0052844303634764596,0.2869442395038769,54.29993769756204,False,False
2008-01-29,horizon_monotone_d20,60,0.2,20,0.2,0.3127804710390439,0.1143450814046415,0.005206914403102,0.0027624416158474,0.005894322800983727,0.19843538963440238,33.665511091670226,False,False
2008-01-29,horizon_monotone_d30,60,0.3,20,0.3,0.025836231535167,0.000310703757318,0.0009018018990892,2.3794453986523565e-05,0.0009021157582269609,0.025525527777849,28.295180019931653,False,False
2008-01-30,delta_monotone_T20,20,0.2,20,0.3,0.1409670010593928,0.0004608638302499,0.0032395367073638,3.3950025340412133e-05,0.0032397145989389413,0.1405061372291429,43.369912051870536,False,False
2008-01-30,delta_monotone_T60,60,0.2,60,0.3,0.3586976526904632,0.0299823174438164,0.0055066547062245,0.0010339971113962,0.0056028917605072575,0.3287153352466468,58.668871236035905,False,False
2008-01-30,horizon_monotone_d20,60,0.2,20,0.2,0.3586976526904632,0.1409670010593928,0.0055066547062245,0.0032395367073638,0.006388884419986162,0.21773065163107042,34.079604093313996,False,False
2008-01-30,horizon_monotone_d30,60,0.3,20,0.3,0.0299823174438164,0.0004608638302499,0.0010339971113962,3.3950025340412133e-05,0.001034554314957074,0.029521453613566503,28.535431331888475,False,False
2008-01-31,delta_monotone_T20,20,0.2,20,0.3,0.0908768673214988,0.0002330429825265,0.0024144157270506,1.946537852152892e-05,0.002414494192163291,0.0906438243389723,37.54153753327484,False,False
2008-01-31,delta_monotone_T60,60,0.2,60,0.3,0.2831667748377868,0.0233475627176444,0.0049654240607197,0.0008488898251435,0.00503746464384677,0.2598192121201424,51.57737681345513,False,False
2008-01-31,horizon_monotone_d20,60,0.2,20,0.2,0.2831667748377868,0.0908768673214988,0.0049654240607197,0.0024144157270506,0.005521307762279095,0.192289907516288,34.826877217384855,False,False
2008-01-31,horizon_monotone_d30,60,0.3,20,0.3,0.0233475627176444,0.0002330429825265,0.0008488898251435,1.946537852152892e-05,0.0008491129702184205,0.0231145197351179,27.22196049975784,False,False
2008-02-01,delta_monotone_T20,20,0.2,20,0.3,0.059661294520247,0.0001465510845144,0.0017355943010426,1.284120519057808e-05,0.001735641804740338,0.059514743435732605,34.28976144339664,False,False
2008-02-01,delta_monotone_T60,60,0.2,60,0.3,0.2331346648404623,0.0173709777539611,0.0044489956748524,0.0007037678837504,0.004504314792402268,0.2157636870865012,47.90155595928695,False,False
2008-02-01,horizon_monotone_d20,60,0.2,20,0.2,0.2331346648404623,0.059661294520247,0.0044489956748524,0.0017355943010426,0.004775547098780088,0.17347337032021531,36.325339637950385,False,False
2008-02-01,horizon_monotone_d30,60,0.3,20,0.3,0.0173709777539611,0.0001465510845144,0.0007037678837504,1.284120519057808e-05,0.0007038850266551087,0.0172244266694467,24.47051154262778,False,False
2008-02-04,delta_monotone_T20,20,0.2,20,0.3,0.0727125661839625,0.0001426733456391,0.0019467866470336,1.213645303435634e-05,0.0019468244765670534,0.07256989283832341,37.27603269416976,False,False
2008-02-04,delta_monotone_T60,60,0.2,60,0.3,0.2596233737030947,0.0182878309934862,0.004718919785431,0.0007243534508293,0.004774190178769638,0.2413355427096085,50.55004800244538,False,False
2008-02-04,horizon_monotone_d20,60,0.2,20,0.2,0.2596233737030947,0.0727125661839625,0.004718919785431,0.0019467866470336,0.00510472155855738,0.1869108075191322,36.615279672953235,False,False
2008-02-04,horizon_monotone_d30,60,0.3,20,0.3,0.0182878309934862,0.0001426733456391,0.0007243534508293,1.213645303435634e-05,0.0007244551160841989,0.0181451576478471,25.046627796522042,False,False
2008-02-05,delta_monotone_T20,20,0.2,20,0.3,0.2040218787741226,0.0015331615054224,0.0040956743634192,9.001447312607625e-05,0.004096663410208536,0.20248871726870019,49.42771641041233,False,False
2008-02-05,delta_monotone_T60,60,0.2,60,0.3,0.4240390327996352,0.0492504355640262,0.00587550635684,0.0014994843850295,0.006063829513617162,0.374788597235609,61.80724514005048,False,False
2008-02-05,horizon_monotone_d20,60,0.2,20,0.2,0.4240390327996352,0.2040218787741226,0.00587550635684,0.0040956743634192,0.007162131207988061,0.22001715402551258,30.719508989185126,False,False
2008-02-05,horizon_monotone_d30,60,0.3,20,0.3,0.0492504355640262,0.0015331615054224,0.0014994843850295,9.001447312607625e-05,0.0015021837525148057,0.047717274058603806,31.76527104538331,False,False
2008-02-06,delta_monotone_T20,20,0.2,20,0.3,0.2383943402401866,0.0015597429611066,0.0044709492201872,9.516755853608992e-05,0.00447196196246013,0.23683459727908002,52.95988634679527,False,False
2008-02-06,delta_monotone_T60,60,0.2,60,0.3,0.4604614558900717,0.0531438877875939,0.0060450152307824,0.0015970668834867,0.00625242607079213,0.4073175681024778,65.14552327219666,False,False
2008-02-06,horizon_monotone_d20,60,0.2,20,0.2,0.4604614558900717,0.2383943402401866,0.0060450152307824,0.0044709492201872,0.007518749634738726,0.2220671156498851,29.535112410695646,False,False
2008-02-06,horizon_monotone_d30,60,0.3,20,0.3,0.0531438877875939,0.0015597429611066,0.0015970668834867,9.516755853608992e-05,0.0015998998389048114,0.0515841448264873,32.242108894640864,False,False
2008-02-07,delta_monotone_T20,20,0.2,20,0.3,0.1915351964767629,0.0012281910622047,0.0038939761728829,8.088664405910341e-05,0.003894816181049742,0.1903070054145582,48.86161414767105,False,False
2008-02-07,delta_monotone_T60,60,0.2,60,0.3,0.4072848337970539,0.0470254976133752,0.0059044111778714,0.0014481576861008,0.006079410501124723,0.36025933618367867,59.258925864116065,False,False
2008-02-07,horizon_monotone_d20,60,0.2,20,0.2,0.4072848337970539,0.1915351964767629,0.0059044111778714,0.0038939761728829,0.007072843967765194,0.21574963732029098,30.503944142353443,False,False
2008-02-07,horizon_monotone_d30,60,0.3,20,0.3,0.0470254976133752,0.0012281910622047,0.0014481576861008,8.088664405910341e-05,0.0014504148830593153,0.045797306551170494,31.575314819282365,False,False
2008-02-08,delta_monotone_T20,20,0.2,20,0.3,0.2412840683763797,0.0017290982550372,0.0044415642148009,0.0001091295702927,0.004442904673444188,0.2395549701213425,53.918548276129656,False,False
2008-02-08,delta_monotone_T60,60,0.2,60,0.3,0.452387709635093,0.0541927947475925,0.0060326772746915,0.0016580450172619,0.006256381412593567,0.39819491488750053,63.646201954050916,False,False
2008-02-08,horizon_monotone_d20,60,0.2,20,0.2,0.452387709635093,0.2412840683763797,0.0060326772746915,0.0044415642148009,0.007491374224718666,0.2111036412587133,28.179561576586597,False,False
2008-02-08,horizon_monotone_d30,60,0.3,20,0.3,0.0541927947475925,0.0017290982550372,0.0016580450172619,0.0001091295702927,0.001661632493176299,0.0524636964925553,31.573586041440578,False,False
2008-02-11,delta_monotone_T20,20,0.2,20,0.3,0.2062772323942099,0.0012234744355629,0.0040340294585154,7.822401667563875e-05,0.004034787809656775,0.205053757958647,50.82144777672712,False,False
2008-02-11,delta_monotone_T60,60,0.2,60,0.3,0.4310357068603865,0.0461066089331296,0.0059166235840325,0.0014363218056971,0.0060884690164811186,0.3849290979272569,63.22264215934696,False,False
2008-02-11,horizon_monotone_d20,60,0.2,20,0.2,0.4310357068603865,0.2062772323942099,0.0059166235840325,0.0040340294585154,0.007160993527947057,0.2247584744661766,31.386493171515447,False,False
2008-02-11,horizon_monotone_d30,60,0.3,20,0.3,0.0461066089331296,0.0012234744355629,0.0014363218056971,7.822401667563875e-05,0.0014384503211115247,0.0448831344975667,31.20242238389188,False,False
2008-02-12,delta_monotone_T20,20,0.2,20,0.3,0.1578647363389707,0.0007453851664645,0.003483803131158,4.95444482241209e-05,0.0034841554082756005,0.1571193511725062,45.09539120996577,False,False
2008-02-12,delta_monotone_T60,60,0.2,60,0.3,0.376142514293653,0.0389969570787297,0.005648049113287,0.0012843238618906,0.005792231570674955,0.3371455572149233,58.20650523052836,False,False
2008-02-12,horizon_monotone_d20,60,0.2,20,0.2,0.376142514293653,0.1578647363389707,0.005648049113287,0.003483803131158,0.00663606382148095,0.21827777795468228,32.8926580314247,False,False
2008-02-12,horizon_monotone_d30,60,0.3,20,0.3,0.0389969570787297,0.0007453851664645,0.0012843238618906,4.95444482241209e-05,0.001285279127104855,0.0382515719122652,29.761295508181533,False,False
2008-02-13,delta_monotone_T20,20,0.2,20,0.3,0.1081821931588501,0.0003043324725757,0.0026089153650365,2.4629758456725906e-05,0.002609031622446376,0.10787786068627439,41.347854797222425,False,False
2008-02-13,delta_monotone_T60,60,0.2,60,0.3,0.3076295305159944,0.0261641154600935,0.0052443435870855,0.0009385316614668,0.005327661901714527,0.2814654150559009,52.83094540314595,False,False
2008-02-13,horizon_monotone_d20,60,0.2,20,0.2,0.3076295305159944,0.1081821931588501,0.0052443435870855,0.0026089153650365,0.005857437924667094,0.19944733735714432,34.05026906341135,False,False
2008-02-13,horizon_monotone_d30,60,0.3,20,0.3,0.0261641154600935,0.0003043324725757,0.0009385316614668,2.4629758456725906e-05,0.0009388547835407075,0.025859782987517798,27.54396466937376,False,False
2008-02-14,delta_monotone_T20,20,0.2,20,0.3,0.138099782153327,0.0005118702337384,0.0031658001204218,3.398781212975471e-05,0.003165982560570423,0.1375879119195886,43.45820271821051,False,False
2008-02-14,delta_monotone_T60,60,0.2,60,0.3,0.3564064157822306,0.0306110619498784,0.0056434701026825,0.0010457980659156,0.005739551236337561,0.3257953538323522,56.76321029590529,False,False
2008-02-14,horizon_monotone_d20,60,0.2,20,0.2,0.3564064157822306,0.138099782153327,0.0056434701026825,0.0031658001204218,0.0064707839712305265,0.2183066336289036,33.737277368477656,False,False
2008-02-14,horizon_monotone_d30,60,0.3,20,0.3,0.0306110619498784,0.0005118702337384,0.0010457980659156,3.398781212975471e-05,0.0010463502119492198,0.03009919171614,28.7658867675565,False,False
2008-02-15,delta_monotone_T20,20,0.2,20,0.3,0.1127658076970974,0.0001844260846285,0.0027344680003899,1.5700533917975098e-05,0.0027345130740081764,0.1125813816124689,41.17054062844546,False,False
2008-02-15,delta_monotone_T60,60,0.2,60,0.3,0.316738324920838,0.020392586441487,0.0052589262355478,0.0007772310565258,0.00531605053269447,0.296345738479351,55.74547056255059,False,False
2008-02-15,horizon_monotone_d20,60,0.2,20,0.2,0.316738324920838,0.1127658076970974,0.0052589262355478,0.0027344680003899,0.005927362009873304,0.20397251722374057,34.41202290057199,False,False
2008-02-15,horizon_monotone_d30,60,0.3,20,0.3,0.020392586441487,0.0001844260846285,0.0007772310565258,1.5700533917975098e-05,0.0007773896204565126,0.0202081603568585,25.9948934550882,False,False
2008-02-19,delta_monotone_T20,20,0.2,20,0.3,0.1018542723720488,0.0001178161620437,0.0025283778945397,1.114652957609063e-05,0.0025284024645452706,0.1017364562100051,40.23744543703498,False,False
2008-02-19,delta_monotone_T60,60,0.2,60,0.3,0.3055207259891442,0.0172299875030054,0.0051219353045432,0.0006756294444152,0.005166303940931741,0.2882907384861388,55.8021250360554,False,False
2008-02-19,horizon_monotone_d20,60,0.2,20,0.2,0.3055207259891442,0.1018542723720488,0.0051219353045432,0.0025283778945397,0.005711997552653804,0.2036664536170954,35.65590701670935,False,False
2008-02-19,horizon_monotone_d30,60,0.3,20,0.3,0.0172299875030054,0.0001178161620437,0.0006756294444152,1.114652957609063e-05,0.0006757213858406307,0.0171121713409617,25.324300369261383,False,False
2008-02-20,delta_monotone_T20,20,0.2,20,0.3,0.0857772956717529,7.737401282839082e-05,0.0022395261828362,7.241701073172513e-06,0.002239537891138106,0.08569992165892451,38.26678798248547,False,False
2008-02-20,delta_monotone_T60,60,0.2,60,0.3,0.2788849765273703,0.015809956951167,0.004944307952468,0.0006354607193888,0.0049849765751429995,0.26307501957620333,52.773571873536184,False,False
2008-02-20,horizon_monotone_d20,60,0.2,20,0.2,0.2788849765273703,0.0857772956717529,0.004944307952468,0.0022395261828362,0.005427859490853387,0.19310768085561741,35.577133339768224,False,False
2008-02-20,horizon_monotone_d30,60,0.3,20,0.3,0.015809956951167,7.737401282839082e-05,0.0006354607193888,7.241701073172513e-06,0.0006355019812090001,0.01573258293833861,24.756150890998672,False,False
2008-02-21,delta_monotone_T20,20,0.2,20,0.3,0.0878535134389786,5.718974971951437e-05,0.0023579130421155,7.371814266799779e-06,0.0023579245657620084,0.08779632368925909,37.234576951313976,False,False
2008-02-21,delta_monotone_T60,60,0.2,60,0.3,0.2971689243335682,0.0123931631778693,0.0050413878947249,0.0005298344180448,0.005069153421985138,0.28477576115569886,56.17816969607076,False,False
2008-02-21,horizon_monotone_d20,60,0.2,20,0.2,0.2971689243335682,0.0878535134389786,0.0050413878947249,0.0023579130421155,0.005565549911667052,0.20931541089458958,37.609115759756655,False,False
2008-02-21,horizon_monotone_d30,60,0.3,20,0.3,0.0123931631778693,5.718974971951437e-05,0.0005298344180448,7.371814266799779e-06,0.0005298856991752619,0.012335973428149785,23.28044226773822,False,False
2008-02-22,delta_monotone_T20,20,0.2,20,0.3,0.0712561545872451,2.994298747652024e-05,0.0019916803017978,3.436286108698188e-06,0.0019916832661423843,0.07122621159976858,35.76181655516137,False,False
2008-02-22,delta_monotone_T60,60,0.2,60,0.3,0.2618346455992732,0.0115375175161789,0.0046890668794192,0.0005200734251711,0.004717819895591111,0.25029712808309434,53.05355728331249,False,False
2008-02-22,horizon_monotone_d20,60,0.2,20,0.2,0.2618346455992732,0.0712561545872451,0.0046890668794192,0.0019916803017978,0.005094520450860463,0.19057849101202812,37.40852408980702,False,False
2008-02-22,horizon_monotone_d30,60,0.3,20,0.3,0.0115375175161789,2.994298747652024e-05,0.0005200734251711,3.436286108698188e-06,0.0005200847773502129,0.01150757452870238,22.126343684451754,False,False
2008-02-25,delta_monotone_T20,20,0.2,20,0.3,0.0423709044147497,1.0184742215975632e-05,0.0013241861239316,1.4387430308973697e-06,0.001324186905536565,0.04236071967253373,31.989985322630133,False,False
2008-02-25,delta_monotone_T60,60,0.2,60,0.3,0.2073140457270891,0.0071688617849097,0.0041598203717382,0.0003360001971662,0.004173368143073872,0.20014518394217942,47.95771115336198,False,False
2008-02-25,horizon_monotone_d20,60,0.2,20,0.2,0.2073140457270891,0.0423709044147497,0.0041598203717382,0.0013241861239316,0.004365498186454913,0.16494314131233942,37.78334894837849,False,False
2008-02-25,horizon_monotone_d30,60,0.3,20,0.3,0.0071688617849097,1.0184742215975632e-05,0.0003360001971662,1.4387430308973697e-06,0.0003360032774798994,0.007158677042693725,21.30537861530823,False,False
2008-02-26,delta_monotone_T20,20,0.2,20,0.3,0.0255254657107455,3.568067150269702e-06,0.0009157656333125,5.516535386209041e-07,0.0009157657994694227,0.02552189764359523,27.869459263910198,False,False
2008-02-26,delta_monotone_T60,60,0.2,60,0.3,0.1649528792205638,0.0052719056890958,0.0035487021258872,0.0002503369747868,0.003557520959772653,0.15968097353146798,44.885462471505036,False,False
2008-02-26,horizon_monotone_d20,60,0.2,20,0.2,0.1649528792205638,0.0255254657107455,0.0035487021258872,0.0009157656333125,0.003664957499539739,0.1394274135098183,38.04339164296672,False,False
2008-02-26,horizon_monotone_d30,60,0.3,20,0.3,0.0052719056890958,3.568067150269702e-06,0.0002503369747868,5.516535386209041e-07,0.00025033758261003,0.00526833762194553,21.04493287431166,False,False
2008-02-27,delta_monotone_T20,20,0.2,20,0.3,0.0256998116888391,2.944036439788894e-06,0.0009076721473455,5.020099529969236e-07,0.0009076722861698401,0.02569686765239931,28.310732897700273,False,False
2008-02-27,delta_monotone_T60,60,0.2,60,0.3,0.1596352417625863,0.0049619381858515,0.0035386761332097,0.0002416077077055,0.0035469145831512013,0.1546733035767348,43.60784562207238,False,False
2008-02-27,horizon_monotone_d20,60,0.2,20,0.2,0.1596352417625863,0.0256998116888391,0.0035386761332097,0.0009076721473455,0.003653231104490208,0.1339354300737472,36.662183760870306,False,False
2008-02-27,horizon_monotone_d30,60,0.3,20,0.3,0.0049619381858515,2.944036439788894e-06,0.0002416077077055,5.020099529969236e-07,0.00024160822924043632,0.004958994149411711,20.52493892696333,False,False
2008-02-28,delta_monotone_T20,20,0.2,20,0.3,0.0409315738338864,1.0613702129601796e-05,0.00133681126911,1.6736256872704738e-06,0.0013368123167604455,0.0409209601317568,30.610849121230654,False,False
2008-02-28,delta_monotone_T60,60,0.2,60,0.3,0.1956895747211734,0.0062570281890594,0.0039080247681643,0.0003135846588967,0.003920585788741395,0.189432546532114,48.31740886173199,False,False
2008-02-28,horizon_monotone_d20,60,0.2,20,0.2,0.1956895747211734,0.0409315738338864,0.0039080247681643,0.00133681126911,0.004130341627251325,0.154758000887287,37.468571574375055,False,False
2008-02-28,horizon_monotone_d30,60,0.3,20,0.3,0.0062570281890594,1.0613702129601796e-05,0.0003135846588967,1.6736256872704738e-06,0.00031358912500005606,0.006246414486929798,19.91910429587978,False,False
2008-02-29,delta_monotone_T20,20,0.2,20,0.3,0.1215256639048501,7.434887142966729e-05,0.0029425317974637,7.1480417901191294e-06,0.0029425404795153432,0.12145131503342044,41.27430561411489,False,False
2008-02-29,delta_monotone_T60,60,0.2,60,0.3,0.3205003196959226,0.0158594111689517,0.0052697615528566,0.0006256484928667,0.005306771415897992,0.3046409085269709,57.406073232084125,False,False
2008-02-29,horizon_monotone_d20,60,0.2,20,0.2,0.3205003196959226,0.1215256639048501,0.0052697615528566,0.0029425317974637,0.006035634200566711,0.19897465579107249,32.96665258016961,False,False
2008-02-29,horizon_monotone_d30,60,0.3,20,0.3,0.0158594111689517,7.434887142966729e-05,0.0006256484928667,7.1480417901191294e-06,0.0006256893247673373,0.015785062297522034,25.228274916455884,False,False
2008-03-03,delta_monotone_T20,20,0.2,20,0.3,0.1196025644434001,4.802195808151029e-05,0.0028880843510827,5.052344392805654e-06,0.0028880887703034066,0.11955454248531859,41.395729838580706,False,False
2008-03-03,delta_monotone_T60,60,0.2,60,0.3,0.3219044630350542,0.0130368615656644,0.0052750565884179,0.0005551605502716,0.005304189405327543,0.3088676014693898,58.230877117465354,False,False
2008-03-03,horizon_monotone_d20,60,0.2,20,0.2,0.3219044630350542,0.1196025644434001,0.0052750565884179,0.0028880843510827,0.006013921618210523,0.2023018985916541,33.638931704575526,False,False
2008-03-03,horizon_monotone_d30,60,0.3,20,0.3,0.0130368615656644,4.802195808151029e-05,0.0005551605502716,5.052344392805654e-06,0.0005551835397071218,0.012988839607582889,23.395577639846714,False,False
2008-03-04,delta_monotone_T20,20,0.2,20,0.3,0.1309620948010741,4.793039558739944e-05,0.0029616919962156,4.9894284342653615e-06,0.0029616961989447272,0.1309141644054867,44.20242847734765,False,False
2008-03-04,delta_monotone_T60,60,0.2,60,0.3,0.3358604965590913,0.0135998118930244,0.0053728983576362,0.0005792710212081,0.0054040347590944724,0.3222606846660669,59.63334786545054,False,False
2008-03-04,horizon_monotone_d20,60,0.2,20,0.2,0.3358604965590913,0.1309620948010741,0.0053728983576362,0.0029616919962156,0.006135116644525785,0.20489840175801718,33.3976375071602,False,False
2008-03-04,horizon_monotone_d30,60,0.3,20,0.3,0.0135998118930244,4.793039558739944e-05,0.0005792710212081,4.9894284342653615e-06,0.0005792925085028941,0.013551881497437001,23.393849046071853,False,False
2008-03-05,delta_monotone_T20,20,0.2,20,0.3,0.066942636108178,4.094146636937376e-06,0.001919635697658,6.123307009293678e-07,0.0019196357953194672,0.06693854196154106,34.8704385096138,False,False
2008-03-05,delta_monotone_T60,60,0.2,60,0.3,0.2574637134345674,0.0054772440119982,0.004568103346953,0.0002589214588357,0.004575435335603467,0.2519864694225692,55.073769147550195,False,False
2008-03-05,horizon_monotone_d20,60,0.2,20,0.2,0.2574637134345674,0.066942636108178,0.004568103346953,0.001919635697658,0.004955054934121933,0.19052107732638943,38.44984159800258,False,False
2008-03-05,horizon_monotone_d30,60,0.3,20,0.3,0.0054772440119982,4.094146636937376e-06,0.0002589214588357,6.123307009293678e-07,0.0002589221828938077,0.005473149865361263,21.138203780731978,False,False
2008-03-06,delta_monotone_T20,20,0.2,20,0.3,0.1958958706707292,7.205889302345483e-05,0.0039689970236307,7.156640428788316e-06,0.003969003475822562,0.19582381177770575,49.33828175525141,False,False
2008-03-06,delta_monotone_T60,60,0.2,60,0.3,0.4069534960492366,0.0157258120961486,0.0058388132541393,0.0006158030708956,0.005871196951119696,0.391227683953088,66.63508092306066,False,False
2008-03-06,horizon_monotone_d20,60,0.2,20,0.2,0.4069534960492366,0.1958958706707292,0.0058388132541393,0.0039689970236307,0.007060076316181159,0.2110576253785074,29.894524637754884,False,False
2008-03-06,horizon_monotone_d30,60,0.3,20,0.3,0.0157258120961486,7.205889302345483e-05,0.0006158030708956,7.156640428788316e-06,0.0006158446554340456,0.015653753203125148,25.418347086397016,False,False
2008-03-07,delta_monotone_T20,20,0.2,20,0.3,0.2892537008266668,0.0001700070523525,0.0050048589615925,1.5665159311162105e-05,0.00500488347742972,0.2890836937743143,57.760324506650555,False,False
2008-03-07,delta_monotone_T60,60,0.2,60,0.3,0.5084604652727369,0.0217473200035318,0.0062102664076986,0.0007959926375323,0.00626107124489055,0.4867131452692051,77.73640104581071,False,False
2008-03-07,horizon_monotone_d20,60,0.2,20,0.2,0.5084604652727369,0.2892537008266668,0.0062102664076986,0.0050048589615925,0.0079759652757533,0.21920676444607012,27.48341509365045,False,False
2008-03-07,horizon_monotone_d30,60,0.3,20,0.3,0.0217473200035318,0.0001700070523525,0.0007959926375323,1.5665159311162105e-05,0.0007961467680157167,0.0215773129511793,27.102179922123785,False,False
2008-03-10,delta_monotone_T20,20,0.2,20,0.3,0.4356034181467507,0.0005546100284228,0.0059712550966594,4.357782603372285e-05,0.005971414108592929,0.4350488081183279,72.85524001631171,False,False
2008-03-10,delta_monotone_T60,60,0.2,60,0.3,0.6294160844638005,0.037351984566208,0.006244350004858,0.0011742925944387,0.006353807526241544,0.5920640998975925,93.18256768911209,False,False
2008-03-10,horizon_monotone_d20,60,0.2,20,0.2,0.6294160844638005,0.4356034181467507,0.006244350004858,0.0059712550966594,0.008639895509353743,0.1938126663170498,22.43229285669299,False,False
2008-03-10,horizon_monotone_d30,60,0.3,20,0.3,0.037351984566208,0.0005546100284228,0.0011742925944387,4.357782603372285e-05,0.0011751008996147517,0.0367973745377852,31.31422548467876,False,False
2008-03-11,delta_monotone_T20,20,0.2,20,0.3,0.2046912892660387,0.0004683470569177,0.0041709000858469,3.589000539942986e-05,0.0041710544971991495,0.204222942209121,48.96194531772627,False,False
2008-03-11,delta_monotone_T60,60,0.2,60,0.3,0.4220985648969836,0.0307009509028686,0.0059341704246838,0.0010841876238378,0.006032399309799955,0.391397613994115,64.8825772123985,False,False
2008-03-11,horizon_monotone_d20,60,0.2,20,0.2,0.4220985648969836,0.2046912892660387,0.0059341704246838,0.0041709000858469,0.0072533293152392845,0.21740727563094492,29.973446148952736,False,False
2008-03-11,horizon_monotone_d30,60,0.3,20,0.3,0.0307009509028686,0.0004683470569177,0.0010841876238378,3.589000539942986e-05,0.0010847814969709916,0.0302326038459509,27.869763570238472,False,False
2008-03-12,delta_monotone_T20,20,0.2,20,0.3,0.2682189111498568,0.0007774940259614,0.0047502391297452,5.347157361742641e-05,0.0047505400744491735,0.2674414171238954,56.29705526795399,False,False
2008-03-12,delta_monotone_T60,60,0.2,60,0.3,0.484393874523803,0.0401756279584456,0.0061455977859154,0.0012875791809782,0.006279031158828307,0.4442182465653574,70.7463039008474,False,False
2008-03-12,horizon_monotone_d20,60,0.2,20,0.2,0.484393874523803,0.2682189111498568,0.0061455977859154,0.0047502391297452,0.0077674412734188535,0.2161749633739462,27.83091056172175,False,False
2008-03-12,horizon_monotone_d30,60,0.3,20,0.3,0.0401756279584456,0.0007774940259614,0.0012875791809782,5.347157361742641e-05,0.001288689006887859,0.039398133932484196,30.572258878524444,False,False
2008-03-13,delta_monotone_T20,20,0.2,20,0.3,0.2490714377391237,0.0006765339048257,0.0045401825834676,4.857885913550004e-05,0.004540442467070521,0.24839490383429802,54.70720213630669,False,False
2008-03-13,delta_monotone_T60,60,0.2,60,0.3,0.4657676767833685,0.034938621437137,0.0061393452355275,0.0011776352705421,0.006251270650949212,0.4308290553462315,68.91863741027004,False,False
2008-03-13,horizon_monotone_d20,60,0.2,20,0.2,0.4657676767833685,0.2490714377391237,0.0061393452355275,0.0045401825834676,0.007635759151008939,0.2166962390442448,28.379134904433435,False,False
2008-03-13,horizon_monotone_d30,60,0.3,20,0.3,0.034938621437137,0.0006765339048257,0.0011776352705421,4.857885913550004e-05,0.0011786368125846366,0.0342620875323113,29.069249463859745,False,False
2008-03-14,delta_monotone_T20,20,0.2,20,0.3,0.3880124048081587,0.0018088645342177,0.0056992260404696,0.0001012005992989,0.005700124474225563,0.386203540273941,67.75352749229425,False,False
2008-03-14,delta_monotone_T60,60,0.2,60,0.3,0.570307213756894,0.0537269793462901,0.0063004332235825,0.0015701329952803,0.006493133020945286,0.5165802344106039,79.55793185573746,False,False
2008-03-14,horizon_monotone_d20,60,0.2,20,0.2,0.570307213756894,0.3880124048081587,0.0063004332235825,0.0056992260404696,0.008495683390121654,0.1822948089487353,21.4573449336281,False,False
2008-03-14,horizon_monotone_d30,60,0.3,20,0.3,0.0537269793462901,0.0018088645342177,0.0015701329952803,0.0001012005992989,0.0015733909826125046,0.051918114812072404,32.997592706338025,False,False
2008-03-17,delta_monotone_T20,20,0.2,20,0.3,0.4976504349019015,0.003771403114951,0.0061124912180044,0.0001895834946643,0.006115430548344904,0.4938790317869505,80.75948665962942,False,False
2008-03-17,delta_monotone_T60,60,0.2,60,0.3,0.6640443696657756,0.0731252931263191,0.0062026776790405,0.0020202503682696,0.00652339037162124,0.5909190765394565,90.5846565782935,False,False
2008-03-17,horizon_monotone_d20,60,0.2,20,0.2,0.6640443696657756,0.4976504349019015,0.0062026776790405,0.0061124912180044,0.008708372941040604,0.16639393476387415,19.107350579773282,False,False
2008-03-17,horizon_monotone_d30,60,0.3,20,0.3,0.0731252931263191,0.003771403114951,0.0020202503682696,0.0001895834946643,0.00202912627796857,0.0693538900113681,34.179188729841265,False,False
2008-03-18,delta_monotone_T20,20,0.2,20,0.3,0.2468777774927599,0.0027068889113002,0.00450193988455,0.0001530157969008,0.0045045395500764845,0.24417088858145972,54.20551553983222,False,False
2008-03-18,delta_monotone_T60,60,0.2,60,0.3,0.4621978701018537,0.0606159203224442,0.0061197713987247,0.0017828061716177,0.006374166597933178,0.40158194977940953,63.001483191484574,False,False
2008-03-18,horizon_monotone_d20,60,0.2,20,0.2,0.4621978701018537,0.2468777774927599,0.0061197713987247,0.00450193988455,0.00759730641061363,0.2153200926090938,28.341635965647793,False,False
2008-03-18,horizon_monotone_d30,60,0.3,20,0.3,0.0606159203224442,0.0027068889113002,0.0017828061716177,0.0001530157969008,0.0017893606902073564,0.057909031411144,32.362972836087806,False,False
2008-03-19,delta_monotone_T20,20,0.2,20,0.3,0.4348216057411927,0.0099592372401259,0.0059190668471379,0.0004278825654781,0.005934512265614346,0.42486236850106684,71.5917921280233,False,False
2008-03-19,delta_monotone_T60,60,0.2,60,0.3,0.6193584739876845,0.1137886427821572,0.0062483328675797,0.0027153628295911,0.006812845141378288,0.5055698312055273,74.20832570153604,False,False
2008-03-19,horizon_monotone_d20,60,0.2,20,0.2,0.6193584739876845,0.4348216057411927,0.0062483328675797,0.0059190668471379,0.00860680056495814,0.1845368682464918,21.4408207618773,False,False
2008-03-19,horizon_monotone_d30,60,0.3,20,0.3,0.1137886427821572,0.0099592372401259,0.0027153628295911,0.0004278825654781,0.002748868637487995,0.1038294055420313,37.77168691368023,False,False
2008-03-20,delta_monotone_T20,20,0.2,20,0.3,0.312698594780793,0.0062239358566779,0.0051279137138524,0.0002949837493148,0.005136391191203736,0.3064746589241151,59.66731261609601,False,False
2008-03-20,delta_monotone_T60,60,0.2,60,0.3,0.5227779920474263,0.088751578213363,0.0061954739987751,0.0023576893120501,0.006628921251731205,0.43402641383406326,65.47466734813197,False,False
2008-03-20,horizon_monotone_d20,60,0.2,20,0.2,0.5227779920474263,0.312698594780793,0.0061954739987751,0.0051279137138524,0.008042350224046068,0.21007939726663327,26.121642481884273,False,False
2008-03-20,horizon_monotone_d30,60,0.3,20,0.3,0.088751578213363,0.0062239358566779,0.0023576893120501,0.0002949837493148,0.0023760711909610556,0.08252764235668511,34.73281552784828,False,False
2008-03-24,delta_monotone_T20,20,0.2,20,0.3,0.2125762784062726,0.003435207606529,0.0041222794129817,0.0001872149898642,0.004126528445451769,0.20914107079974362,50.68208630192709,False,False
2008-03-24,delta_monotone_T60,60,0.2,60,0.3,0.4358120797418034,0.0692129697406673,0.0059399118571659,0.0019431518645014,0.006249671354512596,0.3665991100011361,58.65894207963943,False,False
2008-03-24,horizon_monotone_d20,60,0.2,20,0.2,0.4358120797418034,0.2125762784062726,0.0059399118571659,0.0041222794129817,0.007230196430913395,0.2232358013355308,30.875482218030044,False,False
2008-03-24,horizon_monotone_d30,60,0.3,20,0.3,0.0692129697406673,0.003435207606529,0.0019431518645014,0.0001872149898642,0.001952149743473876,0.0657777621341383,33.695039201801144,False,False
2008-03-25,delta_monotone_T20,20,0.2,20,0.3,0.2068565619980532,0.0027980826931753,0.0040463372116397,0.0001572366978356,0.004049391091194624,0.2040584793048779,50.39238609197363,False,False
2008-03-25,delta_monotone_T60,60,0.2,60,0.3,0.4252150904157908,0.0658205328496669,0.0058985827699385,0.001892704349559,0.006194804956465934,0.35939455756612393,58.01547588532221,False,False
2008-03-25,horizon_monotone_d20,60,0.2,20,0.2,0.4252150904157908,0.2068565619980532,0.0058985827699385,0.0040463372116397,0.007153049945590726,0.21835852841773762,30.52663270614207,False,False
2008-03-25,horizon_monotone_d30,60,0.3,20,0.3,0.0658205328496669,0.0027980826931753,0.001892704349559,0.0001572366978356,0.0018992243506194316,0.06302245015649159,33.1832572260022,False,False
2008-03-26,delta_monotone_T20,20,0.2,20,0.3,0.2710278368993022,0.0050468882379083,0.0047682257129646,0.0002480953981402,0.004774675672373477,0.26598094866139393,55.706600178180395,False,False
2008-03-26,delta_monotone_T60,60,0.2,60,0.3,0.492467187810004,0.0816948683008788,0.0061426241395311,0.002255218983277,0.00654353451752821,0.4107723195091252,62.77529650203367,False,False
2008-03-26,horizon_monotone_d20,60,0.2,20,0.2,0.492467187810004,0.2710278368993022,0.0061426241395311,0.0047682257129646,0.007776104922731364,0.22143935091070177,28.47689853867365,False,False
2008-03-26,horizon_monotone_d30,60,0.3,20,0.3,0.0816948683008788,0.0050468882379083,0.002255218983277,0.0002480953981402,0.0022688243627727754,0.0766479800629705,33.78312632772396,False,False
2008-03-27,delta_monotone_T20,20,0.2,20,0.3,0.2765147831477629,0.0058528149265658,0.0048557991713815,0.000273839157932,0.004863514519070152,0.2706619682211971,55.651518497562655,False,False
2008-03-27,delta_monotone_T60,60,0.2,60,0.3,0.5092691780885686,0.0850587143872356,0.0061739991253312,0.0023014540447141,0.00658900264983414,0.42421046370133303,64.38158948259209,False,False
2008-03-27,horizon_monotone_d20,60,0.2,20,0.2,0.5092691780885686,0.2765147831477629,0.0061739991253312,0.0048557991713815,0.007854747022812364,0.23275439494080574,29.63232224600263,False,False
2008-03-27,horizon_monotone_d30,60,0.3,20,0.3,0.0850587143872356,0.0058528149265658,0.0023014540447141,0.000273839157932,0.0023176882025733743,0.0792058994606698,34.174527605881565,False,False
2008-03-28,delta_monotone_T20,20,0.2,20,0.3,0.3567618559882242,0.0087715067159731,0.0054938898131852,0.0004330362585523,0.005510929656658764,0.3479903492722511,63.145489228261184,False,False
2008-03-28,delta_monotone_T60,60,0.2,60,0.3,0.5539976229304482,0.1026256827175341,0.0062339037904776,0.0026034396371538,0.006755697921994033,0.4513719402129141,66.81351733377767,False,False
2008-03-28,horizon_monotone_d20,60,0.2,20,0.2,0.5539976229304482,0.3567618559882242,0.0062339037904776,0.0054938898131852,0.008309294900793393,0.197235766942224,23.736763383303607,False,False
2008-03-28,horizon_monotone_d30,60,0.3,20,0.3,0.1026256827175341,0.0087715067159731,0.0026034396371538,0.0004330362585523,0.0026392079011560428,0.093854176001561,35.56149402267642,False,False
2008-03-31,delta_monotone_T20,20,0.2,20,0.3,0.3088179136271796,0.0055873234796798,0.0051238672499385,0.000265075954302,0.005130719331296679,0.3032305901474998,59.100989660033655,False,False
2008-03-31,delta_monotone_T60,60,0.2,60,0.3,0.5132620896845875,0.0867927679150591,0.0062752428450171,0.0023266869435852,0.00669269339633814,0.42646932176952845,63.72162842583946,False,False
2008-03-31,horizon_monotone_d20,60,0.2,20,0.2,0.5132620896845875,0.3088179136271796,0.0062752428450171,0.0051238672499385,0.00810140039492745,0.20444417605740794,25.235658786278123,False,False
2008-03-31,horizon_monotone_d30,60,0.3,20,0.3,0.0867927679150591,0.0055873234796798,0.0023266869435852,0.000265075954302,0.0023417381140936654,0.0812054444353793,34.67742355417427,False,False
2008-04-01,delta_monotone_T20,20,0.2,20,0.3,0.1774936715341019,0.0027021982353108,0.0036407089374033,0.0001450242312531,0.0036435962447201554,0.1747914732987911,47.97223994071162,False,False
2008-04-01,delta_monotone_T60,60,0.2,60,0.3,0.3885987552553966,0.0678835234450896,0.0057101247269453,0.0019491911093349,0.00603364486674368,0.32071523181030703,53.15447609089976,False,False
2008-04-01,horizon_monotone_d20,60,0.2,20,0.2,0.3885987552553966,0.1774936715341019,0.0057101247269453,0.0036407089374033,0.006772022295013537,0.21110508372129472,31.173122964574162,False,False
2008-04-01,horizon_monotone_d30,60,0.3,20,0.3,0.0678835234450896,0.0027021982353108,0.0019491911093349,0.0001450242312531,0.0019545787291282922,0.0651813252097788,33.34801726756155,False,False
2008-04-02,delta_monotone_T20,20,0.2,20,0.3,0.1708028950864349,0.0027552557243175,0.0036388680028863,0.0001549567849055,0.003642165831976625,0.1680476393621174,46.13948049447187,False,False
2008-04-02,delta_monotone_T60,60,0.2,60,0.3,0.3991235696328296,0.0701346235099932,0.0056624095043135,0.0019650636341271,0.005993693058599903,0.32898894612283636,54.889188169353226,False,False
2008-04-02,horizon_monotone_d20,60,0.2,20,0.2,0.3991235696328296,0.1708028950864349,0.0056624095043135,0.0036388680028863,0.006730842572588486,0.22832067454639468,33.921559163519284,False,False
2008-04-02,horizon_monotone_d30,60,0.3,20,0.3,0.0701346235099932,0.0027552557243175,0.0019650636341271,0.0001549567849055,0.0019711637911033813,0.06737936778567569,34.18253119795759,False,False
2008-04-03,delta_monotone_T20,20,0.2,20,0.3,0.1551908297812272,0.0026687627733986,0.0034714629922615,0.0001511709879965,0.0034747529371529436,0.1525220670078286,43.89436307169463,False,False
2008-04-03,delta_monotone_T60,60,0.2,60,0.3,0.3846985646790985,0.062302639017491,0.0056730919500423,0.0018648624171135,0.005971740458894472,0.3223959256616075,53.98692858150295,False,False
2008-04-03,horizon_monotone_d20,60,0.2,20,0.2,0.3846985646790985,0.1551908297812272,0.0056730919500423,0.0034714629922615,0.006650941856630226,0.22950773489787132,34.50755394427008,False,False
2008-04-03,horizon_monotone_d30,60,0.3,20,0.3,0.062302639017491,0.0026687627733986,0.0018648624171135,0.0001511709879965,0.0018709795569097605,0.0596338762440924,31.873077406889387,False,False
2008-04-04,delta_monotone_T20,20,0.2,20,0.3,0.1487511571140026,0.001933214986353,0.0032583678760751,0.0001133015262898,0.0032603371684072424,0.14681794212764962,45.03152114153087,False,False
2008-04-04,delta_monotone_T60,60,0.2,60,0.3,0.3693517861651716,0.0593208458926492,0.0056850499839076,0.0016539978892291,0.005920768728560686,0.3100309402725224,52.36329174233591,False,False
2008-04-04,horizon_monotone_d20,60,0.2,20,0.2,0.3693517861651716,0.1487511571140026,0.0056850499839076,0.0032583678760751,0.006552614328294163,0.220600629051169,33.66604808383371,False,False
2008-04-04,horizon_monotone_d30,60,0.3,20,0.3,0.0593208458926492,0.001933214986353,0.0016539978892291,0.0001133015262898,0.0016578740161525896,0.0573876309062962,34.61519412643613,False,False
2008-04-07,delta_monotone_T20,20,0.2,20,0.3,0.1516253544872874,0.0017682807418755,0.0032687366294192,0.0001039399031821,0.0032703887622085996,0.1498570737454119,45.82240358611328,False,False
2008-04-07,delta_monotone_T60,60,0.2,60,0.3,0.3669744419300991,0.0522496739600245,0.0055343996549383,0.0016195560450569,0.005766501653833242,0.3147247679700746,54.5781111084679,False,False
2008-04-07,horizon_monotone_d20,60,0.2,20,0.2,0.3669744419300991,0.1516253544872874,0.0055343996549383,0.0032687366294192,0.006427613763527486,0.2153490874428117,33.503737991348714,False,False
2008-04-07,horizon_monotone_d30,60,0.3,20,0.3,0.0522496739600245,0.0017682807418755,0.0016195560450569,0.0001039399031821,0.0016228879463948986,0.050481393218149,31.105901877137562,False,False
2008-04-08,delta_monotone_T20,20,0.2,20,0.3,0.1456893477409573,0.0019204222320745,0.0032656944643586,0.0001071096154524,0.0032674505052509616,0.1437689255088828,44.00033765709342,False,False
2008-04-08,delta_monotone_T60,60,0.2,60,0.3,0.3700154334213505,0.0526765464034232,0.0055261833794145,0.0016020312208562,0.005753712434204118,0.31733888701792734,55.15376213997793,False,False
2008-04-08,horizon_monotone_d20,60,0.2,20,0.2,0.3700154334213505,0.1456893477409573,0.0055261833794145,0.0032656944643586,0.006418992372441291,0.22432608568039322,34.94724291050635,False,False
2008-04-08,horizon_monotone_d30,60,0.3,20,0.3,0.0526765464034232,0.0019204222320745,0.0016020312208562,0.0001071096154524,0.0016056078295525241,0.0507561241713487,31.611781679897643,False,False
2008-04-09,delta_monotone_T20,20,0.2,20,0.3,0.1341912661407003,0.0008635572883825,0.0031520291374404,5.7053925648393856e-05,0.003152545453075207,0.1333277088523178,42.29208137895708,False,False
2008-04-09,delta_monotone_T60,60,0.2,60,0.3,0.3463474362749618,0.0400663105210863,0.0054865423662822,0.0013329615832169,0.005646143260610874,0.3062811257538755,54.24607765279019,False,False
2008-04-09,horizon_monotone_d20,60,0.2,20,0.2,0.3463474362749618,0.1341912661407003,0.0054865423662822,0.0031520291374404,0.00632751411063482,0.2121561701342615,33.52915006189951,False,False
2008-04-09,horizon_monotone_d30,60,0.3,20,0.3,0.0400663105210863,0.0008635572883825,0.0013329615832169,5.7053925648393856e-05,0.0013341820463355057,0.0392027532327038,29.383361393880964,False,False
2008-04-10,delta_monotone_T20,20,0.2,20,0.3,0.1273926304977486,0.000637528350788,0.0030063854163675,4.371774460686276e-05,0.0030067032632005264,0.1267551021469606,42.157503102595626,False,False
2008-04-10,delta_monotone_T60,60,0.2,60,0.3,0.3470549691948505,0.0348716783714533,0.0053956409116283,0.0011942581876143,0.005526227779047916,0.31218329082339724,56.49120942987652,False,False
2008-04-10,horizon_monotone_d20,60,0.2,20,0.2,0.3470549691948505,0.1273926304977486,0.0053956409116283,0.0030063854163675,0.006176673386134664,0.21966233869710192,35.56321096566281,False,False
2008-04-10,horizon_monotone_d30,60,0.3,20,0.3,0.0348716783714533,0.000637528350788,0.0011942581876143,4.371774460686276e-05,0.0011950580989547345,0.0342341500206653,28.64643154220571,False,False
2008-04-11,delta_monotone_T20,20,0.2,20,0.3,0.2351548082418044,0.0023780101925353,0.0043956243140395,0.0001332519843085,0.004397643596461334,0.2327767980492691,52.93216536159919,False,False
2008-04-11,delta_monotone_T60,60,0.2,60,0.3,0.4557217333013587,0.0622137104056513,0.0060296509470268,0.0017944419503639,0.0062910025000954325,0.39350802289570735,62.550924576764665,False,False
2008-04-11,horizon_monotone_d20,60,0.2,20,0.2,0.4557217333013587,0.2351548082418044,0.0060296509470268,0.0043956243140395,0.007461782873627214,0.22056692505955428,29.55954746942877,False,False
2008-04-11,horizon_monotone_d30,60,0.3,20,0.3,0.0622137104056513,0.0023780101925353,0.0017944419503639,0.0001332519843085,0.001799382673182097,0.059835700213116,33.25346025884548,False,False
2008-04-14,delta_monotone_T20,20,0.2,20,0.3,0.2338339697271646,0.0020734065694638,0.0043948025048929,0.0001348085587973,0.004396869614229869,0.2317605631577008,52.71035611509592,False,False
2008-04-14,delta_monotone_T60,60,0.2,60,0.3,0.4576309730493986,0.0581913411706885,0.0060228969153057,0.0017503719737812,0.00627208811314044,0.3994396318787101,63.68527110482674,False,False
2008-04-14,horizon_monotone_d20,60,0.2,20,0.2,0.4576309730493986,0.2338339697271646,0.0060228969153057,0.0043948025048929,0.0074558417572673725,0.22379700332223398,30.016329558509494,False,False
2008-04-14,horizon_monotone_d30,60,0.3,20,0.3,0.0581913411706885,0.0020734065694638,0.0017503719737812,0.0001348085587973,0.0017555555799016159,0.056117934601224696,31.96591167131811,False,False
2008-04-15,delta_monotone_T20,20,0.2,20,0.3,0.2188815517533846,0.0019019546852643,0.0042707496511792,0.0001073181992976,0.0042720978194498,0.2169795970681203,50.78994120412367,False,False
2008-04-15,delta_monotone_T60,60,0.2,60,0.3,0.4338216832639495,0.0576107225130366,0.0059752997149783,0.0016773799995263,0.006206271855682009,0.37621096075091287,60.61786681266332,False,False
2008-04-15,horizon_monotone_d20,60,0.2,20,0.2,0.4338216832639495,0.2188815517533846,0.0059752997149783,0.0042707496511792,0.007344624515035947,0.21494013151056487,29.264958483655427,False,False
2008-04-15,horizon_monotone_d30,60,0.3,20,0.3,0.0576107225130366,0.0019019546852643,0.0016773799995263,0.0001073181992976,0.0016808095843108847,0.0557087678277723,33.14400890366909,False,False
2008-04-16,delta_monotone_T20,20,0.2,20,0.3,0.0742334547977653,0.0001558766605175,0.0020700297655828,1.3826118195593876e-05,0.002070075938689965,0.0740775781372478,35.78495684758664,False,False
2008-04-16,delta_monotone_T60,60,0.2,60,0.3,0.270068754798389,0.0209378850747549,0.0047901919852759,0.0007892463578957,0.004854775903093066,0.24913086972363407,51.316656977906696,False,False
2008-04-16,horizon_monotone_d20,60,0.2,20,0.2,0.270068754798389,0.0742334547977653,0.0047901919852759,0.0020700297655828,0.005218329472752774,0.19583530000062369,37.528350983426236,False,False
2008-04-16,horizon_monotone_d30,60,0.3,20,0.3,0.0209378850747549,0.0001558766605175,0.0007892463578957,1.3826118195593876e-05,0.0007893674524554366,0.0207820084142374,26.32741994820294,False,False
2008-04-17,delta_monotone_T20,20,0.2,20,0.3,0.0566852990706511,6.609793605424083e-05,0.0016862783412173,7.051898065104862e-06,0.0016862930864250405,0.056619201134596855,33.576133111374,False,False
2008-04-17,delta_monotone_T60,60,0.2,60,0.3,0.2292445346456102,0.0142506551626742,0.0043774211836945,0.0005764491750543,0.004415213457000481,0.214993879482936,48.69388118530382,False,False
2008-04-17,horizon_monotone_d20,60,0.2,20,0.2,0.2292445346456102,0.0566852990706511,0.0043774211836945,0.0016862783412173,0.004690986129111439,0.1725592355749591,36.785279432843915,False,False
2008-04-17,horizon_monotone_d30,60,0.3,20,0.3,0.0142506551626742,6.609793605424083e-05,0.0005764491750543,7.051898065104862e-06,0.0005764923075697573,0.01418455722661996,24.604937551406245,False,False
2008-04-18,delta_monotone_T20,20,0.2,20,0.3,0.0334584015166696,1.6999780332781882e-05,0.0011072517798242,1.9847579329941155e-06,0.0011072535586702404,0.03344140173633682,30.202117188495087,False,False
2008-04-18,delta_monotone_T60,60,0.2,60,0.3,0.1878366471042781,0.0087118706067817,0.0038941051169879,0.000409282137288,0.003915554434566627,0.17912477649749642,45.74697644762073,False,False
2008-04-18,horizon_monotone_d20,60,0.2,20,0.2,0.1878366471042781,0.0334584015166696,0.0038941051169879,0.0011072517798242,0.004048464050238708,0.15437824558760851,38.13254697877482,False,False
2008-04-18,horizon_monotone_d30,60,0.3,20,0.3,0.0087118706067817,1.6999780332781882e-05,0.000409282137288,1.9847579329941155e-06,0.0004092869496662285,0.008694870826448918,21.243948368105904,False,False
2008-04-21,delta_monotone_T20,20,0.2,20,0.3,0.0253549002011459,7.997737281273881e-06,0.0009055641319878,1.0095424407739097e-06,0.000905564694717477,0.02534690246386463,27.990161952782945,False,False
2008-04-21,delta_monotone_T60,60,0.2,60,0.3,0.1636030072744463,0.0061422022625289,0.0035784763244432,0.0003029130923725,0.0035912740282706334,0.1574608050119174,43.845388509030634,False,False
2008-04-21,horizon_monotone_d20,60,0.2,20,0.2,0.1636030072744463,0.0253549002011459,0.0035784763244432,0.0009055641319878,0.00369127880303606,0.1382481070733004,37.45263212293581,False,False
2008-04-21,horizon_monotone_d30,60,0.3,20,0.3,0.0061422022625289,7.997737281273881e-06,0.0003029130923725,1.0095424407739097e-06,0.0003029147746588311,0.006134204525247626,20.250595343711773,False,False
2008-04-22,delta_monotone_T20,20,0.2,20,0.3,0.0316251370065557,9.43198461431467e-06,0.0010648650898708,1.19309608639455e-06,0.0010648657582549164,0.03161570502194138,29.689850365507713,False,False
2008-04-22,delta_monotone_T60,60,0.2,60,0.3,0.1773544651310861,0.0066561190848874,0.0038138482204041,0.0003214475101355,0.003827370735903674,0.1706983460461987,44.59937587046827,False,False
2008-04-22,horizon_monotone_d20,60,0.2,20,0.2,0.1773544651310861,0.0316251370065557,0.0038138482204041,0.0010648650898708,0.0039597191703333035,0.1457293281245304,36.802945324090715,False,False
2008-04-22,horizon_monotone_d30,60,0.3,20,0.3,0.0066561190848874,9.43198461431467e-06,0.0003214475101355,1.19309608639455e-06,0.0003214497242969478,0.006646687100273086,20.677221344053887,False,False
2008-04-23,delta_monotone_T20,20,0.2,20,0.3,0.0309842487384198,5.4990747649242975e-06,0.0010609932863516,7.909596193670864e-07,0.0010609935811777033,0.030978749663654874,29.197867181504012,False,False
2008-04-23,delta_monotone_T60,60,0.2,60,0.3,0.1799245216778426,0.006237433014028,0.0037255718508129,0.0003020069350243,0.0037377926379578937,0.1736870886638146,46.46782352236288,False,False
2008-04-23,horizon_monotone_d20,60,0.2,20,0.2,0.1799245216778426,0.0309842487384198,0.0037255718508129,0.0010609932863516,0.0038737052506937885,0.1489402729394228,38.449046404020365,False,False
2008-04-23,horizon_monotone_d30,60,0.3,20,0.3,0.006237433014028,5.4990747649242975e-06,0.0003020069350243,7.909596193670864e-07,0.0003020079707886718,0.006231933939263076,20.634998218718646,False,False
2008-04-24,delta_monotone_T20,20,0.2,20,0.3,0.0270975758256355,5.4764790265480895e-06,0.0009484156058742,7.123936422638554e-07,0.0009484158734281219,0.02709209934660895,28.565632551764956,False,False
2008-04-24,delta_monotone_T60,60,0.2,60,0.3,0.1632331284621058,0.0060203258281253,0.0035452888445649,0.0002937324667401,0.0035574361207776515,0.1572128026339805,44.1927268112446,False,False
2008-04-24,horizon_monotone_d20,60,0.2,20,0.2,0.1632331284621058,0.0270975758256355,0.0035452888445649,0.0009484156058742,0.003669954380215379,0.13613555263647031,37.09461713485411,False,False
2008-04-24,horizon_monotone_d30,60,0.3,20,0.3,0.0060203258281253,5.4764790265480895e-06,0.0002937324667401,7.123936422638554e-07,0.00029373333062818305,0.006014849349098752,20.47724490862271,False,False
2008-04-25,delta_monotone_T20,20,0.2,20,0.3,0.0154523580406667,3.6044393676089137e-06,0.0006072457986256,9.251505807604754e-07,0.0006072465033674873,0.015448753601299091,25.440662919634747,False,False
2008-04-25,delta_monotone_T60,60,0.2,60,0.3,0.1276867497102686,0.003890141629522,0.0030339488683701,0.0001939934878296,0.003040144603337891,0.1237966080807466,40.72063149391827,False,False
2008-04-25,horizon_monotone_d20,60,0.2,20,0.2,0.1276867497102686,0.0154523580406667,0.0030339488683701,0.0006072457986256,0.003094122362776342,0.1122343916696019,36.27341730884053,False,False
2008-04-25,horizon_monotone_d30,60,0.3,20,0.3,0.003890141629522,3.6044393676089137e-06,0.0001939934878296,9.251505807604754e-07,0.00019399569382821426,0.0038865371901543907,20.034141549533416,False,False
2008-04-28,delta_monotone_T20,20,0.2,20,0.3,0.0150700959751809,2.7805854409152024e-06,0.0006117867966082,4.113764032035366e-07,0.0006117869349166164,0.015067315389739985,24.628370646381306,False,False
2008-04-28,delta_monotone_T60,60,0.2,60,0.3,0.1346035967559921,0.0043431076634444,0.0030906887416087,0.0002129600010339,0.0030980169237025046,0.1302604890925477,42.04640978425343,False,False
2008-04-28,horizon_monotone_d20,60,0.2,20,0.2,0.1346035967559921,0.0150700959751809,0.0030906887416087,0.0006117867966082,0.003150657071471107,0.1195335007808112,37.93922920497295,False,False
2008-04-28,horizon_monotone_d30,60,0.3,20,0.3,0.0043431076634444,2.7805854409152024e-06,0.0002129600010339,4.113764032035366e-07,0.00021296039836294403,0.0043403270780034845,20.380911715831573,False,False
2008-04-29,delta_monotone_T20,20,0.2,20,0.3,0.0054633180990945,5.755984571542066e-08,0.0002570649615444,1.4020784728210189e-08,0.0002570649619267594,0.005463260539248785,21.25245112480684,False,False
2008-04-29,delta_monotone_T60,60,0.2,60,0.3,0.0842254088971127,0.001070710394906,0.0023154555415136,7.2465915060468e-05,0.002316589232810079,0.0831546985022067,35.89531425100256,False,False
2008-04-29,horizon_monotone_d20,60,0.2,20,0.2,0.0842254088971127,0.0054633180990945,0.0023154555415136,0.0002570649615444,0.002329681686235238,0.0787620907980182,33.80809114969591,False,False
2008-04-29,horizon_monotone_d30,60,0.3,20,0.3,0.001070710394906,5.755984571542066e-08,7.2465915060468e-05,1.4020784728210189e-08,7.246591641684638e-05,0.0010706528350602844,14.774571108734179,False,False
2008-04-30,delta_monotone_T20,20,0.2,20,0.3,0.0077920388741085,1.1208490350290029e-07,0.0003436353724622,2.9550209903156262e-08,0.00034363537373275445,0.007791926789204998,22.674984547035564,False,False
2008-04-30,delta_monotone_T60,60,0.2,60,0.3,0.1026370677811976,0.001465479406723,0.0026232049550187,0.0001007140522469,0.0026251376261740354,0.10117158837447461,38.53953688589101,False,False
2008-04-30,horizon_monotone_d20,60,0.2,20,0.2,0.1026370677811976,0.0077920388741085,0.0026232049550187,0.0003436353724622,0.002645617036768907,0.09484502890708911,35.84987078210056,False,False
2008-04-30,horizon_monotone_d30,60,0.3,20,0.3,0.001465479406723,1.1208490350290029e-07,0.0001007140522469,2.9550209903156262e-08,0.00010071405658201942,0.001465367321819497,14.54977955958047,False,False
2008-05-01,delta_monotone_T20,20,0.2,20,0.3,0.003857234988392,5.908981556431821e-08,0.000192458838158,1.7998389365957804e-08,0.00019245883899958777,0.0038571758985764355,20.041562749865165,False,False
2008-05-01,delta_monotone_T60,60,0.2,60,0.3,0.0768354440556114,0.0012442698690186,0.0021473190565029,8.142848875090739e-05,0.002148862426773934,0.0755911741865928,35.177298111204394,False,False
2008-05-01,horizon_monotone_d20,60,0.2,20,0.2,0.0768354440556114,0.003857234988392,0.0021473190565029,0.000192458838158,0.00215592660700814,0.0729782090672194,33.8500433317134,False,False
2008-05-01,horizon_monotone_d30,60,0.3,20,0.3,0.0012442698690186,5.908981556431821e-08,8.142848875090739e-05,1.7998389365957804e-08,8.142849074002705e-05,0.0012442107792030358,15.279796639917713,False,False
2008-05-02,delta_monotone_T20,20,0.2,20,0.3,0.0034428662040216,6.427548862382257e-08,0.0001774046278071,1.713469381698119e-08,0.00017740462863458046,0.0034428019285329763,19.40649437971818,False,False
2008-05-02,delta_monotone_T60,60,0.2,60,0.3,0.0702038522405076,0.0011790366214025,0.0019835956908615,7.997591919101605e-05,0.00198520729709891,0.0690248156191051,34.769575812044806,False,False
2008-05-02,horizon_monotone_d20,60,0.2,20,0.2,0.0702038522405076,0.0034428662040216,0.0019835956908615,0.0001774046278071,0.0019915130596538117,0.066760986036486,33.52274579012361,False,False
2008-05-02,horizon_monotone_d30,60,0.3,20,0.3,0.0011790366214025,6.427548862382257e-08,7.997591919101605e-05,1.713469381698119e-08,7.997592102655437e-05,0.0011789723459138762,14.74159135375787,False,False
2008-05-05,delta_monotone_T20,20,0.2,20,0.3,0.0047473811268244,8.48583023192345e-08,0.0002344450442782,2.1903242675627008e-08,0.00023444504530136526,0.004747296268522081,20.24907910687433,False,False
2008-05-05,delta_monotone_T60,60,0.2,60,0.3,0.0813303225885365,0.0013140822326155,0.0022301128309623,8.656169477516531e-05,0.002231792142164013,0.08001624035592099,35.852908899632034,False,False
2008-05-05,horizon_monotone_d20,60,0.2,20,0.2,0.0813303225885365,0.0047473811268244,0.0022301128309623,0.0002344450442782,0.0022424022203006515,0.0765829414617121,34.15218767106117,False,False
2008-05-05,horizon_monotone_d30,60,0.3,20,0.3,0.0013140822326155,8.48583023192345e-08,8.656169477516531e-05,2.1903242675627008e-08,8.656169754632196e-05,0.0013139973743131808,15.179893781658087,False,False
2008-05-06,delta_monotone_T20,20,0.2,20,0.3,0.0030221468158264,6.736595165563593e-08,0.0001575914455381,1.7193454205760677e-08,0.00015759144647601534,0.0030220794498747442,19.17667181470214,False,False
2008-05-06,delta_monotone_T60,60,0.2,60,0.3,0.0669674504253185,0.0011363881483082,0.0019689972804673,7.15454978615735e-05,0.001970296690539748,0.0658310622770103,33.41175092720496,False,False
2008-05-06,horizon_monotone_d20,60,0.2,20,0.2,0.0669674504253185,0.0030221468158264,0.0019689972804673,0.0001575914455381,0.0019752937387118937,0.0639453036094921,32.372554196011066,False,False
2008-05-06,horizon_monotone_d30,60,0.3,20,0.3,0.0011363881483082,6.736595165563593e-08,7.15454978615735e-05,1.7193454205760677e-08,7.154549992749569e-05,0.0011363207823565445,15.882491330804783,False,False
2008-05-07,delta_monotone_T20,20,0.2,20,0.3,0.0114702461474445,1.2011456568355934e-06,0.0004854997266423,1.8775836035273442e-07,0.00048549976294839724,0.011469045001787664,23.623173226979898,False,False
2008-05-07,delta_monotone_T60,60,0.2,60,0.3,0.1193300027717069,0.0027281810362863,0.002990180122756,0.0001590693933425,0.002994408161627843,0.1166018217354206,38.939855704919204,False,False
2008-05-07,horizon_monotone_d20,60,0.2,20,0.2,0.1193300027717069,0.0114702461474445,0.002990180122756,0.0004854997266423,0.003029337741338003,0.10785975662426239,35.60506151308923,False,False
2008-05-07,horizon_monotone_d30,60,0.3,20,0.3,0.0027281810362863,1.2011456568355934e-06,0.0001590693933425,1.8775836035273442e-07,0.000159069504153225,0.0027269798906294643,17.143323009309682,False,False
2008-05-08,delta_monotone_T20,20,0.2,20,0.3,0.0137946700333504,1.023441119441653e-06,0.0005556461760935,1.870827478650613e-07,0.0005556462075883209,0.013793646592230958,24.824513159371172,False,False
2008-05-08,delta_monotone_T60,60,0.2,60,0.3,0.1246285087542798,0.0032701636117865,0.0030010566070466,0.0001785803221715,0.00300636519574135,0.1213583451424933,40.36713347879452,False,False
2008-05-08,horizon_monotone_d20,60,0.2,20,0.2,0.1246285087542798,0.0137946700333504,0.0030010566070466,0.0005556461760935,0.0030520621605244834,0.1108338387209294,36.314410680902746,False,False
2008-05-08,horizon_monotone_d30,60,0.3,20,0.3,0.0032701636117865,1.023441119441653e-06,0.0001785803221715,1.870827478650613e-07,0.00017858042016646527,0.0032691401706670584,18.3062631817066,False,False
2008-05-09,delta_monotone_T20,20,0.2,20,0.3,0.0101966243568773,6.268555934433012e-07,0.0004429199193552,1.2643395806522653e-07,0.00044291993740083844,0.010195997501283856,23.019956069524532,False,False
2008-05-09,delta_monotone_T60,60,0.2,60,0.3,0.1072019226810619,0.0019406171005507,0.0027036096080996,0.0001272791639113,0.0027066039419491044,0.10526130558051121,38.89054617452064,False,False
2008-05-09,horizon_monotone_d20,60,0.2,20,0.2,0.1072019226810619,0.0101966243568773,0.0027036096080996,0.0004429199193552,0.0027396501543025687,0.09700529832418461,35.40791446376452,False,False
2008-05-09,horizon_monotone_d30,60,0.3,20,0.3,0.0019406171005507,6.268555934433012e-07,0.0001272791639113,1.2643395806522653e-07,0.00012727922670846694,0.001939990244957257,15.24200213284454,False,False
2008-05-12,delta_monotone_T20,20,0.2,20,0.3,0.006461823912437,1.672968607159923e-07,0.0003342687588317,4.676811521298192e-08,0.0003342687621034036,0.006461656615576284,19.330722305356844,False,False
2008-05-12,delta_monotone_T60,60,0.2,60,0.3,0.0883142407163292,0.0014895412272939,0.0023639937505557,9.38266760408068e-05,0.0023658550035459214,0.0868246994890353,36.699078920264874,False,False
2008-05-12,horizon_monotone_d20,60,0.2,20,0.2,0.0883142407163292,0.006461823912437,0.0023639937505557,0.0003342687588317,0.002387509592817857,0.0818524168038922,34.28359703773417,False,False
2008-05-12,horizon_monotone_d30,60,0.3,20,0.3,0.0014895412272939,1.672968607159923e-07,9.38266760408068e-05,4.676811521298192e-08,9.382668769664155e-05,0.001489373930433184,15.873670562138953,False,False
2008-05-13,delta_monotone_T20,20,0.2,20,0.3,0.0054595305831841,2.034946354184829e-07,0.00027575589427,5.2446650712425853e-08,0.0002757558992574748,0.005459327088548681,19.797680133948024,False,False
2008-05-13,delta_monotone_T60,60,0.2,60,0.3,0.0903169425270443,0.0015997594312942,0.0024605351665861,9.63706094508233e-05,0.0024624216942621367,0.0887171830957501,36.02842815366527,False,False
2008-05-13,horizon_monotone_d20,60,0.2,20,0.2,0.0903169425270443,0.0054595305831841,0.0024605351665861,0.00027575589427,0.0024759391388383387,0.08485741194386019,34.2728181855365,False,False
2008-05-13,horizon_monotone_d30,60,0.3,20,0.3,0.0015997594312942,2.034946354184829e-07,9.63706094508233e-05,5.2446650712425853e-08,9.637062372203619e-05,0.0015995559366587817,16.597961856845654,False,False
2008-05-14,delta_monotone_T20,20,0.2,20,0.3,0.0016343953503037,7.715810114597334e-09,9.956526410271508e-05,2.7370138525794943e-09,9.956526414033485e-05,0.0016343876344935854,16.41523927652073,False,False
2008-05-14,delta_monotone_T60,60,0.2,60,0.3,0.0529226927492306,0.0005314577587311,0.0016953718528562,4.0255242404001175e-05,0.0016958496997075152,0.052391234990499504,30.89379618932944,False,False
2008-05-14,horizon_monotone_d20,60,0.2,20,0.2,0.0529226927492306,0.0016343953503037,0.0016953718528562,9.956526410271508e-05,0.0016982929550795728,0.0512882973989269,30.199911767592422,False,False
2008-05-14,horizon_monotone_d30,60,0.3,20,0.3,0.0005314577587311,7.715810114597334e-09,4.0255242404001175e-05,2.7370138525794943e-09,4.0255242497047995e-05,0.0005314500429209854,13.202008234330169,False,False
2008-05-15,delta_monotone_T20,20,0.2,20,0.3,0.0009670307744895,4.758664221884729e-09,7.181191274741384e-05,1.7388996033499162e-09,7.181191276846726e-05,0.0009670260158252781,13.466094670714591,False,False
2008-05-15,delta_monotone_T60,60,0.2,60,0.3,0.0428526380645593,0.0003916140575145,0.001360390383211,3.0563049367558075e-05,0.0013607336604639481,0.0424610240070448,31.20450771576234,False,False
2008-05-15,horizon_monotone_d20,60,0.2,20,0.2,0.0428526380645593,0.0009670307744895,0.001360390383211,7.181191274741384e-05,0.0013622844583806326,0.0418856072900698,30.746594099634546,False,False
2008-05-15,horizon_monotone_d30,60,0.3,20,0.3,0.0003916140575145,4.758664221884729e-09,3.0563049367558075e-05,1.7388996033499162e-09,3.056304941702584e-05,0.0003916092988502781,12.813161851321132,False,False
2008-05-16,delta_monotone_T20,20,0.2,20,0.3,0.0006834450163101,2.297536008876462e-09,4.795663806515269e-05,9.754170923638599e-10,4.795663807507247e-05,0.0006834427187740912,14.251264187956913,False,False
2008-05-16,delta_monotone_T60,60,0.2,60,0.3,0.0387091560012323,0.0003616798501985,0.0012562127914946,3.70239583728242e-05,0.001256758270714081,0.0383474761510338,30.51300878190763,False,False
2008-05-16,horizon_monotone_d20,60,0.2,20,0.2,0.0387091560012323,0.0006834450163101,0.0012562127914946,4.795663806515269e-05,0.0012571278441945225,0.038025710984922204,30.248085873307783,False,False
2008-05-16,horizon_monotone_d30,60,0.3,20,0.3,0.0003616798501985,2.297536008876462e-09,3.70239583728242e-05,9.754170923638599e-10,3.702395838567316e-05,0.0003616775526624911,9.768743495629208,False,False
2008-05-19,delta_monotone_T20,20,0.2,20,0.3,0.0006052756163214,2.431320687943192e-09,4.269425886804286e-05,9.862339214879812e-10,4.269425887943382e-05,0.000605273185000712,14.176922164405509,False,False
2008-05-19,delta_monotone_T60,60,0.2,60,0.3,0.0333855542719568,0.0003004893434241,0.0011201835126762,2.341308131492434e-05,0.001120428165679643,0.0330850649285327,29.528947898648685,False,False
2008-05-19,horizon_monotone_d20,60,0.2,20,0.2,0.0333855542719568,0.0006052756163214,0.0011201835126762,4.269425886804286e-05,0.00112099683398834,0.0327802786556354,29.242079604282242,False,False
2008-05-19,horizon_monotone_d30,60,0.3,20,0.3,0.0003004893434241,2.431320687943192e-09,2.341308131492434e-05,9.862339214879812e-10,2.3413081335696005e-05,0.00030048691210341204,12.834146338751419,False,False
2008-05-20,delta_monotone_T20,20,0.2,20,0.3,0.0011719107797262,6.692110165265879e-09,8.232948328139853e-05,2.4985609908912637e-09,8.23294833193121e-05,0.0011719040876160347,14.234318501317986,False,False
2008-05-20,delta_monotone_T60,60,0.2,60,0.3,0.0495362532723542,0.0005203459275871,0.0016337302166838,4.015740059821355e-05,0.0016342236804453977,0.049015907344767094,29.993389479834306,False,False
2008-05-20,horizon_monotone_d20,60,0.2,20,0.2,0.0495362532723542,0.0011719107797262,0.0016337302166838,8.232948328139853e-05,0.0016358033392566106,0.048364342492628,29.566110627092332,False,False
2008-05-20,horizon_monotone_d30,60,0.3,20,0.3,0.0005203459275871,6.692110165265879e-09,4.015740059821355e-05,2.4985609908912637e-09,4.015740067594277e-05,0.0005203392354769347,12.957492933267867,False,False
2008-05-21,delta_monotone_T20,20,0.2,20,0.3,0.0059759418264258,8.295823106132943e-08,0.0002865388425182,2.292924333630892e-08,0.0002865388434356152,0.005975858868194739,20.855318589772644,False,False
2008-05-21,delta_monotone_T60,60,0.2,60,0.3,0.0894529577491227,0.0013063999840057,0.0023478045751189,8.263653631023748e-05,0.0023492584191788252,0.088146557765117,37.521013884853204,False,False
2008-05-21,horizon_monotone_d20,60,0.2,20,0.2,0.0894529577491227,0.0059759418264258,0.0023478045751189,0.0002865388425182,0.0023652253235624107,0.08347701592269689,35.29347292670072,False,False
2008-05-21,horizon_monotone_d30,60,0.3,20,0.3,0.0013063999840057,8.295823106132943e-08,8.263653631023748e-05,2.292924333630892e-08,8.263653949133759e-05,0.0013063170257746387,15.807983173249577,False,False
2008-05-22,delta_monotone_T20,20,0.2,20,0.3,0.0062055361060085,9.279769179597798e-08,0.0003065093957145,2.7205665326845925e-08,0.0003065093969218826,0.006205443308316704,20.245523858761928,False,False
2008-05-22,delta_monotone_T60,60,0.2,60,0.3,0.0877897642404831,0.0013177987579744,0.0023019727536203,8.113347680867693e-05,0.002303402092442674,0.0864719654825087,37.54097722070241,False,False
2008-05-22,horizon_monotone_d20,60,0.2,20,0.2,0.0877897642404831,0.0062055361060085,0.0023019727536203,0.0003065093957145,0.002322289079350694,0.08158422813447459,35.13095284299633,False,False
2008-05-22,horizon_monotone_d30,60,0.3,20,0.3,0.0013177987579744,9.279769179597798e-08,8.113347680867693e-05,2.7205665326845925e-08,8.113348136997662e-05,0.001317705960282604,16.241210632559152,False,False
2008-05-23,delta_monotone_T20,20,0.2,20,0.3,0.0149640536912212,4.609788516794524e-07,0.0006187605471359,8.809040567918568e-08,0.0006187605534064351,0.01496359271236952,24.183171713179057,False,False
2008-05-23,delta_monotone_T60,60,0.2,60,0.3,0.1270501646830292,0.0024213509634494,0.0031013908898764,0.0001611801994992,0.003105576356897207,0.1246288137195798,40.13065511746004,False,False
2008-05-23,horizon_monotone_d20,60,0.2,20,0.2,0.1270501646830292,0.0149640536912212,0.0031013908898764,0.0006187605471359,0.0031625132515928286,0.11208611099180801,35.442100024515256,False,False
2008-05-23,horizon_monotone_d30,60,0.3,20,0.3,0.0024213509634494,4.609788516794524e-07,0.0001611801994992,8.809040567918568e-08,0.0001611802235713845,0.002420889984597721,15.019770608058142,False,False
2008-05-27,delta_monotone_T20,20,0.2,20,0.3,0.0100736047232513,2.1983086853771105e-07,0.0004380127575396,5.693607181112424e-08,0.00043801276124008154,0.010073384892382763,22.997925594367295,False,False
2008-05-27,delta_monotone_T60,60,0.2,60,0.3,0.1113149103510617,0.0021437900825175,0.0027368560583099,0.0001177343184294,0.0027393872405418766,0.1091711202685442,39.85238693268832,False,False
2008-05-27,horizon_monotone_d20,60,0.2,20,0.2,0.1113149103510617,0.0100736047232513,0.0027368560583099,0.0004380127575396,0.0027716847330955677,0.10124130562781039,36.526991839630554,False,False
2008-05-27,horizon_monotone_d30,60,0.3,20,0.3,0.0021437900825175,2.1983086853771105e-07,0.0001177343184294,5.693607181112424e-08,0.00011773433219648222,0.002143570251648962,18.206840873498493,False,False
2008-05-28,delta_monotone_T20,20,0.2,20,0.3,0.0079367079991333,1.7137515864126797e-07,0.0003686604378089,3.851058596438814e-08,0.0003686604398203244,0.00793653662397466,21.528039807696,False,False
2008-05-28,delta_monotone_T60,60,0.2,60,0.3,0.1017957293592683,0.0017505612467035,0.0026988432123135,0.0001100986612824,0.0027010880029845062,0.1000451681125648,37.038840645703566,False,False
2008-05-28,horizon_monotone_d20,60,0.2,20,0.2,0.1017957293592683,0.0079367079991333,0.0026988432123135,0.0003686604378089,0.0027239062397696624,0.09385902136013499,34.45750811454944,False,False
2008-05-28,horizon_monotone_d30,60,0.3,20,0.3,0.0017505612467035,1.7137515864126797e-07,0.0001100986612824,3.851058596438814e-08,0.00011009866801756448,0.0017503898715448586,15.898374640332722,False,False
2008-05-29,delta_monotone_T20,20,0.2,20,0.3,0.005519199817436,1.425494330587921e-07,0.0002794609218391,3.108723108359171e-08,0.0002794609235681717,0.005519057268002941,19.74894091644488,False,False
2008-05-29,delta_monotone_T60,60,0.2,60,0.3,0.0848656561051678,0.001587155555922,0.0022885843129671,9.78615825778524e-05,0.0022906756747526993,0.0832785005492458,36.355430612514155,False,False
2008-05-29,horizon_monotone_d20,60,0.2,20,0.2,0.0848656561051678,0.005519199817436,0.0022885843129671,0.0002794609218391,0.0023055837795218485,0.0793464562877318,34.41490914035982,False,False
2008-05-29,horizon_monotone_d30,60,0.3,20,0.3,0.001587155555922,1.425494330587921e-07,9.78615825778524e-05,3.108723108359171e-08,9.786158751551991e-05,0.0015870130064889413,16.216914591103034,False,False
2008-05-30,delta_monotone_T20,20,0.2,20,0.3,0.0025169437947439,6.739694508069732e-09,0.0001387355648472,3.325775540980078e-09,0.00013873556488706285,0.0025169370550493916,18.141974317099546,False,False
2008-05-30,delta_monotone_T60,60,0.2,60,0.3,0.0642652972915581,0.0006888936369211,0.0018619980540484,5.3975955658589946e-05,0.0018627802224281014,0.063576403654637,34.12984682206164,False,False
2008-05-30,horizon_monotone_d20,60,0.2,20,0.2,0.0642652972915581,0.0025169437947439,0.0018619980540484,0.0001387355648472,0.0018671594228221382,0.06174835349681419,33.0707451876198,False,False
2008-05-30,horizon_monotone_d30,60,0.3,20,0.3,0.0006888936369211,6.739694508069732e-09,5.3975955658589946e-05,3.325775540980078e-09,5.397595576105022e-05,0.0006888868972265918,12.762847595997584,False,False
2008-06-02,delta_monotone_T20,20,0.2,20,0.3,0.0065560235776083,6.709416670173212e-08,0.0003019162832613,1.832389586021883e-08,0.0003019162838173567,0.006555956483441598,21.71448456025513,False,False
2008-06-02,delta_monotone_T60,60,0.2,60,0.3,0.0924011292119773,0.0011864109757461,0.0024166150834186,8.037487371067952e-05,0.002417951319139882,0.0912147182362312,37.72396801962012,False,False
2008-06-02,horizon_monotone_d20,60,0.2,20,0.2,0.0924011292119773,0.0065560235776083,0.0024166150834186,0.0003019162832613,0.00243540179508528,0.08584510563436899,35.24884715434111,False,False
2008-06-02,horizon_monotone_d30,60,0.3,20,0.3,0.0011864109757461,6.709416670173212e-08,8.037487371067952e-05,1.832389586021883e-08,8.037487579942404e-05,0.0011863438815793983,14.760133310064779,False,False
2008-06-03,delta_monotone_T20,20,0.2,20,0.3,0.0095600150065204,1.2125230366263577e-07,0.0004178842899976,2.99687754505562e-08,0.00041788429107221265,0.009559893754216738,22.876891901554483,False,False
2008-06-03,delta_monotone_T60,60,0.2,60,0.3,0.1087562666696169,0.0015449297233168,0.0027576385308374,9.218612921875966e-05,0.0027591789628763465,0.1072113369463001,38.856246147417735,False,False
2008-06-03,horizon_monotone_d20,60,0.2,20,0.2,0.1087562666696169,0.0095600150065204,0.0027576385308374,0.0004178842899976,0.002789121285743209,0.0991962516630965,35.56541344047861,False,False
2008-06-03,horizon_monotone_d30,60,0.3,20,0.3,0.0015449297233168,1.2125230366263577e-07,9.218612921875966e-05,2.99687754505562e-08,9.218613409003197e-05,0.0015448084710131373,16.757492721241867,False,False
2008-06-04,delta_monotone_T20,20,0.2,20,0.3,0.0086361953073139,1.1266255712077357e-07,0.0003847127917691,2.7727067733324143e-08,0.0003847127927682743,0.008636082644756779,22.448129636174038,False,False
2008-06-04,delta_monotone_T60,60,0.2,60,0.3,0.1032267750602816,0.0014809623671777,0.0025693102050675,9.395601350273652e-05,0.002571027549898547,0.10174581269310391,39.57398772219256,False,False
2008-06-04,horizon_monotone_d20,60,0.2,20,0.2,0.1032267750602816,0.0086361953073139,0.0025693102050675,0.0003847127917691,0.00259795282136046,0.09459057975296771,36.40966031994139,False,False
2008-06-04,horizon_monotone_d30,60,0.3,20,0.3,0.0014809623671777,1.1266255712077357e-07,9.395601350273652e-05,2.7727067733324143e-08,9.395601759396091e-05,0.0014808497046205793,15.761094845677688,False,False
2008-06-05,delta_monotone_T20,20,0.2,20,0.3,0.0026600508839849,1.4789069484140825e-08,0.0001460645088291,5.091592553975194e-09,0.00014606450891784268,0.002660036094915416,18.21137875739283,False,False
2008-06-05,delta_monotone_T60,60,0.2,60,0.3,0.0645599764300225,0.0007970711978142,0.0018332725891694,5.992295707808023e-05,0.0018342516585749234,0.06376290523220829,34.76235386465307,False,False
2008-06-05,horizon_monotone_d20,60,0.2,20,0.2,0.0645599764300225,0.0026600508839849,0.0018332725891694,0.0001460645088291,0.0018390821697084018,0.06189992554603759,33.65805322110878,False,False
2008-06-05,horizon_monotone_d30,60,0.3,20,0.3,0.0007970711978142,1.4789069484140825e-08,5.992295707808023e-05,5.091592553975194e-09,5.992295729439394e-05,0.0007970564087447159,13.30135301615503,False,False
2008-06-06,delta_monotone_T20,20,0.2,20,0.3,0.0469739321423782,9.903039760181345e-06,0.0014431065754817,1.384064091983921e-06,0.0014431072392001678,0.04696402910261802,32.5436861702998,False,False
2008-06-06,delta_monotone_T60,60,0.2,60,0.3,0.211193890654437,0.0075843655711578,0.004150899338665,0.0003407064076519,0.0041648584821029145,0.2036095250832792,48.8875014501028,False,False
2008-06-06,horizon_monotone_d20,60,0.2,20,0.2,0.211193890654437,0.0469739321423782,0.004150899338665,0.0014431065754817,0.004394601450407995,0.16421995851205878,37.368566948616596,False,False
2008-06-06,horizon_monotone_d30,60,0.3,20,0.3,0.0075843655711578,9.903039760181345e-06,0.0003407064076519,1.384064091983921e-06,0.0003407092189073747,0.007574462531397618,22.23145753345997,False,False
2008-06-09,delta_monotone_T20,20,0.2,20,0.3,0.0411425293624774,1.0419662129915348e-05,0.0013234110884041,1.4052302569159062e-06,0.0013234118344578152,0.04113210970034748,31.080355056065205,False,False
2008-06-09,delta_monotone_T60,60,0.2,60,0.3,0.203908064487219,0.0080867444820506,0.0040569528693537,0.000381612754963,0.0040748613324759495,0.1958213200051684,48.05594694585209,False,False
2008-06-09,horizon_monotone_d20,60,0.2,20,0.2,0.203908064487219,0.0411425293624774,0.0040569528693537,0.0013234110884041,0.004267350875316927,0.1627655351247416,38.14205578130562,False,False
2008-06-09,horizon_monotone_d30,60,0.3,20,0.3,0.0080867444820506,1.0419662129915348e-05,0.000381612754963,1.4052302569159062e-06,0.00038161534222633876,0.008076324819920686,21.163522338498016,False,False
2008-06-10,delta_monotone_T20,20,0.2,20,0.3,0.0494495872590958,1.7403394052511805e-05,0.001514795644767,1.981639161720974e-06,0.0015147969409458279,0.049432183865043285,32.63287806362891,False,False
2008-06-10,delta_monotone_T60,60,0.2,60,0.3,0.225992572915651,0.0080172313121588,0.0043003353566261,0.0003908769036307,0.0043180630997289105,0.2179753416034922,50.479887988940405,False,False
2008-06-10,horizon_monotone_d20,60,0.2,20,0.2,0.225992572915651,0.0494495872590958,0.0043003353566261,0.001514795644767,0.004559329997362946,0.1765429856565552,38.72125635974261,False,False
2008-06-10,horizon_monotone_d30,60,0.3,20,0.3,0.0080172313121588,1.7403394052511805e-05,0.0003908769036307,1.981639161720974e-06,0.0003908819267831282,0.007999827918106288,20.46609825105781,False,False
2008-06-11,delta_monotone_T20,20,0.2,20,0.3,0.0972770989401921,5.3404787800211695e-05,0.0024723119346645,5.328913287414357e-06,0.002472317677726984,0.09722369415239189,39.32491970116804,False,False
2008-06-11,delta_monotone_T60,60,0.2,60,0.3,0.2980926109355429,0.014997003747426,0.0051320163339078,0.0006035365166427,0.005167383088026053,0.2830956071881169,54.78510154281203,False,False
2008-06-11,horizon_monotone_d20,60,0.2,20,0.2,0.2980926109355429,0.0972770989401921,0.0051320163339078,0.0024723119346645,0.0056964829459747335,0.2008155119953508,35.25254334997205,False,False
2008-06-11,horizon_monotone_d30,60,0.3,20,0.3,0.014997003747426,5.3404787800211695e-05,0.0006035365166427,5.328913287414357e-06,0.0006035600419494558,0.014943598959625787,24.759092585650684,False,False
2008-06-12,delta_monotone_T20,20,0.2,20,0.3,0.0846993508864728,4.521623845142093e-05,0.002248161006607,4.765903895488527e-06,0.0022481660582501775,0.08465413464802138,37.65475167519899,False,False
2008-06-12,delta_monotone_T60,60,0.2,60,0.3,0.2862432394654788,0.0130705897345057,0.0049136209476744,0.0005444213329574,0.004943689452747187,0.2731726497309731,55.256838509379314,False,False
2008-06-12,horizon_monotone_d20,60,0.2,20,0.2,0.2862432394654788,0.0846993508864728,0.0049136209476744,0.002248161006607,0.005403508002127217,0.20154388857900601,37.29871196631217,False,False
2008-06-12,horizon_monotone_d30,60,0.3,20,0.3,0.0130705897345057,4.521623845142093e-05,0.0005444213329574,4.765903895488527e-06,0.0005444421930922081,0.013025373496054279,23.924254330979576,False,False
2008-06-13,delta_monotone_T20,20,0.2,20,0.3,0.0515417330983746,1.6163878374527326e-05,0.0015351252381139,2.055291358840745e-06,0.0015351266139692933,0.051525569220000074,33.564377525038935,False,False
2008-06-13,delta_monotone_T60,60,0.2,60,0.3,0.22571419860147,0.0086122249175476,0.0043523156743004,0.0003749699954851,0.004368438419650098,0.2171019736839224,49.697844590724884,False,False
2008-06-13,horizon_monotone_d20,60,0.2,20,0.2,0.22571419860147,0.0515417330983746,0.0043523156743004,0.0015351252381139,0.0046151122657477365,0.1741724655030954,37.73959450472352,False,False
2008-06-13,horizon_monotone_d30,60,0.3,20,0.3,0.0086122249175476,1.6163878374527326e-05,0.0003749699954851,2.055291358840745e-06,0.00037497562819024076,0.008596061039173073,22.92431932352663,False,False
2008-06-16,delta_monotone_T20,20,0.2,20,0.3,0.0523273613233141,2.5844195486350206e-05,0.0015362745381453,2.741176782256573e-06,0.0015362769836861146,0.05230151712782775,34.04432773726548,False,False
2008-06-16,delta_monotone_T60,60,0.2,60,0.3,0.2141836237093916,0.0094722520014673,0.0042376975620927,0.0004114387523814,0.004257624041026588,0.20471137170792428,48.081129224966695,False,False
2008-06-16,horizon_monotone_d20,60,0.2,20,0.2,0.2141836237093916,0.0523273613233141,0.0042376975620927,0.0015362745381453,0.004507573636039678,0.16185626238607748,35.90762469013889,False,False
2008-06-16,horizon_monotone_d30,60,0.3,20,0.3,0.0094722520014673,2.5844195486350206e-05,0.0004114387523814,2.741176782256573e-06,0.0004114478837122808,0.00944640780598095,22.958941289844326,False,False
2008-06-17,delta_monotone_T20,20,0.2,20,0.3,0.0641786674740381,2.959189900313513e-05,0.0018801868075488,3.2498364581375765e-06,0.0018801896161604428,0.06414907557503496,34.11840753914733,False,False
2008-06-17,delta_monotone_T60,60,0.2,60,0.3,0.240368519934706,0.0097293515848988,0.0044924373216951,0.0004138401987317,0.004511458389417478,0.23063916834980722,51.122973646574515,False,False
2008-06-17,horizon_monotone_d20,60,0.2,20,0.2,0.240368519934706,0.0641786674740381,0.0044924373216951,0.0018801868075488,0.004870020073946266,0.17618985246066793,36.17846534211472,False,False
2008-06-17,horizon_monotone_d30,60,0.3,20,0.3,0.0097293515848988,2.959189900313513e-05,0.0004138401987317,3.2498364581375765e-06,0.00041385295881906845,0.009699759685895665,23.43769563367139,False,False
2008-06-18,delta_monotone_T20,20,0.2,20,0.3,0.094014833997368,6.877902016054962e-05,0.0024515098581179,6.020070394666613e-06,0.0024515172497245052,0.09394605497720745,38.32159654914313,False,False
2008-06-18,delta_monotone_T60,60,0.2,60,0.3,0.2895395227083352,0.0136149133102849,0.0050720238552549,0.0005538048241334,0.005102168732167548,0.2759246093980503,54.07986757835616,False,False
2008-06-18,horizon_monotone_d20,60,0.2,20,0.2,0.2895395227083352,0.094014833997368,0.0050720238552549,0.0024515098581179,0.005633411628198673,0.19552468871096723,34.7080422336345,False,False
2008-06-18,horizon_monotone_d30,60,0.3,20,0.3,0.0136149133102849,6.877902016054962e-05,0.0005538048241334,6.020070394666613e-06,0.0005538375434014769,0.01354613429012435,24.458678274009237,False,False
2008-06-19,delta_monotone_T20,20,0.2,20,0.3,0.0785868543011497,2.5299798771191483e-05,0.002165981652722,3.0089353379266272e-06,0.0021659837426952666,0.0785615545023785,36.270611341071074,False,False
2008-06-19,delta_monotone_T60,60,0.2,60,0.3,0.2656348974015363,0.00993848686891,0.0047119953333009,0.0004571015915958,0.004734114688734196,0.25569641053262626,54.01145247729395,False,False
2008-06-19,horizon_monotone_d20,60,0.2,20,0.2,0.2656348974015363,0.0785868543011497,0.0047119953333009,0.002165981652722,0.00518597884116179,0.18704804310038659,36.068030516391985,False,False
2008-06-19,horizon_monotone_d30,60,0.3,20,0.3,0.00993848686891,2.5299798771191483e-05,0.0004571015915958,3.0089353379266272e-06,0.0004571114948579628,0.009913187070138808,21.68658452402102,False,False
2008-06-20,delta_monotone_T20,20,0.2,20,0.3,0.1602133045508819,0.0001524594044401,0.0034724169436936,1.4402048682895856e-05,0.003472446810227144,0.1600608451464418,46.094541945185824,False,False
2008-06-20,delta_monotone_T60,60,0.2,60,0.3,0.3649868060560021,0.0215081453922473,0.0055693326086714,0.000799853665997,0.005626475947964181,0.34347866066375476,61.04685487690303,False,False
2008-06-20,horizon_monotone_d20,60,0.2,20,0.2,0.3649868060560021,0.1602133045508819,0.0055693326086714,0.0034724169436936,0.006563165786178267,0.2047735015051202,31.2004158018321,False,False
2008-06-20,horizon_monotone_d30,60,0.3,20,0.3,0.0215081453922473,0.0001524594044401,0.000799853665997,1.4402048682895856e-05,0.00079998331608547,0.0213556859878072,26.69516420955655,False,False
2008-06-23,delta_monotone_T20,20,0.2,20,0.3,0.1462950586093583,0.0001234430615935,0.0032884432781596,1.0692435316490991e-05,0.003288460661441163,0.14617161554776478,44.449859857440195,False,False
2008-06-23,delta_monotone_T60,60,0.2,60,0.3,0.3789368956886562,0.01803718165103,0.005626864014911,0.000692879814482,0.005669363375161002,0.36089971403762616,63.657890693481455,False,False
2008-06-23,horizon_monotone_d20,60,0.2,20,0.2,0.3789368956886562,0.1462950586093583,0.005626864014911,0.0032884432781596,0.0065173198353290435,0.2326418370792979,35.69593682025464,False,False
2008-06-23,horizon_monotone_d30,60,0.3,20,0.3,0.01803718165103,0.0001234430615935,0.000692879814482,1.0692435316490991e-05,0.0006929623117382418,0.0179137385894365,25.850956518113215,False,False
2008-06-24,delta_monotone_T20,20,0.2,20,0.3,0.1618534681500075,0.0001374765182365,0.0035247465405198,1.1300013808806892e-05,0.003524764653876678,0.161715991631771,45.879940226338014,False,False
2008-06-24,delta_monotone_T60,60,0.2,60,0.3,0.3803900800976205,0.0187815770385394,0.0057271899830082,0.0007554520470902,0.005776799537539989,0.3616085030590811,62.59668536344427,False,False
2008-06-24,horizon_monotone_d20,60,0.2,20,0.2,0.3803900800976205,0.1618534681500075,0.0057271899830082,0.0035247465405198,0.006724919573970812,0.21853661194761298,32.496539110069286,False,False
2008-06-24,horizon_monotone_d30,60,0.3,20,0.3,0.0187815770385394,0.0001374765182365,0.0007554520470902,1.1300013808806892e-05,0.0007555365548832518,0.0186441005203029,24.676635961292245,False,False
2008-06-25,delta_monotone_T20,20,0.2,20,0.3,0.1373275934301401,9.664315266368988e-05,0.0031764415760719,9.124753014369508e-06,0.003176454682081221,0.1372309502774764,43.20255253494199,False,False
2008-06-25,delta_monotone_T60,60,0.2,60,0.3,0.3586524603226871,0.0168505587531262,0.0054250604292097,0.0006459101055014,0.0054633762935538096,0.3418019015695609,62.56239424197268,False,False
2008-06-25,horizon_monotone_d20,60,0.2,20,0.2,0.3586524603226871,0.1373275934301401,0.0054250604292097,0.0031764415760719,0.006286577904295394,0.22132486689254702,35.205937198570886,False,False
2008-06-25,horizon_monotone_d30,60,0.3,20,0.3,0.0168505587531262,9.664315266368988e-05,0.0006459101055014,9.124753014369508e-06,0.0006459745548443863,0.016753915600462507,25.935875453327238,False,False
2008-06-26,delta_monotone_T20,20,0.2,20,0.3,0.387224571372147,0.0015841359059975,0.0056738886581221,9.28058974631403e-05,0.0056746476048623986,0.3856404354661495,67.95848171007276,False,False
2008-06-26,delta_monotone_T60,60,0.2,60,0.3,0.5901435092496675,0.0536732764092487,0.0062994212361109,0.0016685732165697,0.006516658997447905,0.5364702328404188,82.32289476102933,False,False
2008-06-26,horizon_monotone_d20,60,0.2,20,0.2,0.5901435092496675,0.387224571372147,0.0062994212361109,0.0056738886581221,0.008477954966543029,0.20291893787752052,23.934892161884502,False,False
2008-06-26,horizon_monotone_d30,60,0.3,20,0.3,0.0536732764092487,0.0015841359059975,0.0016685732165697,9.28058974631403e-05,0.0016711521515582277,0.052089140503251204,31.16959784582264,False,False
2008-06-27,delta_monotone_T20,20,0.2,20,0.3,0.436506400442787,0.0020170676462797,0.0059801069967456,0.0001165191998225,0.005981242046302169,0.4344893327965073,72.64199131769381,False,False
2008-06-27,delta_monotone_T60,60,0.2,60,0.3,0.6288152714697096,0.0595755101841516,0.0062454913152935,0.0017349781576406,0.006481998995440875,0.569239761285558,87.81855129658825,False,False
2008-06-27,horizon_monotone_d20,60,0.2,20,0.2,0.6288152714697096,0.436506400442787,0.0062454913152935,0.0059801069967456,0.008646839969719124,0.19230887102692262,22.24036430654208,False,False
2008-06-27,horizon_monotone_d30,60,0.3,20,0.3,0.0595755101841516,0.0020170676462797,0.0017349781576406,0.0001165191998225,0.0017388864055530617,0.0575584425378719,33.1007490506921,False,False
2008-06-30,delta_monotone_T20,20,0.2,20,0.3,0.4065732556321113,0.0017681662981229,0.0057333548764063,0.0001080271661571,0.005734372503372957,0.4048050893339884,70.5927438609686,False,False
2008-06-30,delta_monotone_T60,60,0.2,60,0.3,0.5950037697751853,0.0524031362496043,0.0062720981266003,0.0016520324250263,0.006486017733790224,0.5426006335255811,83.65697656033117,False,False
2008-06-30,horizon_monotone_d20,60,0.2,20,0.2,0.5950037697751853,0.4065732556321113,0.0062720981266003,0.0057333548764063,0.008497680451071039,0.18843051414307405,22.174346897137614,False,False
2008-06-30,horizon_monotone_d30,60,0.3,20,0.3,0.0524031362496043,0.0017681662981229,0.0016520324250263,0.0001080271661571,0.0016555606307128144,0.050634969951481396,30.584787420126148,False,False
2008-07-01,delta_monotone_T20,20,0.2,20,0.3,0.3733618779460109,0.0013397609377634,0.0056883650603999,8.725932570309751e-05,0.005689034298569532,0.3720221170082475,65.3928412950138,False,False
2008-07-01,delta_monotone_T60,60,0.2,60,0.3,0.565854386209506,0.048946809036909,0.0063353814788545,0.0014885757970016,0.006507911829921452,0.516907577172597,79.4275630465688,False,False
2008-07-01,horizon_monotone_d20,60,0.2,20,0.2,0.565854386209506,0.3733618779460109,0.0063353814788545,0.0056883650603999,0.008514373467436755,0.19249250826349512,22.607947490168627,False,False
2008-07-01,horizon_monotone_d30,60,0.3,20,0.3,0.048946809036909,0.0013397609377634,0.0014885757970016,8.725932570309751e-05,0.001491131145587506,0.0476070480991456,31.926801502351033,False,False
2008-07-02,delta_monotone_T20,20,0.2,20,0.3,0.5715411377516151,0.0050973615078033,0.0062916452326611,0.0002441839185766,0.0062963819388406365,0.5664437762438118,89.96337606992628,False,False
2008-07-02,delta_monotone_T60,60,0.2,60,0.3,0.7156732261949638,0.0771071583290995,0.0060423892693305,0.0021119333571112,0.006400838272210864,0.6385660678658642,99.7628811585802,False,False
2008-07-02,horizon_monotone_d20,60,0.2,20,0.2,0.7156732261949638,0.5715411377516151,0.0060423892693305,0.0062916452326611,0.008723260159813388,0.14413208844334868,16.522731845983603,False,False
2008-07-02,horizon_monotone_d30,60,0.3,20,0.3,0.0771071583290995,0.0050973615078033,0.0021119333571112,0.0002441839185766,0.0021260028906307737,0.07200979682129621,33.87097785174285,False,False
2008-07-03,delta_monotone_T20,20,0.2,20,0.3,0.5433310061954618,0.0030275237590008,0.0062190311257666,0.00016368620338,0.0062211848804251705,0.540303482436461,86.84896733040593,False,False
2008-07-03,delta_monotone_T60,60,0.2,60,0.3,0.7034593287791501,0.0678131377479979,0.0060644824107846,0.0018874083219299,0.006351398041723258,0.6356461910311522,100.07972840869047,False,False
2008-07-03,horizon_monotone_d20,60,0.2,20,0.2,0.7034593287791501,0.5433310061954618,0.0060644824107846,0.0062190311257666,0.008686443176235575,0.16012832258368825,18.434279639538577,False,False
2008-07-03,horizon_monotone_d30,60,0.3,20,0.3,0.0678131377479979,0.0030275237590008,0.0018874083219299,0.00016368620338,0.0018944928996613316,0.0647856139889971,34.196810133507746,False,False
2008-07-07,delta_monotone_T20,20,0.2,20,0.3,0.6555671556999967,0.001629212086131,0.0062338803561235,9.748821456580432e-05,0.0062346425917162,0.6539379436138657,104.88779974055534,False,False
2008-07-07,delta_monotone_T60,60,0.2,60,0.3,0.767381287678755,0.0529475874942455,0.0056635182398406,0.0015755472763093,0.005878587251448499,0.7144337001845095,121.53152953687488,False,False
2008-07-07,horizon_monotone_d20,60,0.2,20,0.2,0.767381287678755,0.6555671556999967,0.0056635182398406,0.0062338803561235,0.008422392958504703,0.11181413197875834,13.275815142993473,False,False
2008-07-07,horizon_monotone_d30,60,0.3,20,0.3,0.0529475874942455,0.001629212086131,0.0015755472763093,9.748821456580432e-05,0.0015785604745669017,0.0513183754081145,32.509603676852706,False,False
2008-07-08,delta_monotone_T20,20,0.2,20,0.3,0.4246388223057889,0.0009505730027096,0.0059168636737409,6.052428608258345e-05,0.005917173220621522,0.4236882493030793,71.60315128624481,False,False
2008-07-08,delta_monotone_T60,60,0.2,60,0.3,0.6057336927763308,0.0389546253081423,0.0063480940311648,0.0012964106492904,0.0064791186437743,0.5667790674681885,87.47780348378079,False,False
2008-07-08,horizon_monotone_d20,60,0.2,20,0.2,0.6057336927763308,0.4246388223057889,0.0063480940311648,0.0059168636737409,0.008677993636903915,0.1810948704705419,20.868287999246782,False,False
2008-07-08,horizon_monotone_d30,60,0.3,20,0.3,0.0389546253081423,0.0009505730027096,0.0012964106492904,6.052428608258345e-05,0.0012978227000632109,0.0380040523054327,29.282930791379826,False,False
2008-07-09,delta_monotone_T20,20,0.2,20,0.3,0.7101674148997248,0.0041560473807764,0.0060396914327118,0.0002121351277875,0.006043415748962977,0.7060113675189484,116.82323322536546,False,False
2008-07-09,delta_monotone_T60,60,0.2,60,0.3,0.8018663135134351,0.0776947760581925,0.0054391987327766,0.0022105249873279,0.00587122675207146,0.7241715374552425,123.34245772397456,False,False
2008-07-09,horizon_monotone_d20,60,0.2,20,0.2,0.8018663135134351,0.7101674148997248,0.0054391987327766,0.0060396914327118,0.00812789981834243,0.09169889861371028,11.281991739953677,False,False
2008-07-09,horizon_monotone_d30,60,0.3,20,0.3,0.0776947760581925,0.0041560473807764,0.0022105249873279,0.0002121351277875,0.0022206805335397597,0.0735387286774161,33.1154020430825,False,False
2008-07-10,delta_monotone_T20,20,0.2,20,0.3,0.6400299489486335,0.002623700329076,0.0062534169911171,0.0001433837704658,0.006255060588869227,0.6374062486195575,101.90248992212977,False,False
2008-07-10,delta_monotone_T60,60,0.2,60,0.3,0.7658478988250879,0.0646722796669516,0.0056384187475081,0.0018162622514301,0.005923729782680904,0.7011756191581362,118.367252538789,False,False
2008-07-10,horizon_monotone_d20,60,0.2,20,0.2,0.7658478988250879,0.6400299489486335,0.0056384187475081,0.0062534169911171,0.008420035037756247,0.12581794987645434,14.942687211190279,False,False
2008-07-10,horizon_monotone_d30,60,0.3,20,0.3,0.0646722796669516,0.002623700329076,0.0018162622514301,0.0001433837704658,0.001821913135032218,0.0620485793378756,34.056826390232025,False,False
2008-07-11,delta_monotone_T20,20,0.2,20,0.3,0.807832109621391,0.0060952970921743,0.0053441792817811,0.0002891997208501,0.005351998568232071,0.8017368125292167,149.80138770740646,False,False
2008-07-11,delta_monotone_T60,60,0.2,60,0.3,0.8740160937243898,0.0827121631945612,0.0045546994918848,0.0022591311897756,0.005084187368104422,0.7913039305298286,155.64019837153577,False,False
2008-07-11,horizon_monotone_d20,60,0.2,20,0.2,0.8740160937243898,0.807832109621391,0.0045546994918848,0.0053441792817811,0.007021790345573842,0.06618398410299886,9.425514127564016,False,False
2008-07-11,horizon_monotone_d30,60,0.3,20,0.3,0.0827121631945612,0.0060952970921743,0.0022591311897756,0.0002891997208501,0.0022775667303411096,0.07661686610238691,33.639789816789275,False,False
2008-07-14,delta_monotone_T20,20,0.2,20,0.3,1.0,0.0085999848701299,0.0,0.000383421880694,0.000383421880694,0.9914000151298701,2585.663638536798,False,False
2008-07-14,delta_monotone_T60,60,0.2,60,0.3,1.0,0.1074387588748984,0.0,0.0026845575212265,0.0026845575212265,0.8925612411251016,332.4798347838399,False,False
2008-07-14,horizon_monotone_d20,60,0.2,20,0.2,1.0,1.0,0.0,0.0,0.0,0.0,,False,False
2008-07-14,horizon_monotone_d30,60,0.3,20,0.3,0.1074387588748984,0.0085999848701299,0.0026845575212265,0.000383421880694,0.002711800402568134,0.0988387740047685,36.44765813559361,False,False
2008-07-15,delta_monotone_T20,20,0.2,20,0.3,1.0,0.0226056397241401,0.0,0.0008381514273383,0.0008381514273383,0.9773943602758599,1166.1309978075808,False,False
2008-07-15,delta_monotone_T60,60,0.2,60,0.3,1.0,0.1619290411558997,0.0,0.0034769716922246,0.0034769716922246,0.8380709588441003,241.03473741769076,False,False
2008-07-15,horizon_monotone_d20,60,0.2,20,0.2,1.0,1.0,0.0,0.0,0.0,0.0,,False,False
2008-07-15,horizon_monotone_d30,60,0.3,20,0.3,0.1619290411558997,0.0226056397241401,0.0034769716922246,0.0008381514273383,0.003576566784456908,0.1393234014317596,38.95450856313745,False,False
2008-07-16,delta_monotone_T20,20,0.2,20,0.3,0.802967831196083,0.0106535464836763,0.0053964974938214,0.000468020238203,0.005416754392086487,0.7923142847124066,146.27103748139743,False,False
2008-07-16,delta_monotone_T60,60,0.2,60,0.3,0.8662472521235077,0.1146835602953498,0.0046411769676904,0.0028580775384907,0.005450608301964554,0.751563691828158,137.88620465669365,False,False
2008-07-16,horizon_monotone_d20,60,0.2,20,0.2,0.8662472521235077,0.802967831196083,0.0046411769676904,0.0053964974938214,0.007117774149707231,0.06327942092742478,8.890338411486066,False,False
2008-07-16,horizon_monotone_d30,60,0.3,20,0.3,0.1146835602953498,0.0106535464836763,0.0028580775384907,0.000468020238203,0.002896144015651268,0.10403001381167351,35.92017981477342,False,False
2008-07-17,delta_monotone_T20,20,0.2,20,0.3,0.6719933838722554,0.0068972768554303,0.0062188175947582,0.0003537212062365,0.006228869156485435,0.6650961070168251,106.77638112278115,False,False
2008-07-17,delta_monotone_T60,60,0.2,60,0.3,0.7854292782719453,0.0930564513524793,0.0055775612258537,0.0024618173679772,0.006096698613300548,0.692372826919466,113.56520484856945,False,False
2008-07-17,horizon_monotone_d20,60,0.2,20,0.2,0.7854292782719453,0.6719933838722554,0.0055775612258537,0.0062188175947582,0.0083536148765083,0.11343589439968993,13.579258330269663,False,False
2008-07-17,horizon_monotone_d30,60,0.3,20,0.3,0.0930564513524793,0.0068972768554303,0.0024618173679772,0.0003537212062365,0.0024870994039273126,0.08615917449704899,34.64243301292957,False,False
2008-07-18,delta_monotone_T20,20,0.2,20,0.3,0.5933145019616335,0.0053787228149421,0.0062482030353823,0.0002514382932812,0.0062532601406537335,0.5879357791466914,94.02068136017557,False,False
2008-07-18,delta_monotone_T60,60,0.2,60,0.3,0.7345289812544246,0.0834118927434953,0.0059527676395689,0.0023048494914876,0.006383398291592758,0.6511170885109293,102.00163905932077,False,False
2008-07-18,horizon_monotone_d20,60,0.2,20,0.2,0.7345289812544246,0.5933145019616335,0.0059527676395689,0.0062482030353823,0.008629917945268037,0.14121447929279107,16.363362918209656,False,False
2008-07-18,horizon_monotone_d30,60,0.3,20,0.3,0.0834118927434953,0.0053787228149421,0.0023048494914876,0.0002514382932812,0.0023185237531107615,0.07803316992855319,33.65640305554608,False,False
2008-07-21,delta_monotone_T20,20,0.2,20,0.3,0.5691212046390811,0.0039758801918309,0.0063436925440124,0.000216347049014,0.006347380651778777,0.5651453244472502,89.03599066315252,False,False
2008-07-21,delta_monotone_T60,60,0.2,60,0.3,0.7165646838803997,0.0723611294108479,0.0060359319244029,0.0020485112947505,0.006374078185961204,0.6442035544695518,101.06615194780618,False,False
2008-07-21,horizon_monotone_d20,60,0.2,20,0.2,0.7165646838803997,0.5691212046390811,0.0060359319244029,0.0063436925440124,0.008756421031961895,0.14744347924131862,16.83832683503155,False,False
2008-07-21,horizon_monotone_d30,60,0.3,20,0.3,0.0723611294108479,0.0039758801918309,0.0020485112947505,0.000216347049014,0.0020599040196905864,0.068385249219017,33.19826970835709,False,False
2008-07-22,delta_monotone_T20,20,0.2,20,0.3,0.4597437914054579,0.0025191734699567,0.0060148685467661,0.0001364144198702,0.006016415255683792,0.4572246179355012,75.99618684956206,False,False
2008-07-22,delta_monotone_T60,60,0.2,60,0.3,0.6213409199193104,0.0625400371143366,0.0062894195643467,0.0018268875033146,0.0065493752683866025,0.5588008828049738,85.32124972320159,False,False
2008-07-22,horizon_monotone_d20,60,0.2,20,0.2,0.6213409199193104,0.4597437914054579,0.0062894195643467,0.0060148685467661,0.008702611222573554,0.1615971285138525,18.568809335603603,False,False
2008-07-22,horizon_monotone_d30,60,0.3,20,0.3,0.0625400371143366,0.0025191734699567,0.0018268875033146,0.0001364144198702,0.0018319734833549246,0.060020863644379904,32.762954371185906,False,False
2008-07-23,delta_monotone_T20,20,0.2,20,0.3,0.4003932599159703,0.0018770963319257,0.0057481384243067,0.0001063319102607,0.0057491218303433785,0.3985161635840446,69.31774544778474,False,False
2008-07-23,delta_monotone_T60,60,0.2,60,0.3,0.5963924171777039,0.0551323040199512,0.0062995178342959,0.0016578310208267,0.00651401018100428,0.5412601131577527,83.09168977600606,False,False
2008-07-23,horizon_monotone_d20,60,0.2,20,0.2,0.5963924171777039,0.4003932599159703,0.0062995178342959,0.0057481384243067,0.008527896592337597,0.19599915726173356,22.983294314079842,False,False
2008-07-23,horizon_monotone_d30,60,0.3,20,0.3,0.0551323040199512,0.0018770963319257,0.0016578310208267,0.0001063319102607,0.0016612375413392836,0.053255207688025503,32.057551291004025,False,False
2008-07-24,delta_monotone_T20,20,0.2,20,0.3,0.6387291973321124,0.0083814380728055,0.0062411518575565,0.0003945309723058,0.006253609453522782,0.630347759259307,100.79742969945454,False,False
2008-07-24,delta_monotone_T60,60,0.2,60,0.3,0.7664893590694141,0.1001074456117074,0.0057331811294433,0.0025386977532954,0.006270115800014531,0.6663819134577067,106.27904407382115,False,False
2008-07-24,horizon_monotone_d20,60,0.2,20,0.2,0.7664893590694141,0.6387291973321124,0.0057331811294433,0.0062411518575565,0.008474747333819794,0.12776016173730165,15.07539478226742,False,False
2008-07-24,horizon_monotone_d30,60,0.3,20,0.3,0.1001074456117074,0.0083814380728055,0.0025386977532954,0.0003945309723058,0.0025691712614568287,0.0917260075389019,35.70256639368189,False,False
2008-07-25,delta_monotone_T20,20,0.2,20,0.3,0.6296215724865187,0.0041898609759748,0.0062762395804713,0.0002305077125514,0.006280471087189259,0.6254317115105439,99.58356671465029,False,False
2008-07-25,delta_monotone_T60,60,0.2,60,0.3,0.7549208745363639,0.0705823131646453,0.0057811693535518,0.0019783362882535,0.006110297338417106,0.6843385613717186,111.9975875918665,False,False
2008-07-25,horizon_monotone_d20,60,0.2,20,0.2,0.7549208745363639,0.6296215724865187,0.0057811693535518,0.0062762395804713,0.008533059379022339,0.12529930204984518,14.683983373874183,False,False
2008-07-25,horizon_monotone_d30,60,0.3,20,0.3,0.0705823131646453,0.0041898609759748,0.0019783362882535,0.0002305077125514,0.001991719928847004,0.0663924521886705,33.33423099657628,False,False
2008-07-28,delta_monotone_T20,20,0.2,20,0.3,0.8242337424116151,0.0094929300903762,0.0051775452744057,0.0004068442584247,0.005193505301733497,0.8147408123212388,156.87686157734225,False,False
2008-07-28,delta_monotone_T60,60,0.2,60,0.3,0.891374102702156,0.1130329096572542,0.0042533744756239,0.0029096597926524,0.0051533789438451836,0.7783411930449018,151.03511725534858,False,False
2008-07-28,horizon_monotone_d20,60,0.2,20,0.2,0.891374102702156,0.8242337424116151,0.0042533744756239,0.0051775452744057,0.006700609636324868,0.06714036029054093,10.020037568904833,False,False
2008-07-28,horizon_monotone_d30,60,0.3,20,0.3,0.1130329096572542,0.0094929300903762,0.0029096597926524,0.0004068442584247,0.002937965683868883,0.103539979566878,35.242065669919796,False,False
2008-07-29,delta_monotone_T20,20,0.2,20,0.3,0.5758929634886303,0.0051932551539218,0.0062589224366105,0.0002636337685535,0.0062644722707845095,0.5706997083347085,91.10100319164457,False,False
2008-07-29,delta_monotone_T60,60,0.2,60,0.3,0.7200834496980995,0.0849192113875661,0.0059752850856721,0.0022366220647807,0.006380165367427346,0.6351642383105334,99.55294286778788,False,False
2008-07-29,horizon_monotone_d20,60,0.2,20,0.2,0.7200834496980995,0.5758929634886303,0.0059752850856721,0.0062589224366105,0.008653215698372584,0.14419048620946917,16.663225699619062,False,False
2008-07-29,horizon_monotone_d30,60,0.3,20,0.3,0.0849192113875661,0.0051932551539218,0.0022366220647807,0.0002636337685535,0.00225210590882969,0.0797259562336443,35.40062477571226,False,False
2008-07-30,delta_monotone_T20,20,0.2,20,0.3,0.3881578949283189,0.0030489178394086,0.0056984309027092,0.0001625777604174,0.0057007496244909335,0.38510897708891034,67.55409419042849,False,False
2008-07-30,delta_monotone_T60,60,0.2,60,0.3,0.5934920626683026,0.0660167048983455,0.0062661280661675,0.0018720524392967,0.006539796730563479,0.527475357769957,80.6562313022394,False,False
2008-07-30,horizon_monotone_d20,60,0.2,20,0.2,0.5934920626683026,0.3881578949283189,0.0062661280661675,0.0056984309027092,0.00846973882091787,0.20533416773998364,24.24327031582911,False,False
2008-07-30,horizon_monotone_d30,60,0.3,20,0.3,0.0660167048983455,0.0030489178394086,0.0018720524392967,0.0001625777604174,0.0018790986838532623,0.06296778705893691,33.509569029028185,False,False
2008-07-31,delta_monotone_T20,20,0.2,20,0.3,0.5322398060657532,0.005261681308499,0.0062704377066966,0.0002541313290953,0.006275585372376848,0.5269781247572541,83.97274413265828,False,False
2008-07-31,delta_monotone_T60,60,0.2,60,0.3,0.6950404997495895,0.0837418141776385,0.0061214367026676,0.0022088894151886,0.00650777840382555,0.611298685571951,93.93354346739949,False,False
2008-07-31,horizon_monotone_d20,60,0.2,20,0.2,0.6950404997495895,0.5322398060657532,0.0061214367026676,0.0062704377066966,0.008763011830320014,0.16280069368383632,18.578166597989295,False,False
2008-07-31,horizon_monotone_d30,60,0.3,20,0.3,0.0837418141776385,0.005261681308499,0.0022088894151886,0.0002541313290953,0.002223460182004611,0.0784801328691395,35.296396807243006,False,False
2008-08-01,delta_monotone_T20,20,0.2,20,0.3,0.5967481061441522,0.0071974922300749,0.0062883559139739,0.0003399258386604,0.006297536794382348,0.5895506139140773,93.61606500496825,False,False
2008-08-01,delta_monotone_T60,60,0.2,60,0.3,0.7157884956284776,0.093421711432441,0.0060282777921397,0.0024697648455983,0.006514589129926605,0.6223667841960365,95.5343110338331,False,False
2008-08-01,horizon_monotone_d20,60,0.2,20,0.2,0.7157884956284776,0.5967481061441522,0.0060282777921397,0.0062883559139739,0.008711116647136303,0.11904038948432538,13.665342149155904,False,False
2008-08-01,horizon_monotone_d30,60,0.3,20,0.3,0.093421711432441,0.0071974922300749,0.0024697648455983,0.0003399258386604,0.0024930479274057633,0.0862242192023661,34.58586505879573,False,False
2008-08-04,delta_monotone_T20,20,0.2,20,0.3,0.696488381068423,0.0113027217828861,0.0060899611063456,0.0004690882444916,0.006108000495900629,0.685185659285537,112.17838959662787,False,False
2008-08-04,delta_monotone_T60,60,0.2,60,0.3,0.8041798461387863,0.1091257381722479,0.005318845892795,0.0027147819338604,0.00597161306346259,0.6950541079665384,116.39302489627771,False,False
2008-08-04,horizon_monotone_d20,60,0.2,20,0.2,0.8041798461387863,0.696488381068423,0.005318845892795,0.0060899611063456,0.00808565074116514,0.10769146507036331,13.31883710015961,False,False
2008-08-04,horizon_monotone_d30,60,0.3,20,0.3,0.1091257381722479,0.0113027217828861,0.0027147819338604,0.0004690882444916,0.0027550108401846666,0.09782301638936179,35.507307253573195,False,False
2008-08-05,delta_monotone_T20,20,0.2,20,0.3,0.4273693278895697,0.0037426609809575,0.0058859243617146,0.0001965970246715,0.005889206736219667,0.4236266669086122,71.9327213125722,False,False
2008-08-05,delta_monotone_T60,60,0.2,60,0.3,0.6063828946930486,0.0766421783473444,0.006312917917216,0.0021066811534935,0.0066551512463648415,0.5297407163457042,79.5985991505539,False,False
2008-08-05,horizon_monotone_d20,60,0.2,20,0.2,0.6063828946930486,0.4273693278895697,0.006312917917216,0.0058859243617146,0.008631166677879196,0.1790135668034789,20.740367262547775,False,False
2008-08-05,horizon_monotone_d30,60,0.3,20,0.3,0.0766421783473444,0.0037426609809575,0.0021066811534935,0.0001965970246715,0.0021158345569997645,0.07289951736638689,34.454261617580244,False,False
2008-08-06,delta_monotone_T20,20,0.2,20,0.3,0.3713673730126234,0.0025350736264549,0.0056247678075687,0.0001377717239217,0.0056264548284842356,0.3688322993861685,65.5532321203282,False,False
2008-08-06,delta_monotone_T60,60,0.2,60,0.3,0.5644536908935064,0.0633263405415292,0.0063332024300997,0.0018680262834827,0.00660295200773131,0.5011273503519772,75.89444081453473,False,False
2008-08-06,horizon_monotone_d20,60,0.2,20,0.2,0.5644536908935064,0.3713673730126234,0.0063332024300997,0.0056247678075687,0.008470387589106058,0.19308631788088298,22.79545249254182,False,False
2008-08-06,horizon_monotone_d30,60,0.3,20,0.3,0.0633263405415292,0.0025350736264549,0.0018680262834827,0.0001377717239217,0.0018730999022194587,0.060791266915074305,32.45489834420577,False,False
2008-08-07,delta_monotone_T20,20,0.2,20,0.3,0.5196719625156958,0.0061538099400372,0.0062264700802655,0.0002935474517747,0.006233385899082848,0.5135181525756586,82.38189659510978,False,False
2008-08-07,delta_monotone_T60,60,0.2,60,0.3,0.6784296343031674,0.0874229305899129,0.0060947674887026,0.0024100100420639,0.006553955991933043,0.5910067037132545,90.17556792274726,False,False
2008-08-07,horizon_monotone_d20,60,0.2,20,0.2,0.6784296343031674,0.5196719625156958,0.0060947674887026,0.0062264700802655,0.008712928348252822,0.15875767178747158,18.22093163652686,False,False
2008-08-07,horizon_monotone_d30,60,0.3,20,0.3,0.0874229305899129,0.0061538099400372,0.0024100100420639,0.0002935474517747,0.0024278217622577362,0.08126912064987571,33.47408854853498,False,False
2008-08-08,delta_monotone_T20,20,0.2,20,0.3,0.3647406041333606,0.0031559429775673,0.0055723678707553,0.000173415204201,0.005575065606795496,0.36158466115579335,64.85747193989155,False,False
2008-08-08,delta_monotone_T60,60,0.2,60,0.3,0.5620668362057627,0.0630464920701785,0.0062774998467452,0.0018625008783805,0.006547970208228971,0.4990203441355842,76.20992891941611,False,False
2008-08-08,horizon_monotone_d20,60,0.2,20,0.2,0.5620668362057627,0.3647406041333606,0.0062774998467452,0.0055723678707553,0.00839394353167282,0.19732623207240207,23.508167683977398,False,False
2008-08-08,horizon_monotone_d30,60,0.3,20,0.3,0.0630464920701785,0.0031559429775673,0.0018625008783805,0.000173415204201,0.0018705566965521812,0.0598905490926112,32.01750003247789,False,False
2008-08-11,delta_monotone_T20,20,0.2,20,0.3,0.2704687251153431,0.0016807573414131,0.0048889860631575,9.70581518953629e-05,0.004889949387324741,0.26878796777393,54.967433501593376,False,False
2008-08-11,delta_monotone_T60,60,0.2,60,0.3,0.4865724570522838,0.0533326076890296,0.0061589040857403,0.0016047370920098,0.006364533028574888,0.4332398493632542,68.07095625368495,False,False
2008-08-11,horizon_monotone_d20,60,0.2,20,0.2,0.4865724570522838,0.2704687251153431,0.0061589040857403,0.0048889860631575,0.007863477873250285,0.2161037319369407,27.481953331626343,False,False
2008-08-11,horizon_monotone_d30,60,0.3,20,0.3,0.0533326076890296,0.0016807573414131,0.0016047370920098,9.70581518953629e-05,0.0016076695616081722,0.051651850347616504,32.12839975395722,False,False
2008-08-12,delta_monotone_T20,20,0.2,20,0.3,0.3553027356055663,0.0028508326023082,0.0054768902260157,0.0001574447890645,0.005479152800336003,0.3524519030032581,64.32598539351638,False,False
2008-08-12,delta_monotone_T60,60,0.2,60,0.3,0.5590843035626504,0.0639344014984219,0.006256864753207,0.0018943387611686,0.006537344711883402,0.4951499020642285,75.74174590551404,False,False
2008-08-12,horizon_monotone_d20,60,0.2,20,0.2,0.5590843035626504,0.3553027356055663,0.006256864753207,0.0054768902260157,0.008315328200843934,0.20378156795708408,24.50673780217142,False,False
2008-08-12,horizon_monotone_d30,60,0.3,20,0.3,0.0639344014984219,0.0028508326023082,0.0018943387611686,0.0001574447890645,0.0019008703805544844,0.0610835688961137,32.13452612076348,False,False
2008-08-13,delta_monotone_T20,20,0.2,20,0.3,0.3826458904565736,0.0019615233054815,0.0056805703471756,0.0001145334125488,0.005681724858861153,0.3806843671510921,67.00154910834534,False,False
2008-08-13,delta_monotone_T60,60,0.2,60,0.3,0.5803276607171948,0.0558670697462602,0.0062175458639833,0.0016804989253015,0.006440648508393805,0.5244605909709346,81.42977998060736,False,False
2008-08-13,horizon_monotone_d20,60,0.2,20,0.2,0.5803276607171948,0.3826458904565736,0.0062175458639833,0.0056805703471756,0.008421802422281502,0.19768177026062117,23.47262027159601,False,False
2008-08-13,horizon_monotone_d30,60,0.3,20,0.3,0.0558670697462602,0.0019615233054815,0.0016804989253015,0.0001145334125488,0.0016843973820122049,0.0539055464407787,32.00286762283041,False,False
2008-08-14,delta_monotone_T20,20,0.2,20,0.3,0.3216509803944306,0.0014767091276013,0.0051993986196194,9.03745967169013e-05,0.0052001839941901926,0.3201742712668293,61.569796688836,False,False
2008-08-14,delta_monotone_T60,60,0.2,60,0.3,0.5223873943448336,0.0505001405202082,0.0062574702141436,0.0015668105222668,0.006450645602850951,0.47188725382462543,73.1534923599071,False,False
2008-08-14,horizon_monotone_d20,60,0.2,20,0.2,0.5223873943448336,0.3216509803944306,0.0062574702141436,0.0051993986196194,0.00813570399452896,0.20073641395040304,24.673514926967943,False,False
2008-08-14,horizon_monotone_d30,60,0.3,20,0.3,0.0505001405202082,0.0014767091276013,0.0015668105222668,9.03745967169013e-05,0.0015694147891547679,0.049023431392606905,31.236758906171143,False,False
2008-08-15,delta_monotone_T20,20,0.2,20,0.3,0.2718370446137293,0.0010640532324283,0.0048261970930814,6.788692083084921e-05,0.004826674529661934,0.270772991381301,56.09928527753171,False,False
2008-08-15,delta_monotone_T60,60,0.2,60,0.3,0.4975822306380115,0.0425278195018269,0.0061569168171601,0.0013384645201096,0.006300723130325684,0.4550544111361846,72.22256901687773,False,False
2008-08-15,horizon_monotone_d20,60,0.2,20,0.2,0.4975822306380115,0.2718370446137293,0.0061569168171601,0.0048261970930814,0.007823030299998602,0.22574518602428217,28.856488773196048,False,False
2008-08-15,horizon_monotone_d30,60,0.3,20,0.3,0.0425278195018269,0.0010640532324283,0.0013384645201096,6.788692083084921e-05,0.0013401850266333063,0.0414637662693986,30.938837134720263,False,False
2008-08-18,delta_monotone_T20,20,0.2,20,0.3,0.4040876771867714,0.002713160042985,0.005843612186209,0.0001457913346699,0.005845430565499445,0.4013745171437864,68.66466253363018,False,False
2008-08-18,delta_monotone_T60,60,0.2,60,0.3,0.5944704448522358,0.062075102981789,0.0063050087347509,0.0017888848968264,0.006553872467433185,0.5323953418704468,81.23370488455029,False,False
2008-08-18,horizon_monotone_d20,60,0.2,20,0.2,0.5944704448522358,0.4040876771867714,0.0063050087347509,0.005843612186209,0.008596565507695237,0.19038276766546436,22.14637549089142,False,False
2008-08-18,horizon_monotone_d30,60,0.3,20,0.3,0.062075102981789,0.002713160042985,0.0017888848968264,0.0001457913346699,0.0017948159480454897,0.059361942938803994,33.07411158422549,False,False
2008-08-19,delta_monotone_T20,20,0.2,20,0.3,0.5054668605556628,0.0047271894744689,0.0061458968765343,0.0002592776981992,0.006151363535166617,0.5007396710811939,81.40303661432534,False,False
2008-08-19,delta_monotone_T60,60,0.2,60,0.3,0.6733955262179193,0.0827740299782704,0.00617010092435,0.0021834049043642,0.006545028830575643,0.5906214962396489,90.23970887347537,False,False
2008-08-19,horizon_monotone_d20,60,0.2,20,0.2,0.6733955262179193,0.5054668605556628,0.00617010092435,0.0061458968765343,0.008708742379566568,0.1679286656622565,19.28276877913735,False,False
2008-08-19,horizon_monotone_d30,60,0.3,20,0.3,0.0827740299782704,0.0047271894744689,0.0021834049043642,0.0002592776981992,0.0021987455289744465,0.07804684050380149,35.49607695630181,False,False
2008-08-20,delta_monotone_T20,20,0.2,20,0.3,0.4656462574366393,0.0040581119656802,0.0061059673750971,0.0001966291903022,0.006109132559065081,0.4615881454709591,75.55706821028595,False,False
2008-08-20,delta_monotone_T60,60,0.2,60,0.3,0.647822239560398,0.0736347022060535,0.0062096430442199,0.0020375162873792,0.006535375992088298,0.5741875373543445,87.85837846964792,False,False
2008-08-20,horizon_monotone_d20,60,0.2,20,0.2,0.647822239560398,0.4656462574366393,0.0062096430442199,0.0061059673750971,0.008708760205814532,0.18217598212375868,20.9187045938096,False,False
2008-08-20,horizon_monotone_d30,60,0.3,20,0.3,0.0736347022060535,0.0040581119656802,0.0020375162873792,0.0001966291903022,0.002046982085855765,0.0695765902403733,33.989838367972816,False,False
2008-08-21,delta_monotone_T20,20,0.2,20,0.3,0.4280307414242928,0.0021384699886816,0.0059112466334044,0.0001149727671997,0.005912364628313482,0.4258922714356112,72.0341687649089,False,False
2008-08-21,delta_monotone_T60,60,0.2,60,0.3,0.6120253385628647,0.0593073509112719,0.0062724885272672,0.0017874606598731,0.006522202690448422,0.5527179876515927,84.74406789918264,False,False
2008-08-21,horizon_monotone_d20,60,0.2,20,0.2,0.6120253385628647,0.4280307414242928,0.0062724885272672,0.0059112466334044,0.008618987706548462,0.18399459713857186,21.347587837812785,False,False
2008-08-21,horizon_monotone_d30,60,0.3,20,0.3,0.0593073509112719,0.0021384699886816,0.0017874606598731,0.0001149727671997,0.0017911544734588176,0.0571688809225903,31.917336985566664,False,False
2008-08-22,delta_monotone_T20,20,0.2,20,0.3,0.3012919270180922,0.0011497416352733,0.0050996581586288,8.21019061252692e-05,0.005100319015302737,0.3001421853828189,58.84772785433373,False,False
2008-08-22,delta_monotone_T60,60,0.2,60,0.3,0.5170333382609499,0.0474095991416845,0.0062360339810731,0.0014473431569908,0.006401790532904564,0.46962373911926536,73.35818576153753,False,False
2008-08-22,horizon_monotone_d20,60,0.2,20,0.2,0.5170333382609499,0.3012919270180922,0.0062360339810731,0.0050996581586288,0.008055720523203849,0.21574141124285767,26.78114398599505,False,False
2008-08-22,horizon_monotone_d30,60,0.3,20,0.3,0.0474095991416845,0.0011497416352733,0.0014473431569908,8.21019061252692e-05,0.0014496699407373728,0.0462598575064112,31.910613724170332,False,False
2008-08-25,delta_monotone_T20,20,0.2,20,0.3,0.5022736303330916,0.004368753872587,0.0061940349446785,0.0002163739595878,0.006197813048671772,0.4979048764605046,80.33557523443024,False,False
2008-08-25,delta_monotone_T60,60,0.2,60,0.3,0.6813876266871948,0.08163947460149,0.0060898684111661,0.0022503982640783,0.006492363946382346,0.5997481520857048,92.37746944545438,False,False
2008-08-25,horizon_monotone_d20,60,0.2,20,0.2,0.6813876266871948,0.5022736303330916,0.0060898684111661,0.0061940349446785,0.008686343658940573,0.1791139963541032,20.620183058236123,False,False
2008-08-25,horizon_monotone_d30,60,0.3,20,0.3,0.08163947460149,0.004368753872587,0.0022503982640783,0.0002163739595878,0.002260776423566543,0.077270720728903,34.17884224349911,False,False
2008-08-26,delta_monotone_T20,20,0.2,20,0.3,0.4555219690905298,0.002553950494781,0.0061143550425488,0.0001358498550868,0.006115864024769439,0.45296801859574876,74.06443582807177,False,False
2008-08-26,delta_monotone_T60,60,0.2,60,0.3,0.6346430678147607,0.0643933030020129,0.0062075947338946,0.0018663962320393,0.006482103614973033,0.5702497648127478,87.97294808671771,False,False
2008-08-26,horizon_monotone_d20,60,0.2,20,0.2,0.6346430678147607,0.4555219690905298,0.0062075947338946,0.0061143550425488,0.00871318368718449,0.17912109872423088,20.55747992409313,False,False
2008-08-26,horizon_monotone_d30,60,0.3,20,0.3,0.0643933030020129,0.002553950494781,0.0018663962320393,0.0001358498550868,0.0018713337698277135,0.0618393525072319,33.04560282312717,False,False
2008-08-27,delta_monotone_T20,20,0.2,20,0.3,0.3407261850336517,0.0009892205230973,0.0054137135147004,6.174822135360608e-05,0.005414065649961228,0.3397369645105544,62.75080253468803,False,False
2008-08-27,delta_monotone_T60,60,0.2,60,0.3,0.5565132977924618,0.0429408102316828,0.0063534155367498,0.0013935521972237,0.0065044505309058,0.513572487560779,78.95709024467892,False,False
2008-08-27,horizon_monotone_d20,60,0.2,20,0.2,0.5565132977924618,0.3407261850336517,0.0063534155367498,0.0054137135147004,0.008347106265159412,0.21578711275881013,25.851727042160647,False,False
2008-08-27,horizon_monotone_d30,60,0.3,20,0.3,0.0429408102316828,0.0009892205230973,0.0013935521972237,6.174822135360608e-05,0.001394919556543436,0.0419515897085855,30.074558430122046,False,False
2008-08-28,delta_monotone_T20,20,0.2,20,0.3,0.2460978885787616,0.0005347334091047,0.0045477955895182,3.982969782532367e-05,0.00454797000087622,0.2455631551696569,53.99401383965731,False,False
2008-08-28,delta_monotone_T60,60,0.2,60,0.3,0.4574754325960478,0.0308148689383982,0.0060865191198967,0.0010477444688751,0.006176041083811414,0.4266605636576496,69.08318093543915,False,False
2008-08-28,horizon_monotone_d20,60,0.2,20,0.2,0.4574754325960478,0.2460978885787616,0.0060865191198967,0.0045477955895182,0.007597904956032899,0.21137754401728617,27.820503841581736,False,False
2008-08-28,horizon_monotone_d30,60,0.3,20,0.3,0.0308148689383982,0.0005347334091047,0.0010477444688751,3.982969782532367e-05,0.0010485012526874834,0.0302801355292935,28.879446211132766,False,False
2008-08-29,delta_monotone_T20,20,0.2,20,0.3,0.3376158995866264,0.0010712127359866,0.0053433633899913,6.851568864895563e-05,0.005343802645784213,0.3365446868506398,62.978502231204914,False,False
2008-08-29,delta_monotone_T60,60,0.2,60,0.3,0.5484019777485201,0.0418183331569326,0.006217154585094,0.0013309627894927,0.006358024306494081,0.5065836445915874,79.67626737037845,False,False
2008-08-29,horizon_monotone_d20,60,0.2,20,0.2,0.5484019777485201,0.3376158995866264,0.006217154585094,0.0053433633899913,0.008197837730307588,0.21078607816189365,25.712399427304206,False,False
2008-08-29,horizon_monotone_d30,60,0.3,20,0.3,0.0418183331569326,0.0010712127359866,0.0013309627894927,6.851568864895563e-05,0.0013327251579396367,0.040747120420946,30.57428621212504,False,False
2008-09-02,delta_monotone_T20,20,0.2,20,0.3,0.3967097583471566,0.0014556215078456,0.0057732277530536,8.518939151964877e-05,0.005773856243539131,0.395254136839311,68.45583266497069,False,False
2008-09-02,delta_monotone_T60,60,0.2,60,0.3,0.5999673633961865,0.0480903654211368,0.0062957813818182,0.0014685378148586,0.006464786657061341,0.5518769979750497,85.36662186249362,False,False
2008-09-02,horizon_monotone_d20,60,0.2,20,0.2,0.5999673633961865,0.3967097583471566,0.0062957813818182,0.0057732277530536,0.008542073629762097,0.2032576050490299,23.794878604282268,False,False
2008-09-02,horizon_monotone_d30,60,0.3,20,0.3,0.0480903654211368,0.0014556215078456,0.0014685378148586,8.518939151964877e-05,0.0014710066437977635,0.0466347439132912,31.702605905906854,False,False
2008-09-03,delta_monotone_T20,20,0.2,20,0.3,0.3741785075393413,0.0005671336769678,0.0056205888896201,4.2607360215417153e-05,0.0056207503816897465,0.3736113738623735,66.47001707804999,False,False
2008-09-03,delta_monotone_T60,60,0.2,60,0.3,0.5548893098675659,0.0321504323658866,0.0062825676743137,0.0010849389971109,0.00637555873706638,0.5227388775016794,81.99106918466099,False,False
2008-09-03,horizon_monotone_d20,60,0.2,20,0.2,0.5548893098675659,0.3741785075393413,0.0062825676743137,0.0056205888896201,0.008429808778878223,0.18071080232822462,21.437117622527172,False,False
2008-09-03,horizon_monotone_d30,60,0.3,20,0.3,0.0321504323658866,0.0005671336769678,0.0010849389971109,4.2607360215417153e-05,0.001085775305759222,0.0315832986889188,29.088245534221617,False,False
2008-09-04,delta_monotone_T20,20,0.2,20,0.3,0.8020986742228587,0.0102664496387342,0.0053942810594106,0.0004370586849393,0.005411957912068128,0.7918322245841245,146.31160061655643,False,False
2008-09-04,delta_monotone_T60,60,0.2,60,0.3,0.8606034869819592,0.1092440114579063,0.0047273654525804,0.0026835599451589,0.005435943165772793,0.7513594755240529,138.2206275177708,False,False
2008-09-04,horizon_monotone_d20,60,0.2,20,0.2,0.8606034869819592,0.8020986742228587,0.0047273654525804,0.0053942810594106,0.007172604287855746,0.058504812759100466,8.156704372797696,False,False
2008-09-04,horizon_monotone_d30,60,0.3,20,0.3,0.1092440114579063,0.0102664496387342,0.0026835599451589,0.0004370586849393,0.0027189178496861777,0.0989775618191721,36.40329251970458,False,False
2008-09-05,delta_monotone_T20,20,0.2,20,0.3,0.7470547187505912,0.0070338614760449,0.0058188923402398,0.0003185453123668,0.005827604926840209,0.7400208572745463,126.9854196646432,False,False
2008-09-05,delta_monotone_T60,60,0.2,60,0.3,0.8325384248749848,0.0924065166755476,0.0050309055556412,0.0024485910516003,0.005595141539564353,0.7401319081994372,132.28117697574191,False,False
2008-09-05,horizon_monotone_d20,60,0.2,20,0.2,0.8325384248749848,0.7470547187505912,0.0050309055556412,0.0058188923402398,0.007692172565477383,0.0854837061243936,11.11307701390451,False,False
2008-09-05,horizon_monotone_d30,60,0.3,20,0.3,0.0924065166755476,0.0070338614760449,0.0024485910516003,0.0003185453123668,0.0024692244235807984,0.0853726551995027,34.57468441677639,False,False
2008-09-08,delta_monotone_T20,20,0.2,20,0.3,0.4850129731850156,0.0027673495957475,0.0061110931799804,0.0001519363260264,0.006112981637594649,0.4822456235892681,78.88877346260495,False,False
2008-09-08,delta_monotone_T60,60,0.2,60,0.3,0.6458021194753327,0.0631988698882485,0.0062446952872492,0.0017922083196797,0.006496786120207552,0.5826032495870842,89.67560864824527,False,False
2008-09-08,horizon_monotone_d20,60,0.2,20,0.2,0.6458021194753327,0.4850129731850156,0.0062446952872492,0.0061110931799804,0.008737372550429296,0.16078914629031715,18.402459705397025,False,False
2008-09-08,horizon_monotone_d30,60,0.3,20,0.3,0.0631988698882485,0.0027673495957475,0.0017922083196797,0.0001519363260264,0.0017986370696434382,0.06043152029250099,33.59850706539754,False,False
2008-09-09,delta_monotone_T20,20,0.2,20,0.3,1.0,0.0232277377051648,0.0,0.0008566958388577,0.0008566958388577,0.9767722622948352,1140.1622582843902,False,False
2008-09-09,delta_monotone_T60,60,0.2,60,0.3,1.0,0.1459078389287708,0.0,0.0033265610438146,0.0033265610438146,0.8540921610712292,256.7492824637402,False,False
2008-09-09,horizon_monotone_d20,60,0.2,20,0.2,1.0,1.0,0.0,0.0,0.0,0.0,,False,False
2008-09-09,horizon_monotone_d30,60,0.3,20,0.3,0.1459078389287708,0.0232277377051648,0.0033265610438146,0.0008566958388577,0.00343510351205622,0.122680101223606,35.71365485582438,False,False
2008-09-10,delta_monotone_T20,20,0.2,20,0.3,0.8285995670373061,0.0164659929952012,0.0051469683937753,0.0006655371152545,0.005189819197072589,0.8121335740421048,156.4859088925879,False,False
2008-09-10,delta_monotone_T60,60,0.2,60,0.3,0.8918117455424567,0.1397917025813772,0.0042797577596109,0.0031915483705927,0.005338755237204889,0.7520200429610795,140.8605582290752,False,False
2008-09-10,horizon_monotone_d20,60,0.2,20,0.2,0.8918117455424567,0.8285995670373061,0.0042797577596109,0.0051469683937753,0.006693848678262125,0.0632121785051506,9.443323496455541,False,False
2008-09-10,horizon_monotone_d30,60,0.3,20,0.3,0.1397917025813772,0.0164659929952012,0.0031915483705927,0.0006655371152545,0.0032602025479430263,0.12332570958617599,37.8276219874702,False,False
2008-09-11,delta_monotone_T20,20,0.2,20,0.3,0.6582072616890522,0.0095229114022685,0.0062247965327553,0.0004038858804789,0.006237885513429421,0.6486843502867837,103.99106378118739,False,False
2008-09-11,delta_monotone_T60,60,0.2,60,0.3,0.7785284140973907,0.1075382414687627,0.0056536972889008,0.0026984051240675,0.006264637519291758,0.670990172628628,107.10758133448815,False,False
2008-09-11,horizon_monotone_d20,60,0.2,20,0.2,0.7785284140973907,0.6582072616890522,0.0056536972889008,0.0062247965327553,0.00840906563826961,0.12032115240833852,14.30850436709135,False,False
2008-09-11,horizon_monotone_d30,60,0.3,20,0.3,0.1075382414687627,0.0095229114022685,0.0026984051240675,0.0004038858804789,0.002728463673579686,0.0980153300664942,35.92326737408975,False,False
2008-09-12,delta_monotone_T20,20,0.2,20,0.3,0.5980900599717335,0.0084927046000394,0.0062928685560171,0.0003886761744394,0.006304860334050674,0.5895973553716941,93.51473690661382,False,False
2008-09-12,delta_monotone_T60,60,0.2,60,0.3,0.7443598206906394,0.0987891380253129,0.0058112992826016,0.0024594333207928,0.006310309945746862,0.6455706826653266,102.30411631372245,False,False
2008-09-12,horizon_monotone_d20,60,0.2,20,0.2,0.7443598206906394,0.5980900599717335,0.0058112992826016,0.0062928685560171,0.008565710362560399,0.14626976071890596,17.07619736457959,False,False
2008-09-12,horizon_monotone_d30,60,0.3,20,0.3,0.0987891380253129,0.0084927046000394,0.0024594333207928,0.0003886761744394,0.002489956109653892,0.0902964334252735,36.26426709899913,False,False
2008-09-15,delta_monotone_T20,20,0.2,20,0.3,1.0,0.120601342478013,0.0,0.0028667748693041,0.0028667748693041,0.879398657521987,306.7553950392547,False,False
2008-09-15,delta_monotone_T60,60,0.2,60,0.3,1.0,0.3342529194838381,0.0,0.005396687316423,0.005396687316423,0.6657470805161618,123.36217414156734,False,False
2008-09-15,horizon_monotone_d20,60,0.2,20,0.2,1.0,1.0,0.0,0.0,0.0,0.0,,False,False
2008-09-15,horizon_monotone_d30,60,0.3,20,0.3,0.3342529194838381,0.120601342478013,0.005396687316423,0.0028667748693041,0.006110861816676467,0.2136515770058251,34.96259339767307,False,False
2008-09-16,delta_monotone_T20,20,0.2,20,0.3,1.0,0.0805429625449784,0.0,0.0021614603043342,0.0021614603043342,0.9194570374550216,425.3869643644667,False,False
2008-09-16,delta_monotone_T60,60,0.2,60,0.3,1.0,0.274368709013802,0.0,0.0048001747308555,0.0048001747308555,0.7256312909861979,151.16768277659634,False,False
2008-09-16,horizon_monotone_d20,60,0.2,20,0.2,1.0,1.0,0.0,0.0,0.0,0.0,,False,False
2008-09-16,horizon_monotone_d30,60,0.3,20,0.3,0.274368709013802,0.0805429625449784,0.0048001747308555,0.0021614603043342,0.00526436967679476,0.1938257464688236,36.81841480912782,False,False
2008-09-17,delta_monotone_T20,20,0.2,20,0.3,1.0,0.3005326154705813,0.0,0.0050803540708715,0.0050803540708715,0.6994673845294187,137.68083381035484,False,False
2008-09-17,delta_monotone_T60,60,0.2,60,0.3,1.0,0.5109615073531524,0.0,0.0061707434216329,0.0061707434216329,0.4890384926468476,79.25114677956233,False,False
2008-09-17,horizon_monotone_d20,60,0.2,20,0.2,1.0,1.0,0.0,0.0,0.0,0.0,,False,False
2008-09-17,horizon_monotone_d30,60,0.3,20,0.3,0.5109615073531524,0.3005326154705813,0.0061707434216329,0.0050803540708715,0.007993001430066577,0.21042889188257108,26.326642591482475,False,False
2008-09-18,delta_monotone_T20,20,0.2,20,0.3,1.0,0.1954275883755881,0.0,0.003924170031118,0.003924170031118,0.804572411624412,205.02995671550667,False,False
2008-09-18,delta_monotone_T60,60,0.2,60,0.3,1.0,0.417584085454839,0.0,0.0059244688855394,0.0059244688855394,0.5824159145451611,98.30685683348548,False,False
2008-09-18,horizon_monotone_d20,60,0.2,20,0.2,1.0,1.0,0.0,0.0,0.0,0.0,,False,False
2008-09-18,horizon_monotone_d30,60,0.3,20,0.3,0.417584085454839,0.1954275883755881,0.0059244688855394,0.003924170031118,0.007106225581055608,0.2221564970792509,31.26223542234501,False,False
2008-09-19,delta_monotone_T20,20,0.2,20,0.3,0.7865124707466725,0.108709478162391,0.0055497499389467,0.0026350535188761,0.006143552020792225,0.6778029925842816,110.32754183415824,False,False
2008-09-19,delta_monotone_T60,60,0.2,60,0.3,0.8674938811905213,0.3202509474453246,0.0045966242444757,0.0051649606121931,0.006914171864396192,0.5472429337451967,79.14800853637544,False,False
2008-09-19,horizon_monotone_d20,60,0.2,20,0.2,0.8674938811905213,0.7865124707466725,0.0045966242444757,0.0055497499389467,0.007206155620699619,0.08098141044384877,11.23781038133986,False,False
2008-09-19,horizon_monotone_d30,60,0.3,20,0.3,0.3202509474453246,0.108709478162391,0.0051649606121931,0.0026350535188761,0.005798303646140605,0.2115414692829336,36.483337574729674,False,False
2008-09-22,delta_monotone_T20,20,0.2,20,0.3,1.0,0.1743259066412722,0.0,0.0036513974661218,0.0036513974661218,0.8256740933587278,226.12550428143,False,False
2008-09-22,delta_monotone_T60,60,0.2,60,0.3,1.0,0.3968291137056067,0.0,0.0057569401261634,0.0057569401261634,0.6031708862943933,104.77282602839308,False,False
2008-09-22,horizon_monotone_d20,60,0.2,20,0.2,1.0,1.0,0.0,0.0,0.0,0.0,,False,False
2008-09-22,horizon_monotone_d30,60,0.3,20,0.3,0.3968291137056067,0.1743259066412722,0.0057569401261634,0.0036513974661218,0.006817262138999128,0.2225032070643345,32.63820614898654,False,False
2008-09-23,delta_monotone_T20,20,0.2,20,0.3,1.0,0.2585138174558412,0.0,0.0046557865627339,0.0046557865627339,0.7414861825441588,159.26120593224846,False,False
2008-09-23,delta_monotone_T60,60,0.2,60,0.3,1.0,0.4695172867530282,0.0,0.0061233051971761,0.0061233051971761,0.5304827132469718,86.63339424786729,False,False
2008-09-23,horizon_monotone_d20,60,0.2,20,0.2,1.0,1.0,0.0,0.0,0.0,0.0,,False,False
2008-09-23,horizon_monotone_d30,60,0.3,20,0.3,0.4695172867530282,0.2585138174558412,0.0061233051971761,0.0046557865627339,0.00769228282472098,0.211003469297187,27.430539685706457,False,False
2008-09-24,delta_monotone_T20,20,0.2,20,0.3,1.0,0.249104473619624,0.0,0.004490319742426,0.004490319742426,0.750895526380376,167.22540252215697,False,False
2008-09-24,delta_monotone_T60,60,0.2,60,0.3,1.0,0.4745151357312741,0.0,0.0060737226048731,0.0060737226048731,0.525484864268726,86.51775829326093,False,False
2008-09-24,horizon_monotone_d20,60,0.2,20,0.2,1.0,1.0,0.0,0.0,0.0,0.0,,False,False
2008-09-24,horizon_monotone_d30,60,0.3,20,0.3,0.4745151357312741,0.249104473619624,0.0060737226048731,0.004490319742426,0.0075533487719135,0.22541066211165006,29.842480324729728,False,False
2008-09-25,delta_monotone_T20,20,0.2,20,0.3,1.0,0.191452392698915,0.0,0.0038514002291172,0.0038514002291172,0.808547607301085,209.93601267101147,False,False
2008-09-25,delta_monotone_T60,60,0.2,60,0.3,1.0,0.419659459701341,0.0,0.0058253703426568,0.0058253703426568,0.580340540298659,99.62294346319288,False,False
2008-09-25,horizon_monotone_d20,60,0.2,20,0.2,1.0,1.0,0.0,0.0,0.0,0.0,,False,False
2008-09-25,horizon_monotone_d30,60,0.3,20,0.3,0.419659459701341,0.191452392698915,0.0058253703426568,0.0038514002291172,0.006983424901432636,0.228207067002426,32.67838778585701,False,False
2008-09-26,delta_monotone_T20,20,0.2,20,0.3,1.0,0.1820607892795365,0.0,0.0037791953661371,0.0037791953661371,0.8179392107204635,216.43210564065626,False,False
2008-09-26,delta_monotone_T60,60,0.2,60,0.3,1.0,0.4158483676994645,0.0,0.0058561573650817,0.0058561573650817,0.5841516323005356,99.74998892339123,False,False
2008-09-26,horizon_monotone_d20,60,0.2,20,0.2,1.0,1.0,0.0,0.0,0.0,0.0,,False,False
2008-09-26,horizon_monotone_d30,60,0.3,20,0.3,0.4158483676994645,0.1820607892795365,0.0058561573650817,0.0037791953661371,0.006969712813311088,0.23378757841992798,33.54335891335858,False,False
2008-09-29,delta_monotone_T20,20,0.2,20,0.3,1.0,0.6537295855734474,0.0,0.0062247790698941,0.0062247790698941,0.3462704144265526,55.627743657807216,False,False
2008-09-29,delta_monotone_T60,60,0.2,60,0.3,1.0,0.7981064102131256,0.0,0.0054462981755582,0.0054462981755582,0.20189358978687444,37.069874487028436,False,False
2008-09-29,horizon_monotone_d20,60,0.2,20,0.2,1.0,1.0,0.0,0.0,0.0,0.0,,False,False
2008-09-29,horizon_monotone_d30,60,0.3,20,0.3,0.7981064102131256,0.6537295855734474,0.0054462981755582,0.0062247790698941,0.008271036107168209,0.14437682463967816,17.455712049733645,False,False
2008-09-30,delta_monotone_T20,20,0.2,20,0.3,1.0,0.4716552270258194,0.0,0.0060481142080464,0.0060481142080464,0.5283447729741806,87.35694380097381,False,False
2008-09-30,delta_monotone_T60,60,0.2,60,0.3,1.0,0.6544574292695121,0.0,0.0061894928819154,0.0061894928819154,0.3455425707304879,55.82728299762683,False,False
2008-09-30,horizon_monotone_d20,60,0.2,20,0.2,1.0,1.0,0.0,0.0,0.0,0.0,,False,False
2008-09-30,horizon_monotone_d30,60,0.3,20,0.3,0.6544574292695121,0.4716552270258194,0.0061894928819154,0.0060481142080464,0.008653872405394832,0.1828022022436927,21.123745957905925,False,False
2008-10-01,delta_monotone_T20,20,0.2,20,0.3,1.0,0.4657811069928293,0.0,0.0060850377901408,0.0060850377901408,0.5342188930071707,87.79220629865794,False,False
2008-10-01,delta_monotone_T60,60,0.2,60,0.3,1.0,0.6503747816145822,0.0,0.0062607574845121,0.0062607574845121,0.3496252183854178,55.843916530918634,False,False
2008-10-01,horizon_monotone_d20,60,0.2,20,0.2,1.0,1.0,0.0,0.0,0.0,0.0,,False,False
2008-10-01,horizon_monotone_d30,60,0.3,20,0.3,0.6503747816145822,0.4657811069928293,0.0062607574845121,0.0060850377901408,0.008730679766622751,0.18459367462175286,21.143104495419877,False,False
2008-10-02,delta_monotone_T20,20,0.2,20,0.3,1.0,0.6671873600413079,0.0,0.0061556289296076,0.0061556289296076,0.33281263995869215,54.06639090246588,False,False
2008-10-02,delta_monotone_T60,60,0.2,60,0.3,1.0,0.7833685586031164,0.0,0.0055930895225952,0.0055930895225952,0.21663144139688362,38.73198176459125,False,False
2008-10-02,horizon_monotone_d20,60,0.2,20,0.2,1.0,1.0,0.0,0.0,0.0,0.0,,False,False
2008-10-02,horizon_monotone_d30,60,0.3,20,0.3,0.7833685586031164,0.6671873600413079,0.0055930895225952,0.0061556289296076,0.008317115962086027,0.11618119856180853,13.968928543430932,False,False
2008-10-03,delta_monotone_T20,20,0.2,20,0.3,1.0,0.7279119341982094,0.0,0.0059536963541696,0.0059536963541696,0.27208806580179057,45.700695772171336,False,False
2008-10-03,delta_monotone_T60,60,0.2,60,0.3,1.0,0.82523233542963,0.0,0.0051739686081319,0.0051739686081319,0.17476766457036996,33.77826148687654,False,False
2008-10-03,horizon_monotone_d20,60,0.2,20,0.2,1.0,1.0,0.0,0.0,0.0,0.0,,False,False
2008-10-03,horizon_monotone_d30,60,0.3,20,0.3,0.82523233542963,0.7279119341982094,0.0051739686081319,0.0059536963541696,0.007887740578618617,0.0973204012314206,12.338184840311312,False,False
2008-10-06,delta_monotone_T20,20,0.2,20,0.3,1.0,1.0,0.0,0.0,0.0,0.0,,False,False
2008-10-06,delta_monotone_T60,60,0.2,60,0.3,1.0,1.0,0.0,0.0,0.0,0.0,,False,False
2008-10-06,horizon_monotone_d20,60,0.2,20,0.2,1.0,1.0,0.0,0.0,0.0,0.0,,False,False
2008-10-06,horizon_monotone_d30,60,0.3,20,0.3,1.0,1.0,0.0,0.0,0.0,0.0,,False,False
2008-10-07,delta_monotone_T20,20,0.2,20,0.3,1.0,1.0,0.0,0.0,0.0,0.0,,False,False
2008-10-07,delta_monotone_T60,60,0.2,60,0.3,1.0,1.0,0.0,0.0,0.0,0.0,,False,False
2008-10-07,horizon_monotone_d20,60,0.2,20,0.2,1.0,1.0,0.0,0.0,0.0,0.0,,False,False
2008-10-07,horizon_monotone_d30,60,0.3,20,0.3,1.0,1.0,0.0,0.0,0.0,0.0,,False,False
2008-10-08,delta_monotone_T20,20,0.2,20,0.3,1.0,1.0,0.0,0.0,0.0,0.0,,False,False
2008-10-08,delta_monotone_T60,60,0.2,60,0.3,1.0,1.0,0.0,0.0,0.0,0.0,,False,False
2008-10-08,horizon_monotone_d20,60,0.2,20,0.2,1.0,1.0,0.0,0.0,0.0,0.0,,False,False
2008-10-08,horizon_monotone_d30,60,0.3,20,0.3,1.0,1.0,0.0,0.0,0.0,0.0,,False,False
2008-10-09,delta_monotone_T20,20,0.2,20,0.3,1.0,1.0,0.0,0.0,0.0,0.0,,False,False
2008-10-09,delta_monotone_T60,60,0.2,60,0.3,1.0,1.0,0.0,0.0,0.0,0.0,,False,False
2008-10-09,horizon_monotone_d20,60,0.2,20,0.2,1.0,1.0,0.0,0.0,0.0,0.0,,False,False
2008-10-09,horizon_monotone_d30,60,0.3,20,0.3,1.0,1.0,0.0,0.0,0.0,0.0,,False,False
2008-10-10,delta_monotone_T20,20,0.2,20,0.3,1.0,1.0,0.0,0.0,0.0,0.0,,False,False
2008-10-10,delta_monotone_T60,60,0.2,60,0.3,1.0,1.0,0.0,0.0,0.0,0.0,,False,False
2008-10-10,horizon_monotone_d20,60,0.2,20,0.2,1.0,1.0,0.0,0.0,0.0,0.0,,False,False
2008-10-10,horizon_monotone_d30,60,0.3,20,0.3,1.0,1.0,0.0,0.0,0.0,0.0,,False,False
2008-10-13,delta_monotone_T20,20,0.2,20,0.3,1.0,1.0,0.0,0.0,0.0,0.0,,False,False
2008-10-13,delta_monotone_T60,60,0.2,60,0.3,1.0,1.0,0.0,0.0,0.0,0.0,,False,False
2008-10-13,horizon_monotone_d20,60,0.2,20,0.2,1.0,1.0,0.0,0.0,0.0,0.0,,False,False
2008-10-13,horizon_monotone_d30,60,0.3,20,0.3,1.0,1.0,0.0,0.0,0.0,0.0,,False,False
2008-10-14,delta_monotone_T20,20,0.2,20,0.3,1.0,1.0,0.0,0.0,0.0,0.0,,False,False
2008-10-14,delta_monotone_T60,60,0.2,60,0.3,1.0,1.0,0.0,0.0,0.0,0.0,,False,False
2008-10-14,horizon_monotone_d20,60,0.2,20,0.2,1.0,1.0,0.0,0.0,0.0,0.0,,False,False
2008-10-14,horizon_monotone_d30,60,0.3,20,0.3,1.0,1.0,0.0,0.0,0.0,0.0,,False,False
2008-10-15,delta_monotone_T20,20,0.2,20,0.3,1.0,1.0,0.0,0.0,0.0,0.0,,False,False
2008-10-15,delta_monotone_T60,60,0.2,60,0.3,1.0,1.0,0.0,0.0,0.0,0.0,,False,False
2008-10-15,horizon_monotone_d20,60,0.2,20,0.2,1.0,1.0,0.0,0.0,0.0,0.0,,False,False
2008-10-15,horizon_monotone_d30,60,0.3,20,0.3,1.0,1.0,0.0,0.0,0.0,0.0,,False,False
2008-10-16,delta_monotone_T20,20,0.2,20,0.3,1.0,1.0,0.0,0.0,0.0,0.0,,False,False
2008-10-16,delta_monotone_T60,60,0.2,60,0.3,1.0,1.0,0.0,0.0,0.0,0.0,,False,False
2008-10-16,horizon_monotone_d20,60,0.2,20,0.2,1.0,1.0,0.0,0.0,0.0,0.0,,False,False
2008-10-16,horizon_monotone_d30,60,0.3,20,0.3,1.0,1.0,0.0,0.0,0.0,0.0,,False,False
2008-10-17,delta_monotone_T20,20,0.2,20,0.3,1.0,1.0,0.0,0.0,0.0,0.0,,False,False
2008-10-17,delta_monotone_T60,60,0.2,60,0.3,1.0,1.0,0.0,0.0,0.0,0.0,,False,False
2008-10-17,horizon_monotone_d20,60,0.2,20,0.2,1.0,1.0,0.0,0.0,0.0,0.0,,False,False
2008-10-17,horizon_monotone_d30,60,0.3,20,0.3,1.0,1.0,0.0,0.0,0.0,0.0,,False,False
2008-10-20,delta_monotone_T20,20,0.2,20,0.3,1.0,1.0,0.0,0.0,0.0,0.0,,False,False
2008-10-20,delta_monotone_T60,60,0.2,60,0.3,1.0,1.0,0.0,0.0,0.0,0.0,,False,False
2008-10-20,horizon_monotone_d20,60,0.2,20,0.2,1.0,1.0,0.0,0.0,0.0,0.0,,False,False
2008-10-20,horizon_monotone_d30,60,0.3,20,0.3,1.0,1.0,0.0,0.0,0.0,0.0,,False,False
2008-10-21,delta_monotone_T20,20,0.2,20,0.3,1.0,1.0,0.0,0.0,0.0,0.0,,False,False
2008-10-21,delta_monotone_T60,60,0.2,60,0.3,1.0,1.0,0.0,0.0,0.0,0.0,,False,False
2008-10-21,horizon_monotone_d20,60,0.2,20,0.2,1.0,1.0,0.0,0.0,0.0,0.0,,False,False
2008-10-21,horizon_monotone_d30,60,0.3,20,0.3,1.0,1.0,0.0,0.0,0.0,0.0,,False,False
2008-10-22,delta_monotone_T20,20,0.2,20,0.3,1.0,1.0,0.0,0.0,0.0,0.0,,False,False
2008-10-22,delta_monotone_T60,60,0.2,60,0.3,1.0,1.0,0.0,0.0,0.0,0.0,,False,False
2008-10-22,horizon_monotone_d20,60,0.2,20,0.2,1.0,1.0,0.0,0.0,0.0,0.0,,False,False
2008-10-22,horizon_monotone_d30,60,0.3,20,0.3,1.0,1.0,0.0,0.0,0.0,0.0,,False,False
2008-10-23,delta_monotone_T20,20,0.2,20,0.3,1.0,1.0,0.0,0.0,0.0,0.0,,False,False
2008-10-23,delta_monotone_T60,60,0.2,60,0.3,1.0,1.0,0.0,0.0,0.0,0.0,,False,False
2008-10-23,horizon_monotone_d20,60,0.2,20,0.2,1.0,1.0,0.0,0.0,0.0,0.0,,False,False
2008-10-23,horizon_monotone_d30,60,0.3,20,0.3,1.0,1.0,0.0,0.0,0.0,0.0,,False,False
2008-10-24,delta_monotone_T20,20,0.2,20,0.3,1.0,1.0,0.0,0.0,0.0,0.0,,False,False
2008-10-24,delta_monotone_T60,60,0.2,60,0.3,1.0,1.0,0.0,0.0,0.0,0.0,,False,False
2008-10-24,horizon_monotone_d20,60,0.2,20,0.2,1.0,1.0,0.0,0.0,0.0,0.0,,False,False
2008-10-24,horizon_monotone_d30,60,0.3,20,0.3,1.0,1.0,0.0,0.0,0.0,0.0,,False,False
2008-10-27,delta_monotone_T20,20,0.2,20,0.3,1.0,1.0,0.0,0.0,0.0,0.0,,False,False
2008-10-27,delta_monotone_T60,60,0.2,60,0.3,1.0,1.0,0.0,0.0,0.0,0.0,,False,False
2008-10-27,horizon_monotone_d20,60,0.2,20,0.2,1.0,1.0,0.0,0.0,0.0,0.0,,False,False
2008-10-27,horizon_monotone_d30,60,0.3,20,0.3,1.0,1.0,0.0,0.0,0.0,0.0,,False,False
2008-10-28,delta_monotone_T20,20,0.2,20,0.3,1.0,1.0,0.0,0.0,0.0,0.0,,False,False
2008-10-28,delta_monotone_T60,60,0.2,60,0.3,1.0,1.0,0.0,0.0,0.0,0.0,,False,False
2008-10-28,horizon_monotone_d20,60,0.2,20,0.2,1.0,1.0,0.0,0.0,0.0,0.0,,False,False
2008-10-28,horizon_monotone_d30,60,0.3,20,0.3,1.0,1.0,0.0,0.0,0.0,0.0,,False,False
2008-10-29,delta_monotone_T20,20,0.2,20,0.3,1.0,1.0,0.0,0.0,0.0,0.0,,False,False
2008-10-29,delta_monotone_T60,60,0.2,60,0.3,1.0,1.0,0.0,0.0,0.0,0.0,,False,False
2008-10-29,horizon_monotone_d20,60,0.2,20,0.2,1.0,1.0,0.0,0.0,0.0,0.0,,False,False
2008-10-29,horizon_monotone_d30,60,0.3,20,0.3,1.0,1.0,0.0,0.0,0.0,0.0,,False,False
2008-10-30,delta_monotone_T20,20,0.2,20,0.3,1.0,1.0,0.0,0.0,0.0,0.0,,False,False
2008-10-30,delta_monotone_T60,60,0.2,60,0.3,1.0,1.0,0.0,0.0,0.0,0.0,,False,False
2008-10-30,horizon_monotone_d20,60,0.2,20,0.2,1.0,1.0,0.0,0.0,0.0,0.0,,False,False
2008-10-30,horizon_monotone_d30,60,0.3,20,0.3,1.0,1.0,0.0,0.0,0.0,0.0,,False,False
2008-10-31,delta_monotone_T20,20,0.2,20,0.3,1.0,1.0,0.0,0.0,0.0,0.0,,False,False
2008-10-31,delta_monotone_T60,60,0.2,60,0.3,1.0,1.0,0.0,0.0,0.0,0.0,,False,False
2008-10-31,horizon_monotone_d20,60,0.2,20,0.2,1.0,1.0,0.0,0.0,0.0,0.0,,False,False
2008-10-31,horizon_monotone_d30,60,0.3,20,0.3,1.0,1.0,0.0,0.0,0.0,0.0,,False,False
