Date,Adj Close,Capital Gains,Close,Dividends,High,Low,Open,Stock Splits,Volume,LogAdjClose,LogReturn
2002-01-02,74.48297882080078,0.0,115.52999877929688,0.0,115.75,113.80999755859375,115.11000061035156,0.0,18651900,4.310570627077747,
2002-01-03,75.32756042480469,0.0,116.83999633789062,0.0,116.94999694824219,115.54000091552734,115.6500015258789,0.0,15743000,4.321846076138689,0.011275449060941689
2002-01-04,75.8304443359375,0.0,117.62000274658203,0.0,117.9800033569336,116.55000305175781,117.16999816894531,0.0,20140700,4.3284998523282425,0.00665377618955354
2002-01-07,75.29531860351562,0.0,116.79000091552734,0.0,117.98999786376953,116.55999755859375,117.69999694824219,0.0,13106500,4.321417962933186,-0.007081889395056606
2002-01-08,75.12126159667969,0.0,116.5199966430664,0.0,117.05999755859375,115.97000122070312,116.79000091552734,0.0,12683700,4.319103629176976,-0.0023143337562094857
2002-01-09,74.5087890625,0.0,115.56999969482422,0.0,117.77999877929688,115.33999633789062,116.68000030517578,0.0,16610300,4.310917092420418,-0.00818653675655856
2002-01-10,74.83759307861328,0.0,116.08000183105469,0.0,116.3499984741211,115.30000305175781,115.69000244140625,0.0,12823400,4.315320339993651,0.00440324757323296
2002-01-11,74.1026382446289,0.0,114.94000244140625,0.0,116.27999877929688,114.69999694824219,116.20999908447266,0.0,13708400,4.305451135509386,-0.009869204484265204
2002-01-14,73.63845825195312,0.0,114.22000122070312,0.0,114.83999633789062,113.95999908447266,114.6500015258789,0.0,12301100,4.299167419860446,-0.006283715648939925
2002-01-15,74.23802185058594,0.0,115.1500015258789,0.0,115.38999938964844,113.9000015258789,114.55000305175781,0.0,20219900,4.307276442791405,0.008109022930959497
2002-01-16,72.73583984375,0.0,112.81999969482422,0.0,114.4000015258789,112.69000244140625,114.30000305175781,0.0,17067000,4.286834245783497,-0.020442197007907836
2002-01-17,73.28384399414062,0.0,113.66999816894531,0.0,114.23999786376953,113.4000015258789,113.76000213623047,0.0,17283400,4.294340175242013,0.007505929458515581
2002-01-18,72.9486083984375,0.0,113.1500015258789,0.0,113.8499984741211,112.66999816894531,113.0,0.0,17028000,4.289755198685918,-0.004584976556095022
2002-01-22,72.44576263427734,0.0,112.37000274658203,0.0,113.93000030517578,112.0199966430664,113.75,0.0,11689300,4.282838180296817,-0.006917018389100527
2002-01-23,73.00017547607422,0.0,113.2300033569336,0.0,113.55000305175781,112.0199966430664,112.62999725341797,0.0,12438900,4.290461844927341,0.007623664630523663
2002-01-24,73.22582244873047,0.0,113.58000183105469,0.0,114.25,113.31999969482422,113.63999938964844,0.0,12142800,4.2935481244531175,0.0030862795257764475
2002-01-25,73.20651245117188,0.0,113.55000305175781,0.0,114.18000030517578,113.04000091552734,113.12000274658203,0.0,12810700,4.29328438492204,-0.0002637395310776114
2002-01-28,73.40632629394531,0.0,113.86000061035156,0.0,114.19000244140625,112.91999816894531,113.9000015258789,0.0,10589200,4.296010121197194,0.002725736275154489
2002-01-29,71.09828186035156,0.0,110.27999877929688,0.0,114.12999725341797,110.05000305175781,113.8499984741211,0.0,27720800,4.264063171402609,-0.03194694979458568
2002-01-30,72.12338256835938,0.0,111.87000274658203,0.0,113.38999938964844,108.4000015258789,110.38999938964844,0.0,34711800,4.278378299181447,0.014315127778838033
2002-01-31,72.96794128417969,0.0,113.18000030517578,0.0,113.30000305175781,111.62000274658203,112.1500015258789,0.0,19909200,4.290020184198492,0.011641885017045439
2002-02-01,72.62625122070312,0.0,112.6500015258789,0.0,113.30000305175781,112.16999816894531,113.08999633789062,0.0,15838500,4.285326443535929,-0.004693740662562895
2002-02-04,70.82108306884766,0.0,109.8499984741211,0.0,112.2300033569336,109.44000244140625,112.2300033569336,0.0,24243400,4.26015673982928,-0.025169703706649393
2002-02-05,70.38265228271484,0.0,109.16999816894531,0.0,110.48999786376953,108.52999877929688,109.4000015258789,0.0,33614000,4.253946816359768,-0.006209923469511658
2002-02-06,70.07965087890625,0.0,108.69999694824219,0.0,109.73999786376953,108.05999755859375,109.6500015258789,0.0,29486000,4.24963246486496,-0.0043143514948082995
2002-02-07,69.64122009277344,0.0,108.0199966430664,0.0,109.86000061035156,108.0,108.72000122070312,0.0,23445400,4.243356634746133,-0.0062758301188265975
2002-02-08,70.97578430175781,0.0,110.08999633789062,0.0,110.75,108.30000305175781,108.62999725341797,0.0,19277800,4.262338752692595,0.018982117946461763
2002-02-11,71.84611511230469,0.0,111.44000244140625,0.0,111.63999938964844,109.81999969482422,110.05000305175781,0.0,18792400,4.274526541645063,0.012187788952467749
2002-02-12,71.6205062866211,0.0,111.08999633789062,0.0,111.70999908447266,110.02999877929688,110.95999908447266,0.0,13942500,4.271381433612895,-0.0031451080321680536
2002-02-13,72.3812255859375,0.0,112.2699966430664,0.0,112.54000091552734,111.3499984741211,111.4800033569336,0.0,16781100,4.281946950652333,0.010565517039438532
2002-02-14,72.24588012695312,0.0,112.05999755859375,0.0,112.97000122070312,111.58999633789062,112.51000213623047,0.0,20453800,4.280075302902382,-0.0018716477499509665
2002-02-15,71.49156951904297,0.0,110.88999938964844,0.0,112.23999786376953,110.70999908447266,112.1500015258789,0.0,18366800,4.269579533923596,-0.010495768978786124
2002-02-19,70.11833190917969,0.0,108.76000213623047,0.0,110.29000091552734,108.61000061035156,110.1500015258789,0.0,15988100,4.2501842706825,-0.01939526324109586
2002-02-20,71.2981185913086,0.0,110.58999633789062,0.0,110.58999633789062,107.81999969482422,109.05000305175781,0.0,29242800,4.266869939853428,0.016685669170927397
2002-02-21,69.82176208496094,0.0,108.30000305175781,0.0,110.62999725341797,108.26000213623047,109.93000030517578,0.0,26288600,4.245945738897256,-0.020924200956171646
2002-02-22,70.6856689453125,0.0,109.63999938964844,0.0,109.94000244140625,107.87000274658203,108.3499984741211,0.0,26572900,4.258242850026249,0.012297111128992455
2002-02-25,71.85259246826172,0.0,111.44999694824219,0.0,111.80999755859375,109.69999694824219,109.73999786376953,0.0,17458700,4.274616693547895,0.01637384352164606
2002-02-26,71.7043228149414,0.0,111.22000122070312,0.0,112.04000091552734,110.56999969482422,111.5999984741211,0.0,22346500,4.272551036094204,-0.0020656574536905836
2002-02-27,71.98153686523438,0.0,111.6500015258789,0.0,112.86000061035156,110.6500015258789,111.95999908447266,0.0,28597900,4.276409653704338,0.003858617610133841
2002-02-28,71.65916442871094,0.0,111.1500015258789,0.0,112.75,111.02999877929688,111.83000183105469,0.0,23755400,4.2719210515898896,-0.004488602114448348
2002-03-01,73.32898712158203,0.0,113.73999786376953,0.0,113.8499984741211,111.51000213623047,111.72000122070312,0.0,26273600,4.29495598940404,0.02303493781415078
2002-03-04,74.62483215332031,0.0,115.75,0.0,115.98999786376953,113.6500015258789,113.9000015258789,0.0,27184600,4.312473322508499,0.017517333104458466
2002-03-05,74.38629913330078,0.0,115.37999725341797,0.0,116.4000015258789,114.97000122070312,115.33000183105469,0.0,22718900,4.30927177344696,-0.003201549061539133
2002-03-06,75.26954650878906,0.0,116.75,0.0,117.1500015258789,115.06999969482422,115.0999984741211,0.0,20143200,4.321075624168308,0.011803850721348041
2002-03-07,75.10834503173828,0.0,116.5,0.0,117.5,115.56999969482422,117.36000061035156,0.0,19330800,4.318931671528107,-0.0021439526402007303
2002-03-08,75.4242935180664,0.0,116.98999786376953,0.0,117.9000015258789,116.4800033569336,117.37999725341797,0.0,19930100,4.323129418320003,0.0041977467918963285
2002-03-11,75.5854263305664,0.0,117.23999786376953,0.0,117.9000015258789,116.43000030517578,116.88999938964844,0.0,15621800,4.3252634911970995,0.002134072877096216
2002-03-12,75.54033660888672,0.0,117.16999816894531,0.0,117.25,115.94000244140625,116.0999984741211,0.0,17153600,4.32466677330942,-0.0005967178876797874
2002-03-13,74.8117904663086,0.0,116.04000091552734,0.0,116.75,115.63999938964844,116.62999725341797,0.0,17175300,4.314975499113599,-0.009691274195820831
2002-03-14,74.70865631103516,0.0,115.87999725341797,0.0,116.43000030517578,115.62999725341797,116.04000091552734,0.0,11168100,4.313595966429573,-0.001379532684025797
2002-03-15,75.4205093383789,0.0,116.6500015258789,0.331,116.94999694824219,115.9000015258789,115.97000122070312,0.0,21220100,4.323079245166979,0.009483278737405954
2002-03-18,75.43341064453125,0.0,116.66999816894531,0.0,117.55999755859375,116.0999984741211,117.0999984741211,0.0,17548900,4.323250288865217,0.00017104369823783827
2002-03-19,75.93771362304688,0.0,117.44999694824219,0.0,117.73999786376953,116.81999969482422,117.30000305175781,0.0,17912000,4.329913446673915,0.006663157808698195
2002-03-20,74.50886535644531,0.0,115.23999786376953,0.0,116.58000183105469,115.19000244140625,116.5,0.0,17114500,4.310918116378896,-0.018995330295019208
2002-03-21,74.54117584228516,0.0,115.29000091552734,0.0,115.9000015258789,114.12000274658203,115.30000305175781,0.0,25846800,4.311351668575005,0.0004335521961094102
2002-03-22,74.37950897216797,0.0,115.04000091552734,0.0,115.94000244140625,114.69999694824219,115.5,0.0,15235400,4.309180486864054,-0.0021711817109508758
2002-03-25,73.4549789428711,0.0,113.61000061035156,0.0,115.36000061035156,113.30000305175781,115.08999633789062,0.0,17499600,4.296672687155289,-0.012507799708765255
2002-03-26,73.8817138671875,0.0,114.2699966430664,0.0,115.0199966430664,113.47000122070312,113.5199966430664,0.0,19947600,4.302465353047724,0.005792665892434989
2002-03-27,74.0756607055664,0.0,114.56999969482422,0.0,115.01000213623047,113.76000213623047,114.02999877929688,0.0,19020300,4.305087012833505,0.0026216597857811053
2002-03-28,74.04334259033203,0.0,114.5199966430664,0.0,115.7699966430664,114.5,114.97000122070312,0.0,17532900,4.30465063242278,-0.00043638041072568967
2002-04-01,74.0756607055664,0.0,114.56999969482422,0.0,115.0999984741211,113.5,114.2300033569336,0.0,17711000,4.305087012833505,0.00043638041072568967
2002-04-02,73.6683349609375,0.0,113.94000244140625,0.0,114.94999694824219,113.7699966430664,113.9800033569336,0.0,15669500,4.299573059121777,-0.005513953711727915
2002-04-03,73.1511001586914,0.0,113.13999938964844,0.0,114.20999908447266,112.16000366210938,114.01000213623047,0.0,25658500,4.292527167116419,-0.007045892005358212
2002-04-04,72.84717559814453,0.0,112.66999816894531,0.0,113.4000015258789,112.2300033569336,112.5999984741211,0.0,23549000,4.288363761788666,-0.004163405327752834
2002-04-05,72.86011505126953,0.0,112.69000244140625,0.0,113.62999725341797,112.18000030517578,113.19000244140625,0.0,19404900,4.288541370652319,0.00017760886365270068
2002-04-08,73.01532745361328,0.0,112.93000030517578,0.0,113.02999877929688,111.2300033569336,111.31999969482422,0.0,16470100,4.290669384226791,0.0021280135744721207
2002-04-09,72.5045166015625,0.0,112.13999938964844,0.0,113.18000030517578,111.93000030517578,113.18000030517578,0.0,15122700,4.2836488578727785,-0.007020526354012624
2002-04-10,73.32563018798828,0.0,113.41000366210938,0.0,113.54000091552734,112.08999633789062,112.0999984741211,0.0,17199300,4.294910209275792,0.011261351403013542
2002-04-11,71.50236511230469,0.0,110.58999633789062,0.0,113.05000305175781,110.5,112.88999938964844,0.0,25453700,4.269730527646653,-0.025179681629139417
2002-04-12,72.03902435302734,0.0,111.41999816894531,0.0,111.6500015258789,110.04000091552734,111.0199966430664,0.0,14950600,4.277207977087609,0.007477449440956185
2002-04-15,71.48945617675781,0.0,110.56999969482422,0.0,111.86000061035156,110.19999694824219,111.62000274658203,0.0,17394900,4.269549972766442,-0.0076580043211667
2002-04-16,73.18986511230469,0.0,113.19999694824219,0.0,113.31999969482422,111.66999816894531,111.69999694824219,0.0,15040900,4.293056956631586,0.02350698386514427
2002-04-17,73.03472137451172,0.0,112.95999908447266,0.0,113.66999816894531,112.5999984741211,113.38999938964844,0.0,12920100,4.290934963337076,-0.0021219932945104603
2002-04-18,72.71791076660156,0.0,112.47000122070312,0.0,113.45999908447266,111.1500015258789,112.9000015258789,0.0,25204800,4.286587719624302,-0.0043472437127736185
2002-04-19,72.9830093383789,0.0,112.87999725341797,0.0,113.23999786376953,112.55999755859375,113.19999694824219,0.0,10499200,4.290226665268858,0.003638945644556024
2002-04-22,71.76748657226562,0.0,111.0,0.0,112.43000030517578,110.83999633789062,112.37999725341797,0.0,13922900,4.273431540238883,-0.016795125029974933
2002-04-23,71.45710754394531,0.0,110.5199966430664,0.0,111.4800033569336,110.16999816894531,111.08999633789062,0.0,16967000,4.269097375200992,-0.004334165037890969
2002-04-24,70.73947143554688,0.0,109.41000366210938,0.0,111.80999755859375,109.4000015258789,110.55999755859375,0.0,18902700,4.259003711817654,-0.010093663383338836
2002-04-25,70.77823638916016,0.0,109.47000122070312,0.0,109.73999786376953,108.72000122070312,109.20999908447266,0.0,25451500,4.259551557810621,0.0005478459929673107
2002-04-26,69.43338775634766,0.0,107.38999938964844,0.0,110.01000213623047,107.29000091552734,109.79000091552734,0.0,19769800,4.240367843415326,-0.01918371439529487
2002-04-29,69.09073638916016,0.0,106.86000061035156,0.0,108.26000213623047,106.62999725341797,107.93000030517578,0.0,17724400,4.235420660848305,-0.004947182567020647
2002-04-30,69.73727416992188,0.0,107.86000061035156,0.0,108.63999938964844,106.63999938964844,107.0199966430664,0.0,19473500,4.244734954878852,0.0093142940305464
2002-05-01,70.59073638916016,0.0,109.18000030517578,0.0,109.25,106.80000305175781,107.97000122070312,0.0,24575600,4.256898923271939,0.012163968393087643
2002-05-02,70.31917572021484,0.0,108.76000213623047,0.0,109.91000366210938,107.77999877929688,109.0999984741211,0.0,15666800,4.253044531468272,-0.003854391803667312
2002-05-03,69.55625915527344,0.0,107.58000183105469,0.0,108.76000213623047,107.19999694824219,108.5999984741211,0.0,18185500,4.242135909363612,-0.010908622104659926
2002-05-06,68.19203186035156,0.0,105.47000122070312,0.0,107.98999786376953,105.30999755859375,107.63999938964844,0.0,23630400,4.222327723131483,-0.019808186232129543
2002-05-07,67.95280456542969,0.0,105.0999984741211,0.0,106.31999969482422,104.9000015258789,106.0999984741211,0.0,21910000,4.218813413703165,-0.0035143094283176524
2002-05-08,70.48080444335938,0.0,109.01000213623047,0.0,109.36000061035156,106.79000091552734,107.05000305175781,0.0,27917400,4.255340395344844,0.036526981641679335
2002-05-09,69.66619110107422,0.0,107.75,0.0,109.0999984741211,107.58000183105469,108.6500015258789,0.0,18085600,4.243715136973032,-0.011625258371812386
2002-05-10,68.35366821289062,0.0,105.72000122070312,0.0,108.05000305175781,105.5999984741211,107.97000122070312,0.0,18958900,4.224695229804357,-0.01901990716867452
2002-05-13,69.74376678466797,0.0,107.87000274658203,0.0,107.94999694824219,105.79000091552734,106.22000122070312,0.0,14677700,4.244828051613811,0.020132821809453638
2002-05-14,71.26315307617188,0.0,110.22000122070312,0.0,110.37000274658203,109.0,109.62000274658203,0.0,34201200,4.266379406689283,0.02155135507547179
2002-05-15,70.98511505126953,0.0,109.79000091552734,0.0,110.91000366210938,109.29000091552734,109.5,0.0,29535300,4.262470207897059,-0.003909198792223734
2002-05-16,71.35365295410156,0.0,110.36000061035156,0.0,110.4800033569336,109.33000183105469,109.69999694824219,0.0,28092000,4.267648540287153,0.00517833239009402
2002-05-17,71.70282745361328,0.0,110.9000015258789,0.0,111.25,110.0999984741211,110.66000366210938,0.0,27823700,4.272530181327543,0.004881641040389795
2002-05-20,70.92694854736328,0.0,109.69999694824219,0.0,110.69000244140625,109.48999786376953,110.63999938964844,0.0,13833800,4.261650453667734,-0.010879727659808935
2002-05-21,70.28041076660156,0.0,108.69999694824219,0.0,110.4800033569336,108.31999969482422,110.11000061035156,0.0,16877200,4.252493108017262,-0.009157345650471882
2002-05-22,70.43557739257812,0.0,108.94000244140625,0.0,109.12000274658203,108.0,108.22000122070312,0.0,15844200,4.254698496202319,0.002205388185056556
2002-05-23,71.1855697631836,0.0,110.0999984741211,0.0,110.36000061035156,108.4800033569336,109.26000213623047,0.0,13879800,4.265290126011813,0.01059162980949413
2002-05-24,70.27392578125,0.0,108.69000244140625,0.0,110.19999694824219,108.61000061035156,109.9800033569336,0.0,11877000,4.252400830745491,-0.012889295266321987
2002-05-28,69.8924560546875,0.0,108.0999984741211,0.0,109.12999725341797,107.44999694824219,109.05000305175781,0.0,24236900,4.246957718589818,-0.005443112155672836
2002-05-29,69.37520599365234,0.0,107.30000305175781,0.0,108.0199966430664,107.12999725341797,107.62000274658203,0.0,14773300,4.239529541340062,-0.007428177249756196
2002-05-30,69.18126678466797,0.0,107.0,0.0,107.51000213623047,105.9000015258789,106.55000305175781,0.0,18217900,4.236730114770511,-0.002799426569550789
2002-05-31,69.3235092163086,0.0,107.22000122070312,0.0,108.55999755859375,106.8499984741211,107.4000015258789,0.0,19826300,4.238784086998116,0.002053972227605172
2002-06-03,67.48081970214844,0.0,104.37000274658203,0.0,107.5999984741211,104.12999725341797,107.08999633789062,0.0,26056300,4.211843404938732,-0.026940682059383825
2002-06-04,67.64891052246094,0.0,104.62999725341797,0.0,105.19999694824219,103.55000305175781,104.1500015258789,0.0,25856200,4.2143312498671746,0.002487844928442229
2002-06-05,68.28253173828125,0.0,105.61000061035156,0.0,105.66999816894531,104.3499984741211,104.94999694824219,0.0,19695900,4.223653976006871,0.009322726139696869
2002-06-06,66.89244079589844,0.0,103.45999908447266,0.0,105.5999984741211,103.1500015258789,105.54000091552734,0.0,22998500,4.203085968162572,-0.020568007844299352
2002-06-07,66.81485748291016,0.0,103.33999633789062,0.0,103.91999816894531,101.72000122070312,101.77999877929688,0.0,24011600,4.20192547322035,-0.0011604949422219235
2002-06-10,67.073486328125,0.0,103.73999786376953,0.0,104.45999908447266,103.0199966430664,103.23999786376953,0.0,18759900,4.205788829200921,0.0038633559805711926
2002-06-11,65.9226303100586,0.0,101.95999908447266,0.0,104.54000091552734,101.7300033569336,104.12999725341797,0.0,19990700,4.18848178635339,-0.017307042847531484
2002-06-12,66.3235092163086,0.0,102.58000183105469,0.0,102.80999755859375,100.77999877929688,101.70999908447266,0.0,31266000,4.194544422821455,0.00606263646806493
2002-06-13,65.65754699707031,0.0,101.55000305175781,0.0,103.0,101.33999633789062,102.12999725341797,0.0,21043900,4.184452552208203,-0.010091870613251785
2002-06-14,65.560546875,0.0,101.4000015258789,0.0,101.55999755859375,98.5,100.30999755859375,0.0,39267500,4.1829740954363235,-0.0014784567718795216
2002-06-17,67.31915283203125,0.0,104.12000274658203,0.0,104.33999633789062,101.8499984741211,101.91999816894531,0.0,17647200,4.209444785048998,0.026470689612674292
2002-06-18,67.86872863769531,0.0,104.97000122070312,0.0,105.02999877929688,103.62999725341797,103.73999786376953,0.0,21628500,4.217575378223954,0.008130593174955791
2002-06-19,66.28465270996094,0.0,102.5199966430664,0.0,104.43000030517578,102.23999786376953,103.5,0.0,21540700,4.1939583878912465,-0.023616990332707033
2002-06-20,65.43768310546875,0.0,101.20999908447266,0.0,103.05000305175781,100.95999908447266,102.26000213623047,0.0,25691000,4.181098286800193,-0.012860101091053622
2002-06-21,64.41454315185547,0.0,99.27999877929688,0.353,100.93000030517578,98.68000030517578,100.47000122070312,0.0,31190700,4.165339432954974,-0.015758853845218468
2002-06-24,64.75189208984375,0.0,99.80000305175781,0.0,100.69000244140625,97.25,98.61000061035156,0.0,37169700,4.170562921617477,0.00522348866250244
2002-06-25,63.29855728149414,0.0,97.55999755859375,0.0,100.88999938964844,97.54000091552734,100.30000305175781,0.0,33355000,4.147862537128848,-0.022700384488628877
2002-06-26,63.40235900878906,0.0,97.72000122070312,0.0,98.1500015258789,95.19000244140625,95.19999694824219,0.0,37913600,4.149501069091489,0.0016385319626408545
2002-06-27,64.51182556152344,0.0,99.43000030517578,0.0,99.48999786376953,96.56999969482422,98.5,0.0,31616400,4.166848549035752,0.017347479944263
2002-06-28,64.20689392089844,0.0,98.95999908447266,0.0,100.5,98.87999725341797,99.23999786376953,0.0,28184200,4.162110586876346,-0.004737962159405917
2002-07-01,62.954681396484375,0.0,97.02999877929688,0.0,99.80000305175781,96.88999938964844,99.18000030517578,0.0,20270200,4.14241512462733,-0.019695462249015527
2002-07-02,61.61812973022461,0.0,94.97000122070312,0.0,97.19999694824219,94.7699966430664,96.86000061035156,0.0,34213900,4.12095614104001,-0.021458983587320013
2002-07-03,61.96851348876953,0.0,95.51000213623047,0.0,95.83999633789062,93.72000122070312,94.62000274658203,0.0,30565800,4.126626409091821,0.005670268051810368
2002-07-05,64.43399047851562,0.0,99.30999755859375,0.0,99.52999877929688,96.66000366210938,96.77999877929688,0.0,19013500,4.165641296333003,0.03901488724118263
2002-07-08,63.629459381103516,0.0,98.06999969482422,0.0,99.69999694824219,97.55999755859375,98.9800033569336,0.0,19118600,4.153076560919176,-0.012564735413826966
2002-07-09,62.02687072753906,0.0,95.5999984741211,0.0,98.33999633789062,95.01000213623047,97.7300033569336,0.0,28620400,4.12756768998622,-0.025508870932956285
2002-07-10,59.76900863647461,0.0,92.12000274658203,0.0,96.06999969482422,92.04000091552734,96.0,0.0,50522500,4.090487276392345,-0.03708041359387515
2002-07-11,60.255592346191406,0.0,92.87000274658203,0.0,93.3499984741211,90.31999969482422,91.76000213623047,0.0,59476500,4.098595387087269,0.008108110694924342
2002-07-12,59.59383010864258,0.0,91.8499984741211,0.0,93.88999938964844,91.5199966430664,93.33000183105469,0.0,39018600,4.087552047045496,-0.01104334004177332
2002-07-15,59.911739349365234,0.0,92.33999633789062,0.0,92.4000015258789,87.88999938964844,91.63999938964844,0.0,77317200,4.092872468379538,0.005320421334041647
2002-07-16,58.7568473815918,0.0,90.55999755859375,0.0,92.37999725341797,89.87000274658203,91.12000274658203,0.0,53282400,4.073407697408738,-0.01946477097079935
2002-07-17,58.873634338378906,0.0,90.73999786376953,0.0,93.30000305175781,89.75,92.45999908447266,0.0,48880600,4.07539335611645,0.001985658707711835
2002-07-18,56.966129302978516,0.0,87.80000305175781,0.0,91.0999984741211,87.75,90.69999694824219,0.0,32656700,4.042456868459475,-0.032936487656975544
2002-07-19,54.96128463745117,0.0,84.70999908447266,0.0,87.55000305175781,84.30000305175781,86.76000213623047,0.0,77572600,4.006629021684796,-0.03582784677467821
2002-07-22,53.332740783691406,0.0,82.19999694824219,0.0,85.91000366210938,81.44999694824219,84.0999984741211,0.0,78134000,3.976550416198211,-0.030078605486585364
2002-07-23,51.87289047241211,0.0,79.94999694824219,0.0,83.23999786376953,79.75,82.55000305175781,0.0,74484100,3.948796312131939,-0.02775410406627188
2002-07-24,54.967769622802734,0.0,84.72000122070312,0.0,85.12000274658203,77.68000030517578,78.12999725341797,0.0,107022800,4.006747006605211,0.05795069447327217
2002-07-25,54.50060272216797,0.0,84.0,0.0,85.8499984741211,81.5999984741211,84.2699966430664,0.0,87176600,3.9982117607303946,-0.008535245874816688
2002-07-26,55.53873062133789,0.0,85.5999984741211,0.0,85.93000030517578,83.80000305175781,84.6500015258789,0.0,41206800,4.017080626402091,0.018868865671696433
2002-07-29,58.24427795410156,0.0,89.7699966430664,0.0,90.33999633789062,87.30000305175781,87.5,0.0,53492900,4.064645855073064,0.04756522867097335
2002-07-30,59.00339889526367,0.0,90.94000244140625,0.0,91.4000015258789,88.72000122070312,89.31999969482422,0.0,47532200,4.077595050640719,0.012949195567654392
2002-07-31,59.14614486694336,0.0,91.16000366210938,0.0,91.55000305175781,89.25,90.48999786376953,0.0,44669900,4.08001141276265,0.0024163621219308595
2002-08-01,57.601959228515625,0.0,88.77999877929688,0.0,91.3499984741211,88.33000183105469,90.87999725341797,0.0,66571900,4.053556581507321,-0.02645483125532877
2002-08-02,56.31080627441406,0.0,86.79000091552734,0.0,88.91000366210938,85.62000274658203,88.5,0.0,51772900,4.030886457658319,-0.02267012384900191
2002-08-05,54.35137939453125,0.0,83.7699966430664,0.0,86.93000030517578,83.55000305175781,86.48999786376953,0.0,47191300,3.995469993089337,-0.035416464568982065
2002-08-06,56.1810302734375,0.0,86.58999633789062,0.0,87.9000015258789,85.11000061035156,85.2300033569336,0.0,64730000,4.028579160301776,0.03310916721243906
2002-08-07,57.16075897216797,0.0,88.0999984741211,0.0,88.5,85.7699966430664,87.87000274658203,0.0,43289400,4.045867631003045,0.01728847070126882
2002-08-08,59.00991439819336,0.0,90.94999694824219,0.0,91.0999984741211,87.80000305175781,88.41999816894531,0.0,48339800,4.077705470435816,0.03183783943277163
2002-08-09,59.2304801940918,0.0,91.29000091552734,0.0,91.94000244140625,89.3499984741211,90.0999984741211,0.0,41879200,4.081436277534277,0.0037308070984609643
2002-08-12,58.79574966430664,0.0,90.62000274658203,0.0,91.2699966430664,89.55000305175781,89.98999786376953,0.0,25841700,4.074069567671287,-0.007366709862990817
2002-08-13,57.7252197265625,0.0,88.97000122070312,0.0,91.66000366210938,88.6500015258789,90.1500015258789,0.0,49690500,4.0556941616700835,-0.01837540600120313
2002-08-14,59.833885192871094,0.0,92.22000122070312,0.0,92.62999725341797,88.0199966430664,89.0199966430664,0.0,57423600,4.091572142496872,0.035877980826788836
2002-08-15,60.66438674926758,0.0,93.5,0.0,93.98999786376953,92.19999694824219,92.83999633789062,0.0,45551500,4.105356816646471,0.013784674149598608
2002-08-16,60.48271560668945,0.0,93.22000122070312,0.0,94.08000183105469,92.0,92.81999969482422,0.0,36517300,4.102357631767519,-0.0029991848789521214
2002-08-19,61.897117614746094,0.0,95.4000015258789,0.0,95.75,93.0999984741211,93.45999908447266,0.0,33669900,4.125473613416473,0.0231159816489539
2002-08-20,61.24178695678711,0.0,94.38999938964844,0.0,95.4000015258789,93.62000274658203,94.81999969482422,0.0,30508300,4.114829749932467,-0.010643863484006033
2002-08-21,62.12418746948242,0.0,95.75,0.0,95.77999877929688,93.56999969482422,95.05999755859375,0.0,39628900,4.129135405369209,0.014305655436742448
2002-08-22,62.727569580078125,0.0,96.68000030517578,0.0,97.1500015258789,95.06999969482422,95.48999786376953,0.0,38399800,4.138801057217765,0.009665651848555612
2002-08-23,61.37807083129883,0.0,94.5999984741211,0.0,96.1500015258789,94.1500015258789,96.01000213623047,0.0,33716400,4.1170526187742125,-0.02174843844355223
2002-08-26,61.80625534057617,0.0,95.26000213623047,0.0,95.63999938964844,93.5,94.91000366210938,0.0,33830100,4.124004578444511,0.006951959670298713
2002-08-27,61.092594146728516,0.0,94.16000366210938,0.0,96.25,93.5,95.69999694824219,0.0,35335700,4.112390650103331,-0.011613928341180468
2002-08-28,59.75602340698242,0.0,92.0999984741211,0.0,93.48999786376953,91.80000305175781,93.27999877929688,0.0,38970600,4.090269995889319,-0.022120654214011992
2002-08-29,59.78197479248047,0.0,92.13999938964844,0.0,93.05000305175781,90.80999755859375,91.2699966430664,0.0,42965700,4.090704190644069,0.00043419475475037217
2002-08-30,59.54838562011719,0.0,91.77999877929688,0.0,93.38999938964844,91.4000015258789,91.68000030517578,0.0,30366700,4.086789185780052,-0.003915004864016858
2002-09-03,57.277549743652344,0.0,88.27999877929688,0.0,91.0,88.1500015258789,90.7300033569336,0.0,76586400,4.047908744915724,-0.03888044086432796
2002-09-04,58.09505081176758,0.0,89.54000091552734,0.0,90.25,88.05999755859375,88.61000061035156,0.0,51099500,4.0620804762668135,0.014171731351089178
2002-09-05,57.601959228515625,0.0,88.77999877929688,0.0,89.43000030517578,87.5,88.48999786376953,0.0,67250900,4.053556581507321,-0.008523894759492556
2002-09-06,58.393516540527344,0.0,90.0,0.0,90.56999969482422,89.33999633789062,89.75,0.0,38622200,4.067204865529556,0.013648284022234947
2002-09-09,58.82172775268555,0.0,90.66000366210938,0.0,91.3499984741211,88.80000305175781,89.0999984741211,0.0,33998400,4.074511306252522,0.007306440722966379
2002-09-10,59.496482849121094,0.0,91.69999694824219,0.0,91.77999877929688,90.55999755859375,91.13999938964844,0.0,41416600,4.085917199024936,0.011405892772414106
2002-09-11,59.126678466796875,0.0,91.12999725341797,0.0,93.33000183105469,91.0999984741211,92.47000122070312,0.0,27711200,4.07968223485392,-0.006234964171015989
2002-09-12,58.03667068481445,0.0,89.44999694824219,0.0,90.83999633789062,88.98999786376953,90.75,0.0,43601700,4.061075063945036,-0.01860717090888464
2002-09-13,58.179412841796875,0.0,89.66999816894531,0.0,89.9000015258789,88.25,88.69000244140625,0.0,41131000,4.063531560919135,0.0024564969740996645
2002-09-16,58.322139739990234,0.0,89.88999938964844,0.0,89.88999938964844,88.45999908447266,89.30999755859375,0.0,28167600,4.065981776670534,0.002450215751398588
2002-09-17,56.98556137084961,0.0,87.83000183105469,0.0,91.19000244140625,87.75,90.88999938964844,0.0,47609700,4.0427979264629945,-0.023183850207539436
2002-09-18,56.41461181640625,0.0,86.94999694824219,0.0,88.5,86.27999877929688,87.01000213623047,0.0,54719400,4.032728199708919,-0.010069726754075248
2002-09-19,54.95477294921875,0.0,84.69999694824219,0.0,86.80000305175781,84.69999694824219,85.98999786376953,0.0,48510500,4.0065105369359255,-0.026217662772993755
2002-09-20,54.9730110168457,0.0,84.3499984741211,0.378,85.19999694824219,84.05000305175781,84.91999816894531,0.0,46325600,4.006842356010891,0.0003318190749652672
2002-09-23,54.523338317871094,0.0,83.66000366210938,0.0,84.05999755859375,82.69000244140625,83.6500015258789,0.0,46893800,3.9986288360225886,-0.00821351998830222
2002-09-24,53.643516540527344,0.0,82.30999755859375,0.0,83.6500015258789,81.8499984741211,82.44000244140625,0.0,69507000,3.982360614440014,-0.016268221582574682
2002-09-25,54.9730110168457,0.0,84.3499984741211,0.0,84.7699966430664,82.04000091552734,83.37000274658203,0.0,59294400,4.006842356010891,0.024481741570876903
2002-09-26,55.87239074707031,0.0,85.7300033569336,0.0,85.97000122070312,84.44999694824219,85.0199966430664,0.0,53638000,4.023070353804336,0.01622799779344497
2002-09-27,53.930259704589844,0.0,82.75,0.0,85.62999725341797,82.75,85.0,0.0,64648300,3.987691724924224,-0.03537862888011167
2002-09-30,53.30458450317383,0.0,81.79000091552734,0.0,82.80000305175781,80.9000015258789,82.0,0.0,73096400,3.976022340665631,-0.011669384258592874
2002-10-01,55.86589050292969,0.0,85.72000122070312,0.0,85.7699966430664,81.47000122070312,82.43000030517578,0.0,67198100,4.022954006137712,0.04693166547208083
2002-10-02,54.19096374511719,0.0,83.1500015258789,0.0,85.52999877929688,82.5999984741211,84.69000244140625,0.0,56749100,3.992514173976388,-0.030439832161324176
2002-10-03,53.643516540527344,0.0,82.30999755859375,0.0,84.5999984741211,81.94999694824219,83.13999938964844,0.0,55547000,3.982360614440014,-0.01015355953637398
2002-10-04,52.659393310546875,0.0,80.80000305175781,0.0,82.91999816894531,79.58000183105469,82.80000305175781,0.0,68483700,3.9638446331234625,-0.01851598131655141
2002-10-07,51.571022033691406,0.0,79.12999725341797,0.0,81.19999694824219,78.55000305175781,80.05999755859375,0.0,53188000,3.942959926243283,-0.020884706880179404
2002-10-08,52.379173278808594,0.0,80.37000274658203,0.0,81.30999755859375,78.19999694824219,79.80999755859375,0.0,79531000,3.9585090558089355,0.015549129565652464
2002-10-09,50.899723052978516,0.0,78.0999984741211,0.0,79.69999694824219,77.77999877929688,79.08999633789062,0.0,79956400,3.9298574825392882,-0.02865157326964729
2002-10-10,52.548606872558594,0.0,80.62999725341797,0.0,81.06999969482422,77.06999969482422,77.94000244140625,0.0,76749000,3.961738586458869,0.03188110391958077
2002-10-11,54.849220275878906,0.0,84.16000366210938,0.0,84.7300033569336,81.81999969482422,82.0999984741211,0.0,82308300,4.004587971048253,0.042849384589384254
2002-10-14,55.155513763427734,0.0,84.62999725341797,0.0,84.8499984741211,83.04000091552734,83.19999694824219,0.0,40631900,4.010156718280105,0.005568747231851745
2002-10-15,57.80802917480469,0.0,88.69999694824219,0.0,88.72000122070312,86.8499984741211,86.98999786376953,0.0,82320300,4.057127679089711,0.046970960809606055
2002-10-16,56.40682601928711,0.0,86.55000305175781,0.0,87.80000305175781,85.91999816894531,87.41000366210938,0.0,62977800,4.032590179891394,-0.024537499198316937
2002-10-17,57.52777862548828,0.0,88.2699966430664,0.0,89.30000305175781,87.8499984741211,88.87000274658203,0.0,68534100,4.052267937675147,0.019677757783752803
2002-10-18,57.76890182495117,0.0,88.63999938964844,0.0,89.11000061035156,86.93000030517578,87.6500015258789,0.0,47448700,4.056450600177685,0.004182662502538292
2002-10-21,58.766075134277344,0.0,90.16999816894531,0.0,90.5,87.56999969482422,88.12000274658203,0.0,45859100,4.073564734904181,0.017114134726496033
2002-10-22,58.34244918823242,0.0,89.5199966430664,0.0,90.01000213623047,88.5199966430664,89.05000305175781,0.0,40966800,4.066329944844509,-0.007234790059672314
2002-10-23,58.785614013671875,0.0,90.19999694824219,0.0,90.2699966430664,87.68000030517578,88.7699966430664,0.0,54905800,4.0738971653391,0.0075672204945913535
2002-10-24,57.58645248413086,0.0,88.36000061035156,0.0,90.9000015258789,88.0999984741211,90.75,0.0,54987400,4.053287340109721,-0.020609825229379375
2002-10-25,58.785614013671875,0.0,90.19999694824219,0.0,90.38999938964844,87.94000244140625,88.20999908447266,0.0,43672100,4.0738971653391,0.020609825229379375
2002-10-28,58.401092529296875,0.0,89.61000061035156,0.0,91.29000091552734,88.8499984741211,91.1500015258789,0.0,39416100,4.067334597352635,-0.006562567986465595
2002-10-29,57.723297119140625,0.0,88.56999969482422,0.0,89.48999786376953,87.0,89.08000183105469,0.0,59508200,4.055660854920468,-0.011673742432166456
2002-10-30,58.28380584716797,0.0,89.43000030517578,0.0,89.95999908447266,88.2300033569336,88.68000030517578,0.0,41688600,4.065324281994594,0.00966342707412604
2002-10-31,57.69074249267578,0.0,88.5199966430664,0.0,90.30000305175781,88.19000244140625,89.66000366210938,0.0,41620600,4.055096718573838,-0.010227563420756702
2002-11-01,58.831241607666016,0.0,90.2699966430664,0.0,90.81999969482422,88.05000305175781,88.3499984741211,0.0,51878900,4.074673033662428,0.01957631508859059
2002-11-04,59.3917350769043,0.0,91.12999725341797,0.0,92.94000244140625,90.9000015258789,91.80000305175781,0.0,49080600,4.084155076568258,0.009482042905830212
2002-11-05,59.86098861694336,0.0,91.8499984741211,0.0,92.06999969482422,90.83999633789062,90.83999633789062,0.0,37270800,4.092025017773362,0.007869941205103537
2002-11-06,60.63650894165039,0.0,93.04000091552734,0.0,93.06999969482422,90.79000091552734,92.4800033569336,0.0,65013100,4.1048971694534435,0.0128721516800816
2002-11-07,59.150604248046875,0.0,90.76000213623047,0.0,92.22000122070312,90.22000122070312,92.0199966430664,0.0,51572000,4.080086805892875,-0.02481036356056876
2002-11-08,58.42716979980469,0.0,89.6500015258789,0.0,91.56999969482422,89.5199966430664,90.52999877929688,0.0,37905400,4.0677810179433544,-0.012305787949520308
2002-11-11,57.521270751953125,0.0,88.26000213623047,0.0,89.55999755859375,87.80000305175781,89.51000213623047,0.0,33505100,4.05215480551843,-0.015626212424924013
2002-11-12,57.97750473022461,0.0,88.95999908447266,0.0,89.93000030517578,88.37000274658203,88.66000366210938,0.0,37724500,4.06005508583447,0.007900280316039954
2002-11-13,58.0361328125,0.0,89.05000305175781,0.0,89.73999786376953,87.44999694824219,88.31999969482422,0.0,63891500,4.061065796101093,0.001010710266622361
2002-11-14,59.131046295166016,0.0,90.7300033569336,0.0,91.0,89.75,90.06999969482422,0.0,31896800,4.079756104503956,0.018690308402863565
2002-11-15,59.56770706176758,0.0,91.4000015258789,0.0,91.55000305175781,89.94999694824219,90.0,0.0,39152100,4.087113599406873,0.007357494902916706
2002-11-18,58.968116760253906,0.0,90.4800033569336,0.0,92.1500015258789,90.3499984741211,92.1500015258789,0.0,28934800,4.076996903946314,-0.010116695460559377
2002-11-19,58.889915466308594,0.0,90.36000061035156,0.0,91.0999984741211,89.76000213623047,90.0199966430664,0.0,32806600,4.075669861504754,-0.0013270424415594562
2002-11-20,60.19987869262695,0.0,92.37000274658203,0.0,92.41999816894531,89.94999694824219,89.9800033569336,0.0,36688400,4.097670337240103,0.022000475735349134
2002-11-21,61.32082748413086,0.0,94.08999633789062,0.0,94.19000244140625,92.43000030517578,92.5999984741211,0.0,55128200,4.116119548435245,0.018449211195141757
2002-11-22,60.88420104980469,0.0,93.41999816894531,0.0,94.2699966430664,93.2699966430664,93.4800033569336,0.0,32513800,4.108973716589957,-0.007145831845288164
2002-11-25,60.92328643798828,0.0,93.4800033569336,0.0,94.26000213623047,92.7699966430664,93.43000030517578,0.0,33846400,4.109615473354359,0.000641756764402146
2002-11-26,59.76319885253906,0.0,91.69999694824219,0.0,93.44999694824219,91.62000274658203,93.06999969482422,0.0,42284700,4.090390067714246,-0.019225405640113102
2002-11-27,61.44467544555664,0.0,94.27999877929688,0.0,94.6500015258789,92.43000030517578,92.5199966430664,0.0,37764000,4.11813718369082,0.027747115976573866
2002-11-29,61.249168395996094,0.0,93.9800033569336,0.0,94.94999694824219,93.7699966430664,94.80000305175781,0.0,19385700,4.114950272124438,-0.003186911566381845
2002-12-02,61.34690475463867,0.0,94.12999725341797,0.0,96.05000305175781,93.22000122070312,95.47000122070312,0.0,49911900,4.1165447176370344,0.0015944455125964652
2002-12-03,60.52573013305664,0.0,92.87000274658203,0.0,93.4000015258789,92.3499984741211,93.25,0.0,34407700,4.103068566081499,-0.013476151555535054
2002-12-04,60.251991271972656,0.0,92.44999694824219,0.0,93.13999938964844,91.43000030517578,91.7699966430664,0.0,64040800,4.098535621981842,-0.004532944099657321
2002-12-05,59.58726119995117,0.0,91.43000030517578,0.0,92.80000305175781,91.0999984741211,92.7300033569336,0.0,36724900,4.087441812970175,-0.011093809011667233
2002-12-06,59.978267669677734,0.0,92.02999877929688,0.0,92.16999816894531,89.9800033569336,90.12000274658203,0.0,49824100,4.093982291104472,0.006540478134296812
2002-12-09,58.32939529418945,0.0,89.5,0.0,91.45999908447266,89.4800033569336,91.06999969482422,0.0,36789600,4.066106173734086,-0.027876117370385423
2002-12-10,59.11146926879883,0.0,90.69999694824219,0.0,91.0999984741211,89.76000213623047,90.0199966430664,0.0,33319900,4.079424971045696,0.013318797311609565
2002-12-11,59.163597106933594,0.0,90.77999877929688,0.0,91.62000274658203,90.16000366210938,90.41999816894531,0.0,39201000,4.080306439018741,0.0008814679730448916
2002-12-12,59.15711212158203,0.0,90.7699966430664,0.0,91.48999786376953,90.19999694824219,91.19999694824219,0.0,34465600,4.080196821938174,-0.00010961708056633768
2002-12-13,58.22515106201172,0.0,89.33999633789062,0.0,90.4800033569336,89.2699966430664,89.91000366210938,0.0,36862200,4.064317410219795,-0.015879411718379366
2002-12-16,59.730628967285156,0.0,91.6500015258789,0.0,91.79000091552734,89.66000366210938,89.81999969482422,0.0,37098400,4.089844936862641,0.025527526642846077
2002-12-17,59.209232330322266,0.0,90.8499984741211,0.0,91.73999786376953,90.73999786376953,91.37000274658203,0.0,32353900,4.081077481256499,-0.008767455606141894
2002-12-18,58.524925231933594,0.0,89.80000305175781,0.0,90.4000015258789,89.33000183105469,90.31999969482422,0.0,35612600,4.069452735835511,-0.011624745420988347
2002-12-19,58.10783386230469,0.0,89.16000366210938,0.0,90.69999694824219,88.5999984741211,89.3499984741211,0.0,39264200,4.062300488887404,-0.0071522469481068995
2002-12-20,58.9370002746582,0.0,89.98999786376953,0.436,90.0199966430664,89.0999984741211,89.19999694824219,0.0,31176900,4.076469081454794,0.014168592567390448
2002-12-23,58.95659255981445,0.0,90.0199966430664,0.0,90.47000122070312,89.30999755859375,89.58999633789062,0.0,22599300,4.076801453806261,0.0003323723514663257
2002-12-24,58.517822265625,0.0,89.3499984741211,0.0,89.86000061035156,89.25,89.58999633789062,0.0,10937000,4.0693313619534175,-0.007470091852843197
2002-12-26,58.54401397705078,0.0,89.38999938964844,0.0,90.61000061035156,88.83999633789062,89.69999694824219,0.0,17485600,4.069778847021199,0.0004474850677818054
2002-12-27,57.22760009765625,0.0,87.37999725341797,0.0,89.29000091552734,87.37999725341797,88.95999908447266,0.0,22205700,4.047036301200596,-0.022742545820602977
2002-12-30,57.7056884765625,0.0,88.11000061035156,0.0,88.47000122070312,87.22000122070312,87.79000091552734,0.0,29968000,4.055355755770131,0.00831945456953509
2002-12-31,57.78429412841797,0.0,88.2300033569336,0.0,88.43000030517578,87.11000061035156,87.98999786376953,0.0,34036600,4.05671701087158,0.0013612551014485774
2003-01-02,59.64430618286133,0.0,91.06999969482422,0.0,91.30000305175781,88.54000091552734,88.8499984741211,0.0,44516300,4.088398690221979,0.031681679350398895
2003-01-03,59.82768249511719,0.0,91.3499984741211,0.0,91.37999725341797,90.5,90.91000366210938,0.0,32222600,4.0914684718216625,0.0030697815996836297
2003-01-06,60.882110595703125,0.0,92.95999908447266,0.0,93.48999786376953,91.16999816894531,91.23999786376953,0.0,40984500,4.108939381081663,0.017470909260000056
2003-01-07,60.731449127197266,0.0,92.7300033569336,0.0,93.37000274658203,92.19999694824219,92.9000015258789,0.0,38640400,4.106461671426167,-0.0024777096554959854
2003-01-08,59.8538818359375,0.0,91.38999938964844,0.0,92.4000015258789,91.05000305175781,92.19999694824219,0.0,38702200,4.091906289314862,-0.014555382111304915
2003-01-09,60.78382873535156,0.0,92.80999755859375,0.0,93.18000030517578,91.41000366210938,91.81999969482422,0.0,34804900,4.107323778847058,0.015417489532196349
2003-01-10,60.947574615478516,0.0,93.05999755859375,0.0,93.63999938964844,91.80000305175781,91.94999694824219,0.0,37768900,4.110014062116297,0.0026902832692385914
2003-01-13,60.92795181274414,0.0,93.02999877929688,0.0,93.86000061035156,92.44000244140625,93.54000091552734,0.0,31649900,4.109692048280065,-0.0003220138362314273
2003-01-14,61.12443542480469,0.0,93.33000183105469,0.0,93.83000183105469,92.41000366210938,92.69000244140625,0.0,30733000,4.112911711348367,0.0032196630683021255
2003-01-15,60.515323638916016,0.0,92.4000015258789,0.0,93.56999969482422,91.91000366210938,93.54000091552734,0.0,33511800,4.102896616253867,-0.010015095094500381
2003-01-16,60.266448974609375,0.0,92.0199966430664,0.0,92.93000030517578,91.44999694824219,92.5,0.0,44812100,4.098775547136475,-0.004121069117392295
2003-01-17,59.37577819824219,0.0,90.66000366210938,0.0,92.30000305175781,90.1500015258789,90.98999786376953,0.0,35618300,4.083886368765627,-0.014889178370848022
2003-01-21,58.452308654785156,0.0,89.25,0.0,90.91999816894531,88.94999694824219,90.87000274658203,0.0,36826200,4.068211185081342,-0.015675183684284555
2003-01-22,57.74495315551758,0.0,88.16999816894531,0.0,89.80000305175781,88.0,88.7699966430664,0.0,42286500,4.0560359543366165,-0.012175230744725596
2003-01-23,58.0986442565918,0.0,88.70999908447266,0.0,89.37999725341797,87.94999694824219,88.75,0.0,55919800,4.062142328931422,0.006106374594805786
2003-01-24,56.572669982910156,0.0,86.37999725341797,0.0,88.68000030517578,86.16999816894531,88.58999633789062,0.0,68633900,4.035526006100749,-0.026616322830673056
2003-01-27,55.79988479614258,0.0,85.19999694824219,0.0,86.80000305175781,84.5,85.7300033569336,0.0,57884400,4.021771804799876,-0.013754201300873348
2003-01-28,56.212467193603516,0.0,85.83000183105469,0.0,86.4000015258789,85.12999725341797,85.62999725341797,0.0,46929100,4.029138568482753,0.007366763682877142
2003-01-29,56.638179779052734,0.0,86.4800033569336,0.0,87.18000030517578,84.7699966430664,85.41999816894531,0.0,53712200,4.036683312199804,0.007544743717050828
2003-01-30,55.2955436706543,0.0,84.43000030517578,0.0,86.87999725341797,84.4000015258789,86.79000091552734,0.0,49845900,4.012692320663711,-0.023990991536092743
2003-01-31,56.36307144165039,0.0,86.05999755859375,0.0,86.20999908447266,84.1500015258789,84.1500015258789,0.0,55317000,4.031814182381109,0.019121861717398048
2003-02-03,56.474430084228516,0.0,86.2300033569336,0.0,86.80999755859375,85.91999816894531,86.13999938964844,0.0,39696000,4.033787970833091,0.001973788451981484
2003-02-04,55.91775131225586,0.0,85.37999725341797,0.0,85.75,84.30000305175781,85.30999755859375,0.0,43633400,4.0238818845321696,-0.009906086300921046
2003-02-05,55.57062530517578,0.0,84.8499984741211,0.0,86.54000091552734,84.4800033569336,85.75,0.0,55270600,4.017654739796017,-0.006227144736152823
2003-02-06,55.30867385864258,0.0,84.44999694824219,0.0,84.88999938964844,83.6500015258789,84.37000274658203,0.0,53638000,4.01292974719849,-0.004724992597526345
2003-02-07,54.63406753540039,0.0,83.41999816894531,0.0,84.98999786376953,82.97000122070312,84.91000366210938,0.0,43165000,4.000657635711334,-0.012272111487156678
2003-02-10,55.0204963684082,0.0,84.01000213623047,0.0,84.12999725341797,82.6500015258789,83.45999908447266,0.0,45455900,4.0077057770553015,0.0070481413439678064
2003-02-11,54.640628814697266,0.0,83.43000030517578,0.0,84.87999725341797,82.83000183105469,84.37000274658203,0.0,46861000,4.000777723518007,-0.006928053537294865
2003-02-12,53.76956558227539,0.0,82.0999984741211,0.0,83.62000274658203,82.08999633789062,83.16000366210938,0.0,35873600,3.9847076116049327,-0.016070111913073948
2003-02-13,53.93333053588867,0.0,82.3499984741211,0.0,82.66000366210938,81.0,82.1500015258789,0.0,57934100,3.9877486640877144,0.0030410524827817476
2003-02-14,55.11219787597656,0.0,84.1500015258789,0.0,84.19999694824219,81.81999969482422,82.37000274658203,0.0,59580900,4.009371068718049,0.02162240463033438
2003-02-18,56.081485748291016,0.0,85.62999725341797,0.0,85.80000305175781,84.38999938964844,84.52999877929688,0.0,39492700,4.0268057357472,0.017434667029150752
2003-02-19,55.78675079345703,0.0,85.18000030517578,0.0,85.47000122070312,84.27999877929688,85.31999969482422,0.0,31432000,4.021536400216221,-0.005269335530978303
2003-02-20,55.23006820678711,0.0,84.33000183105469,0.0,85.41999816894531,84.05000305175781,85.20999908447266,0.0,29280100,4.011507518871362,-0.010028881344859464
2003-02-21,55.78675079345703,0.0,85.18000030517578,0.0,85.73999786376953,83.45999908447266,84.37999725341797,0.0,60955800,4.021536400216221,0.010028881344859464
2003-02-24,54.882972717285156,0.0,83.80000305175781,0.0,85.0,83.58999633789062,84.93000030517578,0.0,30628600,4.005203149539634,-0.01633325067658742
2003-02-25,55.321781158447266,0.0,84.47000122070312,0.0,84.48999786376953,82.22000122070312,82.94999694824219,0.0,56770600,4.013166703647128,0.007963554107494275
2003-02-26,54.51618957519531,0.0,83.23999786376953,0.0,84.52999877929688,83.08000183105469,84.0199966430664,0.0,37787200,3.9984977139822764,-0.01466898966485175
2003-02-27,55.236610412597656,0.0,84.33999633789062,0.0,84.75,83.16000366210938,83.69999694824219,0.0,51126000,4.011625965554107,0.013128251571830951
2003-02-28,55.603336334228516,0.0,84.9000015258789,0.0,85.2300033569336,84.16000366210938,84.47000122070312,0.0,43666800,4.018243205467552,0.006617239913444983
2003-03-03,55.072872161865234,0.0,84.08999633789062,0.0,85.77999877929688,83.72000122070312,85.26000213623047,0.0,42923100,4.008657256660434,-0.009585948807118605
2003-03-04,54.195281982421875,0.0,82.75,0.0,84.01000213623047,82.6500015258789,83.94999694824219,0.0,31440500,3.9925938563618786,-0.01606340029855513
2003-03-05,54.65373229980469,0.0,83.44999694824219,0.0,83.54000091552734,82.36000061035156,82.61000061035156,0.0,43974700,4.001017506889016,0.00842365052713756
2003-03-06,54.195281982421875,0.0,82.75,0.0,83.5199966430664,82.47000122070312,82.87000274658203,0.0,41217700,3.9925938563618786,-0.00842365052713756
2003-03-07,54.5685920715332,0.0,83.31999969482422,0.0,83.98999786376953,81.43000030517578,81.61000061035156,0.0,63538000,3.9994584804535984,0.00686462409171984
2003-03-10,53.25871276855469,0.0,81.31999969482422,0.0,82.86000061035156,81.0999984741211,82.5999984741211,0.0,41014100,3.975161411271986,-0.02429706918161223
2003-03-11,52.73479461669922,0.0,80.5199966430664,0.0,82.0,80.4800033569336,81.4800033569336,0.0,48102700,3.965275477091226,-0.009885934180760003
2003-03-12,53.08845138549805,0.0,81.05999755859375,0.0,81.0999984741211,79.37999725341797,80.37999725341797,0.0,62459800,3.9719594165618894,0.006683939470663258
2003-03-13,54.92228698730469,0.0,83.86000061035156,0.0,83.91000366210938,81.52999877929688,82.18000030517578,0.0,72117800,4.005919222190529,0.033959805628639206
2003-03-14,55.099090576171875,0.0,84.12999725341797,0.0,84.7699966430664,83.3499984741211,84.19999694824219,0.0,63951800,4.009133211053003,0.0032139888624742596
2003-03-17,56.8346061706543,0.0,86.77999877929688,0.0,86.94999694824219,83.22000122070312,83.45999908447266,0.0,88217500,4.040145403769268,0.031012192716264764
2003-03-18,57.16865158081055,0.0,87.29000091552734,0.0,87.3499984741211,86.27999877929688,87.1500015258789,0.0,50792300,4.04600569886532,0.005860295096052681
2003-03-19,57.60745620727539,0.0,87.95999908447266,0.0,88.16000366210938,86.68000030517578,87.27999877929688,0.0,49630800,4.0536520073671465,0.007646308501826127
2003-03-20,57.73191833496094,0.0,88.1500015258789,0.0,88.58999633789062,86.3499984741211,87.33000183105469,0.0,67321600,4.055810197950186,0.0021581905830396764
2003-03-21,58.964168548583984,0.0,89.66999816894531,0.354,89.87999725341797,87.93000030517578,88.80000305175781,0.0,71165300,4.076929946680776,0.021119748730590082
2003-03-24,57.00465393066406,0.0,86.69000244140625,0.0,88.13999938964844,86.3499984741211,88.0199966430664,0.0,65398900,4.043132912407929,-0.033797034272847526
2003-03-25,57.55039596557617,0.0,87.5199966430664,0.0,88.26000213623047,86.44000244140625,86.73999786376953,0.0,61040100,4.052661015519134,0.009528103111205333
2003-03-26,57.26108169555664,0.0,87.08000183105469,0.0,87.8499984741211,86.80000305175781,87.55999755859375,0.0,45740800,4.04762119043734,-0.005039825081794014
2003-03-27,57.3071174621582,0.0,87.1500015258789,0.0,87.66000366210938,85.98999786376953,86.4000015258789,0.0,53120200,4.048424830006044,0.0008036395687041065
2003-03-28,57.017757415771484,0.0,86.70999908447266,0.0,87.27999877929688,86.25,86.47000122070312,0.0,32583000,4.043362752928057,-0.005062077077987226
2003-03-31,55.722354888916016,0.0,84.73999786376953,0.0,86.58999633789062,84.4000015258789,85.3499984741211,0.0,61119500,4.0203814109208516,-0.022981342007205363
2003-04-01,56.57717514038086,0.0,86.04000091552734,0.0,86.38999938964844,84.91000366210938,85.25,0.0,53574000,4.035605637804499,0.015224226883647773
2003-04-02,57.9449577331543,0.0,88.12000274658203,0.0,88.7699966430664,87.5,87.54000091552734,0.0,50431200,4.059493555355668,0.02388791755116859
2003-04-03,57.66879653930664,0.0,87.69999694824219,0.0,88.98999786376953,87.6500015258789,88.87000274658203,0.0,48755500,4.054716239355248,-0.004777316000420306
2003-04-04,58.01070785522461,0.0,88.22000122070312,0.0,88.58999633789062,87.62000274658203,88.43000030517578,0.0,36250100,4.060627611700106,0.005911372344858279
2003-04-07,57.89894485473633,0.0,88.05000305175781,0.0,90.8499984741211,87.97000122070312,90.33999633789062,0.0,69776200,4.058699160833215,-0.0019284508668908629
2003-04-08,57.990943908691406,0.0,88.19000244140625,0.0,88.6500015258789,87.70999908447266,88.30000305175781,0.0,39712700,4.060286858850057,0.0015876980168423316
2003-04-09,57.22822189331055,0.0,87.02999877929688,0.0,89.0999984741211,86.7699966430664,88.36000061035156,0.0,55647300,4.047047166452245,-0.01323969239781242
2003-04-10,57.543846130371094,0.0,87.51000213623047,0.0,87.62999725341797,85.70999908447266,87.08999633789062,0.0,41812400,4.052547198614085,0.005500032161839918
2003-04-11,57.3071174621582,0.0,87.1500015258789,0.0,88.69999694824219,86.86000061035156,88.16000366210938,0.0,47730100,4.048424830006044,-0.004122368608040716
2003-04-14,58.4907341003418,0.0,88.94999694824219,0.0,89.0,87.0,87.47000122070312,0.0,36711700,4.068868350245412,0.02044352023936824
2003-04-15,59.03650665283203,0.0,89.77999877929688,0.0,89.77999877929688,88.41999816894531,88.83999633789062,0.0,49709800,4.078156009382305,0.009287659136892223
2003-04-16,58.03044891357422,0.0,88.25,0.0,90.05999755859375,88.02999877929688,89.91000366210938,0.0,51788000,4.060967854060484,-0.017188155321820275
2003-04-17,58.89183044433594,0.0,89.55999755859375,0.0,89.72000122070312,88.19000244140625,88.30000305175781,0.0,37403100,4.075702378903995,0.014734524843510677
2003-04-21,58.951026916503906,0.0,89.6500015258789,0.0,90.16000366210938,89.05999755859375,89.86000061035156,0.0,32052700,4.076707046958944,0.0010046680549491427
2003-04-22,60.06230545043945,0.0,91.33999633789062,0.0,91.55999755859375,88.88999938964844,89.0999984741211,0.0,59763600,4.095382447606672,0.018675400647727436
2003-04-23,60.61464309692383,0.0,92.18000030517578,0.0,92.3499984741211,91.23999786376953,91.62000274658203,0.0,44227100,4.10453649914894,0.009154051542268782
2003-04-24,60.0754508972168,0.0,91.36000061035156,0.0,92.08000183105469,90.95999908447266,91.52999877929688,0.0,49692400,4.095601287166015,-0.008935211982925573
2003-04-25,59.332420349121094,0.0,90.2300033569336,0.0,91.47000122070312,90.0199966430664,91.30000305175781,0.0,43917200,4.083155874131225,-0.012445413034789965
2003-04-28,60.35821533203125,0.0,91.79000091552734,0.0,92.19000244140625,90.30000305175781,90.44000244140625,0.0,46432900,4.10029706639877,0.017141192267545513
2003-04-29,60.56865310668945,0.0,92.11000061035156,0.0,92.80000305175781,91.4000015258789,92.13999938964844,0.0,52017100,4.103777483774989,0.0034804173762186252
2003-04-30,60.4371452331543,0.0,91.91000366210938,0.0,92.56999969482422,91.41000366210938,91.91000366210938,0.0,48709100,4.101603903217452,-0.002173580557537136
2003-05-01,60.4305419921875,0.0,91.9000015258789,0.0,92.7300033569336,90.5,91.91999816894531,0.0,50240400,4.101494639259069,-0.00010926395838239955
2003-05-02,61.29196548461914,0.0,93.20999908447266,0.0,93.47000122070312,91.48999786376953,91.55999755859375,0.0,50201500,4.115648765585496,0.014154126326426208
2003-05-05,61.173614501953125,0.0,93.02999877929688,0.0,93.77999877929688,92.5,93.47000122070312,0.0,35437800,4.11371596096361,-0.0019328046218856088
2003-05-06,61.752281188964844,0.0,93.91000366210938,0.0,94.37999725341797,93.0,93.04000091552734,0.0,44401000,4.12313091715715,0.009414956193539936
2003-05-07,61.41033935546875,0.0,93.38999938964844,0.0,94.13999938964844,92.97000122070312,93.41999816894531,0.0,41413100,4.117578214388061,-0.005552702769088924
2003-05-08,60.792205810546875,0.0,92.44999694824219,0.0,93.33000183105469,92.27999877929688,92.5199966430664,0.0,40570700,4.107461586849102,-0.010116627538959477
2003-05-09,61.6338996887207,0.0,93.7300033569336,0.0,93.80000305175781,92.61000061035156,92.83000183105469,0.0,33608100,4.121212038791253,0.013750451942151187
2003-05-12,62.39010238647461,0.0,94.87999725341797,0.0,95.12000274658203,93.27999877929688,93.5,0.0,35662300,4.133406647193229,0.012194608401975948
2003-05-13,62.27833938598633,0.0,94.70999908447266,0.0,95.18000030517578,94.26000213623047,94.52999877929688,0.0,39253600,4.131613682929942,-0.0017929642632870113
2003-05-14,62.146827697753906,0.0,94.51000213623047,0.0,95.23999786376953,93.91000366210938,95.08999633789062,0.0,32195100,4.129499773979082,-0.002113908950859944
2003-05-15,62.541343688964844,0.0,95.11000061035156,0.0,95.33000183105469,94.25,94.88999938964844,0.0,43879200,4.135827837071753,0.006328063092671421
2003-05-16,62.3835334777832,0.0,94.87000274658203,0.0,95.44999694824219,94.26000213623047,94.88999938964844,0.0,38905000,4.133301353977206,-0.0025264830945470607
2003-05-19,60.923736572265625,0.0,92.6500015258789,0.0,94.41999816894531,92.33000183105469,94.1500015258789,0.0,41606000,4.1096228618693385,-0.023678492107867655
2003-05-20,60.79881286621094,0.0,92.45999908447266,0.0,93.02999877929688,91.58999633789062,92.81999969482422,0.0,55404600,4.107570263554708,-0.0020525983146306714
2003-05-21,60.923736572265625,0.0,92.6500015258789,0.0,92.87999725341797,91.91000366210938,92.11000061035156,0.0,49333800,4.1096228618693385,0.0020525983146306714
2003-05-22,61.52869415283203,0.0,93.56999969482422,0.0,94.05000305175781,92.68000030517578,92.94999694824219,0.0,38421800,4.1195036375925564,0.009880775723217994
2003-05-23,61.65364074707031,0.0,93.76000213623047,0.0,93.9800033569336,93.13999938964844,93.52999877929688,0.0,26155900,4.121532282969189,0.0020286453766322765
2003-05-27,62.73203659057617,0.0,95.4000015258789,0.0,95.83999633789062,93.06999969482422,93.30000305175781,0.0,43719200,4.138872267556076,0.017339984586887347
2003-05-28,62.90956497192383,0.0,95.66999816894531,0.0,96.47000122070312,95.43000030517578,95.8499984741211,0.0,37727100,4.141698218471776,0.0028259509156995932
2003-05-29,62.74518966674805,0.0,95.41999816894531,0.0,96.81999969482422,95.08000183105469,95.87999725341797,0.0,50844200,4.139081916376223,-0.002616302095552747
2003-05-30,63.75125503540039,0.0,96.94999694824219,0.0,97.08999633789062,95.55999755859375,95.9000015258789,0.0,52529500,4.154988870674562,0.015906954298339215
2003-06-02,64.01431274414062,0.0,97.3499984741211,0.0,98.44999694824219,96.66999816894531,97.52999877929688,0.0,50305500,4.159106694983926,0.0041178243093638045
2003-06-03,64.27734375,0.0,97.75,0.0,97.83999633789062,96.8499984741211,97.1500015258789,0.0,38254500,4.163207216897878,0.004100521913952271
2003-06-04,65.20450592041016,0.0,99.16000366210938,0.0,99.3499984741211,97.56999969482422,97.66000366210938,0.0,49360700,4.177528575753421,0.014321358855542421
2003-06-05,65.52671813964844,0.0,99.6500015258789,0.0,99.6500015258789,98.2699966430664,98.58000183105469,0.0,46262400,4.182457969997308,0.004929394243887053
2003-06-06,65.270263671875,0.0,99.26000213623047,0.0,101.4000015258789,99.12999725341797,100.4000015258789,0.0,60356800,4.178536552349017,-0.003921417648290237
2003-06-09,64.60612487792969,0.0,98.25,0.0,99.0999984741211,97.7699966430664,98.7699966430664,0.0,37808500,4.168309218646002,-0.010227333703015873
2003-06-10,65.26367950439453,0.0,99.25,0.0,99.26000213623047,98.19000244140625,98.45999908447266,0.0,29965900,4.178435671806748,0.010126453160746784
2003-06-11,65.95409393310547,0.0,100.30000305175781,0.0,100.38999938964844,98.70999908447266,99.16000366210938,0.0,37610200,4.188958953553659,0.010523281746910307
2003-06-12,66.1579818725586,0.0,100.61000061035156,0.0,100.9000015258789,99.62000274658203,100.75,0.0,36442000,4.192045546510142,0.0030865929564836136
2003-06-13,65.46753692626953,0.0,99.55999755859375,0.0,100.75,98.94999694824219,100.61000061035156,0.0,48628300,4.181554400335026,-0.010491146175116484
2003-06-16,66.84842681884766,0.0,101.66000366210938,0.0,101.69999694824219,99.80000305175781,99.95999908447266,0.0,36326300,4.202427770269516,0.02087336993449007
2003-06-17,66.84842681884766,0.0,101.66000366210938,0.0,102.18000030517578,101.2300033569336,102.06999969482422,0.0,36801800,4.202427770269516,0.0
2003-06-18,66.78923797607422,0.0,101.56999969482422,0.0,102.13999938964844,101.0,101.29000091552734,0.0,35521000,4.2015419594206875,-0.0008858108488283278
2003-06-19,65.77003479003906,0.0,100.0199966430664,0.0,101.7300033569336,99.83999633789062,101.63999938964844,0.0,43551700,4.186164336278287,-0.015377623142400765
2003-06-20,65.62483978271484,0.0,99.44000244140625,0.36,100.5,99.41999816894531,100.38999938964844,0.0,41545000,4.183954279502558,-0.0022100567757288303
2003-06-23,64.95167541503906,0.0,98.41999816894531,0.0,99.66000366210938,97.91999816894531,99.44999694824219,0.0,34237500,4.173643538242557,-0.010310741260000533
2003-06-24,65.0176773071289,0.0,98.5199966430664,0.0,99.08999633789062,98.0199966430664,98.22000122070312,0.0,36213600,4.174659191492823,0.0010156532502652027
2003-06-25,64.36430358886719,0.0,97.52999877929688,0.0,99.44000244140625,97.52999877929688,98.52999877929688,0.0,47743400,4.164559187335317,-0.010100004157505893
2003-06-26,65.20248413085938,0.0,98.80000305175781,0.0,98.9800033569336,96.95999908447266,97.77999877929688,0.0,33477300,4.1774975683733695,0.012938381038052782
2003-06-27,64.45012664794922,0.0,97.66000366210938,0.0,99.19000244140625,97.58000183105469,98.75,0.0,54208800,4.1658916944406625,-0.011605873932706956
2003-06-30,64.43032836914062,0.0,97.62999725341797,0.0,98.66999816894531,97.47000122070312,98.22000122070312,0.0,33349000,4.165584459663105,-0.0003072347775576745
2003-07-01,65.02426147460938,0.0,98.52999877929688,0.0,98.8499984741211,96.43000030517578,97.25,0.0,51322800,4.174760453709424,0.00917599404631897
2003-07-02,65.84260559082031,0.0,99.7699966430664,0.0,99.79000091552734,98.56999969482422,98.7699966430664,0.0,34662100,4.1872671301729465,0.012506676463522659
2003-07-03,65.16282653808594,0.0,98.73999786376953,0.0,99.8499984741211,97.9000015258789,99.06999969482422,0.0,30792800,4.176889161216692,-0.010377968956254868
2003-07-07,66.45633697509766,0.0,100.69999694824219,0.0,100.9000015258789,99.6500015258789,99.6500015258789,0.0,31391100,4.196545145173633,0.019655983956941014
2003-07-08,66.75333404541016,0.0,101.1500015258789,0.0,101.29000091552734,100.16999816894531,100.5,0.0,30952500,4.201004244278832,0.004459099105199371
2003-07-09,66.37718200683594,0.0,100.58000183105469,0.0,101.4000015258789,100.02999877929688,100.91999816894531,0.0,36528500,4.195353352947732,-0.00565089133109975
2003-07-10,65.53241729736328,0.0,99.30000305175781,0.0,100.04000091552734,98.62999725341797,99.83999633789062,0.0,49777700,4.182544940778847,-0.012808412168885397
2003-07-11,66.15280151367188,0.0,100.23999786376953,0.0,100.44999694824219,99.38999938964844,99.38999938964844,0.0,39976300,4.1919672405889346,0.009422299810087686
2003-07-14,66.47614288330078,0.0,100.7300033569336,0.0,101.9000015258789,100.44999694824219,101.19999694824219,0.0,42114900,4.1968431296597535,0.004875889070818928
2003-07-15,66.33096313476562,0.0,100.51000213623047,0.0,101.45999908447266,99.94999694824219,101.37999725341797,0.0,42573600,4.194656803781293,-0.002186325878460238
2003-07-16,65.94160461425781,0.0,99.91999816894531,0.0,100.87000274658203,99.2300033569336,100.80999755859375,0.0,39894200,4.188769571806982,-0.005887231974311291
2003-07-17,65.00450134277344,0.0,98.5,0.0,99.87999725341797,98.16000366210938,99.1500015258789,0.0,52253500,4.174456518925151,-0.014313052881830934
2003-07-18,65.67102813720703,0.0,99.51000213623047,0.0,99.80000305175781,98.45999908447266,99.0199966430664,0.0,35698100,4.184657856197381,0.010201337272230049
2003-07-21,64.85928344726562,0.0,98.27999877929688,0.0,99.48999786376953,97.8499984741211,99.44999694824219,0.0,34786000,4.1722200531349145,-0.012437803062466557
2003-07-22,65.4466552734375,0.0,99.16999816894531,0.0,99.41000366210938,97.91999816894531,98.69000244140625,0.0,49968300,4.181235387512072,0.009015334377157735
2003-07-23,65.49282836914062,0.0,99.23999786376953,0.0,99.44999694824219,98.27999877929688,99.20999908447266,0.0,37275400,4.181940646099207,0.0007052585871347716
2003-07-24,64.99786376953125,0.0,98.48999786376953,0.0,100.33999633789062,98.37000274658203,99.98999786376953,0.0,40896200,4.174354404271434,-0.007586241827772788
2003-07-25,66.14617156982422,0.0,100.2300033569336,0.0,100.29000091552734,98.04000091552734,98.66000366210938,0.0,43241100,4.191867013902383,0.01751260963094836
2003-07-28,65.90200805664062,0.0,99.86000061035156,0.0,100.9800033569336,99.66999816894531,100.37000274658203,0.0,34382800,4.188168912313427,-0.0036981015889558932
2003-07-29,65.59842681884766,0.0,99.4000015258789,0.0,100.26000213623047,98.68000030517578,100.13999938964844,0.0,53472100,4.183551714242479,-0.004617198070947737
2003-07-30,65.44007110595703,0.0,99.16000366210938,0.0,99.75,98.93000030517578,99.5999984741211,0.0,28363300,4.181134778876374,-0.0024169353661047666
2003-07-31,65.59181213378906,0.0,99.38999938964844,0.0,100.91000366210938,99.16999816894531,99.9800033569336,0.0,54937200,4.183450873126295,0.0023160942499211856
2003-08-01,65.01106262207031,0.0,98.51000213623047,0.0,99.52999877929688,98.23999786376953,99.19000244140625,0.0,49321000,4.174557449599947,-0.008893423526348698
2003-08-04,65.01106262207031,0.0,98.51000213623047,0.0,99.0,97.0,98.30999755859375,0.0,55214100,4.174557449599947,0.0
2003-08-05,63.63178253173828,0.0,96.41999816894531,0.0,98.76000213623047,96.33999633789062,98.41000366210938,0.0,61415600,4.153113070866747,-0.021444378733199265
2003-08-06,64.0013656616211,0.0,96.9800033569336,0.0,98.05999755859375,96.41999816894531,96.69000244140625,0.0,50096900,4.15890442159484,0.005791350728092226
2003-08-07,64.67451477050781,0.0,98.0,0.0,98.06999969482422,96.76000213623047,97.16999816894531,0.0,43427400,4.169367225461928,0.010462803867087977
2003-08-08,64.85928344726562,0.0,98.27999877929688,0.0,98.55000305175781,97.76000213623047,98.31999969482422,0.0,27357300,4.1722200531349145,0.0028528276729868907
2003-08-11,65.10350036621094,0.0,98.6500015258789,0.0,99.04000091552734,97.83999633789062,98.26000213623047,0.0,34631400,4.17597831683524,0.0037582637003250596
2003-08-12,65.69742584228516,0.0,99.55000305175781,0.0,99.58999633789062,98.41999816894531,98.70999908447266,0.0,43285600,4.1850597442402675,0.009081427405027931
2003-08-13,65.36085510253906,0.0,99.04000091552734,0.0,99.8499984741211,98.52999877929688,99.81999969482422,0.0,36152000,4.17992353343035,-0.00513621080991733
2003-08-14,65.53905487060547,0.0,99.30999755859375,0.0,99.75,98.44999694824219,99.0999984741211,0.0,35525100,4.182646222516789,0.002722689086438912
2003-08-15,65.74361419677734,0.0,99.62000274658203,0.0,99.79000091552734,99.12000274658203,99.36000061035156,0.0,12567000,4.185762543858706,0.003116321341916972
2003-08-18,66.3111801147461,0.0,100.4800033569336,0.0,100.5999984741211,99.73999786376953,99.93000030517578,0.0,22873800,4.194358512157205,0.008595968298498846
2003-08-19,66.56194305419922,0.0,100.86000061035156,0.0,100.94000244140625,100.0,100.69000244140625,0.0,37437700,4.198132988607882,0.003774476450677078
2003-08-20,66.29136657714844,0.0,100.44999694824219,0.0,100.88999938964844,100.16000366210938,100.29000091552734,0.0,21295300,4.194059671173537,-0.004073317434344581
2003-08-21,66.50251007080078,0.0,100.7699966430664,0.0,101.5199966430664,100.4000015258789,101.05000305175781,0.0,46494200,4.197239692375043,0.003180021201505845
2003-08-22,65.84260559082031,0.0,99.7699966430664,0.0,101.81999969482422,99.7300033569336,101.75,0.0,52040300,4.1872671301729465,-0.009972562202096746
2003-08-25,65.94818878173828,0.0,99.93000030517578,0.0,100.83000183105469,99.27999877929688,99.70999908447266,0.0,23473000,4.188869415279573,0.001602285106626411
2003-08-26,66.06696319580078,0.0,100.11000061035156,0.0,100.38999938964844,98.83000183105469,99.5,0.0,45065800,4.190668821549705,0.0017994062701323088
2003-08-27,66.08677673339844,0.0,100.13999938964844,0.0,100.36000061035156,99.56999969482422,100.05000305175781,0.0,18919500,4.190968677426,0.0002998558762952186
2003-08-28,66.49595642089844,0.0,100.76000213623047,0.0,101.0,99.66000366210938,100.4000015258789,0.0,27402400,4.197141140112292,0.006172462686291347
2003-08-29,66.94468688964844,0.0,101.44000244140625,0.0,101.4800033569336,100.4800033569336,100.61000061035156,0.0,28706600,4.203866709610142,0.006725569497850081
2003-09-02,67.84223175048828,0.0,102.80000305175781,0.0,102.87999725341797,101.05000305175781,101.63999938964844,0.0,49419100,4.2171848882079965,0.013318178597854669
2003-09-03,68.2118148803711,0.0,103.36000061035156,0.0,103.69999694824219,102.77999877929688,103.02999877929688,0.0,44912400,4.2226177885604415,0.005432900352444925
2003-09-04,68.24481201171875,0.0,103.41000366210938,0.0,103.55000305175781,102.76000213623047,103.0999984741211,0.0,28381000,4.223101416695511,0.0004836281350693028
2003-09-05,67.86202239990234,0.0,102.83000183105469,0.0,103.55000305175781,102.4000015258789,102.94000244140625,0.0,31637300,4.217476561445189,-0.005624855250322192
2003-09-08,68.42298889160156,0.0,103.68000030517578,0.0,103.87999725341797,102.93000030517578,103.04000091552734,0.0,32632800,4.2257088630677195,0.008232301622530969
2003-09-09,67.97425079345703,0.0,103.0,0.0,103.45999908447266,102.68000030517578,103.37000274658203,0.0,35053200,4.2191289686623845,-0.006579894405335018
2003-09-10,67.28791046142578,0.0,101.95999908447266,0.0,102.80000305175781,101.55000305175781,102.52999877929688,0.0,45904900,4.2089805839825445,-0.010148384679840028
2003-09-11,67.48584747314453,0.0,102.26000213623047,0.0,102.76000213623047,101.83999633789062,102.0999984741211,0.0,38396300,4.211917908830747,0.002937324848202749
2003-09-12,67.61128997802734,0.0,102.44999694824219,0.0,102.63999938964844,101.3499984741211,101.91000366210938,0.0,42524800,4.213774980613329,0.001857071782581876
2003-09-15,67.3736801147461,0.0,102.08999633789062,0.0,102.62999725341797,101.94999694824219,102.5199966430664,0.0,21312800,4.210254438903633,-0.0035205417096957348
2003-09-16,68.35698699951172,0.0,103.58000183105469,0.0,103.63999938964844,102.16999816894531,102.2300033569336,0.0,37892600,4.224743781786156,0.014489342882522571
2003-09-17,68.22498321533203,0.0,103.37999725341797,0.0,103.79000091552734,103.05000305175781,103.4800033569336,0.0,31885800,4.222810820575054,-0.001932961211101869
2003-09-18,69.03014373779297,0.0,104.5999984741211,0.0,104.69999694824219,103.16999816894531,103.4000015258789,0.0,30243600,4.2345432749643095,0.011732454389255409
2003-09-19,68.67903137207031,0.0,103.66999816894531,0.4,104.5999984741211,103.4000015258789,104.2699966430664,0.0,34331600,4.229443932436376,-0.005099342527933537
2003-09-22,67.93702697753906,0.0,102.55000305175781,0.0,102.95999908447266,102.02999877929688,102.8499984741211,0.0,36677400,4.218581202245068,-0.01086273019130779
2003-09-23,68.1954345703125,0.0,102.94000244140625,0.0,103.29000091552734,102.36000061035156,102.58999633789062,0.0,32489200,4.222377620824441,0.003796418579372407
2003-09-24,66.98310852050781,0.0,101.11000061035156,0.0,103.22000122070312,101.06999969482422,103.12000274658203,0.0,41694700,4.204440475971274,-0.017937144853166664
2003-09-25,66.4332275390625,0.0,100.27999877929688,0.0,101.87999725341797,100.19999694824219,101.41000366210938,0.0,52673100,4.196197346061601,-0.008243129909672575
2003-09-26,66.214599609375,0.0,99.94999694824219,0.0,100.66000366210938,99.8499984741211,100.44000244140625,0.0,42914700,4.19290097653402,-0.0032963695275816107
2003-09-29,66.86384582519531,0.0,100.93000030517578,0.0,100.98999786376953,99.79000091552734,100.30000305175781,0.0,36771600,4.20265839990599,0.009757423371969942
2003-09-30,66.214599609375,0.0,99.94999694824219,0.0,100.76000213623047,99.25,100.4800033569336,0.0,70764500,4.19290097653402,-0.009757423371969942
2003-10-01,67.62568664550781,0.0,102.08000183105469,0.0,102.18000030517578,100.19999694824219,100.23999786376953,0.0,65797600,4.213987890837948,0.02108691430392806
2003-10-02,67.87083435058594,0.0,102.44999694824219,0.0,102.55999755859375,101.62999725341797,101.93000030517578,0.0,44591500,4.217606404003681,0.0036185131657333613
2003-10-03,68.4935302734375,0.0,103.38999938964844,0.0,104.27999877929688,103.08000183105469,103.66999816894531,0.0,48806900,4.226739292244677,0.009132888240995563
2003-10-06,68.80489349365234,0.0,103.86000061035156,0.0,103.98999786376953,103.19999694824219,103.4800033569336,0.0,20226500,4.231274868771164,0.004535576526487617
2003-10-07,69.06986999511719,0.0,104.26000213623047,0.0,104.30999755859375,102.91000366210938,103.26000213623047,0.0,42602900,4.235118600879871,0.00384373210870681
2003-10-08,68.89759826660156,0.0,104.0,0.0,104.38999938964844,103.41000366210938,104.33000183105469,0.0,30920800,4.232621319162435,-0.0024972817174360173
2003-10-09,69.08313751220703,0.0,104.27999877929688,0.0,105.22000122070312,103.83000183105469,104.87999725341797,0.0,40066500,4.2353106707793255,0.002689351616890434
2003-10-10,69.27526092529297,0.0,104.56999969482422,0.0,104.5999984741211,103.91000366210938,104.2699966430664,0.0,22682800,4.238087857256463,0.002777186477137761
2003-10-13,69.49390411376953,0.0,104.9000015258789,0.0,105.29000091552734,104.51000213623047,104.70999908447266,0.0,23825600,4.241239038130703,0.003151180874239934
2003-10-14,69.73896789550781,0.0,105.2699966430664,0.0,105.43000030517578,104.36000061035156,104.80000305175781,0.0,38484400,4.2447592418192075,0.003520203688504253
2003-10-15,69.55347442626953,0.0,104.98999786376953,0.0,105.88999938964844,104.63999938964844,105.86000061035156,0.0,39021700,4.242095872927159,-0.0026633688920485454
2003-10-16,69.83175659179688,0.0,105.41000366210938,0.0,105.7300033569336,104.6500015258789,104.68000030517578,0.0,32772200,4.246088871801428,0.003992998874268849
2003-10-17,69.06986999511719,0.0,104.26000213623047,0.0,105.62999725341797,103.9800033569336,105.47000122070312,0.0,32790300,4.235118600879871,-0.010970270921556668
2003-10-20,69.58660888671875,0.0,105.04000091552734,0.0,105.04000091552734,103.94000244140625,104.44999694824219,0.0,27657000,4.242572147776025,0.007453546896154073
2003-10-21,69.46737670898438,0.0,104.86000061035156,0.0,105.27999877929688,104.31999969482422,104.81999969482422,0.0,26729100,4.240857242497412,-0.001714905278613621
2003-10-22,68.5928955078125,0.0,103.54000091552734,0.0,104.19000244140625,103.19000244140625,104.02999877929688,0.0,33914500,4.2281889653426585,-0.01266827715475305
2003-10-23,68.46704864501953,0.0,103.3499984741211,0.0,103.94999694824219,102.83999633789062,102.88999938964844,0.0,45830500,4.2263525878519665,-0.0018363774906919872
2003-10-24,68.61941528320312,0.0,103.58000183105469,0.0,103.58000183105469,102.18000030517578,102.83000183105469,0.0,51723600,4.228575516309813,0.0022229284578463293
2003-10-27,68.65253448486328,0.0,103.62999725341797,0.0,104.18000030517578,103.2699966430664,103.73999786376953,0.0,32460200,4.2290580504671365,0.0004825341573235775
2003-10-28,69.58660888671875,0.0,105.04000091552734,0.0,105.1500015258789,103.81999969482422,103.9800033569336,0.0,34956200,4.242572147776025,0.01351409730888875
2003-10-29,69.6793441772461,0.0,105.18000030517578,0.0,105.43000030517578,103.87000274658203,104.7699966430664,0.0,30955400,4.24390392057754,0.0013317728015147523
2003-10-30,69.8250961303711,0.0,105.4000015258789,0.0,105.97000122070312,104.80000305175781,105.79000091552734,0.0,39123100,4.2459934885631405,0.00208956798560056
2003-10-31,69.75889587402344,0.0,105.30000305175781,0.0,105.73999786376953,105.22000122070312,105.4000015258789,0.0,25761600,4.245044951981538,-0.0009485365816024327
2003-11-03,70.21598052978516,0.0,105.98999786376953,0.0,106.61000061035156,105.70999908447266,105.75,0.0,37589300,4.2515759279994905,0.0065309760179523835
2003-11-04,70.06356048583984,0.0,105.76000213623047,0.0,106.2699966430664,105.58000183105469,105.98999786376953,0.0,31421600,4.249402837001,-0.002173090998490501
2003-11-05,70.11660766601562,0.0,105.83999633789062,0.0,105.97000122070312,104.9000015258789,105.48999786376953,0.0,33558800,4.250159679904063,0.000756842903062882
2003-11-06,70.48757934570312,0.0,106.4000015258789,0.0,106.44000244140625,105.0999984741211,105.5999984741211,0.0,28392300,4.25543651480322,0.005276834899157201
2003-11-07,69.96424102783203,0.0,105.61000061035156,0.0,106.72000122070312,105.56999969482422,106.63999938964844,0.0,31723200,4.247984269065354,-0.007452245737866292
2003-11-10,69.6793441772461,0.0,105.18000030517578,0.0,105.83999633789062,105.01000213623047,105.73999786376953,0.0,25530800,4.24390392057754,-0.004080348487813801
2003-11-11,69.65949249267578,0.0,105.1500015258789,0.0,105.33000183105469,104.80000305175781,105.08999633789062,0.0,26558600,4.243618979420012,-0.0002849411575276406
2003-11-12,70.44120025634766,0.0,106.33000183105469,0.0,106.47000122070312,105.16000366210938,105.2300033569336,0.0,28000000,4.254778322897198,0.011159343477185502
2003-11-13,70.46112823486328,0.0,106.36000061035156,0.0,106.54000091552734,105.77999877929688,106.01000213623047,0.0,29714800,4.255061185201347,0.0002828623041493117
2003-11-14,69.8648452758789,0.0,105.45999908447266,0.0,106.94999694824219,105.29000091552734,106.4000015258789,0.0,49158500,4.246562593914327,-0.008498591287019686
2003-11-17,69.51375579833984,0.0,104.93000030517578,0.0,105.13999938964844,104.04000091552734,104.91000366210938,0.0,44382100,4.241524658142116,-0.005037935772211455
2003-11-18,68.7916259765625,0.0,103.83999633789062,0.0,105.44999694824219,103.69999694824219,105.23999786376953,0.0,41155000,4.23108202207443,-0.010442636067685918
2003-11-19,69.3746566772461,0.0,104.72000122070312,0.0,105.01000213623047,103.91999816894531,104.02999877929688,0.0,29827000,4.2395216232579,0.008439601183470202
2003-11-20,68.75191497802734,0.0,103.77999877929688,0.0,105.23999786376953,103.75,104.0,0.0,53578700,4.230504590384611,-0.009017032873289033
2003-11-21,69.0367431640625,0.0,104.20999908447266,0.0,104.33000183105469,103.62000274658203,104.23999786376953,0.0,30016000,4.234638872488418,0.004134282103806619
2003-11-24,69.95099639892578,0.0,105.58999633789062,0.0,105.77999877929688,104.68000030517578,104.69000244140625,0.0,28906400,4.247794945455011,0.013156072966593158
2003-11-25,70.21598052978516,0.0,105.98999786376953,0.0,106.41999816894531,105.44999694824219,105.7300033569336,0.0,37580000,4.2515759279994905,0.00378098254447945
2003-11-26,70.46772003173828,0.0,106.37000274658203,0.0,106.44999694824219,105.38999938964844,106.41999816894531,0.0,33053600,4.255154733072644,0.003578805073153113
2003-11-28,70.52071380615234,0.0,106.44999694824219,0.0,106.66000366210938,106.19999694824219,106.27999877929688,0.0,10507500,4.255906479516904,0.0007517464442603483
2003-12-01,71.28257751464844,0.0,107.5999984741211,0.0,107.68000030517578,106.80000305175781,106.8499984741211,0.0,38699000,4.266651942927531,0.01074546341062721
2003-12-02,71.10368347167969,0.0,107.33000183105469,0.0,107.7699966430664,107.06999969482422,107.37999725341797,0.0,35352000,4.264139142382589,-0.00251280054494174
2003-12-03,70.99107360839844,0.0,107.16000366210938,0.0,108.08000183105469,107.06999969482422,107.6500015258789,0.0,39078600,4.262554145312039,-0.0015849970705508198
2003-12-04,71.28257751464844,0.0,107.5999984741211,0.0,107.72000122070312,106.94000244140625,107.16999816894531,0.0,36089500,4.266651942927531,0.00409779761549256
2003-12-05,70.78570556640625,0.0,106.8499984741211,0.0,107.80000305175781,106.62000274658203,107.12000274658203,0.0,28824400,4.259657081535799,-0.006994861391731888
2003-12-08,71.26268768310547,0.0,107.56999969482422,0.0,107.63999938964844,106.68000030517578,106.73999786376953,0.0,32482900,4.26637287604103,0.006715794505231187
2003-12-09,70.71282196044922,0.0,106.73999786376953,0.0,107.93000030517578,106.54000091552734,107.9000015258789,0.0,43596100,4.258626913749936,-0.007745962291094699
2003-12-10,70.7061996459961,0.0,106.7300033569336,0.0,106.9800033569336,105.95999908447266,106.7699966430664,0.0,36915400,4.258533258534636,-9.365521529947074e-05
2003-12-11,71.50115966796875,0.0,107.93000030517578,0.0,108.0999984741211,106.66999816894531,106.68000030517578,0.0,45304000,4.269713668700863,0.011180410166226729
2003-12-12,71.64026641845703,0.0,108.13999938964844,0.0,108.19999694824219,107.38999938964844,107.97000122070312,0.0,34142200,4.271657296036197,0.0019436273353337086
2003-12-15,71.28257751464844,0.0,107.5999984741211,0.0,109.2300033569336,107.4800033569336,109.16999816894531,0.0,38693400,4.266651942927531,-0.005005353108665567
2003-12-16,71.65355682373047,0.0,108.16000366210938,0.0,108.5,107.5199966430664,107.68000030517578,0.0,32894200,4.271842794685208,0.00519085175767664
2003-12-17,71.87879943847656,0.0,108.5,0.0,108.5,107.80000305175781,108.05999755859375,0.0,23198800,4.274981359473099,0.003138564787890985
2003-12-18,72.68700408935547,0.0,109.72000122070312,0.0,109.7300033569336,108.38999938964844,108.55000305175781,0.0,29353100,4.286162607753192,0.011181248280093037
2003-12-19,72.48464965820312,0.0,108.9000015258789,0.516,109.37000274658203,108.58000183105469,109.30000305175781,0.0,41465100,4.283374810590541,-0.0027877971626510956
2003-12-22,72.99056243896484,0.0,109.66000366210938,0.0,109.66000366210938,108.77999877929688,108.79000091552734,0.0,27611300,4.290330151132782,0.006955340542241117
2003-12-23,73.03712463378906,0.0,109.7300033569336,0.0,109.94999694824219,109.37999725341797,109.4800033569336,0.0,24741200,4.290967868504543,0.000637717371761326
2003-12-24,72.96389770507812,0.0,109.62000274658203,0.0,109.87999725341797,109.43000030517578,109.5199966430664,0.0,8055800,4.289964766831993,-0.001003101672550244
2003-12-26,73.01715087890625,0.0,109.69999694824219,0.0,110.08000183105469,109.62999725341797,109.70999908447266,0.0,8308400,4.290694357100139,0.0007295902681461186
2003-12-29,73.9889907836914,0.0,111.16000366210938,0.0,111.2699966430664,109.77999877929688,110.0999984741211,0.0,22483700,4.3039163089429815,0.013221951842842472
2003-12-30,74.00223541259766,0.0,111.18000030517578,0.0,111.2699966430664,110.8499984741211,111.08999633789062,0.0,19559500,4.304095301026256,0.0001789920832742098
2003-12-31,74.06881713867188,0.0,111.27999877929688,0.0,111.5199966430664,110.83999633789062,111.22000122070312,0.0,31501800,4.3049946223914315,0.000899321365175787
2004-01-02,74.03553771972656,0.0,111.2300033569336,0.0,112.19000244140625,110.7300033569336,111.73999786376953,0.0,38072300,4.304545217381873,-0.00044940500955892304
2004-01-05,74.84091186523438,0.0,112.44000244140625,0.0,112.5199966430664,111.58999633789062,111.69000244140625,0.0,27959800,4.315364685527739,0.01081946814586665
2004-01-06,74.91415405273438,0.0,112.55000305175781,0.0,112.7300033569336,112.0,112.16000366210938,0.0,20472800,4.316342845336769,0.0009781598090299326
2004-01-07,75.16707611083984,0.0,112.93000030517578,0.0,113.05999755859375,111.88999938964844,112.38999938964844,0.0,30170400,4.31971331741065,0.003370472073880748
2004-01-08,75.4665756225586,0.0,113.37999725341797,0.0,113.41000366210938,112.7699966430664,113.25,0.0,36438400,4.323689851245331,0.003976533834681106
2004-01-09,74.8076400756836,0.0,112.38999938964844,0.0,113.5,112.2699966430664,112.83000183105469,0.0,54084300,4.314920019813738,-0.008769831431592934
2004-01-12,75.360107421875,0.0,113.22000122070312,0.0,113.25,112.36000061035156,112.55000305175781,0.0,31564100,4.322278055716601,0.0073580359028628806
2004-01-13,74.92081451416016,0.0,112.55999755859375,0.0,113.2300033569336,111.76000213623047,113.08999633789062,0.0,54239700,4.316431749302163,-0.005846306414437841
2004-01-14,75.54645538330078,0.0,113.5,0.0,113.66000366210938,112.66999816894531,112.76000213623047,0.0,30112800,4.324747770123724,0.008316020821561132
2004-01-15,75.73283386230469,0.0,113.77999877929688,0.0,114.05999755859375,112.58000183105469,113.56999969482422,0.0,38408700,4.32721180302912,0.002464032905395541
2004-01-16,76.03230285644531,0.0,114.2300033569336,0.0,114.30999755859375,113.62999725341797,114.04000091552734,0.0,31922700,4.33115828756825,0.003946484539130601
2004-01-20,76.01238250732422,0.0,114.19999694824219,0.0,114.6500015258789,113.81999969482422,114.52999877929688,0.0,29863000,4.330896254743,-0.00026203282525028015
2004-01-21,76.61139678955078,0.0,115.0999984741211,0.0,115.30000305175781,113.72000122070312,114.12999725341797,0.0,30725000,4.3387458488328345,0.007849594089834433
2004-01-22,76.4117660522461,0.0,114.80000305175781,0.0,115.37999725341797,114.58000183105469,115.13999938964844,0.0,29888500,4.336136690234232,-0.0026091585986023347
2004-01-23,76.16548156738281,0.0,114.43000030517578,0.0,115.37000274658203,113.94999694824219,115.0,0.0,44245300,4.332908362254724,-0.0032283279795084496
2004-01-26,77.12396240234375,0.0,115.87000274658203,0.0,115.93000030517578,114.37999725341797,114.38999938964844,0.0,30460600,4.34541402868084,0.012505666426116058
2004-01-27,76.33187866210938,0.0,114.68000030517578,0.0,116.5,114.6500015258789,115.75,0.0,35322800,4.335090657876285,-0.010323370804554699
2004-01-28,75.45993041992188,0.0,113.37000274658203,0.0,115.27999877929688,112.94000244140625,114.9800033569336,0.0,52621300,4.323601792456782,-0.011488865419503114
2004-01-29,75.53314208984375,0.0,113.4800033569336,0.0,113.8499984741211,112.55999755859375,113.55999755859375,0.0,60117100,4.324571528014079,0.000969735557297291
2004-01-30,75.53314208984375,0.0,113.4800033569336,0.0,113.72000122070312,113.08999633789062,113.5199966430664,0.0,30984400,4.324571528014079,0.0
2004-02-02,75.85930633544922,0.0,113.97000122070312,0.0,114.68000030517578,113.12000274658203,113.69999694824219,0.0,38832400,4.328880392209577,0.004308864195497364
2004-02-03,75.73283386230469,0.0,113.77999877929688,0.0,114.13999938964844,113.44000244140625,113.73999786376953,0.0,25093500,4.32721180302912,-0.0016685891804568698
2004-02-04,75.11380767822266,0.0,112.8499984741211,0.0,113.7300033569336,112.79000091552734,113.19000244140625,0.0,39332600,4.3190043991037435,-0.008207403925376333
2004-02-05,75.33345031738281,0.0,113.18000030517578,0.0,113.54000091552734,112.77999877929688,113.16999816894531,0.0,37226800,4.321924263488583,0.002919864384839599
2004-02-06,76.17877197265625,0.0,114.44999694824219,0.0,114.69999694824219,113.19999694824219,113.41999816894531,0.0,37216000,4.333082840845131,0.01115857735654835
2004-02-09,76.19876861572266,0.0,114.4800033569336,0.0,114.87000274658203,114.29000091552734,114.66999816894531,0.0,24851300,4.333345302663375,0.0002624618182434091
2004-02-10,76.44503021240234,0.0,114.8499984741211,0.0,115.13999938964844,114.26000213623047,114.27999877929688,0.0,27908100,4.336571923230006,0.0032266205666315884
2004-02-11,77.25708770751953,0.0,116.06999969482422,0.0,116.38999938964844,114.16999816894531,114.8499984741211,0.0,42965700,4.34713866182821,0.010566738598203784
2004-02-12,76.97752380371094,0.0,115.6500015258789,0.0,116.2699966430664,115.58000183105469,115.97000122070312,0.0,27814700,4.343513480589875,-0.0036251812383349957
2004-02-13,76.63143157958984,0.0,115.12999725341797,0.0,116.19999694824219,114.75,115.81999969482422,0.0,44739900,4.339007326519803,-0.004506154070072377
2004-02-17,77.32366180419922,0.0,116.16999816894531,0.0,116.43000030517578,115.7699966430664,115.8499984741211,0.0,23984300,4.348000012300452,0.008992685780649268
2004-02-18,76.98414611816406,0.0,115.66000366210938,0.0,116.5999984741211,115.3499984741211,116.19999694824219,0.0,28618000,4.343599506085189,-0.004400506215263
2004-02-19,76.69793701171875,0.0,115.2300033569336,0.0,116.38999938964844,115.05999755859375,116.33000183105469,0.0,51146200,4.339874811162967,-0.0037246949222220493
2004-02-20,76.46495819091797,0.0,114.87999725341797,0.0,115.55999755859375,114.31999969482422,115.4800033569336,0.0,46728800,4.336832573025831,-0.0030422381371364438
2004-02-23,76.27201080322266,0.0,114.58999633789062,0.0,115.26000213623047,114.16999816894531,115.22000122070312,0.0,36357000,4.334306040103201,-0.0025265329226291655
2004-02-24,76.13885498046875,0.0,114.38999938964844,0.0,114.98999786376953,113.02999877929688,114.2699966430664,0.0,43953000,4.332558712497024,-0.0017473276061776843
2004-02-25,76.45832824707031,0.0,114.87000274658203,0.0,115.05999755859375,114.31999969482422,114.45999908447266,0.0,31213600,4.3367458636173914,0.004187151120367716
2004-02-26,76.50495910644531,0.0,114.94000244140625,0.0,115.29000091552734,114.33999633789062,114.61000061035156,0.0,29683000,4.3373555636523,0.0006097000349081227
2004-02-27,76.55819702148438,0.0,115.0199966430664,0.0,115.73999786376953,114.62999725341797,115.19000244140625,0.0,39312000,4.338051196991278,0.0006956333389780411
2004-03-01,77.3169937133789,0.0,116.16000366210938,0.0,116.33999633789062,115.25,115.43000030517578,0.0,33130800,4.34791377248464,0.009862575493362336
2004-03-02,76.86434936523438,0.0,115.4800033569336,0.0,116.97000122070312,115.2300033569336,115.94000244140625,0.0,38556400,4.342042171685979,-0.005871600798660559
2004-03-03,77.00414276123047,0.0,115.69000244140625,0.0,115.87000274658203,114.91999816894531,115.25,0.0,31346200,4.343859222500305,0.0018170508143260378
2004-03-04,77.20379638671875,0.0,115.98999786376953,0.0,116.0999984741211,115.5199966430664,115.72000122070312,0.0,21060000,4.346448631815397,0.002589409315091551
2004-03-05,77.46342468261719,0.0,116.37999725341797,0.0,116.94999694824219,115.27999877929688,115.41999816894531,0.0,55905600,4.349805885381635,0.003357253566237617
2004-03-08,76.51826477050781,0.0,114.95999908447266,0.0,116.62000274658203,114.91000366210938,116.33999633789062,0.0,39281600,4.337529467505047,-0.012276417876587509
2004-03-09,76.21209716796875,0.0,114.5,0.0,115.20999908447266,114.23999786376953,115.0999984741211,0.0,39746100,4.333520205577436,-0.004009261927611085
2004-03-10,74.93412017822266,0.0,112.58000183105469,0.0,114.7699966430664,112.55999755859375,114.72000122070312,0.0,67671800,4.3166093298953525,-0.016910875682083493
2004-03-11,73.9623031616211,0.0,111.12000274658203,0.0,113.2699966430664,111.0999984741211,112.4000015258789,0.0,89134800,4.303555546672532,-0.013053783222820137
2004-03-12,74.93412017822266,0.0,112.58000183105469,0.0,112.70999908447266,111.58000183105469,111.7300033569336,0.0,54012200,4.3166093298953525,0.013053783222820137
2004-03-15,74.0156021118164,0.0,111.19999694824219,0.0,112.3499984741211,110.9000015258789,112.2699966430664,0.0,57677200,4.304275910329548,-0.012333419565804249
2004-03-16,74.40828704833984,0.0,111.79000091552734,0.0,112.05999755859375,110.83999633789062,111.77999877929688,0.0,59832600,4.309567320694522,0.005291410364973714
2004-03-17,75.24024200439453,0.0,113.04000091552734,0.0,113.26000213623047,112.0999984741211,112.18000030517578,0.0,41607300,4.320686220860333,0.011118900165810963
2004-03-18,75.26023864746094,0.0,113.06999969482422,0.0,113.2699966430664,111.93000030517578,112.69999694824219,0.0,60014300,4.320951956133702,0.0002657352733690388
2004-03-19,74.18155670166016,0.0,111.05999755859375,0.395,112.56999969482422,111.04000091552734,112.41000366210938,0.0,48636200,4.3065155573044525,-0.01443639882924952
2004-03-22,73.23968505859375,0.0,109.6500015258789,0.0,110.56999969482422,109.0999984741211,110.54000091552734,0.0,62752100,4.293737419668634,-0.012778137635818254
2004-03-23,73.1128158569336,0.0,109.45999908447266,0.0,110.4000015258789,109.36000061035156,110.25,0.0,54080200,4.292003670909357,-0.0017337487592774536
2004-03-24,73.1729736328125,0.0,109.55000305175781,0.0,110.13999938964844,108.8499984741211,109.58000183105469,0.0,51584300,4.292826140124992,0.0008224692156355573
2004-03-25,74.14147186279297,0.0,111.0,0.0,111.30000305175781,109.79000091552734,110.08000183105469,0.0,49873600,4.305975050004527,0.013148909879534543
2004-03-26,74.1614761352539,0.0,111.02999877929688,0.0,111.79000091552734,110.80000305175781,110.95999908447266,0.0,37409500,4.306244825795937,0.00026977579141007624
2004-03-29,75.20346069335938,0.0,112.58999633789062,0.0,112.73999786376953,111.58000183105469,111.62999725341797,0.0,44113600,4.320197249755415,0.013952423959477933
2004-03-30,75.45730590820312,0.0,112.97000122070312,0.0,113.06999969482422,112.22000122070312,112.30000305175781,0.0,39059900,4.323567011648667,0.003369761893251777
2004-03-31,75.54413604736328,0.0,113.0999984741211,0.0,113.4000015258789,112.37999725341797,112.98999786376953,0.0,48517600,4.324717068861445,0.0011500572127784991
2004-04-01,75.99833679199219,0.0,113.77999877929688,0.0,113.87000274658203,113.05000305175781,113.06999969482422,0.0,45103800,4.330711455730974,0.0059943868695286895
2004-04-02,76.57276153564453,0.0,114.63999938964844,0.0,114.83999633789062,113.9000015258789,114.80999755859375,0.0,50987700,4.33824141997873,0.0075299642477562045
2004-04-05,76.9935531616211,0.0,115.2699966430664,0.0,115.37999725341797,114.44000244140625,114.45999908447266,0.0,30251800,4.343721693174784,0.005480273196053709
2004-04-06,76.74639892578125,0.0,114.9000015258789,0.0,115.18000030517578,114.62000274658203,114.83000183105469,0.0,28420900,4.340506465832756,-0.0032152273420278377
2004-04-07,76.56607818603516,0.0,114.62999725341797,0.0,114.9800033569336,114.11000061035156,114.94999694824219,0.0,45890500,4.338154135138049,-0.0023523306947073053
2004-04-08,76.39239501953125,0.0,114.37000274658203,0.0,115.41000366210938,113.73999786376953,115.41000366210938,0.0,46929700,4.335883149588706,-0.0022709855493427966
2004-04-12,76.69300842285156,0.0,114.81999969482422,0.0,115.08000183105469,114.56999969482422,114.58000183105469,0.0,23085200,4.339810549366354,0.003927399777648333
2004-04-13,75.61759185791016,0.0,113.20999908447266,0.0,115.30000305175781,113.0199966430664,115.26000213623047,0.0,56210300,4.325688952649052,-0.01412159671730251
2004-04-14,75.73780059814453,0.0,113.38999938964844,0.0,113.63999938964844,112.55000305175781,112.61000061035156,0.0,62322300,4.32727738321051,0.0015884305614584093
2004-04-15,75.45059204101562,0.0,112.95999908447266,0.0,113.77999877929688,112.36000061035156,113.44999694824219,0.0,61602500,4.323478031982484,-0.0037993512280261044
2004-04-16,76.03173828125,0.0,113.83000183105469,0.0,114.05000305175781,112.9800033569336,113.37999725341797,0.0,47059200,4.331150862075792,0.007672830093308214
2004-04-19,76.03173828125,0.0,113.83000183105469,0.0,113.98999786376953,113.2699966430664,113.55000305175781,0.0,28277600,4.331150862075792,0.0
2004-04-20,74.75596618652344,0.0,111.91999816894531,0.0,114.31999969482422,111.77999877929688,114.08000183105469,0.0,53299400,4.314229024290059,-0.016921837785733196
2004-04-21,75.25692749023438,0.0,112.66999816894531,0.0,112.94999694824219,111.87000274658203,112.19999694824219,0.0,50177300,4.320907959062643,0.0066789347725837445
2004-04-22,76.31227111816406,0.0,114.25,0.0,114.66999816894531,112.44000244140625,112.4800033569336,0.0,62071500,4.3348337525958485,0.013925793533205777
2004-04-23,76.38574981689453,0.0,114.36000061035156,0.0,114.56999969482422,113.79000091552734,114.41999816894531,0.0,29395700,4.335796158054046,0.0009624054581971464
2004-04-26,76.27884674072266,0.0,114.19999694824219,0.0,114.94000244140625,113.5999984741211,114.5,0.0,35515200,4.334395661854461,-0.001400496199584822
2004-04-27,76.34566497802734,0.0,114.30000305175781,0.0,115.12000274658203,113.95999908447266,114.2300033569336,0.0,43485500,4.335271251768835,0.0008755899143739754
2004-04-28,75.35710144042969,0.0,112.81999969482422,0.0,114.01000213623047,112.5,113.88999938964844,0.0,50165800,4.322238166689085,-0.01303308507974954
2004-04-29,74.69586181640625,0.0,111.83000183105469,0.0,113.31999969482422,111.16000366210938,112.72000122070312,0.0,69687600,4.313424693233547,-0.008813473455537846
2004-04-30,74.11473083496094,0.0,110.95999908447266,0.0,112.37999725341797,110.9000015258789,112.16999816894531,0.0,48681400,4.305614309237727,-0.007810383995820125
2004-05-03,74.90959167480469,0.0,112.1500015258789,0.0,112.29000091552734,111.3499984741211,111.37000274658203,0.0,33758000,4.3162819420679455,0.01066763283021821
2004-05-04,74.84947967529297,0.0,112.05999755859375,0.0,113.26000213623047,111.66000366210938,112.25,0.0,51185100,4.315479159275583,-0.0008027827923626774
2004-05-05,75.33037567138672,0.0,112.77999877929688,0.0,112.95999908447266,112.16000366210938,112.41000366210938,0.0,34405000,4.321883448834152,0.006404289558568976
2004-05-06,74.6824722290039,0.0,111.80999755859375,0.0,112.58999633789062,111.0,112.0199966430664,0.0,54997000,4.313245422423979,-0.008638026410173083
2004-05-07,73.44679260253906,0.0,109.95999908447266,0.0,112.2300033569336,109.95999908447266,111.22000122070312,0.0,60950000,4.296561233899765,-0.016684188524213717
2004-05-10,72.6920166015625,0.0,108.83000183105469,0.0,109.75,108.36000061035156,109.44000244140625,0.0,75279400,4.286231565601239,-0.010329668298526329
2004-05-11,73.3065185546875,0.0,109.75,0.0,110.05000305175781,109.33000183105469,109.45999908447266,0.0,48300600,4.294649534743326,0.008417969142087145
2004-05-12,73.7740707397461,0.0,110.44999694824219,0.0,110.54000091552734,108.05999755859375,109.56999969482422,0.0,90830500,4.301007324880425,0.006357790137099251
2004-05-13,73.46682739257812,0.0,109.98999786376953,0.0,110.80999755859375,109.62999725341797,109.76000213623047,0.0,57393700,4.296833976347523,-0.004173348532901855
2004-05-14,73.50021362304688,0.0,110.04000091552734,0.0,110.73999786376953,109.2699966430664,109.94999694824219,0.0,54123100,4.297288312650579,0.00045433630305602435
2004-05-17,72.87236785888672,0.0,109.0999984741211,0.0,109.5,108.41000366210938,108.88999938964844,0.0,55020400,4.288709525443911,-0.008578787206667826
2004-05-18,73.23968505859375,0.0,109.6500015258789,0.0,109.94000244140625,109.33000183105469,109.48999786376953,0.0,30193100,4.293737419668634,0.005027894224722829
2004-05-19,72.98593139648438,0.0,109.2699966430664,0.0,111.18000030517578,109.1500015258789,110.5,0.0,54804100,4.290266701979286,-0.003470717689348035
2004-05-20,73.21968078613281,0.0,109.62000274658203,0.0,109.87000274658203,109.04000091552734,109.44999694824219,0.0,38082900,4.293464248028569,0.0031975460492832397
2004-05-21,73.34661865234375,0.0,109.80999755859375,0.0,110.55000305175781,109.47000122070312,109.97000122070312,0.0,47480400,4.295196404717188,0.0017321566886190354
2004-05-24,73.65384674072266,0.0,110.2699966430664,0.0,110.76000213623047,109.68000030517578,110.52999877929688,0.0,40961500,4.2993763715613005,0.0041799668441120374
2004-05-25,74.70918273925781,0.0,111.8499984741211,0.0,111.9800033569336,109.5999984741211,109.9000015258789,0.0,48668000,4.313603012820098,0.014226641258797912
2004-05-26,74.9697265625,0.0,112.23999786376953,0.0,112.29000091552734,111.51000213623047,111.66000366210938,0.0,35977000,4.317084386216069,0.003481373395970877
2004-05-27,75.3905258178711,0.0,112.87000274658203,0.0,113.02999877929688,112.05999755859375,112.54000091552734,0.0,45306900,4.3226816148361245,0.0055972286200551835
2004-05-28,75.38381958007812,0.0,112.86000061035156,0.0,112.87999725341797,112.36000061035156,112.7300033569336,0.0,23367200,4.32259265755656,-8.895727956481636e-05
2004-06-01,75.28362274169922,0.0,112.70999908447266,0.0,112.86000061035156,111.87000274658203,112.45999908447266,0.0,41044700,4.321262617680583,-0.0013300398759765741
2004-06-02,75.56413269042969,0.0,113.12999725341797,0.0,113.4800033569336,112.45999908447266,113.02999877929688,0.0,39774200,4.324981735293669,0.003719117613085743
2004-06-03,74.86952209472656,0.0,112.08999633789062,0.0,113.19000244140625,112.06999969482422,112.80999755859375,0.0,38688300,4.31574689308781,-0.009234842205859017
2004-06-04,75.46398162841797,0.0,112.9800033569336,0.0,113.58000183105469,112.70999908447266,112.9800033569336,0.0,32739500,4.323655477899229,0.007908584811419317
2004-06-07,76.61283874511719,0.0,114.69999694824219,0.0,114.80999755859375,113.41999816894531,113.43000030517578,0.0,31643800,4.33876467034056,0.015109192441331132
2004-06-08,76.7197036743164,0.0,114.86000061035156,0.0,114.91999816894531,114.16999816894531,114.37000274658203,0.0,32846500,4.34015856813702,0.0013938977964595978
2004-06-09,76.0050048828125,0.0,113.79000091552734,0.0,114.69999694824219,113.72000122070312,114.51000213623047,0.0,36737600,4.330799191839287,-0.009359376297732425
2004-06-10,76.3790512084961,0.0,114.3499984741211,0.0,114.3499984741211,113.93000030517578,114.04000091552734,0.0,21711000,4.335708459731425,0.0049092678921374144
2004-06-14,75.6242904663086,0.0,113.22000122070312,0.0,113.8499984741211,112.87000274658203,113.81999969482422,0.0,34633000,4.325777534043304,-0.009930925688120595
2004-06-15,76.15863800048828,0.0,114.0199966430664,0.0,114.44999694824219,113.51000213623047,113.9000015258789,0.0,37445000,4.33281850692625,0.007040972882945695
2004-06-16,76.14527893066406,0.0,114.0,0.0,114.19999694824219,113.69999694824219,114.0,0.0,26633400,4.332643080448354,-0.00017542647789614563
2004-06-17,76.03173828125,0.0,113.83000183105469,0.0,114.06999969482422,113.33000183105469,113.8499984741211,0.0,28402400,4.331150862075792,-0.0014922183725616378
2004-06-18,76.17518615722656,0.0,113.62999725341797,0.414,114.22000122070312,113.18000030517578,113.2699966430664,0.0,31799800,4.333035768678784,0.0018849066029922312
2004-06-21,75.88692474365234,0.0,113.19999694824219,0.0,114.13999938964844,113.12999725341797,113.75,0.0,25284000,4.32924440004439,-0.003791368634394665
2004-06-22,76.26903533935547,0.0,113.7699966430664,0.0,113.87999725341797,112.66999816894531,113.12999725341797,0.0,37334000,4.334267028126519,0.005022628082129721
2004-06-23,76.92601776123047,0.0,114.75,0.0,114.83999633789062,113.41999816894531,113.61000061035156,0.0,35580000,4.3428441516858145,0.008577123559295075
2004-06-24,76.6846694946289,0.0,114.38999938964844,0.0,114.93000030517578,114.26000213623047,114.55999755859375,0.0,35272100,4.339701812184463,-0.0031423395013518984
2004-06-25,76.31595611572266,0.0,113.83999633789062,0.0,114.94000244140625,113.68000030517578,114.41000366210938,0.0,32837900,4.334882039831127,-0.004819772353335416
2004-06-28,76.05453491210938,0.0,113.44999694824219,0.0,114.61000061035156,113.41000366210938,114.5199966430664,0.0,40824500,4.3314506475929395,-0.0034313922381876694
2004-06-29,76.36957550048828,0.0,113.91999816894531,0.0,114.16999816894531,113.41999816894531,113.52999877929688,0.0,28418100,4.335584390425872,0.004133742832932441
2004-06-30,76.77852630615234,0.0,114.52999877929688,0.0,114.79000091552734,113.6500015258789,114.06999969482422,0.0,52230600,4.340924995668111,0.005340605242238894
2004-07-01,75.71265411376953,0.0,112.94000244140625,0.0,114.4000015258789,112.58000183105469,114.25,0.0,57734700,4.326945307817882,-0.013979687850229183
2004-07-02,75.67240142822266,0.0,112.87999725341797,0.0,113.29000091552734,112.5999984741211,113.16000366210938,0.0,34615100,4.326413515741691,-0.0005317920761909178
2004-07-06,75.00872802734375,0.0,111.88999938964844,0.0,112.44999694824219,111.62999725341797,112.37000274658203,0.0,38698200,4.317604480463333,-0.008809035278357413
2004-07-07,75.22994995117188,0.0,112.22000122070312,0.0,112.56999969482422,111.75,111.80999755859375,0.0,29839800,4.320549422294385,0.0029449418310516506
2004-07-08,74.70706939697266,0.0,111.44000244140625,0.0,112.31999969482422,111.19999694824219,111.80999755859375,0.0,45291100,4.313574724835958,-0.006974697458426604
2004-07-09,74.90148162841797,0.0,111.7300033569336,0.0,111.94000244140625,111.37999725341797,111.72000122070312,0.0,27412900,4.316173671748325,0.0025989469123661735
2004-07-12,74.93500518798828,0.0,111.77999877929688,0.0,112.04000091552734,111.0,111.5199966430664,0.0,35691300,4.316621140330136,0.00044746858181188287
2004-07-13,74.9886245727539,0.0,111.86000061035156,0.0,112.0199966430664,111.5999984741211,111.91999816894531,0.0,26752000,4.317336429669613,0.0007152893394763993
2004-07-14,74.76068115234375,0.0,111.5199966430664,0.0,112.38999938964844,111.12000274658203,111.26000213623047,0.0,54089400,4.314292093732904,-0.0030443359367087197
2004-07-15,74.27801513671875,0.0,110.80000305175781,0.0,111.91000366210938,110.69999694824219,111.73999786376953,0.0,38403500,4.307815014758591,-0.006477078974312711
2004-07-16,74.2176513671875,0.0,110.70999908447266,0.0,111.66999816894531,110.44000244140625,111.56999969482422,0.0,40871200,4.307002010927876,-0.0008130038307152532
2004-07-19,73.90259552001953,0.0,110.23999786376953,0.0,110.95999908447266,109.98999786376953,110.75,0.0,39592800,4.302747949394489,-0.00425406153338681
2004-07-20,74.84111785888672,0.0,111.63999938964844,0.0,111.9000015258789,110.25,110.52999877929688,0.0,46679800,4.315367437944348,0.012619488549858282
2004-07-21,73.46015930175781,0.0,109.58000183105469,0.0,112.05999755859375,109.44999694824219,111.81999969482422,0.0,56241100,4.296743208940188,-0.01862422900415961
2004-07-22,73.66127014160156,0.0,109.87999725341797,0.0,110.38999938964844,108.7699966430664,109.36000061035156,0.0,72477100,4.299477154169932,0.00273394522974435
2004-07-23,73.04451751708984,0.0,108.95999908447266,0.0,109.70999908447266,108.69000244140625,109.62000274658203,0.0,49610500,4.291069084279479,-0.008408069890453618
2004-07-26,72.90374755859375,0.0,108.75,0.0,109.43000030517578,108.20999908447266,109.19000244140625,0.0,49679100,4.289140044532747,-0.0019290397467317533
2004-07-27,73.58753204345703,0.0,109.7699966430664,0.0,110.11000061035156,108.97000122070312,109.05000305175781,0.0,51295100,4.298475609801297,0.009335565268550283
2004-07-28,73.80875396728516,0.0,110.0999984741211,0.0,110.37000274658203,108.58999633789062,109.55000305175781,0.0,65862300,4.301477342014823,0.003001732213525621
2004-07-29,74.12383270263672,0.0,110.56999969482422,0.0,110.87000274658203,110.0,110.54000091552734,0.0,52200500,4.305737109506024,0.004259767491201494
2004-07-30,74.30484008789062,0.0,110.83999633789062,0.0,110.9000015258789,110.0999984741211,110.31999969482422,0.0,41581700,4.308176092103926,0.002438982597901429
2004-08-02,74.45901489257812,0.0,111.06999969482422,0.0,111.36000061035156,110.05000305175781,110.19000244140625,0.0,38263100,4.310248838335271,0.002072746231345235
2004-08-03,73.88249969482422,0.0,110.20999908447266,0.0,111.05999755859375,110.16000366210938,110.93000030517578,0.0,40948800,4.302475989285251,-0.007772849050019737
2004-08-04,73.87578582763672,0.0,110.19999694824219,0.0,110.75,109.63999938964844,109.88999938964844,0.0,40763200,4.302385112930421,-9.087635483062684e-05
2004-08-05,72.66908264160156,0.0,108.4000015258789,0.0,110.37999725341797,108.2699966430664,110.29000091552734,0.0,50772000,4.285916020929787,-0.016469092000633623
2004-08-06,71.63003540039062,0.0,106.8499984741211,0.0,107.95999908447266,106.62000274658203,107.62999725341797,0.0,74729000,4.271514474838029,-0.014401546091757922
2004-08-09,71.73056030273438,0.0,107.0,0.0,107.4800033569336,106.87000274658203,107.0199966430664,0.0,37476300,4.272916881382537,0.0014024065445079614
2004-08-10,72.65569305419922,0.0,108.37999725341797,0.0,108.41000366210938,107.26000213623047,107.30999755859375,0.0,55870600,4.285731749701759,0.012814868319221517
2004-08-11,72.50819396972656,0.0,108.16000366210938,0.0,108.33000183105469,107.0999984741211,107.68000030517578,0.0,52933200,4.28369957574641,-0.002032173955348604
2004-08-12,71.71721649169922,0.0,106.9800033569336,0.0,107.94999694824219,106.62999725341797,107.68000030517578,0.0,50015900,4.272730837215499,-0.010968738530911182
2004-08-13,71.85796356201172,0.0,107.19000244140625,0.0,107.3499984741211,106.58999633789062,107.0999984741211,0.0,41634700,4.274691442319326,0.0019606051038270067
2004-08-16,72.6020736694336,0.0,108.30000305175781,0.0,108.63999938964844,107.0999984741211,107.13999938964844,0.0,45731900,4.284993484362694,0.010302042043368154
2004-08-17,73.01099395751953,0.0,108.91000366210938,0.0,109.27999877929688,108.52999877929688,108.75,0.0,40701600,4.2906100319668266,0.005616547604132549
2004-08-18,73.7618408203125,0.0,110.02999877929688,0.0,110.16999816894531,108.48999786376953,108.5199966430664,0.0,43165400,4.300841535828359,0.010231503861532154
2004-08-19,73.54730224609375,0.0,109.70999908447266,0.0,110.0199966430664,109.18000030517578,109.80999755859375,0.0,39881600,4.297928767191795,-0.002912768636563534
2004-08-20,74.0634994506836,0.0,110.4800033569336,0.0,110.62999725341797,109.51000213623047,109.61000061035156,0.0,44870900,4.304922825931172,0.006994058739376641
2004-08-23,73.87578582763672,0.0,110.19999694824219,0.0,110.7699966430664,110.05000305175781,110.55000305175781,0.0,33745100,4.302385112930421,-0.0025377130007511184
2004-08-24,73.97634887695312,0.0,110.3499984741211,0.0,110.7300033569336,109.8499984741211,110.63999938964844,0.0,30453100,4.303745432347178,0.001360319416757072
2004-08-25,74.47913360595703,0.0,111.0999984741211,0.0,111.2699966430664,109.9000015258789,110.33000183105469,0.0,38551400,4.310519000328073,0.006773567980895123
2004-08-26,74.47913360595703,0.0,111.0999984741211,0.0,111.30999755859375,110.8499984741211,110.95999908447266,0.0,26629500,4.310519000328073,0.0
2004-08-27,74.71375274658203,0.0,111.44999694824219,0.0,111.62999725341797,111.05000305175781,111.19999694824219,0.0,24902900,4.313664181573219,0.003145181245145956
2004-08-30,74.09700775146484,0.0,110.52999877929688,0.0,111.33999633789062,110.44999694824219,111.22000122070312,0.0,26726500,4.305375150264901,-0.008289031308318151
2004-08-31,74.48584747314453,0.0,111.11000061035156,0.0,111.16000366210938,110.0999984741211,110.66000366210938,0.0,44125300,4.310609140536106,0.00523399027120508
2004-09-01,74.6266098022461,0.0,111.31999969482422,0.0,111.63999938964844,110.4800033569336,110.94999694824219,0.0,52778300,4.312497143369491,0.001888002833385194
2004-09-02,75.47130584716797,0.0,112.58000183105469,0.0,112.69999694824219,111.23999786376953,111.23999786376953,0.0,42736600,4.323752529011374,0.011255385641883109
2004-09-03,75.16292572021484,0.0,112.12000274658203,0.0,112.81999969482422,112.01000213623047,112.33000183105469,0.0,30480500,4.3196581003471834,-0.00409442866419063
2004-09-07,75.65897369384766,0.0,112.86000061035156,0.0,113.12999725341797,112.31999969482422,112.54000091552734,0.0,37338800,4.326236054400321,0.00657795405313788
2004-09-08,75.47130584716797,0.0,112.58000183105469,0.0,113.05999755859375,112.30999755859375,112.62000274658203,0.0,32963100,4.323752529011374,-0.0024835253889472497
2004-09-09,75.40425109863281,0.0,112.4800033569336,0.0,112.87999725341797,112.02999877929688,112.56999969482422,0.0,34314800,4.322863654043055,-0.000888874968318909
2004-09-10,75.79308319091797,0.0,113.05999755859375,0.0,113.2699966430664,112.08000183105469,112.5199966430664,0.0,27900600,4.328007037705274,0.005143383662218781
2004-09-13,76.04110717773438,0.0,113.43000030517578,0.0,113.73999786376953,113.01000213623047,113.30999755859375,0.0,44398100,4.331274077978907,0.003267040273633448
2004-09-14,76.19530487060547,0.0,113.66000366210938,0.0,113.69000244140625,113.19000244140625,113.30000305175781,0.0,28048900,4.333299844922945,0.002025766944037777
2004-09-15,75.61878967285156,0.0,112.80000305175781,0.0,113.36000061035156,112.68000030517578,113.30000305175781,0.0,38295000,4.325704792950562,-0.007595051972383082
2004-09-16,75.84668731689453,0.0,113.13999938964844,0.0,113.37000274658203,112.80000305175781,112.8499984741211,0.0,23911700,4.328714030706251,0.0030092377556885097
2004-09-17,76.16912841796875,0.0,113.1500015258789,0.469,113.36000061035156,112.69000244140625,112.94999694824219,0.0,33683000,4.332956241729874,0.004242211023623099
2004-09-20,75.71141815185547,0.0,112.47000122070312,0.0,112.98999786376953,112.27999877929688,112.66999816894531,0.0,37149400,4.326928983307576,-0.0060272584222973435
2004-09-21,76.04122161865234,0.0,112.95999908447266,0.0,113.47000122070312,112.54000091552734,112.75,0.0,40920800,4.331275582965303,0.0043465996577269905
2004-09-22,75.09204864501953,0.0,111.55000305175781,0.0,112.5199966430664,111.47000122070312,112.5,0.0,49042100,4.318714676267525,-0.012560906697778762
2004-09-23,74.68817138671875,0.0,110.94999694824219,0.0,111.69999694824219,110.94999694824219,111.5999984741211,0.0,44068700,4.313321731363669,-0.0053929449038552235
2004-09-24,75.03153228759766,0.0,111.45999908447266,0.0,111.7300033569336,111.12999725341797,111.16999816894531,0.0,34981100,4.317908455681473,0.004586724317803714
2004-09-27,74.55354309082031,0.0,110.75,0.0,111.19999694824219,110.58000183105469,111.0999984741211,0.0,39355100,4.311517566450558,-0.006390889230915242
2004-09-28,74.91032409667969,0.0,111.27999877929688,0.0,111.51000213623047,110.41000366210938,110.91000366210938,0.0,41662900,4.3162917194312715,0.004774152980713708
2004-09-29,75.28728485107422,0.0,111.83999633789062,0.0,111.8499984741211,111.0,111.20999908447266,0.0,33325700,4.321311260667921,0.005019541236649161
2004-09-30,75.23345184326172,0.0,111.76000213623047,0.0,111.9800033569336,111.26000213623047,111.55000305175781,0.0,43536700,4.3205959703857975,-0.0007152902821232487
2004-10-01,76.50570678710938,0.0,113.6500015258789,0.0,113.6500015258789,112.20999908447266,112.26000213623047,0.0,62824300,4.337365336574464,0.01676936618866698
2004-10-04,76.63363647460938,0.0,113.83999633789062,0.0,114.44000244140625,113.80000305175781,114.0999984741211,0.0,33082400,4.339036098829732,0.0016707622552676327
2004-10-05,76.6740493774414,0.0,113.9000015258789,0.0,114.16000366210938,113.54000091552734,113.8499984741211,0.0,36910600,4.3395633118463985,0.0005272130166664724
2004-10-06,77.19908905029297,0.0,114.68000030517578,0.0,114.68000030517578,113.68000030517578,113.7699966430664,0.0,42297800,4.34638765709444,0.006824345248041652
2004-10-07,76.37110900878906,0.0,113.44999694824219,0.0,114.4000015258789,113.36000061035156,114.37999725341797,0.0,39388800,4.335604470318872,-0.010783186775568332
2004-10-08,75.73829650878906,0.0,112.51000213623047,0.0,113.7699966430664,112.3499984741211,113.1500015258789,0.0,51872600,4.32728393091875,-0.008320539400122229
2004-10-11,76.04798126220703,0.0,112.97000122070312,0.0,113.0199966430664,112.63999938964844,112.77999877929688,0.0,20229100,4.3313644734773336,0.004080542558583922
2004-10-12,75.75176239013672,0.0,112.52999877929688,0.0,112.83000183105469,111.94000244140625,112.19999694824219,0.0,41754700,4.327461709995225,-0.0039027634821087176
2004-10-13,75.08533477783203,0.0,111.54000091552734,0.0,113.06999969482422,111.31999969482422,113.0,0.0,54212600,4.318625263773593,-0.00883644622163171
2004-10-14,74.47949981689453,0.0,110.63999938964844,0.0,111.93000030517578,110.58000183105469,111.68000030517578,0.0,64082200,4.3105239172762095,-0.008101346497383588
2004-10-15,74.89685821533203,0.0,111.26000213623047,0.0,111.73999786376953,110.56999969482422,111.0199966430664,0.0,63482200,4.316111943252639,0.005588025976429378
2004-10-18,75.17957305908203,0.0,111.68000030517578,0.0,111.9000015258789,110.69999694824219,110.88999938964844,0.0,43535100,4.3198795592037325,0.003767615951093539
2004-10-19,74.54679107666016,0.0,110.73999786376953,0.0,112.2300033569336,110.58999633789062,112.0199966430664,0.0,55851900,4.311426996376353,-0.008452562827379495
2004-10-20,74.39871978759766,0.0,110.5199966430664,0.0,110.81999969482422,109.75,110.37999725341797,0.0,57118500,4.309438734535056,-0.0019882618412969677
2004-10-21,74.88337707519531,0.0,111.23999786376953,0.0,111.31999969482422,110.20999908447266,110.79000091552734,0.0,53218300,4.3159319309813675,0.006493196446311522
2004-10-22,74.04191589355469,0.0,109.98999786376953,0.0,111.25,109.86000061035156,111.19000244140625,0.0,48752400,4.30463136383667,-0.011300567144697737
2004-10-25,73.95442199707031,0.0,109.86000061035156,0.0,110.12000274658203,109.3499984741211,109.75,0.0,43990900,4.303448984489658,-0.0011823793470115973
2004-10-26,75.08533477783203,0.0,111.54000091552734,0.0,111.5999984741211,109.87999725341797,110.12999725341797,0.0,54337400,4.318625263773593,0.015176279283934946
2004-10-27,75.98741149902344,0.0,112.87999725341797,0.0,113.0999984741211,111.12000274658203,111.37999725341797,0.0,73896000,4.33056768839607,0.011942424622477077
2004-10-28,76.21627807617188,0.0,113.22000122070312,0.0,113.55999755859375,112.48999786376953,112.77999877929688,0.0,54413300,4.333575062925322,0.003007374529251372
2004-10-29,76.20280456542969,0.0,113.19999694824219,0.0,113.63999938964844,112.9000015258789,113.12000274658203,0.0,48820200,4.333398267335901,-0.0001767955894207418
2004-11-01,76.41151428222656,0.0,113.51000213623047,0.0,113.83999633789062,113.19999694824219,113.55999755859375,0.0,36720900,4.336133395317136,0.002735127981234875
2004-11-02,76.43843841552734,0.0,113.55000305175781,0.0,114.56999969482422,113.22000122070312,113.66999816894531,0.0,56210000,4.336485690271816,0.0003522949546805876
2004-11-03,77.40106964111328,0.0,114.9800033569336,0.0,115.36000061035156,114.23999786376953,115.02999877929688,0.0,76960200,4.349000600152817,0.012514909881001124
2004-11-04,78.45793151855469,0.0,116.55000305175781,0.0,116.66999816894531,114.68000030517578,114.77999877929688,0.0,55350300,4.362562576918139,0.013561976765321226
2004-11-05,78.94933319091797,0.0,117.27999877929688,0.0,117.63999938964844,116.48999786376953,117.05000305175781,0.0,63287200,4.3688062946991435,0.006243717781004854
2004-11-08,78.83491516113281,0.0,117.11000061035156,0.0,117.2300033569336,116.72000122070312,116.9800033569336,0.0,33863800,4.367355984531485,-0.0014503101676588415
2004-11-09,78.6800537109375,0.0,116.87999725341797,0.0,117.5,116.76000213623047,117.08000183105469,0.0,44658100,4.365389676171077,-0.001966308360407787
2004-11-10,78.74063110351562,0.0,116.97000122070312,0.0,117.55000305175781,116.76000213623047,117.05999755859375,0.0,45265400,4.36615930051415,0.0007696243430732608
2004-11-11,79.33980560302734,0.0,117.86000061035156,0.0,118.12000274658203,117.0999984741211,117.18000030517578,0.0,37863200,4.373739964907071,0.007580664392921044
2004-11-12,79.9658432006836,0.0,118.79000091552734,0.0,119.0,117.68000030517578,117.97000122070312,0.0,55583700,4.381599583509057,0.007859618601985474
2004-11-15,80.16230773925781,0.0,118.7300033569336,0.351,118.7699966430664,118.2300033569336,118.5,0.0,35297900,4.384053426084552,0.002453842575495635
2004-11-16,79.58842468261719,0.0,117.87999725341797,0.0,118.41000366210938,117.7300033569336,118.36000061035156,0.0,40028700,4.376868663715948,-0.007184762368604325
2004-11-17,80.06105041503906,0.0,118.58000183105469,0.0,119.13999938964844,118.06999969482422,118.37000274658203,0.0,54494000,4.382789473826084,0.00592081011013601
2004-11-18,80.1690673828125,0.0,118.73999786376953,0.0,118.80000305175781,118.2300033569336,118.52999877929688,0.0,31854300,4.384137746992466,0.0013482731663820857
2004-11-19,79.2778549194336,0.0,117.41999816894531,0.0,118.72000122070312,117.13999938964844,118.69999694824219,0.0,54276500,4.3729588326354225,-0.011178914357043546
2004-11-22,79.65591430664062,0.0,117.9800033569336,0.0,118.12000274658203,117.02999877929688,117.16999816894531,0.0,37560200,4.377716287292303,0.004757454656880711
2004-11-23,79.7774887084961,0.0,118.16000366210938,0.0,118.26000213623047,117.37000274658203,117.93000030517578,0.0,41968800,4.379241368274332,0.0015250809820290812
2004-11-24,79.96648406982422,0.0,118.44000244140625,0.0,118.58999633789062,118.05000305175781,118.2699966430664,0.0,29724800,4.38160759776298,0.002366229488647953
2004-11-26,79.90574645996094,0.0,118.3499984741211,0.0,118.9800033569336,118.30000305175781,118.51000213623047,0.0,15487700,4.380847770836388,-0.0007598269265924884
2004-11-29,79.5411376953125,0.0,117.80999755859375,0.0,119.01000213623047,117.4800033569336,118.79000091552734,0.0,61460800,4.3762743431134155,-0.004573427722972312
2004-11-30,79.59513854980469,0.0,117.88999938964844,0.0,118.23999786376953,117.63999938964844,118.0,0.0,53685200,4.37695301749036,0.0006786743769442438
2004-12-01,80.49988555908203,0.0,119.2300033569336,0.0,119.5,118.0999984741211,118.16000366210938,0.0,49898300,4.388255762797197,0.01130274530683728
2004-12-02,80.56737518310547,0.0,119.33000183105469,0.0,119.87000274658203,119.01000213623047,119.0999984741211,0.0,60163500,4.389093793166153,0.000838030368956133
2004-12-03,80.51339721679688,0.0,119.25,0.0,120.13999938964844,119.08999633789062,119.30999755859375,0.0,49067900,4.388423595630782,-0.0006701975353706757
2004-12-06,80.48639678955078,0.0,119.20999908447266,0.0,119.63999938964844,118.83999633789062,119.20999908447266,0.0,33030500,4.388088186164381,-0.0003354094664018703
2004-12-07,79.73693084716797,0.0,118.0999984741211,0.0,119.62000274658203,118.04000091552734,119.48999786376953,0.0,52047200,4.37873285171119,-0.0093553344531907
2004-12-08,80.2027816772461,0.0,118.79000091552734,0.0,118.81999969482422,118.01000213623047,118.20999908447266,0.0,43895100,4.384558198525923,0.005825346814733123
2004-12-09,80.48639678955078,0.0,119.20999908447266,0.0,119.45999908447266,117.7300033569336,118.13999938964844,0.0,60922800,4.388088186164381,0.003529987638457577
2004-12-10,80.56737518310547,0.0,119.33000183105469,0.0,119.55999755859375,118.8499984741211,118.91999816894531,0.0,47828600,4.389093793166153,0.001005607001772546
2004-12-13,81.26959991455078,0.0,120.37000274658203,0.0,120.4000015258789,119.3499984741211,119.76000213623047,0.0,38541000,4.397772021836185,0.008678228670031984
2004-12-14,81.55314636230469,0.0,120.79000091552734,0.0,120.95999908447266,120.18000030517578,120.18000030517578,0.0,41500700,4.4012549103252665,0.003482888489081404
2004-12-15,81.61390686035156,0.0,120.87999725341797,0.0,121.11000061035156,120.30999755859375,120.69999694824219,0.0,46699200,4.4019996746591845,0.0007447643339180132
2004-12-16,81.56661987304688,0.0,120.80999755859375,0.0,121.23999786376953,120.04000091552734,120.72000122070312,0.0,51641800,4.40142010809478,-0.0005795665644043879
2004-12-17,81.02262115478516,0.0,119.44000244140625,0.568,119.97000122070312,119.16000366210938,119.45999908447266,0.0,70761900,4.394728389198716,-0.006691718896064458
2004-12-20,81.04296112060547,0.0,119.47000122070312,0.0,120.29000091552734,119.16999816894531,119.75,0.0,47187400,4.394979398273456,0.0002510090747405158
2004-12-21,81.66702270507812,0.0,120.38999938964844,0.0,120.4800033569336,119.45999908447266,119.5999984741211,0.0,33094200,4.402650281521132,0.0076708832476759525
2004-12-22,81.86377716064453,0.0,120.68000030517578,0.0,121.08000183105469,120.30000305175781,120.37999725341797,0.0,31500700,4.405056611712985,0.002406330191853101
2004-12-23,81.92481994628906,0.0,120.7699966430664,0.0,121.27999877929688,120.66000366210938,120.87000274658203,0.0,25646100,4.405801996795329,0.0007453850823440078
2004-12-27,81.75524139404297,0.0,120.5199966430664,0.0,121.36000061035156,120.38999938964844,121.19999694824219,0.0,29944100,4.40372992263393,-0.0020720741613988736
2004-12-28,82.20292663574219,0.0,121.18000030517578,0.0,121.33000183105469,120.5999984741211,120.63999938964844,0.0,23422900,4.409190905269479,0.005460982635548284
2004-12-29,82.32504272460938,0.0,121.36000061035156,0.0,121.4000015258789,120.94999694824219,121.08000183105469,0.0,22650600,4.410675347237202,0.001484441967723349
2004-12-30,82.16901397705078,0.0,121.12999725341797,0.0,121.56999969482422,121.04000091552734,121.4000015258789,0.0,21076900,4.408778272078605,-0.0018970751585971612
2004-12-31,81.99263763427734,0.0,120.87000274658203,0.0,121.66000366210938,120.80000305175781,121.30000305175781,0.0,28648800,4.406629458285506,-0.002148813793098725
2005-01-03,81.60601806640625,0.0,120.30000305175781,0.0,121.76000213623047,119.9000015258789,121.55999755859375,0.0,55748000,4.401903010064406,-0.004726448221100021
2005-01-04,80.60881042480469,0.0,118.83000183105469,0.0,120.54000091552734,118.44000244140625,120.45999908447266,0.0,69167600,4.389607954020075,-0.012295056044330899
2005-01-05,80.05255889892578,0.0,118.01000213623047,0.0,119.25,118.0,118.73999786376953,0.0,65667300,4.382683405189475,-0.00692454883060023
2005-01-06,80.4595718383789,0.0,118.61000061035156,0.0,119.1500015258789,118.26000213623047,118.44000244140625,0.0,47814700,4.3877548450853965,0.0050714398959215146
2005-01-07,80.34423065185547,0.0,118.44000244140625,0.0,119.2300033569336,118.12999725341797,118.97000122070312,0.0,55847700,4.386320286890655,-0.0014345581947416974
2005-01-10,80.72413635253906,0.0,119.0,0.0,119.45999908447266,118.33999633789062,118.33999633789062,0.0,56563300,4.391037617950243,0.004717331059588048
2005-01-11,80.16787719726562,0.0,118.18000030517578,0.0,118.73999786376953,117.98999786376953,118.63999938964844,0.0,63099700,4.384122900937491,-0.006914717012751481
2005-01-12,80.43242645263672,0.0,118.56999969482422,0.0,118.83999633789062,117.5199966430664,118.4000015258789,0.0,72720500,4.387417408963177,0.0032945080256858716
2005-01-13,79.78801727294922,0.0,117.62000274658203,0.0,118.7300033569336,117.5,118.63999938964844,0.0,55537500,4.379373333693847,-0.008044075269330264
2005-01-14,80.20858001708984,0.0,118.23999786376953,0.0,118.52999877929688,117.76000213623047,117.97000122070312,0.0,42032500,4.384630491906953,0.005257158213106017
2005-01-18,81.04296112060547,0.0,119.47000122070312,0.0,119.62000274658203,117.94999694824219,118.05000305175781,0.0,57391700,4.394979398273456,0.010348906366503208
2005-01-19,80.19501495361328,0.0,118.22000122070312,0.0,119.5199966430664,118.20999908447266,119.43000030517578,0.0,54378900,4.38446135525498,-0.010518043018476142
2005-01-20,79.70661163330078,0.0,117.5,0.0,118.19999694824219,117.29000091552734,117.88999938964844,0.0,72049300,4.378352538858615,-0.006108816396364958
2005-01-21,79.21818542480469,0.0,116.77999877929688,0.0,118.0,116.6500015258789,117.79000091552734,0.0,63160400,4.372205886412686,-0.00614665244592949
2005-01-24,79.06218719482422,0.0,116.55000305175781,0.0,117.33999633789062,116.37000274658203,117.08999633789062,0.0,58441900,4.370234722484912,-0.0019711639277737447
2005-01-25,79.28597259521484,0.0,116.87999725341797,0.0,117.47000122070312,116.72000122070312,116.91000366210938,0.0,68245000,4.373061222643479,0.0028265001585667804
2005-01-26,79.52342987060547,0.0,117.2300033569336,0.0,117.5999984741211,117.04000091552734,117.31999969482422,0.0,57195100,4.376051693593775,0.0029904709502961424
2005-01-27,79.6590805053711,0.0,117.43000030517578,0.0,117.75,116.9800033569336,117.19000244140625,0.0,55878800,4.377756034947376,0.001704341353601535
2005-01-28,79.6590805053711,0.0,117.43000030517578,0.0,117.55000305175781,116.61000061035156,117.48999786376953,0.0,60738900,4.377756034947376,0.0
2005-01-31,80.15433502197266,0.0,118.16000366210938,0.0,118.25,117.70999908447266,117.94999694824219,0.0,52532700,4.383953963955675,0.0061979290082989635
2005-02-01,80.66309356689453,0.0,118.91000366210938,0.0,119.08000183105469,118.0999984741211,118.25,0.0,49841200,4.390281141882267,0.006327177926591432
2005-02-02,80.90729522705078,0.0,119.2699966430664,0.0,119.58999633789062,118.9000015258789,119.05999755859375,0.0,52468900,4.3933039958585605,0.00302285397629376
2005-02-03,80.697021484375,0.0,118.95999908447266,0.0,119.16000366210938,118.56999969482422,119.05999755859375,0.0,48837100,4.390701666098795,-0.002602329759765709
2005-02-04,81.55850219726562,0.0,120.2300033569336,0.0,120.43000030517578,118.9800033569336,119.0,0.0,50024600,4.40132058110979,0.01061891501099499
2005-02-07,81.44996643066406,0.0,120.06999969482422,0.0,120.5199966430664,119.95999908447266,120.25,0.0,45412000,4.399988922901426,-0.001331658208363784
2005-02-08,81.54493713378906,0.0,120.20999908447266,0.0,120.6500015258789,120.06999969482422,120.16999816894531,0.0,39263500,4.401154244169704,0.0011653212682780634
2005-02-09,80.93440246582031,0.0,119.30999755859375,0.0,120.48999786376953,119.25,120.41999816894531,0.0,55279400,4.393638980468948,-0.0075152637007560585
2005-02-10,81.22612762451172,0.0,119.73999786376953,0.0,120.0199966430664,119.26000213623047,119.66000366210938,0.0,45858600,4.397236964185937,0.0035979837169888285
2005-02-11,81.92481994628906,0.0,120.7699966430664,0.0,121.04000091552734,119.45999908447266,119.69999694824219,0.0,53133000,4.405801996795329,0.008565032609392453
2005-02-14,81.86377716064453,0.0,120.68000030517578,0.0,120.86000061035156,120.4800033569336,120.69000244140625,0.0,32432100,4.405056611712985,-0.0007453850823440078
2005-02-15,82.16901397705078,0.0,121.12999725341797,0.0,121.43000030517578,120.68000030517578,120.80000305175781,0.0,43852700,4.408778272078605,0.0037216603656196057
2005-02-16,82.2232894897461,0.0,121.20999908447266,0.0,121.45999908447266,120.66999816894531,120.93000030517578,0.0,55523000,4.409438589058449,0.0006603169798440334
2005-02-17,81.55850219726562,0.0,120.2300033569336,0.0,121.33000183105469,120.22000122070312,121.2300033569336,0.0,58124000,4.40132058110979,-0.008118007948659134
2005-02-18,81.66702270507812,0.0,120.38999938964844,0.0,120.4800033569336,119.9000015258789,120.23999786376953,0.0,47723300,4.402650281521132,0.0013297004113423938
2005-02-22,80.45278930664062,0.0,118.5999984741211,0.0,120.47000122070312,118.58000183105469,119.9000015258789,0.0,80697600,4.387670544144263,-0.014979737376869195
2005-02-23,81.02938079833984,0.0,119.44999694824219,0.0,119.56999969482422,118.62000274658203,118.93000030517578,0.0,68292600,4.394811814808731,0.007141270664468458
2005-02-24,81.56527709960938,0.0,120.23999786376953,0.0,120.31999969482422,118.9800033569336,119.23999786376953,0.0,68563600,4.401403645668211,0.006591830859479231
2005-02-25,82.37250518798828,0.0,121.43000030517578,0.0,121.66999816894531,120.18000030517578,120.2699966430664,0.0,60899900,4.411251706330514,0.009848060662303482
2005-02-28,81.82984924316406,0.0,120.62999725341797,0.0,121.30000305175781,120.04000091552734,121.1500015258789,0.0,69381300,4.404642082220155,-0.006609624110359036
2005-03-01,82.23685455322266,0.0,121.2300033569336,0.0,121.5199966430664,120.77999877929688,120.81999969482422,0.0,47294400,4.4096035538112925,0.004961471591137467
2005-03-02,82.1961669921875,0.0,121.16999816894531,0.0,121.93000030517578,120.6500015258789,120.76000213623047,0.0,64226500,4.409108670709551,-0.0004948831017417277
2005-03-03,82.2301025390625,0.0,121.22000122070312,0.0,121.9000015258789,120.69999694824219,121.66000366210938,0.0,61230800,4.409521445960776,0.0004127752512248506
2005-03-04,83.25436401367188,0.0,122.7300033569336,0.0,122.83000183105469,121.79000091552734,122.05000305175781,0.0,56168500,4.42190054807129,0.012379102110513962
2005-03-07,83.29508972167969,0.0,122.79000091552734,0.0,123.25,122.4000015258789,122.66000366210938,0.0,43442400,4.422389600516748,0.0004890524454586043
2005-03-08,82.9830551147461,0.0,122.33000183105469,0.0,123.0,122.11000061035156,122.66999816894531,0.0,44362000,4.418636431710056,-0.0037531688066918534
2005-03-09,82.06049346923828,0.0,120.97000122070312,0.0,122.29000091552734,120.95999908447266,121.97000122070312,0.0,73263600,4.4074567005133645,-0.011179731196691911
2005-03-10,82.2436294555664,0.0,121.23999786376953,0.0,121.5,120.4000015258789,121.19999694824219,0.0,65149000,4.409685933218046,0.0022292327046811167
2005-03-11,81.66702270507812,0.0,120.38999938964844,0.0,121.72000122070312,120.16000366210938,121.30999755859375,0.0,57976500,4.402650281521132,-0.0070356516969134475
2005-03-14,82.17581176757812,0.0,121.13999938964844,0.0,121.16000366210938,120.27999877929688,120.61000061035156,0.0,36336400,4.40886099802389,0.00621071650275784
2005-03-15,81.49744415283203,0.0,120.13999938964844,0.0,121.45999908447266,120.08000183105469,121.41999816894531,0.0,62438500,4.400571659667128,-0.00828933835676171
2005-03-16,80.80553436279297,0.0,119.12000274658203,0.0,120.16000366210938,118.9000015258789,119.69999694824219,0.0,74874200,4.392045457770425,-0.008526201896703611
2005-03-17,80.96833038330078,0.0,119.36000061035156,0.0,119.73999786376953,118.9800033569336,119.30999755859375,0.0,62584200,4.394058095296475,0.0020126375260502982
2005-03-18,80.72794342041016,0.0,118.54000091552734,0.467,119.52999877929688,118.1500015258789,119.11000061035156,0.0,60232000,4.391084778294998,-0.0029733170014765165
2005-03-21,80.42825317382812,0.0,118.0999984741211,0.0,118.77999877929688,117.76000213623047,118.70999908447266,0.0,61244300,4.387365522090397,-0.003719256204601784
2005-03-22,79.6110610961914,0.0,116.9000015258789,0.0,118.93000030517578,116.9000015258789,118.37000274658203,0.0,92472400,4.377153041691367,-0.01021248039903
2005-03-23,79.67915344238281,0.0,117.0,0.0,117.72000122070312,116.75,116.94999694824219,0.0,70817300,4.378007988751816,0.000854947060449085
2005-03-24,79.7745132446289,0.0,117.13999938964844,0.0,117.98999786376953,117.05999755859375,117.45999908447266,0.0,51932500,4.379204070542795,0.0011960817909795196
2005-03-28,79.89029693603516,0.0,117.30999755859375,0.0,117.94000244140625,117.30999755859375,117.41999816894531,0.0,46765500,4.380654405298098,0.0014503347553027623
2005-03-29,79.35904693603516,0.0,116.52999877929688,0.0,117.9000015258789,116.25,117.13999938964844,0.0,71160300,4.373982453529948,-0.006671951768150386
2005-03-30,80.48275756835938,0.0,118.18000030517578,0.0,118.19999694824219,116.7699966430664,116.77999877929688,0.0,62002100,4.388042969784801,0.014060516254853717
2005-03-31,80.33294677734375,0.0,117.95999908447266,0.0,118.45999908447266,117.87000274658203,118.19000244140625,0.0,64575400,4.386179832910683,-0.0018631368741184318
2005-04-01,79.97203063964844,0.0,117.43000030517578,0.0,118.98999786376953,116.91000366210938,118.62999725341797,0.0,95255300,4.381676956539214,-0.004502876371469178
2005-04-04,80.10821533203125,0.0,117.62999725341797,0.0,117.86000061035156,116.73999786376953,117.36000061035156,0.0,71581200,4.383378412261126,0.0017014557219123816
2005-04-05,80.48958587646484,0.0,118.19000244140625,0.0,118.37999725341797,117.66999816894531,117.77999877929688,0.0,46853900,4.388127808061531,0.004749395800405232
2005-04-06,80.76876831054688,0.0,118.5999984741211,0.0,118.94999694824219,118.18000030517578,118.44999694824219,0.0,53268200,4.391590359994697,0.0034625519331656918
2005-04-07,81.20462799072266,0.0,119.23999786376953,0.0,119.26000213623047,118.31999969482422,118.41000366210938,0.0,46734600,4.3969722405031195,0.005381880508422476
2005-04-08,80.36017608642578,0.0,118.0,0.0,119.20999908447266,118.0,119.16999816894531,0.0,63772900,4.386518731164166,-0.010453509338953282
2005-04-11,80.42147064208984,0.0,118.08999633789062,0.0,118.41999816894531,117.83000183105469,118.29000091552734,0.0,44945000,4.387281188321194,0.0007624571570277183
2005-04-12,80.8368911743164,0.0,118.69999694824219,0.0,119.05999755859375,117.06999969482422,117.88999938964844,0.0,86144800,4.392433435268443,0.0051522469472491395
2005-04-13,79.88349151611328,0.0,117.30000305175781,0.0,118.80000305175781,117.12999725341797,118.55999755859375,0.0,65949000,4.380569217108071,-0.01186421816037253
2005-04-14,78.84151458740234,0.0,115.7699966430664,0.0,117.5,115.7699966430664,117.4000015258789,0.0,96119800,4.3674396930005805,-0.01312952410749002
2005-04-15,77.73826599121094,0.0,114.1500015258789,0.0,116.19999694824219,114.0999984741211,115.73999786376953,0.0,128677300,4.353347619942625,-0.0140920730579559
2005-04-18,77.97661590576172,0.0,114.5,0.0,114.95999908447266,113.95999908447266,114.12000274658203,0.0,100035200,4.356408985661785,0.0030613657191604915
2005-04-19,78.59636688232422,0.0,115.41000366210938,0.0,115.52999877929688,114.83000183105469,115.0999984741211,0.0,64930100,4.364325475495658,0.00791648983387283
2005-04-20,77.49991607666016,0.0,113.80000305175781,0.0,115.62999725341797,113.55000305175781,115.37999725341797,0.0,107735900,4.3502768534769105,-0.014048622018747459
2005-04-21,79.00496673583984,0.0,116.01000213623047,0.0,116.20999908447266,114.37999725341797,114.79000091552734,0.0,86952200,4.369510720564703,0.01923386708779251
2005-04-22,78.70531463623047,0.0,115.56999969482422,0.0,116.5,114.2699966430664,115.73999786376953,0.0,88845800,4.365710683463878,-0.0038000371008246603
2005-04-25,79.22286987304688,0.0,116.33000183105469,0.0,116.5,115.72000122070312,115.86000061035156,0.0,52284100,4.37226501816026,0.0065543346963812255
2005-04-26,78.45333099365234,0.0,115.19999694824219,0.0,116.7699966430664,115.1500015258789,115.95999908447266,0.0,72626000,4.362503938362435,-0.009761079797824479
2005-04-27,78.75979614257812,0.0,115.6500015258789,0.0,116.06999969482422,114.44000244140625,114.86000061035156,0.0,84131900,4.366402665430578,0.003898727068142982
2005-04-28,77.77230834960938,0.0,114.19999694824219,0.0,115.68000030517578,114.19999694824219,115.2699966430664,0.0,72481500,4.353785434015224,-0.012617231415354091
2005-04-29,78.827880859375,0.0,115.75,0.0,115.87000274658203,113.97000122070312,115.06999969482422,0.0,103993800,4.3672667522973745,0.01348131828215049
2005-05-02,79.27056884765625,0.0,116.4000015258789,0.0,116.41000366210938,115.5199966430664,116.06999969482422,0.0,56026400,4.372866922900726,0.005600170603351273
2005-05-03,79.40676879882812,0.0,116.5999984741211,0.0,116.8499984741211,115.69000244140625,116.06999969482422,0.0,86000300,4.374583613975088,0.001716691074362231
2005-05-04,80.0196533203125,0.0,117.5,0.0,117.75,116.27999877929688,116.6500015258789,0.0,81055700,4.3822722710067135,0.007688657031625468
2005-05-05,79.99246215820312,0.0,117.45999908447266,0.0,118.0,116.73999786376953,117.66999816894531,0.0,96906700,4.381932407212153,-0.0003398637945606353
2005-05-06,79.74044799804688,0.0,117.08999633789062,0.0,117.98999786376953,117.05999755859375,117.93000030517578,0.0,67415400,4.378776960172276,-0.003155447039876691
2005-05-09,80.23757934570312,0.0,117.81999969482422,0.0,118.08000183105469,117.05000305175781,117.20999908447266,0.0,43750500,4.384991975522943,0.006215015350666597
2005-05-10,79.40676879882812,0.0,116.5999984741211,0.0,117.5,116.38999938964844,117.36000061035156,0.0,74613500,4.374583613975088,-0.010408361547854739
2005-05-11,79.84262084960938,0.0,117.23999786376953,0.0,117.4000015258789,115.8499984741211,116.93000030517578,0.0,91647400,4.3800574577371005,0.005473843762012542
2005-05-12,78.96409606933594,0.0,115.94999694824219,0.0,117.58999633789062,115.94999694824219,117.31999969482422,0.0,95086800,4.368993269024635,-0.011064188712465395
2005-05-13,78.80746459960938,0.0,115.72000122070312,0.0,116.62000274658203,114.80000305175781,116.30000305175781,0.0,85267000,4.367007720798819,-0.0019855482258162027
2005-05-16,79.54297637939453,0.0,116.80000305175781,0.0,116.83999633789062,115.66000366210938,115.69999694824219,0.0,49207000,4.3762974589863335,0.009289738187514551
2005-05-17,80.07416534423828,0.0,117.58000183105469,0.0,117.69999694824219,116.16000366210938,116.41000366210938,0.0,61071800,4.382953272015837,0.006655813029503577
2005-05-18,80.898193359375,0.0,118.79000091552734,0.0,119.08000183105469,118.01000213623047,118.08999633789062,0.0,77944900,4.393191492039748,0.010238220023911282
2005-05-19,81.23869323730469,0.0,119.29000091552734,0.0,119.41000366210938,118.69999694824219,119.0199966430664,0.0,61768100,4.397391651369924,0.004200159330175701
2005-05-20,81.1229476928711,0.0,119.12000274658203,0.0,119.38999938964844,118.73999786376953,119.33999633789062,0.0,46345500,4.395965876619458,-0.0014257747504657914
2005-05-23,81.5724105834961,0.0,119.77999877929688,0.0,120.04000091552734,119.19000244140625,119.20999908447266,0.0,51047900,4.401491099205067,0.0055252225856090575
2005-05-24,81.38168334960938,0.0,119.5,0.0,119.83000183105469,119.19999694824219,119.44000244140625,0.0,50654100,4.399150227412565,-0.002340871792502419
2005-05-25,81.32041931152344,0.0,119.41000366210938,0.0,119.87000274658203,118.83000183105469,119.3499984741211,0.0,47608800,4.3983971450617005,-0.0007530823508643536
2005-05-26,81.75626373291016,0.0,120.05000305175781,0.0,120.20999908447266,119.62000274658203,119.79000091552734,0.0,43256200,4.403742427428212,0.005345282366511661
2005-05-27,81.8924789428711,0.0,120.25,0.0,120.25,119.80000305175781,120.05999755859375,0.0,24596100,4.405407154442813,0.001664727014600409
2005-05-31,81.36810302734375,0.0,119.4800033569336,0.0,120.16999816894531,119.4000015258789,120.08000183105469,0.0,43377200,4.398983341512443,-0.0064238129303699765
2005-06-01,82.06272888183594,0.0,120.5,0.0,120.91999816894531,119.44999694824219,119.5199966430664,0.0,69611000,4.407483941175176,0.008500599662733421
2005-06-02,82.23977661132812,0.0,120.76000213623047,0.0,120.83999633789062,120.0999984741211,120.2300033569336,0.0,39704500,4.4096390854012215,0.002155144226045458
2005-06-03,81.82437896728516,0.0,120.1500015258789,0.0,120.88999938964844,119.7300033569336,120.55000305175781,0.0,60999400,4.404575230591075,-0.005063854810146928
2005-06-06,81.74945831298828,0.0,120.04000091552734,0.0,120.19999694824219,119.55000305175781,119.94999694824219,0.0,36046400,4.403659183614594,-0.0009160469764806223
2005-06-07,81.81076049804688,0.0,120.12999725341797,0.0,121.25,120.01000213623047,120.38999938964844,0.0,66501300,4.40440878138812,0.0007495977735256787
2005-06-08,81.66093444824219,0.0,119.91000366210938,0.0,120.58999633789062,119.66999816894531,120.43000030517578,0.0,46881200,4.402575728983466,-0.001833052404653479
2005-06-09,82.04913330078125,0.0,120.4800033569336,0.0,120.58000183105469,119.44000244140625,119.73999786376953,0.0,56653300,4.407318254418534,0.004742525435068146
2005-06-10,81.85845184326172,0.0,120.19999694824219,0.0,120.6500015258789,119.5999984741211,120.55999755859375,0.0,36465300,4.404991558635989,-0.002326695782545407
2005-06-13,82.1171875,0.0,120.58000183105469,0.0,121.08000183105469,119.80999755859375,119.94000244140625,0.0,49383200,4.408147342903737,0.0031557842677480963
2005-06-14,82.30790710449219,0.0,120.86000061035156,0.0,121.19999694824219,120.37999725341797,120.44999694824219,0.0,33857100,4.410467179671756,0.002319836768019279
2005-06-15,82.4645004272461,0.0,121.08999633789062,0.0,121.23999786376953,120.2300033569336,121.16000366210938,0.0,53195600,4.4123679028843865,0.0019007232126302398
2005-06-16,82.6756362915039,0.0,121.4000015258789,0.0,121.63999938964844,120.91999816894531,121.05999755859375,0.0,46564500,4.414924955137048,0.0025570522526612294
2005-06-17,82.98199462890625,0.0,121.36000061035156,0.488,121.9000015258789,121.22000122070312,121.54000091552734,0.0,51529400,4.418623652081556,0.0036986969445083062
2005-06-20,83.00930786132812,0.0,121.4000015258789,0.0,121.83999633789062,120.94000244140625,121.08000183105469,0.0,41019400,4.41895274441662,0.00032909233506384084
2005-06-21,83.0571517944336,0.0,121.47000122070312,0.0,121.6500015258789,121.02999877929688,121.5,0.0,39879800,4.419528946673576,0.0005762022569557601
2005-06-22,83.12554168701172,0.0,121.56999969482422,0.0,121.94000244140625,121.06999969482422,121.68000030517578,0.0,46310100,4.420352015490265,0.0008230688166896982
2005-06-23,81.95630645751953,0.0,119.86000061035156,0.0,121.5999984741211,119.83000183105469,121.31999969482422,0.0,62185600,4.406186257171235,-0.014165758319029997
2005-06-24,81.35460662841797,0.0,118.9800033569336,0.0,120.01000213623047,118.83999633789062,119.87999725341797,0.0,58572500,4.398817459331826,-0.007368797839409247
2005-06-27,81.47087860107422,0.0,119.1500015258789,0.0,119.41000366210938,118.75,118.97000122070312,0.0,48183800,4.400245638615378,0.0014281792835522111
2005-06-28,82.15460968017578,0.0,120.1500015258789,0.0,120.23999786376953,119.37000274658203,119.4000015258789,0.0,41174200,4.408602955875233,0.008357317259855002
2005-06-29,81.93582916259766,0.0,119.83000183105469,0.0,120.4000015258789,119.76000213623047,120.37000274658203,0.0,42316500,4.4059363697077405,-0.0026665861674928237
2005-06-30,81.4913330078125,0.0,119.18000030517578,0.0,120.31999969482422,118.94999694824219,120.22000122070312,0.0,62288800,4.400496671129527,-0.005439698578213914
2005-07-01,81.73068237304688,0.0,119.52999877929688,0.0,119.80000305175781,119.20999908447266,119.44999694824219,0.0,49737500,4.403429480606691,0.0029328094771647883
2005-07-05,82.3871078491211,0.0,120.48999786376953,0.0,120.6500015258789,119.19000244140625,119.25,0.0,51549000,4.4114289665328394,0.007999485926148076
2005-07-06,81.69651794433594,0.0,119.4800033569336,0.0,120.6500015258789,119.41000366210938,120.38999938964844,0.0,52363600,4.403011380937331,-0.008417585595508648
2005-07-07,82.01787567138672,0.0,119.94999694824219,0.0,119.94999694824219,118.26000213623047,118.29000091552734,0.0,103268800,4.406937219499101,0.003925838561769979
2005-07-08,82.95463562011719,0.0,121.31999969482422,0.0,121.31999969482422,119.72000122070312,119.97000122070312,0.0,64491200,4.418293899585126,0.011356680086024973
2005-07-11,83.3785629272461,0.0,121.94000244140625,0.0,122.0999984741211,121.30999755859375,121.33000183105469,0.0,49688300,4.4233912370828,0.005097337497674381
2005-07-12,83.59737396240234,0.0,122.26000213623047,0.0,122.62999725341797,121.63999938964844,121.98999786376953,0.0,51871100,4.426012107664304,0.0026208705815040645
2005-07-13,83.7136001586914,0.0,122.43000030517578,0.0,122.5199966430664,121.98999786376953,122.2699966430664,0.0,41182300,4.427401451257519,0.0013893435932148535
2005-07-14,84.04183197021484,0.0,122.91000366210938,0.0,123.44000244140625,122.48999786376953,122.9800033569336,0.0,63638800,4.431314674528058,0.003913223270538779
2005-07-15,83.99396514892578,0.0,122.83999633789062,0.0,123.04000091552734,122.36000061035156,122.79000091552734,0.0,56075900,4.430744952797279,-0.0005697217307787383
2005-07-18,83.65890502929688,0.0,122.3499984741211,0.0,122.62999725341797,122.05000305175781,122.5,0.0,56598400,4.426747877586263,-0.00399707521101611
2005-07-19,84.11703491210938,0.0,123.0199966430664,0.0,123.11000061035156,122.41000366210938,122.70999908447266,0.0,59165700,4.432209101902628,0.0054612243163649765
2005-07-20,84.4041976928711,0.0,123.44000244140625,0.0,123.7300033569336,122.30000305175781,122.58999633789062,0.0,69477000,4.435617136062658,0.0034080341600297714
2005-07-21,83.91191101074219,0.0,122.72000122070312,0.0,123.61000061035156,122.47000122070312,123.55000305175781,0.0,101110900,4.429767570151807,-0.005849565910851062
2005-07-22,84.47258758544922,0.0,123.54000091552734,0.0,123.55999755859375,122.62999725341797,122.87999725341797,0.0,52607100,4.436427074458916,0.006659504307108932
2005-07-25,84.23329162597656,0.0,123.19000244140625,0.0,123.94999694824219,122.8499984741211,123.41000366210938,0.0,57301600,4.433590230585155,-0.002836843873760486
2005-07-26,84.3358383178711,0.0,123.33999633789062,0.0,123.52999877929688,122.94999694824219,123.2300033569336,0.0,42758800,4.434806902992239,0.0012166724070841184
2005-07-27,84.64353942871094,0.0,123.79000091552734,0.0,123.88999938964844,123.05000305175781,123.5,0.0,43181600,4.4384487846826275,0.00364188169038826
2005-07-28,85.17686462402344,0.0,124.56999969482422,0.0,124.63999938964844,123.63999938964844,123.95999908447266,0.0,47880700,4.444729854989518,0.006281070306890513
2005-07-29,84.60933685302734,0.0,123.73999786376953,0.0,124.62999725341797,123.5,124.41000366210938,0.0,62358100,4.438044625215437,-0.006685229774080703
2005-08-01,84.54779052734375,0.0,123.6500015258789,0.0,124.04000091552734,123.44999694824219,123.83000183105469,0.0,40418200,4.437316942860546,-0.0007276823548911793
2005-08-02,85.05376434326172,0.0,124.38999938964844,0.0,124.5999984741211,123.73999786376953,123.87000274658203,0.0,45147400,4.443283578218221,0.005966635357674832
2005-08-03,85.27943420410156,0.0,124.72000122070312,0.0,124.73999786376953,124.12000274658203,124.25,0.0,36837200,4.4459333258282365,0.0026497476100155737
2005-08-04,84.5956802368164,0.0,123.72000122070312,0.0,124.30999755859375,123.56999969482422,124.2300033569336,0.0,50855600,4.43788320427798,-0.008050121550256861
2005-08-05,84.02130126953125,0.0,122.87999725341797,0.0,123.9800033569336,122.66999816894531,123.44999694824219,0.0,53595500,4.43107035323772,-0.006812851040259638
2005-08-08,83.86402130126953,0.0,122.6500015258789,0.0,123.41000366210938,122.37999725341797,123.1500015258789,0.0,47616000,4.429196693148016,-0.0018736600897044653
2005-08-09,84.37002563476562,0.0,123.38999938964844,0.0,123.58999633789062,122.87000274658203,123.05999755859375,0.0,47170000,4.435212192014939,0.00601549886692343
2005-08-10,84.32896423339844,0.0,123.33000183105469,0.0,124.5,122.81999969482422,123.81999969482422,0.0,72863700,4.434725391208246,-0.0004868008066933882
2005-08-11,84.66405487060547,0.0,123.81999969482422,0.0,124.02999877929688,123.01000213623047,123.2699966430664,0.0,58570200,4.438691129889643,0.0039657386813978235
2005-08-12,84.14434051513672,0.0,123.05999755859375,0.0,123.69000244140625,122.75,123.56999969482422,0.0,54776900,4.4325336636530315,-0.006157466236611953
2005-08-15,84.66405487060547,0.0,123.81999969482422,0.0,123.87000274658203,122.83000183105469,123.22000122070312,0.0,36208500,4.438691129889643,0.006157466236611953
2005-08-16,83.56319427490234,0.0,122.20999908447266,0.0,123.5199966430664,122.08999633789062,123.44000244140625,0.0,71942100,4.425603163278236,-0.013087966611407431
2005-08-17,83.55634307861328,0.0,122.19999694824219,0.0,122.87000274658203,122.02999877929688,122.19000244140625,0.0,62275100,4.425521171712182,-8.199156605392943e-05
2005-08-18,83.54949951171875,0.0,122.19000244140625,0.0,122.55999755859375,121.83999633789062,122.05000305175781,0.0,53388600,4.425439264738826,-8.190697335574981e-05
2005-08-19,83.740966796875,0.0,122.47000122070312,0.0,122.81999969482422,122.19999694824219,122.62999725341797,0.0,39842100,4.427728305746169,0.002289041007342618
2005-08-22,83.740966796875,0.0,122.47000122070312,0.0,123.2300033569336,121.87999725341797,122.58000183105469,0.0,69912000,4.427728305746169,0.0
2005-08-23,83.58367156982422,0.0,122.23999786376953,0.0,122.61000061035156,121.1500015258789,122.5,0.0,55168600,4.425848184863544,-0.0018801208826246807
2005-08-24,82.83839416503906,0.0,121.1500015258789,0.0,122.7300033569336,121.08999633789062,121.94000244140625,0.0,79104600,4.416891651562083,-0.008956533301461178
2005-08-25,83.13926696777344,0.0,121.58999633789062,0.0,121.66999816894531,121.20999908447266,121.3499984741211,0.0,35631100,4.420517116943831,0.0036254653817477944
2005-08-26,82.57171630859375,0.0,120.76000213623047,0.0,121.48999786376953,120.68000030517578,121.4800033569336,0.0,61956800,4.413667204317146,-0.006849912626685217
2005-08-29,83.20762634277344,0.0,121.69000244140625,0.0,121.77999877929688,120.37999725341797,120.41000366210938,0.0,56179200,4.421339006400107,0.007671802082961143
2005-08-30,82.7699966430664,0.0,121.05000305175781,0.0,121.30000305175781,120.38999938964844,121.25,0.0,74160200,4.416065636339932,-0.005273370060174365
2005-08-31,83.8161849975586,0.0,122.58000183105469,0.0,122.66000366210938,120.73999786376953,121.19000244140625,0.0,102945200,4.428626127234906,0.012560490894973242
2005-09-01,83.75460815429688,0.0,122.48999786376953,0.0,123.1500015258789,121.13999938964844,122.5199966430664,0.0,74578700,4.427891191929354,-0.0007349353055516872
2005-09-02,83.60419464111328,0.0,122.2699966430664,0.0,122.87999725341797,122.04000091552734,122.8499984741211,0.0,47653400,4.42609369396486,-0.0017974979644943545
2005-09-06,84.58197784423828,0.0,123.69999694824219,0.0,123.80000305175781,122.6500015258789,122.66000366210938,0.0,57251300,4.43772121607264,0.011627522107779953
2005-09-07,84.72554779052734,0.0,123.91000366210938,0.0,124.12999725341797,123.45999908447266,123.62999725341797,0.0,41749700,4.439417182984487,0.0016959669118472576
2005-09-08,84.44524383544922,0.0,123.5,0.0,124.0,123.30999755859375,123.66000366210938,0.0,39068700,4.436103322371776,-0.003313860612711217
2005-09-09,85.19740295410156,0.0,124.5999984741211,0.0,124.73999786376953,123.80000305175781,123.83000183105469,0.0,43093900,4.44497095161132,0.008867629239544428
2005-09-12,85.02645111083984,0.0,124.3499984741211,0.0,124.66999816894531,124.2699966430664,124.44999694824219,0.0,33017600,4.442962397620187,-0.0020085539911329775
2005-09-13,84.55463409423828,0.0,123.66000366210938,0.0,124.41999816894531,123.5199966430664,124.12999725341797,0.0,58427500,4.437397882763253,-0.0055645148569336556
2005-09-14,84.24693298339844,0.0,123.20999908447266,0.0,123.91999816894531,123.0199966430664,123.73999786376953,0.0,57694600,4.433752164811956,-0.0036457179512972004
2005-09-15,84.2059326171875,0.0,123.1500015258789,0.0,123.6500015258789,122.9000015258789,123.58999633789062,0.0,73156900,4.433265377402619,-0.0004867874093372748
2005-09-16,84.80469512939453,0.0,123.5,0.522,123.73999786376953,122.87000274658203,123.30000305175781,0.0,75424100,4.440350908357074,0.007085530954454633
2005-09-19,84.5231704711914,0.0,123.08999633789062,0.0,123.55000305175781,122.63999938964844,123.47000122070312,0.0,53355300,4.437025703534987,-0.003325204822086647
2005-09-20,83.80901336669922,0.0,122.05000305175781,0.0,123.61000061035156,121.87000274658203,123.19999694824219,0.0,84480300,4.428540559779252,-0.008485143755734725
2005-09-21,83.02622985839844,0.0,120.91000366210938,0.0,121.87000274658203,120.77999877929688,121.79000091552734,0.0,94469100,4.419156580262383,-0.00938397951686909
2005-09-22,83.32147216796875,0.0,121.33999633789062,0.0,121.66000366210938,120.44000244140625,120.94999694824219,0.0,84597200,4.422706285079319,0.00354970481693595
2005-09-23,83.39015197753906,0.0,121.44000244140625,0.0,121.88999938964844,120.9000015258789,121.23999786376953,0.0,59368100,4.423530220588408,0.0008239355090893241
2005-09-26,83.48628997802734,0.0,121.58000183105469,0.0,122.23999786376953,121.08000183105469,122.0199966430664,0.0,70415400,4.424682426495935,0.0011522059075268487
2005-09-27,83.46569061279297,0.0,121.55000305175781,0.0,121.98999786376953,121.0199966430664,121.5199966430664,0.0,66150800,4.424435656553273,-0.0002467699426622616
2005-09-28,83.54808044433594,0.0,121.66999816894531,0.0,122.12000274658203,121.19999694824219,121.93000030517578,0.0,58620500,4.425422279844332,0.000986623291058919
2005-09-29,84.22789764404297,0.0,122.66000366210938,0.0,122.86000061035156,121.08000183105469,121.55000305175781,0.0,66607700,4.433526192310715,0.008103912466383534
2005-09-30,84.48878479003906,0.0,123.04000091552734,0.0,123.04000091552734,121.73999786376953,122.62000274658203,0.0,47824200,4.436618801176232,0.003092608865516766
2005-10-03,84.18668365478516,0.0,122.5999984741211,0.0,123.33999633789062,122.44999694824219,122.95999908447266,0.0,50994800,4.433036757372688,-0.0035820438035445434
2005-10-04,83.23910522460938,0.0,121.22000122070312,0.0,123.02999877929688,121.16000366210938,122.79000091552734,0.0,60776300,4.421717252123706,-0.01131950524898162
2005-10-05,82.14725494384766,0.0,119.62999725341797,0.0,121.30999755859375,119.56999969482422,121.25,0.0,106052100,4.408513428755747,-0.013203823367959444
2005-10-06,81.85199737548828,0.0,119.19999694824219,0.0,120.26000213623047,118.16999816894531,119.77999877929688,0.0,140941800,4.40491270639647,-0.0036007223592768867
2005-10-07,82.13353729248047,0.0,119.61000061035156,0.0,120.05000305175781,119.12999725341797,119.69999694824219,0.0,75661400,4.408346426257008,0.003433719860538531
2005-10-10,81.4399642944336,0.0,118.5999984741211,0.0,119.70999908447266,118.30000305175781,119.68000030517578,0.0,52677000,4.399866114374238,-0.008480311882769875
2005-10-11,81.3232192993164,0.0,118.43000030517578,0.0,119.38999938964844,118.31999969482422,118.98999786376953,0.0,75629800,4.3984315760153745,-0.0014345383588638683
2005-10-12,80.68464660644531,0.0,117.5,0.0,119.12999725341797,117.41000366210938,118.38999938964844,0.0,100510400,4.390548304467324,-0.007883271548050352
2005-10-13,80.63655090332031,0.0,117.43000030517578,0.0,118.08000183105469,116.87999725341797,117.45999908447266,0.0,99052900,4.389952031872124,-0.0005962725952004533
2005-10-14,81.48804473876953,0.0,118.66999816894531,0.0,118.80999755859375,117.55999755859375,118.12000274658203,0.0,88651000,4.400456319164893,0.010504287292769199
2005-10-17,81.79017639160156,0.0,119.11000061035156,0.0,119.2699966430664,118.44999694824219,118.80000305175781,0.0,68109300,4.404157143384753,0.003700824219859733
2005-10-18,80.90436553955078,0.0,117.81999969482422,0.0,118.95999908447266,117.80000305175781,118.94000244140625,0.0,74996900,4.393267784778513,-0.010889358606239519
2005-10-19,82.25025177001953,0.0,119.77999877929688,0.0,119.80000305175781,117.12000274658203,117.5,0.0,116563800,4.409766450674469,0.01649866589595561
2005-10-20,80.80139923095703,0.0,117.66999816894531,0.0,119.80999755859375,117.30000305175781,119.48999786376953,0.0,131966700,4.391994282591924,-0.017772168082545114
2005-10-21,81.11723327636719,0.0,118.12999725341797,0.0,118.77999877929688,117.51000213623047,118.29000091552734,0.0,96579500,4.395895432707572,0.0039011501156487327
2005-10-24,82.37387084960938,0.0,119.95999908447266,0.0,120.08999633789062,118.41000366210938,118.44000244140625,0.0,71308400,4.4112682852884735,0.015372852580901153
2005-10-25,82.20907592773438,0.0,119.72000122070312,0.0,120.23999786376953,118.94000244140625,119.72000122070312,0.0,76594500,4.409265708713256,-0.0020025765752178515
2005-10-26,81.96871948242188,0.0,119.37000274658203,0.0,120.54000091552734,119.19000244140625,119.51000213623047,0.0,80855800,4.406337704759605,-0.0029280039536505598
2005-10-27,81.09658813476562,0.0,118.0999984741211,0.0,119.37000274658203,117.93000030517578,119.19999694824219,0.0,66623100,4.395640890381482,-0.01069681437812342
2005-10-28,82.26399230957031,0.0,119.80000305175781,0.0,119.94999694824219,118.0999984741211,118.43000030517578,0.0,72322000,4.409933494442132,0.014292604060650582
2005-10-31,82.49059295654297,0.0,120.12999725341797,0.0,121.30000305175781,120.12999725341797,120.29000091552734,0.0,77698900,4.412684262070141,0.0027507676280089655
2005-11-01,82.73778533935547,0.0,120.48999786376953,0.0,120.9000015258789,120.22000122070312,120.58000183105469,0.0,66365100,4.415676394169784,0.0029921320996431078
2005-11-02,83.6030044555664,0.0,121.75,0.0,121.75,120.12999725341797,120.16999816894531,0.0,74012300,4.426079457908598,0.0104030637388135
2005-11-03,83.9600830078125,0.0,122.2699966430664,0.0,122.66000366210938,121.75,122.1500015258789,0.0,84897600,4.430341483610977,0.004262025702379546
2005-11-04,83.85023498535156,0.0,122.11000061035156,0.0,122.45999908447266,121.55000305175781,122.4000015258789,0.0,59156000,4.429032290714326,-0.0013091928966515454
2005-11-07,83.93262481689453,0.0,122.2300033569336,0.0,122.62000274658203,121.8499984741211,122.37000274658203,0.0,46765400,4.430014391487459,0.000982100773133432
2005-11-08,83.93262481689453,0.0,122.2300033569336,0.0,122.41999816894531,121.79000091552734,121.93000030517578,0.0,42152800,4.430014391487459,0.0
2005-11-09,84.04251098632812,0.0,122.38999938964844,0.0,122.94999694824219,121.86000061035156,122.08000183105469,0.0,57666800,4.431322753996988,0.0013083625095289264
2005-11-10,84.69481658935547,0.0,123.33999633789062,0.0,123.5199966430664,121.75,122.33999633789062,0.0,79048100,4.439054402493235,0.007731648496246635
2005-11-11,84.98324584960938,0.0,123.76000213623047,0.0,123.83999633789062,122.43000030517578,123.3499984741211,0.0,34867000,4.442454129410396,0.003399726917161061
2005-11-14,84.93518829345703,0.0,123.69000244140625,0.0,124.0199966430664,123.37999725341797,123.79000091552734,0.0,45092200,4.441888474981244,-0.0005656544291516852
2005-11-15,84.62615966796875,0.0,123.23999786376953,0.0,124.08999633789062,122.86000061035156,123.55000305175781,0.0,69592500,4.4382434347482205,-0.0036450402330236997
2005-11-16,84.79784393310547,0.0,123.48999786376953,0.0,123.55000305175781,122.9800033569336,123.37000274658203,0.0,51133000,4.440270117157476,0.002026682409255187
2005-11-17,85.5875015258789,0.0,124.63999938964844,0.0,124.6500015258789,123.13999938964844,123.68000030517578,0.0,55717500,4.449539262275473,0.009269145117997368
2005-11-18,85.92400360107422,0.0,125.12999725341797,0.0,125.27999877929688,124.33000183105469,125.05999755859375,0.0,72437200,4.453463226521722,0.003923964246249412
2005-11-21,86.35659790039062,0.0,125.76000213623047,0.0,125.91000366210938,124.9800033569336,125.1500015258789,0.0,50021200,4.458485210479597,0.005021983957874454
2005-11-22,86.72740173339844,0.0,126.30000305175781,0.0,126.5199966430664,125.41999816894531,125.55999755859375,0.0,66438800,4.462769886140825,0.004284675661228476
2005-11-23,87.22868347167969,0.0,127.02999877929688,0.0,127.41000366210938,126.20999908447266,126.25,0.0,50854700,4.468533215721806,0.005763329580980248
2005-11-25,87.29735565185547,0.0,127.12999725341797,0.0,127.22000122070312,126.80999755859375,126.9800033569336,0.0,15270000,4.4693201720300415,0.0007869563082358866
2005-11-28,86.67935180664062,0.0,126.2300033569336,0.0,127.2699966430664,126.04000091552734,127.25,0.0,54498500,4.462215698636514,-0.0071044733935279325
2005-11-29,86.58317565917969,0.0,126.08999633789062,0.0,126.9800033569336,126.08999633789062,126.6500015258789,0.0,51738900,4.461105520241384,-0.001110178395129502
2005-11-30,86.11628723144531,0.0,125.41000366210938,0.0,126.5199966430664,125.29000091552734,126.16000366210938,0.0,56007200,4.455698559995133,-0.005406960246251202
2005-12-01,86.99519348144531,0.0,126.69000244140625,0.0,127.02999877929688,125.9800033569336,126.0199966430664,0.0,65468200,4.465852869788685,0.010154309793551697
2005-12-02,87.10511016845703,0.0,126.8499984741211,0.0,127.08000183105469,126.5,126.7699966430664,0.0,46699400,4.467115552268971,0.0012626824802861591
2005-12-05,86.9196548461914,0.0,126.58000183105469,0.0,126.7300033569336,126.18000030517578,126.69999694824219,0.0,59273400,4.464984184443752,-0.002131367825218611
2005-12-06,87.08447265625,0.0,126.81999969482422,0.0,127.73999786376953,126.62999725341797,127.05000305175781,0.0,57935200,4.466878597659299,0.001894413215547175
2005-12-07,86.57633972167969,0.0,126.08000183105469,0.0,126.87000274658203,125.68000030517578,126.7699966430664,0.0,66816500,4.4610265648632925,-0.0058520327960067675
2005-12-08,86.52139282226562,0.0,126.0,0.0,126.81999969482422,125.4800033569336,126.22000122070312,0.0,62608600,4.460391699224649,-0.0006348656386432339
2005-12-09,86.74800872802734,0.0,126.33000183105469,0.0,126.77999877929688,125.81999969482422,126.16000366210938,0.0,50744500,4.463007464419741,0.002615765195091768
2005-12-12,86.83037567138672,0.0,126.44999694824219,0.0,126.86000061035156,125.95999908447266,126.70999908447266,0.0,48389900,4.463956510579223,0.0009490461594818811
2005-12-13,87.4209213256836,0.0,127.30999755859375,0.0,127.69999694824219,126.29000091552734,126.41999816894531,0.0,88630900,4.47073462845174,0.006778117872516809
2005-12-14,87.76432037353516,0.0,127.80999755859375,0.0,128.08999633789062,127.13999938964844,127.19000244140625,0.0,64375000,4.474655044171099,0.003920415719359305
2005-12-15,87.51020050048828,0.0,127.44000244140625,0.0,128.0,127.18000030517578,127.83999633789062,0.0,55900300,4.471755363717419,-0.0028996804536802756
2005-12-16,87.22858428955078,0.0,126.36000061035156,0.672,127.36000061035156,126.36000061035156,127.27999877929688,0.0,46238300,4.468532078685439,-0.0032232850319795503
2005-12-19,86.77984619140625,0.0,125.70999908447266,0.0,126.87000274658203,125.69000244140625,126.7300033569336,0.0,48733000,4.46337440797184,-0.005157670713598961
2005-12-20,86.8626937866211,0.0,125.83000183105469,0.0,126.58999633789062,125.4800033569336,125.86000061035156,0.0,46603200,4.4643286395963235,0.0009542316244832705
2005-12-21,87.00077056884766,0.0,126.02999877929688,0.0,126.76000213623047,125.80000305175781,126.22000122070312,0.0,51806900,4.465916975728551,0.0015883361322277523
2005-12-22,87.45637512207031,0.0,126.69000244140625,0.0,126.69000244140625,126.08000183105469,126.30999755859375,0.0,32247900,4.471140099002722,0.005223123274170405
2005-12-23,87.50469970703125,0.0,126.76000213623047,0.0,126.86000061035156,126.41999816894531,126.77999877929688,0.0,27977300,4.471692502858688,0.0005524038559663325
2005-12-27,86.61416625976562,0.0,125.47000122070312,0.0,127.05000305175781,125.37999725341797,126.95999908447266,0.0,44499500,4.46146338486648,-0.010229117992207826
2005-12-28,86.80743408203125,0.0,125.75,0.0,125.98999786376953,125.5,125.73999786376953,0.0,30764300,4.463692264105237,0.002228879238757031
2005-12-29,86.4208984375,0.0,125.19000244140625,0.0,125.95999908447266,125.05999755859375,125.72000122070312,0.0,32788900,4.459229526625401,-0.004462737479836498
2005-12-30,85.95149230957031,0.0,124.51000213623047,0.0,125.05999755859375,124.36000061035156,124.80000305175781,0.0,44645600,4.4537830942094905,-0.005446432415910252
2006-01-03,87.46328735351562,0.0,126.69999694824219,0.0,127.0,124.38999938964844,125.19000244140625,0.0,73256700,4.4712191322154675,0.01743603800597704
2006-01-04,87.87744903564453,0.0,127.30000305175781,0.0,127.48999786376953,126.69999694824219,126.86000061035156,0.0,51899600,4.475943219280398,0.004724087064930771
2006-01-05,87.9327163696289,0.0,127.37999725341797,0.0,127.58999633789062,126.87999725341797,127.1500015258789,0.0,47307500,4.476571935323951,0.000628716043552302
2006-01-06,88.66441345214844,0.0,128.44000244140625,0.0,128.5800018310547,127.36000061035156,128.02000427246094,0.0,62885900,4.4848586075968795,0.008286672272928897
2006-01-09,88.8922348022461,0.0,128.77000427246094,0.0,129.05999755859375,128.3800048828125,128.4199981689453,0.0,43527400,4.487424791148552,0.002566183551672374
2006-01-10,88.98197174072266,0.0,128.89999389648438,0.0,128.97999572753906,128.25999450683594,128.38999938964844,0.0,44960800,4.488433784502156,0.0010089933536043816
2006-01-11,89.26499938964844,0.0,129.30999755859375,0.0,129.44000244140625,128.72999572753906,129.02000427246094,0.0,49598900,4.491609466927401,0.003175682425244908
2006-01-12,88.91293334960938,0.0,128.8000030517578,0.0,129.27999877929688,128.44000244140625,129.0800018310547,0.0,40509200,4.487657613936235,-0.003951852991166405
2006-01-13,88.83008575439453,0.0,128.67999267578125,0.0,128.89999389648438,128.1999969482422,128.57000732421875,0.0,44856700,4.486725396157644,-0.0009322177785904273
2006-01-17,88.58851623535156,0.0,128.3300018310547,0.0,128.4199981689453,127.80999755859375,128.1999969482422,0.0,52066600,4.484002235613984,-0.0027231605436606188
2006-01-18,88.23641204833984,0.0,127.81999969482422,0.0,128.89999389648438,127.16000366210938,127.58000183105469,0.0,75067600,4.480019712835008,-0.0039825227789753725
2006-01-19,88.57469177246094,0.0,128.30999755859375,0.0,128.77000427246094,127.80999755859375,128.1300048828125,0.0,81530400,4.483846170897453,0.0038264580624449707
2006-01-20,86.95932006835938,0.0,125.97000122070312,0.0,128.30999755859375,125.97000122070312,128.27999877929688,0.0,114957800,4.465440423881275,-0.018405747016178253
2006-01-23,87.26998901367188,0.0,126.41999816894531,0.0,126.81999969482422,126.12999725341797,126.20999908447266,0.0,67017400,4.469006635286268,0.003566211404993247
2006-01-24,87.3597412109375,0.0,126.55000305175781,0.0,127.1500015258789,126.41999816894531,126.62999725341797,0.0,53008800,4.470034549663195,0.0010279143769267307
2006-01-25,87.43565368652344,0.0,126.66000366210938,0.0,127.18000030517578,125.83999633789062,127.04000091552734,0.0,87747700,4.4709031363945915,0.0008685867313964479
2006-01-26,87.91888427734375,0.0,127.36000061035156,0.0,127.66999816894531,126.76000213623047,127.25,0.0,71294000,4.476414619811748,0.005511483417156349
2006-01-27,88.73346710205078,0.0,128.5399932861328,0.0,128.66000366210938,127.44999694824219,127.66000366210938,0.0,65771200,4.485637124828025,0.009222505016277083
2006-01-30,88.66441345214844,0.0,128.44000244140625,0.0,128.80999755859375,128.35000610351562,128.44000244140625,0.0,33709600,4.4848586075968795,-0.0007785172311454147
2006-01-31,88.01555633544922,0.0,127.5,0.0,128.5399932861328,127.48999786376953,128.32000732421875,0.0,72937000,4.477513575394271,-0.007345032202608515
2006-02-01,88.62992858886719,0.0,128.38999938964844,0.0,128.42999267578125,127.72000122070312,127.81999969482422,0.0,63561000,4.484469595028073,0.00695601963380188
2006-02-02,87.60132598876953,0.0,126.9000015258789,0.0,128.13999938964844,126.80000305175781,128.10000610351562,0.0,83626900,4.472796134685884,-0.011673460342188413
2006-02-03,87.16644287109375,0.0,126.2699966430664,0.0,128.38999938964844,126.13999938964844,126.58000183105469,0.0,86040400,4.4678194273891405,-0.004976707296743932
2006-02-06,87.39421844482422,0.0,126.5999984741211,0.0,126.80000305175781,126.16999816894531,126.44000244140625,0.0,45511900,4.470429129956562,0.0026097025674216567
2006-02-07,86.62107849121094,0.0,125.4800033569336,0.0,126.66000366210938,125.4000015258789,126.37999725341797,0.0,71208100,4.461543186542622,-0.008885943413940112
2006-02-08,87.40804290771484,0.0,126.62000274658203,0.0,128.10000610351562,125.5999984741211,125.8499984741211,0.0,59422200,4.470587302543261,0.009044116000638702
2006-02-09,87.26309204101562,0.0,126.41000366210938,0.0,127.5999984741211,126.37000274658203,126.91999816894531,0.0,62023300,4.468927601871878,-0.0016597006713823248
2006-02-10,87.42184448242188,0.0,126.63999938964844,0.0,127.12999725341797,125.44999694824219,126.43000030517578,0.0,64508700,4.470745188302289,0.0018175864304108558
2006-02-13,87.26309204101562,0.0,126.41000366210938,0.0,126.79000091552734,125.94999694824219,126.5999984741211,0.0,52308700,4.468927601871878,-0.0018175864304108558
2006-02-14,88.1881103515625,0.0,127.75,0.0,128.02999877929688,126.20999908447266,126.45999908447266,0.0,90964400,4.479472150655702,0.01054454878382316
2006-02-15,88.49873352050781,0.0,128.1999969482422,0.0,128.32000732421875,127.23999786376953,127.68000030517578,0.0,85471300,4.482988241408751,0.0035160907530498164
2006-02-16,89.16144561767578,0.0,129.16000366210938,0.0,129.2100067138672,128.17999267578125,128.33999633789062,0.0,61017900,4.490448722133151,0.007460480724399865
2006-02-17,88.91984558105469,0.0,128.80999755859375,0.0,129.16000366210938,128.5800018310547,129.0500030517578,0.0,40342600,4.487735352489165,-0.0027133696439864963
2006-02-21,88.69894409179688,0.0,128.49000549316406,0.0,129.39999389648438,128.2899932861328,129.11000061035156,0.0,46456300,4.485247984980831,-0.002487367508333449
2006-02-22,89.23738861083984,0.0,129.27000427246094,0.0,129.64999389648438,128.64999389648438,128.77000427246094,0.0,42326700,4.49130010659516,0.006052121614328776
2006-02-23,89.10623168945312,0.0,129.0800018310547,0.0,129.63999938964844,128.27999877929688,129.27000427246094,0.0,43423200,4.489829272428951,-0.0014708341662093005
2006-02-24,89.33399200439453,0.0,129.41000366210938,0.0,129.47999572753906,128.75999450683594,129.11000061035156,0.0,36777400,4.492382064999086,0.0025527925701354093
2006-02-27,89.36854553222656,0.0,129.4600067138672,0.0,130.0399932861328,129.27999877929688,129.39999389648438,0.0,35858600,4.492768780585098,0.00038671558601155454
2006-02-28,88.51942443847656,0.0,128.22999572753906,0.0,129.91000366210938,128.1300048828125,129.1999969482422,0.0,74394800,4.483222013111062,-0.009546767474035711
2006-03-01,89.30642700195312,0.0,129.3699951171875,0.0,129.49000549316406,128.5,128.60000610351562,0.0,48641600,4.4920734561992015,0.008851443088139455
2006-03-02,89.29952239990234,0.0,129.36000061035156,0.0,129.4199981689453,128.61000061035156,128.89999389648438,0.0,60642300,4.49199613960278,-7.731659642118416e-05
2006-03-03,88.88531494140625,0.0,128.75999450683594,0.0,130.07000732421875,128.64999389648438,128.6699981689453,0.0,73402500,4.4873469426142085,-0.004649196988571802
2006-03-06,88.47804260253906,0.0,128.1699981689453,0.0,129.17999267578125,127.8499984741211,129.13999938964844,0.0,57478400,4.482754415044453,-0.004592527569755589
2006-03-07,88.33997344970703,0.0,127.97000122070312,0.0,128.05999755859375,127.4000015258789,127.86000061035156,0.0,61780800,4.481192705621663,-0.0015617094227895478
2006-03-08,88.52635955810547,0.0,128.24000549316406,0.0,128.44000244140625,127.18000030517578,127.69999694824219,0.0,66692400,4.483300355780126,0.002107650158462704
2006-03-09,87.9327163696289,0.0,127.37999725341797,0.0,128.67999267578125,127.37999725341797,128.27999877929688,0.0,56313600,4.476571935323951,-0.006728420456175499
2006-03-10,88.76797485351562,0.0,128.58999633789062,0.0,128.83999633789062,127.44000244140625,127.70999908447266,0.0,60490800,4.486025941409112,0.00945400608516156
2006-03-13,88.93363189697266,0.0,128.8300018310547,0.0,129.16000366210938,128.52999877929688,128.83999633789062,0.0,45479100,4.487890382530085,0.0018644411209729483
2006-03-14,89.86555480957031,0.0,130.17999267578125,0.0,130.22999572753906,128.61000061035156,128.7100067138672,0.0,69877300,4.498314717996439,0.010424335466353796
2006-03-15,90.26595306396484,0.0,130.75999450683594,0.0,130.86000061035156,129.85000610351562,130.14999389648438,0.0,53398900,4.502760346843542,0.004445628847102867
2006-03-16,90.45233917236328,0.0,131.02999877929688,0.0,131.47000122070312,130.83999633789062,131.00999450683594,0.0,65526400,4.504823073003455,0.0020627261599130975
2006-03-17,90.52787780761719,0.0,130.6199951171875,0.519,130.89999389648438,130.3800048828125,130.67999267578125,0.0,47286800,4.50565784534378,0.0008347723403252516
2006-03-20,90.38233947753906,0.0,130.41000366210938,0.0,130.89999389648438,130.2100067138672,130.63999938964844,0.0,45538500,4.504048888551191,-0.0016089567925892112
2006-03-21,89.81404876708984,0.0,129.58999633789062,0.0,130.99000549316406,129.4499969482422,130.3699951171875,0.0,87102700,4.497741408139716,-0.006307480411474664
2006-03-22,90.36155700683594,0.0,130.3800048828125,0.0,130.50999450683594,129.4499969482422,129.50999450683594,0.0,51605700,4.503818922602697,0.006077514462980993
2006-03-23,90.17440795898438,0.0,130.11000061035156,0.0,130.38999938964844,129.66000366210938,130.25999450683594,0.0,46704200,4.501745661300729,-0.0020732613019678325
2006-03-24,90.24373626708984,0.0,130.2100067138672,0.0,130.57000732421875,129.74000549316406,129.99000549316406,0.0,43209200,4.502514190561633,0.0007685292609034278
2006-03-27,90.11206817626953,0.0,130.02000427246094,0.0,130.27999877929688,129.74000549316406,130.02999877929688,0.0,32523000,4.501054097667829,-0.0014600928938035551
2006-03-28,89.55763244628906,0.0,129.22000122070312,0.0,130.52999877929688,129.0500030517578,129.92999267578125,0.0,82079900,4.494882355989095,-0.006171741678734577
2006-03-29,90.1189956665039,0.0,130.02999877929688,0.0,130.5,129.2899932861328,129.41000366210938,0.0,61505700,4.501130971100079,0.006248615110984623
2006-03-30,89.95954895019531,0.0,129.8000030517578,0.0,130.97999572753906,129.5500030517578,130.11000061035156,0.0,70571700,4.499360113185652,-0.0017708579144271042
2006-03-31,89.98036193847656,0.0,129.8300018310547,0.0,130.24000549316406,129.3699951171875,130.02000427246094,0.0,62925600,4.499591445837439,0.00023133265178643114
2006-04-03,89.91105651855469,0.0,129.72999572753906,0.0,130.8699951171875,129.49000549316406,130.07000732421875,0.0,61624700,4.498820920773539,-0.0007705250639000738
2006-04-04,90.4863052368164,0.0,130.55999755859375,0.0,130.72999572753906,129.36000061035156,129.72999572753906,0.0,54809300,4.505198515905252,0.006377595131713321
2006-04-05,90.79816436767578,0.0,131.00999450683594,0.0,131.27999877929688,130.3800048828125,130.61000061035156,0.0,50607200,4.508639069187873,0.0034405532826209395
2006-04-06,90.701171875,0.0,130.8699951171875,0.0,131.2100067138672,130.19000244140625,130.85000610351562,0.0,57906200,4.50757027737941,-0.0010687918084624215
2006-04-07,89.77936553955078,0.0,129.5399932861328,0.0,131.39999389648438,129.35000610351562,131.05999755859375,0.0,80180900,4.497355166493783,-0.010215110885627432
2006-04-10,89.91800689697266,0.0,129.74000549316406,0.0,130.0800018310547,129.25999450683594,129.74000549316406,0.0,41496500,4.498898220608053,0.001543054114270248
2006-04-11,89.1556167602539,0.0,128.63999938964844,0.0,130.05999755859375,128.25,129.85000610351562,0.0,72799400,4.490383345804647,-0.008514874803406514
2006-04-12,89.32195281982422,0.0,128.8800048828125,0.0,129.1300048828125,128.61000061035156,128.77000427246094,0.0,43033700,4.492247289919529,0.0018639441148824432
2006-04-13,89.2041244506836,0.0,128.7100067138672,0.0,129.25,128.30999755859375,128.58999633789062,0.0,51051800,4.490927276753372,-0.0013200131661568193
2006-04-17,89.16949462890625,0.0,128.66000366210938,0.0,129.30999755859375,128.02000427246094,128.8300018310547,0.0,64167700,4.490538992629396,-0.00038828412397595713
2006-04-18,90.58332824707031,0.0,130.6999969482422,0.0,130.94000244140625,128.92999267578125,128.92999267578125,0.0,92531800,4.50627018118311,0.015731188553713693
2006-04-19,90.75660705566406,0.0,130.9499969482422,0.0,131.07000732421875,130.24000549316406,130.75,0.0,87269000,4.508181275515895,0.0019110943327849128
2006-04-20,90.88134002685547,0.0,131.1300048828125,0.0,131.86000061035156,130.60000610351562,131.0,0.0,86005500,4.509554699877949,0.0013734243620540099
2006-04-21,90.89521026611328,0.0,131.14999389648438,0.0,131.7899932861328,130.6199951171875,131.69000244140625,0.0,72342600,4.509707307453155,0.00015260757520607626
2006-04-24,90.72888946533203,0.0,130.91000366210938,0.0,131.07000732421875,130.3800048828125,130.88999938964844,0.0,52546400,4.507875823112492,-0.0018314843406628256
2006-04-25,90.35462188720703,0.0,130.3699951171875,0.0,131.1199951171875,129.9199981689453,131.0399932861328,0.0,84359800,4.5037421710946175,-0.004133652017874745
2006-04-26,90.37543487548828,0.0,130.39999389648438,0.0,131.13999938964844,130.3000030517578,130.5,0.0,67262400,4.5039724923676365,0.0002303212730190296
2006-04-27,90.81205749511719,0.0,131.02999877929688,0.0,131.6300048828125,129.58999633789062,129.89999389648438,0.0,124478600,4.508792068587642,0.004819576220005395
2006-04-28,91.11698150634766,0.0,131.47000122070312,0.0,131.75,130.7100067138672,130.7899932861328,0.0,55854400,4.512144192013711,0.0033521234260689425
2006-05-01,90.37543487548828,0.0,130.39999389648438,0.0,131.8000030517578,130.32000732421875,131.47000122070312,0.0,64990300,4.5039724923676365,-0.008171699646074337
2006-05-02,91.05462646484375,0.0,131.3800048828125,0.0,131.4600067138672,130.74000549316406,131.00999450683594,0.0,49063500,4.511459617236845,0.00748712486920855
2006-05-03,90.71501922607422,0.0,130.88999938964844,0.0,131.32000732421875,130.4499969482422,131.14999389648438,0.0,60821300,4.507722935761411,-0.003736681475434267
2006-05-04,91.04072570800781,0.0,131.36000061035156,0.0,131.6199951171875,130.97000122070312,131.0800018310547,0.0,42921400,4.511306941655651,0.0035840058942397945
2006-05-05,91.8447036743164,0.0,132.52000427246094,0.0,132.8000030517578,131.85000610351562,132.0500030517578,0.0,62588200,4.520099147225753,0.008792205570101963
2006-05-08,91.73384857177734,0.0,132.36000061035156,0.0,132.77000427246094,132.36000061035156,132.50999450683594,0.0,30016700,4.51889143407346,-0.0012077131522927331
2006-05-09,91.91400909423828,0.0,132.6199951171875,0.0,132.77000427246094,132.30999755859375,132.4199981689453,0.0,29864000,4.5208534562015155,0.0019620221280556294
2006-05-10,91.8655014038086,0.0,132.5500030517578,0.0,132.75,131.88999938964844,132.41000366210938,0.0,64378200,4.520325566107297,-0.0005278900942187192
2006-05-11,90.75660705566406,0.0,130.9499969482422,0.0,132.5500030517578,130.52000427246094,132.50999450683594,0.0,80626900,4.508181275515895,-0.012144290591401763
2006-05-12,89.57145690917969,0.0,129.24000549316406,0.0,130.72000122070312,129.19000244140625,130.36000061035156,0.0,91726500,4.4950367079479845,-0.013144567567910492
2006-05-15,89.7516860961914,0.0,129.5,0.0,129.74000549316406,128.61000061035156,128.7899932861328,0.0,84029300,4.497046813779013,0.0020101058310286746
2006-05-16,89.6199722290039,0.0,129.30999755859375,0.0,130.0,129.00999450683594,129.75999450683594,0.0,62137600,4.495578199482964,-0.0014686142960487203
2006-05-17,87.91503143310547,0.0,126.8499984741211,0.0,129.10000610351562,126.7699966430664,128.6699981689453,0.0,144789500,4.47637079613617,-0.019207403346794827
2006-05-18,87.47148895263672,0.0,126.20999908447266,0.0,127.75,126.11000061035156,127.3499984741211,0.0,87906300,4.47131289972471,-0.005057896411459595
2006-05-19,88.08828735351562,0.0,127.0999984741211,0.0,127.48999786376953,125.80000305175781,126.87000274658203,0.0,124309400,4.47833957692471,0.007026677199999831
2006-05-22,87.41604614257812,0.0,126.12999725341797,0.0,127.16999816894531,125.5,126.27999877929688,0.0,110852800,4.470678860118792,-0.007660716805918177
2006-05-23,86.75067901611328,0.0,125.16999816894531,0.0,127.62999725341797,125.16999816894531,127.18000030517578,0.0,92006500,4.463038246071417,-0.007640614047375038
2006-05-24,87.4437484741211,0.0,126.16999816894531,0.0,126.88999938964844,124.76000213623047,125.68000030517578,0.0,168405000,4.470995712049625,0.007957465978208234
2006-05-25,88.52493286132812,0.0,127.7300033569336,0.0,127.7300033569336,126.43000030517578,126.91999816894531,0.0,78977900,4.4832842395828605,0.012288527533235616
2006-05-26,88.9754409790039,0.0,128.3800048828125,0.0,128.3800048828125,127.51000213623047,128.00999450683594,0.0,62989700,4.488360387596438,0.005076148013577253
2006-05-30,87.39525604248047,0.0,126.0999984741211,0.0,128.0,126.05000305175781,127.97000122070312,0.0,72419900,4.470441002498194,-0.01791938509824398
2006-05-31,88.37249755859375,0.0,127.51000213623047,0.0,127.51000213623047,126.19999694824219,126.62000274658203,0.0,86926200,4.481560807647156,0.011119805148962492
2006-06-01,89.21798706054688,0.0,128.72999572753906,0.0,128.94000244140625,127.2699966430664,127.37999725341797,0.0,73721700,4.491082667918445,0.009521860271288318
2006-06-02,89.4051284790039,0.0,129.0,0.0,129.42999267578125,128.32000732421875,129.25,0.0,91702600,4.493178046071085,0.0020953781526404924
2006-06-05,88.1021728515625,0.0,127.12000274658203,0.0,128.86000061035156,126.7699966430664,128.85000610351562,0.0,86105100,4.478497196106355,-0.014680849964729958
2006-06-06,87.8873291015625,0.0,126.80999755859375,0.0,127.37999725341797,125.76000213623047,127.20999908447266,0.0,130498600,4.476055643009807,-0.0024415530965482546
2006-06-07,87.22891998291016,0.0,125.86000061035156,0.0,127.6500015258789,125.79000091552734,126.91000366210938,0.0,108599400,4.468535927111001,-0.0075197158988062895
2006-06-08,87.1526870727539,0.0,125.75,0.0,126.5,123.87000274658203,125.58000183105469,0.0,204957200,4.467661604224548,-0.0008743228864522834
2006-06-09,86.87545776367188,0.0,125.3499984741211,0.0,126.95999908447266,125.29000091552734,126.36000061035156,0.0,94972200,4.464475573093196,-0.003186031131352074
2006-06-12,85.93287658691406,0.0,123.98999786376953,0.0,125.93000030517578,123.81999969482422,125.87999725341797,0.0,95815900,4.453566486697725,-0.010909086395471057
2006-06-13,84.93486022949219,0.0,122.55000305175781,0.0,124.83999633789062,122.55000305175781,123.73999786376953,0.0,185688800,4.441884612452592,-0.01168187424513345
2006-06-14,85.59329986572266,0.0,123.5,0.0,123.62999725341797,122.33999633789062,122.83999633789062,0.0,163566400,4.449607007487539,0.007722395034947205
2006-06-15,87.40911102294922,0.0,126.12000274658203,0.0,126.36000061035156,123.86000061035156,123.94999694824219,0.0,134057000,4.470599522342181,0.020992514854642152
2006-06-16,86.77214050292969,0.0,124.6500015258789,0.555,125.55999755859375,124.45999908447266,125.29000091552734,0.0,94253500,4.46328560819918,-0.007313914143001199
2006-06-19,86.08995056152344,0.0,123.66999816894531,0.0,125.4800033569336,123.55000305175781,125.4000015258789,0.0,95804400,4.455392686404667,-0.00789292179451273
2006-06-20,86.38230895996094,0.0,124.08999633789062,0.0,124.80999755859375,123.72000122070312,124.01000213623047,0.0,65494700,4.458782897436491,0.0033902110318235756
2006-06-21,87.02275848388672,0.0,125.01000213623047,0.0,125.69999694824219,123.95999908447266,124.0,0.0,75008200,4.4661696762142356,0.007386778777744851
2006-06-22,86.6398696899414,0.0,124.45999908447266,0.0,125.05999755859375,124.04000091552734,124.94999694824219,0.0,74566100,4.461760098651223,-0.004409577563012412
2006-06-23,86.62596130371094,0.0,124.44000244140625,0.0,125.30000305175781,124.02999877929688,124.33000183105469,0.0,54107000,4.461599554749629,-0.00016054390159414567
2006-06-26,87.00884246826172,0.0,124.98999786376953,0.0,125.05999755859375,124.25,124.54000091552734,0.0,37899600,4.466009751056063,0.004410196306434244
2006-06-27,86.25701904296875,0.0,123.91000366210938,0.0,125.29000091552734,123.7699966430664,125.01000213623047,0.0,69780200,4.457331432808613,-0.008678318247450356
2006-06-28,86.84175872802734,0.0,124.75,0.0,124.7699966430664,123.6500015258789,124.19000244140625,0.0,62368100,4.46408759731569,0.0067561645070775
2006-06-29,88.59599304199219,0.0,127.2699966430664,0.0,127.3499984741211,125.16999816894531,125.19999694824219,0.0,110634800,4.484086631328661,0.01999903401297054
2006-06-30,88.60296630859375,0.0,127.27999877929688,0.0,127.66000366210938,126.95999908447266,127.54000091552734,0.0,54227800,4.484165336831568,7.870550290700606e-05
2006-07-03,88.96495819091797,0.0,127.80000305175781,0.0,128.00999450683594,127.30999755859375,127.43000030517578,0.0,23914000,4.488242564008911,0.004077227177343268
2006-07-05,88.45677185058594,0.0,127.06999969482422,0.0,127.44999694824219,126.5199966430664,127.29000091552734,0.0,69653400,4.482513979015836,-0.005728584993074826
2006-07-06,88.71434783935547,0.0,127.44000244140625,0.0,127.8499984741211,127.08000183105469,127.19999694824219,0.0,50100300,4.48542163316051,0.0029076541446739768
2006-07-07,88.13655853271484,0.0,126.61000061035156,0.0,127.55999755859375,126.29000091552734,127.19000244140625,0.0,81626500,4.478887413186547,-0.006534219973963751
2006-07-10,88.30364227294922,0.0,126.8499984741211,0.0,127.43000030517578,126.41000366210938,126.94000244140625,0.0,60964100,4.480781355603476,0.0018939424169293062
2006-07-11,88.69344329833984,0.0,127.41000366210938,0.0,127.41000366210938,125.94000244140625,126.61000061035156,0.0,73640800,4.485185966609698,0.0044046110062216925
2006-07-12,87.74668884277344,0.0,126.05000305175781,0.0,127.4000015258789,125.72000122070312,127.1500015258789,0.0,82561300,4.474454127648543,-0.010731838961154594
2006-07-13,86.31966400146484,0.0,124.0,0.0,125.68000030517578,124.0,125.44999694824219,0.0,102405700,4.458057428466224,-0.016396699182318564
2006-07-14,85.98554229736328,0.0,123.5199966430664,0.0,124.26000213623047,122.83000183105469,124.12999725341797,0.0,103242500,4.454179169299606,-0.0038782591666182142
2006-07-17,85.8602523803711,0.0,123.33999633789062,0.0,124.0999984741211,123.1500015258789,123.5199966430664,0.0,81159000,4.452721002232708,-0.001458167066898497
2006-07-18,86.29878234863281,0.0,123.97000122070312,0.0,124.05000305175781,122.38999938964844,123.70999908447266,0.0,122771000,4.457815488472262,0.005094486239554108
2006-07-19,87.49612426757812,0.0,125.69000244140625,0.0,126.26000213623047,123.72000122070312,124.18000030517578,0.0,133565300,4.471594498297735,0.01377900982547331
2006-07-20,86.8974380493164,0.0,124.83000183105469,0.0,126.30000305175781,124.66000366210938,126.12000274658203,0.0,112259800,4.4647285502408565,-0.006865948056878679
2006-07-21,86.28487396240234,0.0,123.94999694824219,0.0,125.19000244140625,123.81999969482422,125.1500015258789,0.0,101560000,4.457654309985748,-0.007074240255108499
2006-07-24,87.85809326171875,0.0,126.20999908447266,0.0,126.31999969482422,124.44000244140625,124.44000244140625,0.0,92884000,4.475722936305753,0.018068626320005166
2006-07-25,88.17135620117188,0.0,126.66000366210938,0.0,127.30000305175781,125.72000122070312,125.9800033569336,0.0,95480700,4.479282150643018,0.0035592143372644713
2006-07-26,88.28968811035156,0.0,126.83000183105469,0.0,127.44999694824219,126.18000030517578,126.58999633789062,0.0,84525800,4.48062331834809,0.0013411677050720883
2006-07-27,88.20616912841797,0.0,126.70999908447266,0.0,127.69000244140625,126.19999694824219,127.37999725341797,0.0,87257100,4.479676905333368,-0.0009464130147218697
2006-07-28,89.09024810791016,0.0,127.9800033569336,0.0,128.13999938964844,126.86000061035156,127.04000091552734,0.0,82137000,4.489649879641798,0.009972974308429805
2006-07-31,88.99974060058594,0.0,127.8499984741211,0.0,127.95999908447266,127.44999694824219,127.66000366210938,0.0,49593100,4.488633455127735,-0.0010164245140629191
2006-08-01,88.56119537353516,0.0,127.22000122070312,0.0,127.37999725341797,126.5999984741211,127.33999633789062,0.0,65225600,4.483693786203766,-0.0049396689239689096
2006-08-02,89.15985870361328,0.0,128.0800018310547,0.0,128.4600067138672,127.55000305175781,127.58000183105469,0.0,64770900,4.490430923765552,0.006737137561786177
2006-08-03,89.39652252197266,0.0,128.4199981689453,0.0,128.5500030517578,127.1500015258789,127.33999633789062,0.0,63693800,4.493081783458411,0.0026508596928591643
2006-08-04,89.243408203125,0.0,128.1999969482422,0.0,129.42999267578125,127.4800033569336,129.0800018310547,0.0,96294200,4.491367560264069,-0.0017142231943418906
2006-08-07,89.03455352783203,0.0,127.9000015258789,0.0,128.0800018310547,127.4000015258789,127.9000015258789,0.0,45377300,4.489024536271513,-0.002343023992556148
2006-08-08,88.69344329833984,0.0,127.41000366210938,0.0,128.4600067138672,126.94999694824219,128.08999633789062,0.0,90901300,4.485185966609698,-0.003838569661815505
2006-08-09,88.39411163330078,0.0,126.9800033569336,0.0,128.60000610351562,126.61000061035156,128.17999267578125,0.0,78910600,4.481805356941998,-0.0033806096676993747
2006-08-10,88.66558074951172,0.0,127.37000274658203,0.0,127.5,126.27999877929688,126.58000183105469,0.0,69322300,4.4848717728526335,0.0030664159106352784
2006-08-11,88.41500091552734,0.0,127.01000213623047,0.0,127.19999694824219,126.38999938964844,127.16999816894531,0.0,47482200,4.482041648861828,-0.002830123990805511
2006-08-14,88.48458099365234,0.0,127.11000061035156,0.0,128.16000366210938,126.91999816894531,127.62999725341797,0.0,57839000,4.482828310774335,0.0007866619125067587
2006-08-15,89.542724609375,0.0,128.6300048828125,0.0,128.8699951171875,127.9000015258789,128.25,0.0,68143000,4.49471588131318,0.01188757053884526
2006-08-16,90.28760528564453,0.0,129.6999969482422,0.0,129.88999938964844,129.0399932861328,129.32000732421875,0.0,71737600,4.503000189491689,0.008284308178509114
2006-08-17,90.51729583740234,0.0,130.02999877929688,0.0,130.3699951171875,129.49000549316406,129.5800018310547,0.0,70992800,4.505540946671323,0.002540757179634312
2006-08-18,90.97675323486328,0.0,130.69000244140625,0.0,130.69000244140625,129.58999633789062,130.19000244140625,0.0,58288400,4.510604014924106,0.005063068252782799
2006-08-21,90.58692169189453,0.0,130.1300048828125,0.0,130.27999877929688,129.8000030517578,130.17999267578125,0.0,42133600,4.50630985044256,-0.004294164481546403
2006-08-22,90.57994079589844,0.0,130.1199951171875,0.0,130.52000427246094,129.67999267578125,129.99000549316406,0.0,60839900,4.506232784516665,-7.706592589507011e-05
2006-08-23,90.32936096191406,0.0,129.75999450683594,0.0,130.44000244140625,129.19000244140625,130.17999267578125,0.0,66592100,4.503462556653323,-0.002770227863341468
2006-08-24,90.25276947021484,0.0,129.64999389648438,0.0,130.10000610351562,129.39999389648438,129.99000549316406,0.0,57983000,4.502614283392744,-0.0008482732605790133
2006-08-25,90.36416625976562,0.0,129.80999755859375,0.0,130.25,129.5500030517578,129.63999938964844,0.0,41756000,4.503847797882682,0.0012335144899378037
2006-08-28,90.79574584960938,0.0,130.42999267578125,0.0,130.82000732421875,129.63999938964844,129.64999389648438,0.0,52681500,4.508612432633115,0.004764634750433316
2006-08-29,90.90019226074219,0.0,130.5800018310547,0.0,130.8300018310547,129.80999755859375,130.49000549316406,0.0,61817800,4.509762116260869,0.0011496836277533617
2006-08-30,90.95587158203125,0.0,130.66000366210938,0.0,131.0399932861328,130.5500030517578,130.8699951171875,0.0,50052200,4.510374461231416,0.0006123449705475181
2006-08-31,90.94197845458984,0.0,130.63999938964844,0.0,130.99000549316406,130.5800018310547,130.85000610351562,0.0,37510300,4.510221703763798,-0.0001527574676183363
2006-09-01,91.48490905761719,0.0,131.4199981689453,0.0,131.5800018310547,130.83999633789062,131.13999938964844,0.0,48794500,4.51617403034725,0.005952326583452461
2006-09-05,91.65892791748047,0.0,131.6699981689453,0.0,131.85000610351562,131.1999969482422,131.50999450683594,0.0,52348300,4.518074382716269,0.001900352369018421
2006-09-06,90.85144805908203,0.0,130.50999450683594,0.0,131.16000366210938,130.3300018310547,131.11000061035156,0.0,53795600,4.5092257337254145,-0.008848648990854358
2006-09-07,90.4337387084961,0.0,129.91000366210938,0.0,130.57000732421875,129.35000610351562,130.05999755859375,0.0,86269400,4.504617413572385,-0.004608320153029588
2006-09-08,90.69131469726562,0.0,130.27999877929688,0.0,130.4600067138672,129.8300018310547,130.0800018310547,0.0,45096300,4.507461593961145,0.002844180388760442
2006-09-11,90.7818374633789,0.0,130.41000366210938,0.0,130.69000244140625,129.47999572753906,129.86000061035156,0.0,68496600,4.5084592376626365,0.0009976437014911355
2006-09-12,91.67289733886719,0.0,131.69000244140625,0.0,131.83999633789062,130.3699951171875,130.55999755859375,0.0,69875600,4.5182267776580005,0.00976753999536406
2006-09-13,92.04182434082031,0.0,132.22000122070312,0.0,132.4499969482422,131.52000427246094,131.63999938964844,0.0,62898400,4.522243086144352,0.00401630848635115
2006-09-14,92.04877471923828,0.0,132.22999572753906,0.0,132.24000549316406,131.75,131.9600067138672,0.0,57805400,4.522318596555603,7.551041125175573e-05
2006-09-15,92.26482391357422,0.0,131.9600067138672,0.579,132.38999938964844,131.67999267578125,132.30999755859375,0.0,76703100,4.524662962841,0.002344366285396582
2006-09-18,92.39067840576172,0.0,132.13999938964844,0.0,132.38999938964844,131.64999389648438,131.7899932861328,0.0,64154100,4.526026090504074,0.0013631276630743372
2006-09-19,92.1599349975586,0.0,131.80999755859375,0.0,132.1300048828125,131.07000732421875,132.1199951171875,0.0,92089100,4.523525491625702,-0.0025005988783721733
2006-09-20,92.64936828613281,0.0,132.50999450683594,0.0,132.77000427246094,132.05999755859375,132.25,0.0,75204100,4.528822134425694,0.0052966427999914245
2006-09-21,92.201904296875,0.0,131.8699951171875,0.0,132.75,131.4199981689453,132.61000061035156,0.0,88932500,4.523980784328379,-0.004841350097314567
2006-09-22,91.92222595214844,0.0,131.47000122070312,0.0,131.67999267578125,131.0,131.6699981689453,0.0,65966800,4.5209428494368975,-0.0030379348914815196
2006-09-25,92.62840270996094,0.0,132.47999572753906,0.0,132.85000610351562,131.0500030517578,131.72999572753906,0.0,92299100,4.52859581935132,0.007652969914422769
2006-09-26,93.3974838256836,0.0,133.5800018310547,0.0,133.60000610351562,132.39999389648438,132.5,0.0,73962700,4.536864405104073,0.008268585752753133
2006-09-27,93.50940704345703,0.0,133.74000549316406,0.0,133.97000122070312,133.27000427246094,133.49000549316406,0.0,82432200,4.538062041324235,0.0011976362201613355
2006-09-28,93.47443389892578,0.0,133.69000244140625,0.0,133.99000549316406,133.27999877929688,133.74000549316406,0.0,58597500,4.537687964668597,-0.00037407665563815584
2006-09-29,93.3974838256836,0.0,133.5800018310547,0.0,133.94000244140625,133.47999572753906,133.8000030517578,0.0,47966600,4.536864405104073,-0.0008235595645231797
2006-10-02,93.04793548583984,0.0,133.0800018310547,0.0,133.8300018310547,132.9499969482422,133.5399932861328,0.0,51687400,4.533114795693705,-0.003749609410368393
2006-10-03,93.2436752319336,0.0,133.36000061035156,0.0,133.8699951171875,132.64999389648438,132.88999938964844,0.0,73108100,4.535216230292636,0.0021014345989307515
2006-10-04,94.33443450927734,0.0,134.9199981689453,0.0,135.0,133.0800018310547,133.22999572753906,0.0,80890500,4.546846282150219,0.011630051857583368
2006-10-05,94.51620483398438,0.0,135.17999267578125,0.0,135.41000366210938,134.75,134.9199981689453,0.0,60505900,4.548771299523432,0.0019250173732130449
2006-10-06,94.39737701416016,0.0,135.00999450683594,0.0,135.10000610351562,134.39999389648438,134.9499969482422,0.0,64983600,4.547513286898473,-0.0012580126249588375
2006-10-09,94.45329284667969,0.0,135.08999633789062,0.0,135.3000030517578,134.63999938964844,134.85000610351562,0.0,41176800,4.54810545672445,0.0005921698259765407
2006-10-10,94.57916259765625,0.0,135.27000427246094,0.0,135.4499969482422,134.83999633789062,135.10000610351562,0.0,56403700,4.54943718327144,0.0013317265469900974
2006-10-11,94.46726989746094,0.0,135.11000061035156,0.0,135.42999267578125,134.3000030517578,134.83999633789062,0.0,104071800,4.548253424215163,-0.0011837590562766565
2006-10-12,95.28532409667969,0.0,136.27999877929688,0.0,136.38999938964844,135.39999389648438,135.4499969482422,0.0,59158600,4.556875801914532,0.008622377699368577
2006-10-13,95.53005981445312,0.0,136.6300048828125,0.0,136.7100067138672,136.0399932861328,136.16000366210938,0.0,53944000,4.559440960414382,0.002565158499850284
2006-10-16,95.67687225341797,0.0,136.83999633789062,0.0,137.0500030517578,136.4199981689453,136.52000427246094,0.0,42273000,4.56097660000891,0.001535639594528071
2006-10-17,95.37620544433594,0.0,136.41000366210938,0.0,136.6999969482422,135.6699981689453,136.47000122070312,0.0,90500600,4.5578291285217185,-0.003147471487191744
2006-10-18,95.50206756591797,0.0,136.58999633789062,0.0,137.3699951171875,136.10000610351562,137.0399932861328,0.0,86848600,4.559147897157229,0.0013187686355102812
2006-10-19,95.65591430664062,0.0,136.80999755859375,0.0,136.8800048828125,136.22999572753906,136.38999938964844,0.0,64063200,4.560757526767591,0.001609629610362262
2006-10-20,95.67687225341797,0.0,136.83999633789062,0.0,136.9499969482422,136.3300018310547,136.83999633789062,0.0,48094500,4.56097660000891,0.00021907324131920092
2006-10-23,96.11737060546875,0.0,137.47000122070312,0.0,137.8000030517578,136.38999938964844,136.55999755859375,0.0,66219900,4.565570055161903,0.004593455152992476
2006-10-24,96.40402221679688,0.0,137.8800048828125,0.0,137.92999267578125,137.22000122070312,137.27999877929688,0.0,53234900,4.568547924986699,0.0029778698247966418
2006-10-25,96.73268127441406,0.0,138.35000610351562,0.0,138.41000366210938,137.50999450683594,137.74000549316406,0.0,78105400,4.571951310970982,0.003403385984282359
2006-10-26,97.03328704833984,0.0,138.77999877929688,0.0,139.0,137.97999572753906,138.66000366210938,0.0,66843700,4.575054085082391,0.0031027741114089125
2006-10-27,96.42501831054688,0.0,137.91000366210938,0.0,138.75,137.6300048828125,138.61000061035156,0.0,80238000,4.5687656939884596,-0.006288391093931089
2006-10-30,96.35506439208984,0.0,137.80999755859375,0.0,138.1999969482422,137.39999389648438,137.66000366210938,0.0,49717800,4.568039955929354,-0.0007257380591054741
2006-10-31,96.341064453125,0.0,137.7899932861328,0.0,138.25999450683594,137.25,138.07000732421875,0.0,71274100,4.567894650062823,-0.0001453058665310536
2006-11-01,95.69087219238281,0.0,136.86000061035156,0.0,138.30999755859375,136.72000122070312,138.22000122070312,0.0,83005600,4.561122914520066,-0.006771735542757007
2006-11-02,95.6349105834961,0.0,136.77999877929688,0.0,137.00999450683594,136.36000061035156,136.50999450683594,0.0,60693100,4.560537926865285,-0.0005849876547809885
2006-11-03,95.46712493896484,0.0,136.5399932861328,0.0,137.38999938964844,135.6199951171875,137.27000427246094,0.0,71346400,4.558781946745178,-0.0017559801201070258
2006-11-06,96.5438461303711,0.0,138.0800018310547,0.0,138.27999877929688,136.9499969482422,136.9600067138672,0.0,63303300,4.569997269198151,0.011215322452972742
2006-11-07,96.91442108154297,0.0,138.61000061035156,0.0,138.97999572753906,138.0,138.1999969482422,0.0,63318900,4.573828332194401,0.003831062996249912
2006-11-08,97.12419128417969,0.0,138.91000366210938,0.0,139.0500030517578,136.86000061035156,138.0,0.0,87517800,4.575990482106733,0.002162149912332545
2006-11-09,96.61376190185547,0.0,138.17999267578125,0.0,139.13999938964844,137.89999389648438,139.00999450683594,0.0,95916300,4.570721193823745,-0.005269288282987894
2006-11-10,96.65574645996094,0.0,138.24000549316406,0.0,138.33999633789062,137.72000122070312,138.13999938964844,0.0,48991500,4.571155660275507,0.0004344664517619279
2006-11-13,96.89344787597656,0.0,138.5800018310547,0.0,139.0399932861328,138.07000732421875,138.17999267578125,0.0,59398200,4.5736118992315795,0.0024562389560722764
2006-11-14,97.62059783935547,0.0,139.6199951171875,0.0,139.74000549316406,138.1199951171875,138.97000122070312,0.0,96704000,4.581088514588533,0.007476615356953431
2006-11-15,97.90028381347656,0.0,140.02000427246094,0.0,140.4499969482422,139.52999877929688,139.57000732421875,0.0,76509600,4.583949448546323,0.0028609339577903015
2006-11-16,98.15200805664062,0.0,140.3800048828125,0.0,140.67999267578125,139.49000549316406,140.44000244140625,0.0,76728800,4.586517379572184,0.0025679310258608368
2006-11-17,98.17994689941406,0.0,140.4199981689453,0.0,140.42999267578125,139.72999572753906,139.92999267578125,0.0,56353800,4.586801987780444,0.00028460820825948474
2006-11-20,98.23590850830078,0.0,140.5,0.0,140.74000549316406,139.94000244140625,140.3000030517578,0.0,69174200,4.587371815611142,0.0005698278306986992
2006-11-21,98.3337631225586,0.0,140.63999938964844,0.0,140.6699981689453,140.2899932861328,140.49000549316406,0.0,51367900,4.588367438400042,0.0009956227889000857
2006-11-22,98.52957153320312,0.0,140.9199981689453,0.0,141.16000366210938,140.5,140.75,0.0,45505300,4.590356721732653,0.001989283332610725
2006-11-24,98.13102722167969,0.0,140.35000610351562,0.0,140.83999633789062,140.1999969482422,140.24000549316406,0.0,30998000,4.586303598131408,-0.004053123601244657
2006-11-27,96.78158569335938,0.0,138.4199981689453,0.0,140.35000610351562,138.3800048828125,140.27999877929688,0.0,84545100,4.5724567457459235,-0.013846852385484887
2006-11-28,97.2010498046875,0.0,139.02000427246094,0.0,139.16000366210938,138.11000061035156,138.24000549316406,0.0,106652900,4.576781511867817,0.004324766121893475
2006-11-29,98.2149429321289,0.0,140.47000122070312,0.0,140.52999877929688,139.0800018310547,139.47000122070312,0.0,90034900,4.587158372135609,0.010376860267792054
2006-11-30,98.25690460205078,0.0,140.52999877929688,0.0,141.0500030517578,139.75999450683594,140.44000244140625,0.0,83994300,4.587585524127984,0.00042715199237530754
2006-12-01,98.04011535644531,0.0,140.22000122070312,0.0,140.66000366210938,138.97000122070312,140.52999877929688,0.0,126080000,4.585376735285549,-0.0022087888424353608
2006-12-04,98.78828430175781,0.0,141.2899932861328,0.0,141.5500030517578,140.22999572753906,140.25,0.0,87813200,4.592979017780943,0.007602282495393631
2006-12-05,99.21475219726562,0.0,141.89999389648438,0.0,141.9600067138672,141.25999450683594,141.55999755859375,0.0,73374400,4.597286714900328,0.004307697119385168
2006-12-06,99.13086700439453,0.0,141.77999877929688,0.0,142.07000732421875,141.5,141.8699951171875,0.0,53253200,4.596440866141881,-0.0008458487584466212
2006-12-07,98.69732666015625,0.0,141.16000366210938,0.0,142.3000030517578,141.11000061035156,142.02999877929688,0.0,62857400,4.592057860562549,-0.004383005579332355
2006-12-08,98.87914276123047,0.0,141.4199981689453,0.0,141.89999389648438,140.77999877929688,141.1300048828125,0.0,79625500,4.593898324185862,0.0018404636233135818
2006-12-11,99.16584014892578,0.0,141.8300018310547,0.0,142.08999633789062,141.33999633789062,141.4199981689453,0.0,39779400,4.596793601650161,0.002895277464298296
2006-12-12,99.08889770507812,0.0,141.72000122070312,0.0,141.8699951171875,140.88999938964844,141.69000244140625,0.0,77451600,4.596017403829684,-0.0007761978204765541
2006-12-13,99.19377899169922,0.0,141.8699951171875,0.0,142.33999633789062,141.55999755859375,142.22999572753906,0.0,55520200,4.597075300547136,0.0010578967174517118
2006-12-14,100.06775665283203,0.0,143.1199951171875,0.0,143.24000549316406,141.83999633789062,141.86000061035156,0.0,64755200,4.605847523071849,0.00877222252471288
2006-12-15,100.0768814086914,0.0,142.33999633789062,0.793,142.88999938964844,142.24000549316406,142.63999938964844,0.0,70857400,4.605938704688843,9.11816169946178e-05
2006-12-18,99.80271911621094,0.0,141.9499969482422,0.0,142.8800048828125,141.75,142.5399932861328,0.0,48954600,4.603195428599679,-0.0027432760891645813
2006-12-19,99.99247741699219,0.0,142.22000122070312,0.0,142.55999755859375,141.19000244140625,141.5500030517578,0.0,65023600,4.605094957328409,0.0018995287287300044
2006-12-20,99.936279296875,0.0,142.13999938964844,0.0,142.66000366210938,142.00999450683594,142.27999877929688,0.0,41469600,4.604532775854158,-0.0005621814742511333
2006-12-21,99.57071685791016,0.0,141.6199951171875,0.0,142.42999267578125,141.32000732421875,142.27000427246094,0.0,48698400,4.600868113911187,-0.0036646619429703264
2006-12-22,98.95902252197266,0.0,140.75,0.0,141.64999389648438,140.6699981689453,141.63999938964844,0.0,62069100,4.5947058505291105,-0.006162263382076816
2006-12-26,99.54257202148438,0.0,141.5800018310547,0.0,141.61000061035156,140.77999877929688,140.80999755859375,0.0,32696900,4.600585412171172,0.005879561642061049
2006-12-27,100.19644165039062,0.0,142.50999450683594,0.0,142.60000610351562,141.8300018310547,141.8699951171875,0.0,39727100,4.60713267554903,0.006547263377858492
2006-12-28,99.98551177978516,0.0,142.2100067138672,0.0,142.6999969482422,141.99000549316406,142.41000366210938,0.0,37288800,4.605025293289503,-0.00210738225952678
2006-12-29,99.57071685791016,0.0,141.6199951171875,0.0,142.5399932861328,141.42999267578125,142.05999755859375,0.0,45461200,4.600868113911187,-0.004157179378315945
2007-01-03,99.39491271972656,0.0,141.3699951171875,0.0,142.86000061035156,140.57000732421875,142.25,0.0,94807600,4.599100932470767,-0.0017671814404200958
2007-01-04,99.60580444335938,0.0,141.6699981689453,0.0,142.0500030517578,140.61000061035156,141.22999572753906,0.0,69620600,4.601220440436252,0.002119507965484324
2007-01-05,98.81137084960938,0.0,140.5399932861328,0.0,141.39999389648438,140.3800048828125,141.3300018310547,0.0,76645300,4.59321268770247,-0.008007752733781182
2007-01-08,99.26838684082031,0.0,141.19000244140625,0.0,141.41000366210938,140.25,140.82000732421875,0.0,71655000,4.597827160251203,0.0046144725487327065
2007-01-09,99.18402099609375,0.0,141.07000732421875,0.0,141.60000610351562,140.39999389648438,141.30999755859375,0.0,75680100,4.596976922647856,-0.000850237603347459
2007-01-10,99.51444244384766,0.0,141.5399932861328,0.0,141.57000732421875,140.3000030517578,140.5800018310547,0.0,72428000,4.600302783820701,0.003325861172845279
2007-01-11,99.95037078857422,0.0,142.16000366210938,0.0,142.6199951171875,141.5,141.5800018310547,0.0,54476800,4.60467377068014,0.004370986859439263
2007-01-12,100.7096939086914,0.0,143.24000549316406,0.0,143.24000549316406,142.11000061035156,142.14999389648438,0.0,55370600,4.612242060321619,0.00756828964147882
2007-01-16,100.51284790039062,0.0,142.9600067138672,0.0,143.44000244140625,142.72999572753906,143.07000732421875,0.0,44871300,4.6102855591332,-0.0019565011884186134
2007-01-17,100.55500030517578,0.0,143.02000427246094,0.0,143.4600067138672,142.72999572753906,142.85000610351562,0.0,50241400,4.61070484452148,0.00041928538828006623
2007-01-18,100.2175064086914,0.0,142.5399932861328,0.0,143.25999450683594,142.30999755859375,143.1699981689453,0.0,68177300,4.607342888047535,-0.0033619564739453267
2007-01-19,100.41436767578125,0.0,142.82000732421875,0.0,143.10000610351562,142.4600067138672,142.5399932861328,0.0,56973000,4.609305301359631,0.0019624133120954568
2007-01-22,100.10502624511719,0.0,142.3800048828125,0.0,143.10000610351562,141.92999267578125,143.07000732421875,0.0,60253600,4.606219897299516,-0.003085404060114705
2007-01-23,100.40035247802734,0.0,142.8000030517578,0.0,143.0800018310547,142.05999755859375,142.25999450683594,0.0,54064400,4.60916571798879,0.002945820689274292
2007-01-24,101.20890045166016,0.0,143.9499969482422,0.0,143.97999572753906,142.91000366210938,142.97000122070312,0.0,55834700,4.617186702113144,0.008020984124353703
2007-01-25,100.02066802978516,0.0,142.25999450683594,0.0,143.9199981689453,142.00999450683594,143.86000061035156,0.0,73583800,4.605376844930513,-0.011809857182631056
2007-01-26,99.92926788330078,0.0,142.1300048828125,0.0,142.64999389648438,141.5800018310547,142.57000732421875,0.0,67255600,4.604462614551462,-0.0009142303790508066
2007-01-29,99.87303161621094,0.0,142.0500030517578,0.0,142.8000030517578,141.74000549316406,142.19000244140625,0.0,66114600,4.6038996954187414,-0.0005629191327205518
2007-01-30,100.39324188232422,0.0,142.7899932861328,0.0,142.86000061035156,142.05999755859375,142.35000610351562,0.0,70407600,4.6090948930630375,0.005195197644296101
2007-01-31,101.06827545166016,0.0,143.75,0.0,144.1300048828125,142.39999389648438,142.6300048828125,0.0,91868600,4.61579628303074,0.006701389967702198
2007-02-01,101.67291259765625,0.0,144.61000061035156,0.0,144.66000366210938,143.91000366210938,144.14999389648438,0.0,69312400,4.621760921439009,0.005964638408268996
2007-02-02,101.81352996826172,0.0,144.80999755859375,0.0,144.9499969482422,144.3800048828125,144.72999572753906,0.0,49607000,4.623143002635334,0.0013820811963256574
2007-02-05,101.84161376953125,0.0,144.85000610351562,0.0,144.94000244140625,144.33999633789062,144.6999969482422,0.0,45705300,4.623418800250186,0.00027579761485174714
2007-02-06,101.86978149414062,0.0,144.88999938964844,0.0,145.02999877929688,144.3300018310547,144.97000122070312,0.0,57081300,4.623695345651609,0.0002765454014230784
2007-02-07,102.09474182128906,0.0,145.2100067138672,0.0,145.36000061035156,144.57000732421875,145.1199951171875,0.0,55669700,4.625901223563231,0.0022058779116216343
2007-02-08,101.96115112304688,0.0,145.02000427246094,0.0,145.1199951171875,144.27000427246094,144.77999877929688,0.0,70641000,4.624591869391682,-0.001309354171548982
2007-02-09,101.20181274414062,0.0,143.94000244140625,0.0,145.3300018310547,143.38999938964844,145.05999755859375,0.0,79084400,4.617116669184447,-0.007475200207235133
2007-02-12,100.85731506347656,0.0,143.4499969482422,0.0,144.0399932861328,143.19000244140625,143.94000244140625,0.0,65657000,4.613706795864709,-0.003409873319737855
2007-02-13,101.70809173583984,0.0,144.66000366210938,0.0,144.89999389648438,143.75999450683594,143.77000427246094,0.0,64081800,4.622106864646927,0.008400068782218106
2007-02-14,102.37598419189453,0.0,145.61000061035156,0.0,145.89999389648438,144.77999877929688,144.8000030517578,0.0,66039400,4.628652155723063,0.006545291076135662
2007-02-15,102.50959014892578,0.0,145.8000030517578,0.0,145.9499969482422,145.42999267578125,145.6699981689453,0.0,38715200,4.629956356630316,0.0013042009072536942
2007-02-16,102.46037292480469,0.0,145.72999572753906,0.0,145.75999450683594,145.22999572753906,145.44000244140625,0.0,39841800,4.629476118215585,-0.0004802384147311045
2007-02-20,102.67830657958984,0.0,146.0399932861328,0.0,146.1999969482422,145.0,145.55999755859375,0.0,56911800,4.6316008636541435,0.0021247454385582287
2007-02-21,102.63612365722656,0.0,145.97999572753906,0.0,146.07000732421875,145.35000610351562,145.61000061035156,0.0,63971600,4.631189953199304,-0.0004109104548390974
2007-02-22,102.55879974365234,0.0,145.8699951171875,0.0,146.4199981689453,145.1699981689453,146.0500030517578,0.0,79067400,4.630436290136371,-0.0007536630629330077
2007-02-23,102.15803527832031,0.0,145.3000030517578,0.0,145.7899932861328,145.02999877929688,145.74000549316406,0.0,71966200,4.626520979729643,-0.00391531040672799
2007-02-26,102.066650390625,0.0,145.1699981689453,0.0,145.9499969482422,144.75,145.8300018310547,0.0,69192800,4.62562603509065,-0.0008949446389934224
2007-02-27,98.08013916015625,0.0,139.5,0.0,144.1999969482422,139.0,143.8800048828125,0.0,274466500,4.58578489103025,-0.03984114406040007
2007-02-28,99.08554077148438,0.0,140.92999267578125,0.0,141.97999572753906,139.8000030517578,140.38999938964844,0.0,177536300,4.5959835252566466,0.010198634226396663
2007-03-01,98.7902603149414,0.0,140.50999450683594,0.0,141.25,138.0500030517578,139.33999633789062,0.0,212828600,4.5929990200862285,-0.002984505170418039
2007-03-02,97.49658203125,0.0,138.6699981689453,0.0,140.66000366210938,138.66000366210938,140.0500030517578,0.0,162574000,4.579817321299579,-0.01318169878664932
2007-03-05,96.56855010986328,0.0,137.35000610351562,0.0,139.5800018310547,137.3300018310547,137.92999267578125,0.0,143750400,4.570253119988757,-0.009564201310822362
2007-03-06,98.22077178955078,0.0,139.6999969482422,0.0,140.1199951171875,137.72000122070312,138.77999877929688,0.0,143333300,4.587217718343928,0.01696459835517139
2007-03-07,98.12234497070312,0.0,139.55999755859375,0.0,140.4600067138672,139.39999389648438,139.58999633789062,0.0,115144900,4.586215118113101,-0.0010026002308274329
2007-03-08,98.95195770263672,0.0,140.74000549316406,0.0,141.16000366210938,140.07000732421875,140.5399932861328,0.0,117891600,4.594634456619273,0.00841933850617238
2007-03-09,98.98009490966797,0.0,140.77999877929688,0.0,141.4199981689453,140.0800018310547,141.30999755859375,0.0,107765100,4.5949187684005075,0.00028431178123433654
2007-03-12,99.12777709960938,0.0,140.99000549316406,0.0,141.33999633789062,140.16000366210938,140.4199981689453,0.0,80366900,4.596409695699863,0.0014909272993550715
2007-03-13,97.20130920410156,0.0,138.25,0.0,140.77000427246094,138.0399932861328,140.17999267578125,0.0,190605200,4.576784180553685,-0.01962551514617772
2007-03-14,97.92546844482422,0.0,139.27999877929688,0.0,139.36000061035156,136.75,138.42999267578125,0.0,231853800,4.584206663250683,0.007422482696997967
2007-03-15,98.0590591430664,0.0,139.47000122070312,0.0,139.99000549316406,138.8000030517578,138.97000122070312,0.0,132435900,4.585569941470413,0.0013632782197303683
2007-03-16,97.78446960449219,0.0,138.52999877929688,0.551,139.6300048828125,138.1199951171875,139.30999755859375,0.0,121531600,4.5827657669310335,-0.0028041745393796447
2007-03-19,98.9632797241211,0.0,140.1999969482422,0.0,140.3300018310547,139.14999389648438,139.25999450683594,0.0,96161200,4.594748869452201,0.01198310252116741
2007-03-20,99.50682830810547,0.0,140.97000122070312,0.0,141.0500030517578,139.9600067138672,140.0800018310547,0.0,82147400,4.600226268021991,0.005477398569790459
2007-03-21,101.14443969726562,0.0,143.2899932861328,0.0,143.64999389648438,140.82000732421875,141.10000610351562,0.0,152368700,4.616549591240376,0.016323323218384367
2007-03-22,101.0667495727539,0.0,143.17999267578125,0.0,143.67999267578125,142.7899932861328,143.47999572753906,0.0,118942200,4.61578118541066,-0.0007684058297154905
2007-03-23,101.21502685546875,0.0,143.38999938964844,0.0,143.80999755859375,143.14999389648438,143.27999877929688,0.0,74416800,4.617247232544423,0.001466047133762416
2007-03-26,101.0809097290039,0.0,143.1999969482422,0.0,143.64999389648438,142.08999633789062,143.5,0.0,113787500,4.61592128256857,-0.0013259499758531135
2007-03-27,100.84091186523438,0.0,142.86000061035156,0.0,143.16000366210938,142.38999938964844,143.1199951171875,0.0,99864600,4.6135441449725505,-0.0023771375960190966
2007-03-28,100.10676574707031,0.0,141.82000732421875,0.0,142.47000122070312,141.25999450683594,142.13999938964844,0.0,152907900,4.6062372739179045,-0.0073068710546460025
2007-03-29,100.21268463134766,0.0,141.97000122070312,0.0,142.61000061035156,141.19000244140625,142.5399932861328,0.0,139432700,4.607294773765752,0.0010574998478478648
2007-03-30,100.23384094238281,0.0,142.0,0.0,142.83999633789062,140.55999755859375,142.24000549316406,0.0,128194100,4.607505865587406,0.0002110918216535751
2007-04-02,100.3468017578125,0.0,142.16000366210938,0.0,142.4600067138672,141.47999572753906,142.16000366210938,0.0,79416400,4.608632203860643,0.0011263382732371596
2007-04-03,101.42681121826172,0.0,143.69000244140625,0.0,143.97999572753906,142.91000366210938,142.97000122070312,0.0,82417800,4.6193374666433105,0.010705262782667369
2007-04-04,101.53974914550781,0.0,143.85000610351562,0.0,143.9499969482422,143.16000366210938,143.69000244140625,0.0,63995200,4.620450339016963,0.0011128723736524293
2007-04-05,101.81502532958984,0.0,144.24000549316406,0.0,144.44000244140625,143.61000061035156,143.6699981689453,0.0,46822800,4.623157689782979,0.0027073507660162477
2007-04-09,101.9561538696289,0.0,144.44000244140625,0.0,144.8000030517578,144.14999389648438,144.64999389648438,0.0,50967400,4.624542856843,0.0013851670600208976
2007-04-10,102.076171875,0.0,144.61000061035156,0.0,144.85000610351562,144.27000427246094,144.3300018310547,0.0,56620000,4.625719317668762,0.001176460825761616
2007-04-11,101.65971374511719,0.0,144.02000427246094,0.0,144.86000061035156,143.5399932861328,144.82000732421875,0.0,106365700,4.62163109620835,-0.004088221460411212
2007-04-12,102.11148834228516,0.0,144.66000366210938,0.0,144.9199981689453,143.33999633789062,143.74000549316406,0.0,115534400,4.626065239333173,0.004434143124822931
2007-04-13,102.57737731933594,0.0,145.32000732421875,0.0,145.32000732421875,144.36000061035156,144.89999389648438,0.0,84287000,4.630617414460714,0.004552175127540359
2007-04-16,103.55145263671875,0.0,146.6999969482422,0.0,146.86000061035156,145.82000732421875,145.8300018310547,0.0,83064600,4.64006861610359,0.00945120164287605
2007-04-17,103.8267593383789,0.0,147.08999633789062,0.0,147.39999389648438,146.64999389648438,146.97000122070312,0.0,108424100,4.642723734602036,0.0026551184984464626
2007-04-18,103.95384216308594,0.0,147.27000427246094,0.0,147.6999969482422,146.57000732421875,146.60000610351562,0.0,88345300,4.643946975266806,0.0012232406647694205
2007-04-19,103.925537109375,0.0,147.22999572753906,0.0,147.39999389648438,146.36000061035156,146.5500030517578,0.0,102947700,4.643674653365664,-0.00027232190114201416
2007-04-20,104.90670776367188,0.0,148.6199951171875,0.0,148.6199951171875,147.0399932861328,148.22000122070312,0.0,124114100,4.6530714577208325,0.009396804355168875
2007-04-23,104.51142883300781,0.0,148.05999755859375,0.0,148.72999572753906,147.97000122070312,148.3699951171875,0.0,77270800,4.649296432247792,-0.0037750254730406496
2007-04-24,104.55372619628906,0.0,148.1199951171875,0.0,148.39999389648438,147.32000732421875,148.22999572753906,0.0,114471000,4.649701065567509,0.00040463331971718475
2007-04-25,105.51378631591797,0.0,149.47999572753906,0.0,149.66000366210938,148.02000427246094,148.72999572753906,0.0,108418800,4.658841620359024,0.00914055479151532
2007-04-26,105.63379669189453,0.0,149.64999389648438,0.0,149.8000030517578,149.10000610351562,149.49000549316406,0.0,88741600,4.659978364499686,0.0011367441406617829
2007-04-27,105.54904174804688,0.0,149.52999877929688,0.0,149.74000549316406,148.83999633789062,149.08999633789062,0.0,108191100,4.659175695598896,-0.00080266890079006
2007-04-30,104.67377471923828,0.0,148.2899932861328,0.0,149.74000549316406,148.2100067138672,149.63999938964844,0.0,100874100,4.650848606264575,-0.008327089334320803
2007-05-01,104.94200897216797,0.0,148.6699981689453,0.0,149.47000122070312,147.6699981689453,148.4199981689453,0.0,134342700,4.653407902083021,0.002559295818445939
2007-05-02,105.55610656738281,0.0,149.5399932861328,0.0,149.9499969482422,148.75,148.89999389648438,0.0,87129800,4.65924262735679,0.005834725273769159
2007-05-03,106.12782287597656,0.0,150.35000610351562,0.0,150.39999389648438,149.72999572753906,149.97000122070312,0.0,86569700,4.664644243815809,0.005401616459018932
2007-05-04,106.53019714355469,0.0,150.9199981689453,0.0,151.1199951171875,150.22000122070312,150.75,0.0,96409000,4.66842848621329,0.0037842423974803197
2007-05-07,106.55139923095703,0.0,150.9499969482422,0.0,151.1999969482422,150.80999755859375,150.8800048828125,0.0,63461400,4.668627490611915,0.00019900439862574615
2007-05-08,106.41018676757812,0.0,150.75,0.0,150.9199981689453,150.1300048828125,150.5800018310547,0.0,80584000,4.667301312621521,-0.0013261779903945836
2007-05-09,106.69967651367188,0.0,151.16000366210938,0.0,152.82000732421875,150.3699951171875,150.63999938964844,0.0,102070100,4.6700181265662035,0.0027168139446827055
2007-05-10,105.58435821533203,0.0,149.5800018310547,0.0,151.02000427246094,149.27000427246094,150.72999572753906,0.0,153617800,4.659510237340001,-0.010507889226202494
2007-05-11,106.4878921508789,0.0,150.86000061035156,0.0,150.92999267578125,149.72000122070312,149.75,0.0,113408900,4.668031289962285,0.008521052622284309
2007-05-14,106.25495147705078,0.0,150.52999877929688,0.0,151.3000030517578,149.7899932861328,150.86000061035156,0.0,108027500,4.665841408855629,-0.0021898811066565216
2007-05-15,106.28321075439453,0.0,150.57000732421875,0.0,151.66000366210938,150.19000244140625,150.6999969482422,0.0,180673300,4.666107330770203,0.00026592191457375236
2007-05-16,107.01023864746094,0.0,151.60000610351562,0.0,151.6300048828125,150.3800048828125,150.8000030517578,0.0,114166500,4.6729245181781005,0.00681718740789794
2007-05-17,106.7984619140625,0.0,151.3000030517578,0.0,151.9600067138672,151.11000061035156,151.3800048828125,0.0,101132800,4.670943524868669,-0.001980993309431689
2007-05-18,107.73023223876953,0.0,152.6199951171875,0.0,152.6199951171875,151.80999755859375,152.00999450683594,0.0,99182000,4.679630252652125,0.008686727783456583
2007-05-21,107.6737060546875,0.0,152.5399932861328,0.0,153.22999572753906,152.5,152.5800018310547,0.0,174664600,4.679105413730169,-0.0005248389219563165
2007-05-22,107.58905792236328,0.0,152.4199981689453,0.0,153.16000366210938,152.3800048828125,152.6999969482422,0.0,82148800,4.678318950385339,-0.0007864633448297909
2007-05-23,107.60317993164062,0.0,152.44000244140625,0.0,153.5,152.36000061035156,152.9499969482422,0.0,133786600,4.6784502005590305,0.00013125017369119973
2007-05-24,106.6290512084961,0.0,151.05999755859375,0.0,153.2100067138672,150.74000549316406,152.52999877929688,0.0,187593000,4.669356000011471,-0.009094200547559161
2007-05-25,107.07372283935547,0.0,151.69000244140625,0.0,152.02000427246094,151.17999267578125,151.5,0.0,83309200,4.67351759571006,0.004161595698588982
2007-05-29,107.4620132446289,0.0,152.24000549316406,0.0,152.5,151.4499969482422,151.94000244140625,0.0,82020000,4.677137419953293,0.0036198242432323724
2007-05-30,108.33724975585938,0.0,153.47999572753906,0.0,153.5399932861328,151.33999633789062,151.4600067138672,0.0,129013600,4.685249044600723,0.008111624647430205
2007-05-31,108.22429656982422,0.0,153.32000732421875,0.0,153.88999938964844,153.1199951171875,153.6699981689453,0.0,114866700,4.684205893605597,-0.0010431509951258633
2007-06-01,108.76077270507812,0.0,154.0800018310547,0.0,154.39999389648438,153.50999450683594,153.8800048828125,0.0,107771700,4.68915072441978,0.004944830814182843
2007-06-04,108.77490234375,0.0,154.10000610351562,0.0,154.38999938964844,153.47999572753906,153.5399932861328,0.0,78008800,4.689280630824221,0.00012990640444154877
2007-06-05,108.3443374633789,0.0,153.49000549316406,0.0,153.89999389648438,152.86000061035156,153.74000549316406,0.0,126917900,4.685314465088112,-0.003966165736109417
2007-06-06,107.17965698242188,0.0,151.83999633789062,0.0,152.9499969482422,151.75,152.86000061035156,0.0,164096800,4.674506463673655,-0.010808001414456925
2007-06-07,105.24555206298828,0.0,149.10000610351562,0.0,152.5,149.05999755859375,151.55999755859375,0.0,232414600,4.656296210985286,-0.018210252688368733
2007-06-08,106.61492919921875,0.0,151.0399932861328,0.0,151.19000244140625,149.08999633789062,149.5800018310547,0.0,175886000,4.669223550698989,0.012927339713702857
2007-06-11,106.7984619140625,0.0,151.3000030517578,0.0,151.9499969482422,150.6999969482422,150.92999267578125,0.0,102015600,4.670943524868669,0.0017199741696796167
2007-06-12,105.63379669189453,0.0,149.64999389648438,0.0,151.5399932861328,149.5500030517578,150.6699981689453,0.0,233898000,4.659978364499686,-0.010965160368982652
2007-06-13,107.21489715576172,0.0,151.88999938964844,0.0,152.07000732421875,149.72000122070312,150.5,0.0,193208200,4.674835204987061,0.01485684048737479
2007-06-14,107.89962768554688,0.0,152.86000061035156,0.0,153.1199951171875,152.02999877929688,152.05999755859375,0.0,146396500,4.681201421707134,0.00636621672007287
2007-06-15,108.5135269165039,0.0,153.07000732421875,0.656,153.66000366210938,152.92999267578125,153.13999938964844,0.0,154030800,4.6868748372511115,0.005673415543977711
2007-06-18,108.38593292236328,0.0,152.88999938964844,0.0,153.38999938964844,152.66000366210938,153.3800048828125,0.0,88537500,4.68569831049578,-0.0011765267553318637
2007-06-19,108.65532684326172,0.0,153.27000427246094,0.0,153.3800048828125,152.36000061035156,152.5500030517578,0.0,110851700,4.688180733050206,0.0024824225544266554
2007-06-20,107.14532470703125,0.0,151.13999938964844,0.0,153.5800018310547,150.9600067138672,153.5800018310547,0.0,177119700,4.674186087808801,-0.013994645241405479
2007-06-21,107.74081420898438,0.0,151.97999572753906,0.0,152.11000061035156,150.25,151.0800018310547,0.0,205262000,4.679728474389085,0.005542386580284386
2007-06-22,106.72708892822266,0.0,150.5500030517578,0.0,151.77000427246094,149.85000610351562,151.52000427246094,0.0,204964700,4.6702750054505815,-0.00945346893850374
2007-06-25,106.2166748046875,0.0,149.8300018310547,0.0,151.25,149.02000427246094,150.24000549316406,0.0,232014400,4.665481109709365,-0.004793895741216581
2007-06-26,105.12491607666016,0.0,148.2899932861328,0.0,150.4600067138672,148.27999877929688,150.2100067138672,0.0,198445700,4.655149319973271,-0.010331789736094166
2007-06-27,106.62073516845703,0.0,150.39999389648438,0.0,150.57000732421875,148.05999755859375,148.1300048828125,0.0,213638000,4.669278006591787,0.014128686618516184
2007-06-28,106.6065444946289,0.0,150.3800048828125,0.0,151.41000366210938,149.6699981689453,150.3800048828125,0.0,157705000,4.669144902855046,-0.0001331037367409138
2007-06-29,106.64201354980469,0.0,150.42999267578125,0.0,151.64999389648438,149.14999389648438,150.89999389648438,0.0,199701800,4.669477557442051,0.0003326545870052655
2007-07-02,107.60613250732422,0.0,151.7899932861328,0.0,151.9199981689453,150.77000427246094,150.8699951171875,0.0,103357000,4.678477639666105,0.009000082224053685
2007-07-03,107.99605560302734,0.0,152.33999633789062,0.0,152.5,151.99000549316406,152.17999267578125,0.0,54048400,4.6820947042630765,0.003617064596971531
2007-07-05,107.88259887695312,0.0,152.17999267578125,0.0,152.55999755859375,151.6300048828125,152.39999389648438,0.0,89279000,4.68104358842401,-0.0010511158390666964
2007-07-06,108.44973754882812,0.0,152.97999572753906,0.0,153.1699981689453,151.92999267578125,152.3800048828125,0.0,81109000,4.686286817249929,0.005243228825919211
2007-07-09,108.53482055664062,0.0,153.10000610351562,0.0,153.36000061035156,152.6199951171875,153.16000366210938,0.0,72348100,4.687071048283842,0.0007842310339132297
2007-07-10,106.98934173583984,0.0,150.9199981689453,0.0,152.61000061035156,150.77000427246094,152.2899932861328,0.0,180362600,4.672729219555084,-0.014341828728758443
2007-07-11,107.7479248046875,0.0,151.99000549316406,0.0,152.0500030517578,150.52000427246094,150.75,0.0,175607600,4.679794469445145,0.007065249890061409
2007-07-12,109.44929504394531,0.0,154.38999938964844,0.0,154.75,152.33999633789062,152.3699951171875,0.0,133882500,4.695461383052244,0.01566691360709882
2007-07-13,109.77534484863281,0.0,154.85000610351562,0.0,155.4600067138672,154.38999938964844,154.57000732421875,0.0,111794300,4.698435957856036,0.0029745748037921516
2007-07-16,109.76124572753906,0.0,154.8300018310547,0.0,155.52999877929688,154.5800018310547,154.99000549316406,0.0,98378700,4.698307513471652,-0.00012844438438452954
2007-07-17,109.7044906616211,0.0,154.75,0.0,155.47999572753906,154.67999267578125,154.92999267578125,0.0,126201300,4.6977903022830905,-0.0005172111885611841
2007-07-18,109.50599670410156,0.0,154.47000122070312,0.0,154.8000030517578,153.3000030517578,154.22999572753906,0.0,237887400,4.695979312178058,-0.001810990105032495
2007-07-19,109.9313735961914,0.0,155.07000732421875,0.0,155.52999877929688,154.75,155.1999969482422,0.0,145212700,4.699856294702296,0.0038769825242379596
2007-07-20,108.81841278076172,0.0,153.5,0.0,154.99000549316406,152.8300018310547,154.88999938964844,0.0,245502500,4.68968055522049,-0.010175739481805834
2007-07-23,109.15154266357422,0.0,153.97000122070312,0.0,154.72000122070312,153.3000030517578,154.17999267578125,0.0,121183900,4.692737216323234,0.0030566611027440516
2007-07-24,107.2587661743164,0.0,151.3000030517578,0.0,154.27999877929688,150.75999450683594,153.1199951171875,0.0,256732400,4.675244290358992,-0.017492925964242012
2007-07-25,107.47848510742188,0.0,151.61000061035156,0.0,152.38999938964844,150.25,152.02000427246094,0.0,265214500,4.677290689001718,0.002046398642725933
2007-07-26,104.93354034423828,0.0,148.02000427246094,0.0,150.8000030517578,146.38999938964844,150.19000244140625,0.0,467592500,4.6533272006581825,-0.023963488343535566
2007-07-27,102.87062072753906,0.0,145.11000061035156,0.0,148.8699951171875,145.0500030517578,148.2100067138672,0.0,422987600,4.633472089221546,-0.01985511143663654
2007-07-30,104.47979736328125,0.0,147.3800048828125,0.0,147.80999755859375,145.2899932861328,145.92999267578125,0.0,283017500,4.648993726047691,0.015521636826145269
2007-07-31,103.30301666259766,0.0,145.72000122070312,0.0,149.4600067138672,145.0399932861328,148.3300018310547,0.0,316976700,4.637666578628505,-0.011327147419185835
2007-08-01,103.80635070800781,0.0,146.42999267578125,0.0,147.00999450683594,143.9499969482422,145.17999267578125,0.0,467670000,4.6425271510183075,0.004860572389802087
2007-08-02,104.6357421875,0.0,147.60000610351562,0.0,147.75999450683594,145.25999450683594,146.75999450683594,0.0,294758400,4.650485196776857,0.007958045758549304
2007-08-03,101.94190979003906,0.0,143.8000030517578,0.0,147.5800018310547,143.1999969482422,147.27999877929688,0.0,359398200,4.62440313918843,-0.026082057588427077
2007-08-06,103.6503677368164,0.0,146.2100067138672,0.0,146.8300018310547,142.52999877929688,144.2100067138672,0.0,324980000,4.641023386746372,0.01662024755794267
2007-08-07,104.75631713867188,0.0,147.77000427246094,0.0,149.0,145.22999572753906,145.94000244140625,0.0,232568700,4.651636863796961,0.010613477050588571
2007-08-08,106.2166748046875,0.0,149.8300018310547,0.0,150.58999633789062,147.33999633789062,148.41000366210938,0.0,274930600,4.665481109709365,0.013844245912403963
2007-08-09,103.06908416748047,0.0,145.38999938964844,0.0,148.9499969482422,145.2899932861328,147.42999267578125,0.0,357622100,4.635399483470081,-0.030081626239283565
2007-08-10,102.58702087402344,0.0,144.7100067138672,0.0,146.5,143.1199951171875,144.38999938964844,0.0,411018400,4.63071142253209,-0.004688060937991345
2007-08-13,102.95563507080078,0.0,145.22999572753906,0.0,146.88999938964844,145.02000427246094,146.5,0.0,181917200,4.634298167971961,0.0035867454398710308
2007-08-14,101.38182830810547,0.0,143.00999450683594,0.0,146.05999755859375,142.72000122070312,145.6999969482422,0.0,264134500,4.61889386709056,-0.015404300881400879
2007-08-15,99.98536682128906,0.0,141.0399932861328,0.0,144.4600067138672,140.6199951171875,142.72000122070312,0.0,323834000,4.605023843493441,-0.013870023597118752
2007-08-16,100.73677062988281,0.0,142.10000610351562,0.0,142.94000244140625,137.0,139.7899932861328,0.0,546743700,4.612510883320488,0.007487039827046793
2007-08-17,102.58702087402344,0.0,144.7100067138672,0.0,145.80999755859375,141.38999938964844,145.5,0.0,388218100,4.63071142253209,0.018200539211601807
2007-08-20,102.53739929199219,0.0,144.63999938964844,0.0,145.47000122070312,143.2899932861328,145.1699981689453,0.0,187320400,4.630227603170563,-0.0004838193615270825
2007-08-21,102.74295806884766,0.0,144.92999267578125,0.0,145.97000122070312,144.13999938964844,144.60000610351562,0.0,157066400,4.632230316417985,0.002002713247422072
2007-08-22,103.96233367919922,0.0,146.64999389648438,0.0,146.8000030517578,145.3300018310547,146.00999450683594,0.0,173156700,4.6440286573782,0.01179834096021537
2007-08-23,103.8701400756836,0.0,146.52000427246094,0.0,147.64999389648438,145.61000061035156,147.33999633789062,0.0,203915300,4.643141465806093,-0.0008871915721071488
2007-08-24,105.15330505371094,0.0,148.3300018310547,0.0,148.3300018310547,146.27999877929688,146.47999572753906,0.0,128901900,4.655419333454178,0.012277867648085028
2007-08-27,104.17499542236328,0.0,146.9499969482422,0.0,148.3300018310547,146.72999572753906,147.85000610351562,0.0,113024300,4.646072133366719,-0.009347200087459484
2007-08-28,101.88521575927734,0.0,143.72000122070312,0.0,146.25,143.4600067138672,146.16000366210938,0.0,219790700,4.623846843925264,-0.02222528944145452
2007-08-29,103.88433837890625,0.0,146.5399932861328,0.0,146.74000549316406,143.9600067138672,144.3699951171875,0.0,207654200,4.643278149292778,0.019431305367513474
2007-08-30,103.60786437988281,0.0,146.14999389648438,0.0,147.19000244140625,145.30999755859375,145.4499969482422,0.0,191817300,4.640613237947018,-0.0026649113457599682
2007-08-31,104.62871551513672,0.0,147.58999633789062,0.0,148.5,146.8300018310547,147.64999389648438,0.0,185477500,4.650418040868558,0.009804802921539846
2007-09-04,105.68492889404297,0.0,149.0800018310547,0.0,149.97999572753906,147.39999389648438,147.4499969482422,0.0,120062000,4.660462298926269,0.010044258057711808
2007-09-05,104.77047729492188,0.0,147.7899932861328,0.0,148.36000061035156,147.0,148.1999969482422,0.0,166261800,4.651772026999451,-0.008690271926818482
2007-09-06,105.0114974975586,0.0,148.1300048828125,0.0,148.61000061035156,147.1199951171875,147.9499969482422,0.0,127878400,4.654069844139587,0.002297817140136438
2007-09-07,103.5511474609375,0.0,146.07000732421875,0.0,146.88999938964844,145.25999450683594,146.47999572753906,0.0,235447600,4.640065669006054,-0.014004175133533359
2007-09-10,103.35262298583984,0.0,145.7899932861328,0.0,146.72000122070312,144.3300018310547,146.52000427246094,0.0,192305900,4.638146665446163,-0.0019190035598910526
2007-09-11,104.5578384399414,0.0,147.49000549316406,0.0,147.6999969482422,146.1300048828125,146.24000549316406,0.0,162081900,4.649740396186646,0.011593730740482755
2007-09-12,104.82720184326172,0.0,147.8699951171875,0.0,148.44000244140625,146.97999572753906,147.2899932861328,0.0,149554600,4.6523132977802915,0.00257290159364576
2007-09-13,105.56446075439453,0.0,148.91000366210938,0.0,149.4499969482422,148.1999969482422,148.5500030517578,0.0,154079000,4.65932176874147,0.0070084709611784035
2007-09-14,105.55734252929688,0.0,148.89999389648438,0.0,149.08999633789062,147.74000549316406,147.9600067138672,0.0,121911000,4.659254336339987,-6.743240148310292e-05
2007-09-17,104.99024963378906,0.0,148.10000610351562,0.0,148.64999389648438,147.6300048828125,148.30999755859375,0.0,109870800,4.653867485215128,-0.005386851124859149
2007-09-18,108.08110809326172,0.0,152.4600067138672,0.0,152.5,148.1300048828125,148.8300018310547,0.0,263759500,4.682881946127715,0.029014460912587303
2007-09-19,108.71910858154297,0.0,153.36000061035156,0.0,154.38999938964844,152.7100067138672,153.41000366210938,0.0,193779900,4.688767570596093,0.005885624468378481
2007-09-20,107.95349884033203,0.0,152.27999877929688,0.0,153.42999267578125,152.11000061035156,153.33999633789062,0.0,175186800,4.681700568110716,-0.007067002485377394
2007-09-21,108.24485778808594,0.0,151.97000122070312,0.719,153.1199951171875,151.74000549316406,152.7100067138672,0.0,141457500,4.684395862641921,0.0026952945312048726
2007-09-24,108.04534149169922,0.0,151.69000244140625,0.0,152.82000732421875,151.36000061035156,152.4199981689453,0.0,139450200,4.682550967647685,-0.0018448949942362347
2007-09-25,107.83170318603516,0.0,151.38999938964844,0.0,151.66000366210938,150.47000122070312,150.80999755859375,0.0,142289900,4.68057170787297,-0.0019792597747150253
2007-09-26,108.40153503417969,0.0,152.19000244140625,0.0,152.77000427246094,151.38999938964844,152.25,0.0,135547000,4.685842249737198,0.005270541864228484
2007-09-27,109.04261779785156,0.0,153.08999633789062,0.0,153.10000610351562,152.19000244140625,152.91000366210938,0.0,102713300,4.691738794783989,0.005896545046790713
2007-09-28,108.67932891845703,0.0,152.5800018310547,0.0,153.19000244140625,151.97999572753906,152.85000610351562,0.0,133372100,4.68840160969971,-0.0033371850842787154
2007-10-01,109.9044189453125,0.0,154.3000030517578,0.0,154.75,152.5,152.60000610351562,0.0,148162300,4.699611069384777,0.011209459685066925
2007-10-02,109.75480651855469,0.0,154.08999633789062,0.0,154.64999389648438,153.80999755859375,154.61000061035156,0.0,112978800,4.698248846153975,-0.001362223230802151
2007-10-03,109.53407287597656,0.0,153.77999877929688,0.0,154.41000366210938,153.00999450683594,153.80999755859375,0.0,119055900,4.6962356686710285,-0.002013177482946382
2007-10-04,109.7049789428711,0.0,154.02000427246094,0.0,154.25999450683594,153.58999633789062,154.11000061035156,0.0,76864400,4.697794753150694,0.0015590844796653514
2007-10-05,111.00847625732422,0.0,155.85000610351562,0.0,156.10000610351562,154.6300048828125,155.02999877929688,0.0,134579700,4.70960656107545,0.011811807924756224
2007-10-08,110.41728210449219,0.0,155.02000427246094,0.0,155.49000549316406,154.77000427246094,155.38999938964844,0.0,71280400,4.704266662393322,-0.00533989868212803
2007-10-09,111.45719909667969,0.0,156.47999572753906,0.0,156.5,155.02999877929688,155.60000610351562,0.0,94054300,4.713640652601527,0.009373990208205285
2007-10-10,111.27198791503906,0.0,156.22000122070312,0.0,156.44000244140625,155.41000366210938,156.0399932861328,0.0,101711100,4.711977545697438,-0.0016631069040888846
2007-10-11,110.73777770996094,0.0,155.47000122070312,0.0,157.52000427246094,154.5399932861328,156.92999267578125,0.0,233529100,4.7071650435572066,-0.004812502140231878
2007-10-12,111.35030364990234,0.0,156.3300018310547,0.0,156.35000610351562,155.27000427246094,155.4600067138672,0.0,124546700,4.712681120685759,0.00551607712855251
2007-10-15,110.41014099121094,0.0,155.00999450683594,0.0,156.36000061035156,153.94000244140625,156.27000427246094,0.0,161151900,4.704201986428864,-0.008479134256894838
2007-10-16,109.53407287597656,0.0,153.77999877929688,0.0,154.52000427246094,153.47000122070312,154.41000366210938,0.0,166525700,4.6962356686710285,-0.00796631775783574
2007-10-17,109.86883544921875,0.0,154.25,0.0,155.08999633789062,152.47000122070312,154.97999572753906,0.0,216687300,4.699287249304826,0.0030515806337971796
2007-10-18,109.469970703125,0.0,153.69000244140625,0.0,154.19000244140625,153.0800018310547,153.4499969482422,0.0,148367500,4.695650271491738,-0.003636977813087583
2007-10-19,106.6065444946289,0.0,149.6699981689453,0.0,156.47999572753906,149.66000366210938,153.08999633789062,0.0,297169900,4.669144902855046,-0.02650536863669206
2007-10-22,107.22628021240234,0.0,150.5399932861328,0.0,150.75999450683594,148.66000366210938,148.86000061035156,0.0,261989800,4.6749413698271445,0.005796466972098457
2007-10-23,108.09525299072266,0.0,151.75999450683594,0.0,151.9499969482422,150.25,151.4600067138672,0.0,180085100,4.683012810551653,0.008071440724508605
2007-10-24,107.89585876464844,0.0,151.47999572753906,0.0,151.74000549316406,148.83999633789062,151.2100067138672,0.0,326694200,4.681166491218449,-0.001846319333203894
2007-10-25,108.15223693847656,0.0,151.83999633789062,0.0,152.2899932861328,149.8800048828125,151.64999389648438,0.0,237374500,4.6835398358511515,0.0023733446327023344
2007-10-26,109.42005157470703,0.0,153.6199951171875,0.0,153.6199951171875,151.89999389648438,153.05999755859375,0.0,176484000,4.695194159981822,0.011654324130670801
2007-10-29,109.78337860107422,0.0,154.1300048828125,0.0,154.44000244140625,153.5500030517578,153.92999267578125,0.0,106841000,4.698509138755604,0.0033149787737816183
2007-10-30,109.02117919921875,0.0,153.05999755859375,0.0,153.75,152.8699951171875,153.4499969482422,0.0,132981600,4.6915421679344425,-0.006966970821161489
2007-10-31,110.15367889404297,0.0,154.64999389648438,0.0,155.27000427246094,152.83999633789062,153.97999572753906,0.0,220954400,4.701876471637901,0.010334303703458225
2007-11-01,107.57528686523438,0.0,151.02999877929688,0.0,153.41000366210938,150.58999633789062,153.2899932861328,0.0,333040800,4.67819094537446,-0.023685526263440337
2007-11-02,107.69638061523438,0.0,151.1999969482422,0.0,152.0,149.2100067138672,151.52999877929688,0.0,331228200,4.67931597742526,0.0011250320507993905
2007-11-05,106.87723541259766,0.0,150.0500030517578,0.0,151.16000366210938,148.97000122070312,149.63999938964844,0.0,226841000,4.671680843179449,-0.0076351342458105265
2007-11-06,108.31602478027344,0.0,152.07000732421875,0.0,152.11000061035156,149.89999389648438,150.86000061035156,0.0,177800500,4.685053109637826,0.013372266458376636
2007-11-07,105.35297393798828,0.0,147.91000366210938,0.0,151.1300048828125,147.5500030517578,150.44000244140625,0.0,306639700,4.657316368973627,-0.0277367406641984
2007-11-08,104.81879425048828,0.0,147.16000366210938,0.0,148.39999389648438,145.07000732421875,147.99000549316406,0.0,374509900,4.652233090259665,-0.0050832787139620805
2007-11-09,103.3799819946289,0.0,145.13999938964844,0.0,147.5399932861328,144.88999938964844,145.69000244140625,0.0,277745100,4.638411345601007,-0.013821744658658375
2007-11-12,102.35431671142578,0.0,143.6999969482422,0.0,146.61000061035156,143.6999969482422,145.2100067138672,0.0,243087800,4.628440487196674,-0.009970858404333427
2007-11-13,105.47404479980469,0.0,148.0800018310547,0.0,148.30999755859375,145.22000122070312,145.3699951171875,0.0,191117400,4.658464901793094,0.030024414596420357
2007-11-14,105.1820297241211,0.0,147.6699981689453,0.0,149.39999389648438,146.77999877929688,149.22000122070312,0.0,230558800,4.655692465599275,-0.002772436193819061
2007-11-15,103.66487884521484,0.0,145.5399932861328,0.0,147.49000549316406,144.52000427246094,146.57000732421875,0.0,263111100,4.641163377496318,-0.0145290881029565
2007-11-16,103.84293365478516,0.0,145.7899932861328,0.0,146.47000122070312,144.57000732421875,146.30999755859375,0.0,308770600,4.642879504239924,0.0017161267436058836
2007-11-19,102.39704132080078,0.0,143.75999450683594,0.0,145.36000061035156,143.19000244140625,145.27999877929688,0.0,267746000,4.6288578188364315,-0.01402168540349269
2007-11-20,103.0238037109375,0.0,144.63999938964844,0.0,145.52999877929688,142.11000061035156,144.02000427246094,0.0,414767500,4.634960065518907,0.006102246682475609
2007-11-21,100.91547393798828,0.0,141.67999267578125,0.0,143.91000366210938,141.6699981689453,143.0800018310547,0.0,259012400,4.614283274748806,-0.020676790770100872
2007-11-23,102.66056060791016,0.0,144.1300048828125,0.0,144.33999633789062,142.6999969482422,143.07000732421875,0.0,77688400,4.631428017938503,0.0171447431896965
2007-11-26,100.39555358886719,0.0,140.9499969482422,0.0,144.8800048828125,140.66000366210938,144.42999267578125,0.0,214232000,4.609117919313458,-0.02231009862504507
2007-11-27,101.5494155883789,0.0,142.57000732421875,0.0,143.22999572753906,140.9499969482422,141.74000549316406,0.0,293897900,4.620545533094806,0.011427613781348711
2007-11-28,104.79741668701172,0.0,147.1300048828125,0.0,147.47000122070312,144.13999938964844,144.19000244140625,0.0,258596900,4.652029121650033,0.03148358855522648
2007-11-29,104.83302307128906,0.0,147.17999267578125,0.0,147.72000122070312,146.10000610351562,146.6199951171875,0.0,199409900,4.652368827893657,0.000339706243623894
2007-11-30,105.88716125488281,0.0,148.66000366210938,0.0,149.8699951171875,147.3300018310547,149.0399932861328,0.0,222908000,4.662374010648624,0.010005182754967201
2007-12-03,105.18912506103516,0.0,147.67999267578125,0.0,148.4499969482422,147.2899932861328,148.19000244140625,0.0,146430400,4.655759921015623,-0.006614089633001363
2007-12-04,104.24897003173828,0.0,146.36000061035156,0.0,147.5399932861328,146.30999755859375,146.66000366210938,0.0,136533900,4.646781980838626,-0.00897794017699649
2007-12-05,105.99405670166016,0.0,148.80999755859375,0.0,149.1999969482422,147.8300018310547,147.92999267578125,0.0,171130000,4.663383023687888,0.01660104284926156
2007-12-06,107.51122283935547,0.0,150.94000244140625,0.0,151.2100067138672,148.57000732421875,148.6300048828125,0.0,154457400,4.677595240624205,0.014212216936317468
2007-12-07,107.48982238769531,0.0,150.91000366210938,0.0,151.5,150.5500030517578,151.4199981689453,0.0,148980100,4.677396167622414,-0.00019907300179156096
2007-12-10,108.32316589355469,0.0,152.0800018310547,0.0,152.25,150.86000061035156,151.27999877929688,0.0,123914300,4.685119035966868,0.007722868344454348
2007-12-11,105.35297393798828,0.0,147.91000366210938,0.0,152.88999938964844,147.8300018310547,152.13999938964844,0.0,250346400,4.657316368973627,-0.02780266699324052
2007-12-12,106.39290618896484,0.0,149.3699951171875,0.0,151.77000427246094,147.1999969482422,151.05999755859375,0.0,322435600,4.667138903528579,0.00982253455495119
2007-12-13,106.17207336425781,0.0,149.05999755859375,0.0,149.38999938964844,147.3000030517578,148.32000732421875,0.0,237551300,4.66506111155532,-0.002077791973258414
2007-12-14,104.82588195800781,0.0,147.1699981689453,0.0,149.10000610351562,147.10000610351562,147.92999267578125,0.0,159152900,4.652300706644211,-0.012760404911109191
2007-12-17,103.33011627197266,0.0,145.07000732421875,0.0,146.8699951171875,144.86000061035156,146.61000061035156,0.0,177269400,4.637928875474567,-0.014371831169643912
2007-12-18,103.90707397460938,0.0,145.8800048828125,0.0,146.47999572753906,143.9600067138672,146.10000610351562,0.0,245569300,4.643496980239989,0.005568104765421467
2007-12-19,103.90707397460938,0.0,145.8800048828125,0.0,146.88999938964844,144.94000244140625,145.94000244140625,0.0,198917200,4.643496980239989,0.0
2007-12-20,104.56236267089844,0.0,146.8000030517578,0.0,146.86000061035156,145.17999267578125,146.83999633789062,0.0,214813800,4.649783665377606,0.0062866851376170985
2007-12-21,106.06967163085938,0.0,148.1300048828125,0.775,148.4199981689453,147.08999633789062,147.3699951171875,0.0,146084400,4.664096157734887,0.014312492357281492
2007-12-24,106.85733795166016,0.0,149.22999572753906,0.0,149.47999572753906,148.47999572753906,148.82000732421875,0.0,45601400,4.671494654668328,0.007398496933440413
2007-12-26,107.08646392822266,0.0,149.5500030517578,0.0,149.67999267578125,148.5,148.64999389648438,0.0,67093100,4.673636582241353,0.0021419275730254483
2007-12-27,105.74024963378906,0.0,147.6699981689453,0.0,149.02999877929688,147.32000732421875,149.02000427246094,0.0,122981700,4.66098561163097,-0.012650970610383006
2007-12-28,105.47533416748047,0.0,147.3000030517578,0.0,148.61000061035156,146.89999389648438,148.5399932861328,0.0,116398100,4.658477126220415,-0.002508485410555039
2007-12-31,104.6948013305664,0.0,146.2100067138672,0.0,147.61000061035156,146.05999755859375,147.10000610351562,0.0,108126800,4.651049463640554,-0.00742766257986105
2008-01-02,103.77825164794922,0.0,144.92999267578125,0.0,146.99000549316406,143.8800048828125,146.52999877929688,0.0,204935600,4.642256427082994,-0.008793036557560363
2008-01-03,103.7281723022461,0.0,144.86000061035156,0.0,145.49000549316406,144.07000732421875,144.91000366210938,0.0,125133300,4.641773749528033,-0.0004826775549604534
2008-01-04,101.18617248535156,0.0,141.30999755859375,0.0,143.44000244140625,140.91000366210938,143.33999633789062,0.0,232330900,4.6169621119976405,-0.024811637530392616
2008-01-07,101.10020446777344,0.0,141.19000244140625,0.0,142.22999572753906,140.10000610351562,141.80999755859375,0.0,234991000,4.616112148455374,-0.0008499635422660745
2008-01-08,99.46762084960938,0.0,138.91000366210938,0.0,142.89999389648438,138.44000244140625,142.0800018310547,0.0,326365700,4.599832172607535,-0.0162799758478398
2008-01-09,100.51305389404297,0.0,140.3699951171875,0.0,140.7899932861328,137.6999969482422,139.08999633789062,0.0,301824900,4.610287608557186,0.010455435949650926
2008-01-10,101.17180633544922,0.0,141.2899932861328,0.0,142.8000030517578,139.3699951171875,139.67999267578125,0.0,335701200,4.616820124515751,0.006532515958565632
2008-01-11,100.35548400878906,0.0,140.14999389648438,0.0,141.89999389648438,139.0,140.77999877929688,0.0,267076600,4.608718722566186,-0.008101401949565101
2008-01-14,101.16468811035156,0.0,141.27999877929688,0.0,141.86000061035156,140.39999389648438,141.16000366210938,0.0,170365500,4.616749764246635,0.008031041680449214
2008-01-15,98.93772888183594,0.0,138.1699981689453,0.0,141.49000549316406,137.89999389648438,139.7899932861328,0.0,239940100,4.594490651036771,-0.022259113209864623
2008-01-16,98.0855941772461,0.0,136.97999572753906,0.0,139.1199951171875,136.27999877929688,137.36000061035156,0.0,378802600,4.585840507441928,-0.008650143594842952
2008-01-17,95.54358673095703,0.0,133.42999267578125,0.0,137.8800048828125,132.92999267578125,137.80999755859375,0.0,397892600,4.559582548925106,-0.026257958516821667
2008-01-18,94.56258392333984,0.0,132.05999755859375,0.0,135.02000427246094,131.10000610351562,134.74000549316406,0.0,348561500,4.549261879038887,-0.010320669886219491
2008-01-22,93.60308837890625,0.0,130.72000122070312,0.0,132.42999267578125,126.0,127.20999908447266,0.0,435923700,4.539063378440342,-0.010198500598544769
2008-01-23,95.85150909423828,0.0,133.86000061035156,0.0,134.19000244140625,126.83999633789062,127.08999633789062,0.0,511913000,4.56280021369988,0.023736835259538402
2008-01-24,96.66065979003906,0.0,134.99000549316406,0.0,135.4600067138672,133.30999755859375,134.47999572753906,0.0,259949300,4.5712064922785896,0.008406278578709347
2008-01-25,95.26435089111328,0.0,133.0399932861328,0.0,136.75999450683594,132.60000610351562,136.50999450683594,0.0,269603900,4.556655668181399,-0.014550824097190329
2008-01-28,96.83969116210938,0.0,135.24000549316406,0.0,135.52000427246094,132.05999755859375,133.25999450683594,0.0,217934600,4.573056942908529,0.016401274727130044
2008-01-29,97.31941986083984,0.0,135.91000366210938,0.0,136.4499969482422,134.8800048828125,136.10000610351562,0.0,168968300,4.577998556747121,0.0049416138385920405
2008-01-30,96.6033706665039,0.0,134.91000366210938,0.0,138.5399932861328,134.60000610351562,135.5800018310547,0.0,334939200,4.5706136336377154,-0.007384923109405861
2008-01-31,98.36487579345703,0.0,137.3699951171875,0.0,138.5399932861328,133.1999969482422,133.39999389648438,0.0,343680800,4.588683787016682,0.018070153378966225
2008-02-01,99.94738006591797,0.0,139.5800018310547,0.0,139.61000061035156,137.52000427246094,137.94000244140625,0.0,206843600,4.604643848155813,0.01596006113913173
2008-02-04,98.68707275390625,0.0,137.82000732421875,0.0,139.3000030517578,137.63999938964844,139.2100067138672,0.0,124694300,4.591953962723715,-0.012689885432098258
2008-02-05,96.04483795166016,0.0,134.1300048828125,0.0,136.25,133.6699981689453,135.94000244140625,0.0,286882500,4.564815144424792,-0.02713881829892273
2008-02-06,95.27149200439453,0.0,133.0500030517578,0.0,135.25,132.41000366210938,134.5800018310547,0.0,250792900,4.556730626395834,-0.008084518028958598
2008-02-07,95.901611328125,0.0,133.92999267578125,0.0,134.7899932861328,131.72999572753906,131.8000030517578,0.0,297368100,4.563322783918467,0.006592157522633535
2008-02-08,95.28582763671875,0.0,133.07000732421875,0.0,134.22000122070312,132.10000610351562,133.08999633789062,0.0,221643500,4.556881086450354,-0.006441697468113183
2008-02-11,95.77273559570312,0.0,133.75,0.0,134.22999572753906,132.0399932861328,133.10000610351562,0.0,188576300,4.561978047349272,0.005096960898917757
2008-02-12,96.66065979003906,0.0,134.99000549316406,0.0,136.30999755859375,133.97999572753906,134.91000366210938,0.0,256654400,4.5712064922785896,0.009228444929317625
2008-02-13,97.64883422851562,0.0,136.3699951171875,0.0,137.05999755859375,135.13999938964844,136.00999450683594,0.0,181967800,4.581377718987377,0.01017122670878745
2008-02-14,96.78955078125,0.0,135.1699981689453,0.0,137.0,134.7899932861328,136.9499969482422,0.0,215207200,4.5725390419812015,-0.008838677006175466
2008-02-15,96.76802825927734,0.0,135.13999938964844,0.0,135.22000122070312,133.91000366210938,134.5,0.0,154110300,4.572316653148193,-0.0002223888330084023
2008-02-19,97.04019165039062,0.0,135.52000427246094,0.0,136.88999938964844,134.61000061035156,136.72000122070312,0.0,145190000,4.57512523959665,0.002808586448456829
2008-02-20,97.32658386230469,0.0,135.9199981689453,0.0,136.5500030517578,133.75999450683594,133.99000549316406,0.0,220085700,4.578072167315343,0.002946927718692649
2008-02-21,96.51742553710938,0.0,134.7899932861328,0.0,137.00999450683594,134.07000732421875,136.66000366210938,0.0,201051200,4.569723567557231,-0.008348599758111419
2008-02-22,97.11177825927734,0.0,135.6199951171875,0.0,135.85000610351562,132.86000061035156,134.97000122070312,0.0,205491000,4.57586266824251,0.006139100685278898
2008-02-25,98.33623504638672,0.0,137.3300018310547,0.0,137.64999389648438,134.77999877929688,135.5399932861328,0.0,190107000,4.588392576182636,0.01252990794012554
2008-02-26,99.07376861572266,0.0,138.36000061035156,0.0,138.9499969482422,136.5,136.75,0.0,212420700,4.595864710190002,0.007472134007366016
2008-02-27,98.9735336303711,0.0,138.22000122070312,0.0,139.13999938964844,137.41000366210938,137.55999755859375,0.0,168395800,4.594852477326707,-0.0010122328632942157
2008-02-28,98.00684356689453,0.0,136.8699951171875,0.0,137.9600067138672,136.5500030517578,137.24000549316406,0.0,170831100,4.585037308547659,-0.0098151687790482
2008-02-29,95.8228530883789,0.0,133.82000732421875,0.0,135.67999267578125,132.77999877929688,135.60000610351562,0.0,252715200,4.56250120651137,-0.022536102036289307
2008-03-03,95.59375762939453,0.0,133.5,0.0,133.80999755859375,132.24000549316406,133.13999938964844,0.0,189483500,4.560107521161774,-0.002393685349596275
2008-03-04,95.22854614257812,0.0,132.99000549316406,0.0,133.39999389648438,130.99000549316406,132.22999572753906,0.0,282513100,4.556279751288808,-0.003827769872965625
2008-03-05,95.83002471923828,0.0,133.8300018310547,0.0,134.77000427246094,132.33999633789062,133.4199981689453,0.0,270681400,4.562576046304487,0.0062962950156792985
2008-03-06,93.84654998779297,0.0,131.05999755859375,0.0,133.22000122070312,130.5500030517578,132.97999572753906,0.0,247911700,4.541661001438257,-0.020915044866230303
2008-03-07,92.87989807128906,0.0,129.7100067138672,0.0,131.74000549316406,128.5800018310547,129.77000427246094,0.0,326434600,4.531307239965359,-0.010353761472898348
2008-03-10,91.65541076660156,0.0,128.0,0.0,129.92999267578125,127.58999633789062,129.83999633789062,0.0,235683600,4.518036009821877,-0.013271230143481638
2008-03-11,94.94927978515625,0.0,132.60000610351562,0.0,132.72000122070312,128.9499969482422,130.72000122070312,0.0,341440600,4.553342852028434,0.03530684220655722
2008-03-12,94.0614013671875,0.0,131.36000061035156,0.0,133.77000427246094,131.16000366210938,132.74000549316406,0.0,229161100,4.54394777505771,-0.009395076970724503
2008-03-13,94.26904296875,0.0,131.64999389648438,0.0,132.63999938964844,128.60000610351562,129.61000061035156,0.0,351504200,4.5461528533330835,0.002205078275373751
2008-03-14,92.80821990966797,0.0,129.61000061035156,0.0,132.80999755859375,127.77999877929688,132.77000427246094,0.0,484687800,4.530535212482279,-0.015617640850804193
2008-03-17,91.8702163696289,0.0,128.3000030517578,0.0,129.25999450683594,126.06999969482422,126.56999969482422,0.0,405311100,4.520376889452354,-0.010158323029925143
2008-03-18,95.68682861328125,0.0,133.6300048828125,0.0,133.69000244140625,129.97999572753906,130.6199951171875,0.0,334416600,4.561080656941622,0.040703767489267406
2008-03-19,93.31666564941406,0.0,130.32000732421875,0.0,134.64999389648438,130.0399932861328,134.13999938964844,0.0,345971600,4.535998716225711,-0.025081940715910633
2008-03-20,95.04513549804688,0.0,132.0800018310547,0.642,132.91000366210938,129.25999450683594,130.0500030517578,0.0,245320700,4.554351889277037,0.018353173051326443
2008-03-24,96.94489288330078,0.0,134.72000122070312,0.0,135.80999755859375,133.24000549316406,133.30999755859375,0.0,208977300,4.574142702459987,0.01979081318294984
2008-03-25,97.0384521484375,0.0,134.85000610351562,0.0,135.5500030517578,133.77000427246094,134.86000061035156,0.0,192947200,4.575107313853568,0.0009646113935808387
2008-03-26,95.85110473632812,0.0,133.1999969482422,0.0,135.08999633789062,133.11000061035156,134.4600067138672,0.0,196934300,4.562795995104191,-0.012311318749376632
2008-03-27,95.54888153076172,0.0,132.77999877929688,0.0,134.44000244140625,132.36000061035156,134.1999969482422,0.0,225153200,4.55963796502658,-0.0031580300776115067
2008-03-28,94.63494873046875,0.0,131.50999450683594,0.0,133.36000061035156,131.05999755859375,132.99000549316406,0.0,180896100,4.550026844729958,-0.009611120296622033
2008-03-31,94.96600341796875,0.0,131.97000122070312,0.0,132.72999572753906,131.08999633789062,131.2899932861328,0.0,166692100,4.553518968795592,0.003492124065633817
2008-04-01,98.30493927001953,0.0,136.61000061035156,0.0,136.83999633789062,133.50999450683594,133.61000061035156,0.0,254547300,4.58807427278824,0.034555303992648057
2008-04-02,98.36970520019531,0.0,136.6999969482422,0.0,137.6699981689453,135.97999572753906,137.0500030517578,0.0,210910800,4.588732882673529,0.0006586098852894295
2008-04-03,98.6143798828125,0.0,137.0399932861328,0.0,137.44000244140625,135.7100067138672,135.9600067138672,0.0,175884800,4.59121709157136,0.00248420889783052
2008-04-04,98.50642395019531,0.0,136.88999938964844,0.0,137.9600067138672,136.1199951171875,137.1199951171875,0.0,204446800,4.590121763819937,-0.0010953277514227366
2008-04-07,98.55682373046875,0.0,136.9600067138672,0.0,138.57000732421875,136.74000549316406,137.8699951171875,0.0,154245500,4.590633272505251,0.0005115086853137996
2008-04-08,98.4560775756836,0.0,136.82000732421875,0.0,136.9199981689453,135.9499969482422,136.19000244140625,0.0,148937300,4.589610535792082,-0.0010227367131685483
2008-04-09,97.74365997314453,0.0,135.8300018310547,0.0,136.8000030517578,134.88999938964844,136.61000061035156,0.0,195610600,4.582348337152225,-0.007262198639857331
2008-04-10,97.8803939819336,0.0,136.02000427246094,0.0,136.6699981689453,134.89999389648438,135.4199981689453,0.0,192967800,4.583746263718941,0.0013979265667156682
2008-04-11,95.98062896728516,0.0,133.3800048828125,0.0,135.1199951171875,133.00999450683594,134.49000549316406,0.0,222973300,4.564146389516412,-0.01959987420252851
2008-04-14,95.65680694580078,0.0,132.92999267578125,0.0,133.5399932861328,132.5500030517578,133.19000244140625,0.0,160522000,4.560766858495814,-0.003379531020597959
2008-04-15,95.8798599243164,0.0,133.24000549316406,0.0,133.69000244140625,132.3300018310547,133.5800018310547,0.0,172389200,4.563095948617227,0.0023290901214130244
2008-04-16,98.47763061523438,0.0,136.85000610351562,0.0,136.91000366210938,134.52000427246094,134.5399932861328,0.0,189268900,4.589829422033903,0.026733473416675757
2008-04-17,98.62157440185547,0.0,137.0500030517578,0.0,137.25,135.66000366210938,136.02000427246094,0.0,179665700,4.591290044994809,0.0014606229609057664
2008-04-18,99.65058898925781,0.0,138.47999572753906,0.0,139.55999755859375,138.25999450683594,138.94000244140625,0.0,218530600,4.601669957220943,0.010379912226134103
2008-04-21,99.70098114013672,0.0,138.5500030517578,0.0,138.97999572753906,137.85000610351562,138.22999572753906,0.0,118587400,4.602175517843511,0.0005055606225683462
2008-04-22,99.26203155517578,0.0,137.94000244140625,0.0,138.30999755859375,136.89999389648438,138.19000244140625,0.0,162166000,4.597763136957463,-0.004412380886048339
2008-04-23,99.10369110107422,0.0,137.72000122070312,0.0,138.77999877929688,137.1199951171875,138.08999633789062,0.0,193309000,4.596166686869102,-0.0015964500883605126
2008-04-24,99.53547668457031,0.0,138.32000732421875,0.0,139.74000549316406,137.0399932861328,138.0800018310547,0.0,229381300,4.600514130209517,0.004347443340415147
2008-04-25,100.45659637451172,0.0,139.60000610351562,0.0,139.88999938964844,137.91000366210938,139.39999389648438,0.0,190788100,4.609725757342925,0.009211627133407951
2008-04-28,100.47815704345703,0.0,139.6300048828125,0.0,140.25,139.3800048828125,139.8800048828125,0.0,105610200,4.6099403610255765,0.00021460368265113772
2008-04-29,100.08235931396484,0.0,139.0800018310547,0.0,139.72999572753906,138.61000061035156,139.38999938964844,0.0,125514100,4.605993440161011,-0.003946920864565051
2008-04-30,99.49227905273438,0.0,138.25999450683594,0.0,140.58999633789062,138.25999450683594,139.2899932861328,0.0,208395900,4.600080043693753,-0.005913396467258636
2008-05-01,101.55036926269531,0.0,141.1199951171875,0.0,141.1199951171875,138.27000427246094,138.3800048828125,0.0,187279500,4.62055492428463,0.020474880590877653
2008-05-02,101.83099365234375,0.0,141.50999450683594,0.0,142.3699951171875,140.55999755859375,142.33999633789062,0.0,181585500,4.623314514088865,0.002759589804234963
2008-05-05,101.3416976928711,0.0,140.8300018310547,0.0,141.61000061035156,140.41000366210938,141.0500030517578,0.0,118504500,4.618497952353378,-0.00481656173548739
2008-05-06,102.2196044921875,0.0,142.0500030517578,0.0,142.1999969482422,139.69000244140625,140.02000427246094,0.0,179339800,4.62712348415037,0.008625531796991659
2008-05-07,100.39898681640625,0.0,139.52000427246094,0.0,142.0399932861328,139.1300048828125,141.88999938964844,0.0,199267300,4.609152115736652,-0.017971368413717492
2008-05-08,100.13996124267578,0.0,139.16000366210938,0.0,140.32000732421875,138.97999572753906,139.74000549316406,0.0,178321200,4.606568819870326,-0.0025832958663265515
2008-05-09,99.95282745361328,0.0,138.89999389648438,0.0,139.38999938964844,138.4499969482422,138.60000610351562,0.0,152588200,4.604698349226765,-0.0018704706435608287
2008-05-12,101.07537841796875,0.0,140.4600067138672,0.0,140.55999755859375,138.72999572753906,139.25,0.0,147865900,4.615866559452241,0.011168210225475761
2008-05-13,101.08981323242188,0.0,140.47999572753906,0.0,140.88999938964844,139.72999572753906,140.8000030517578,0.0,159132200,4.616009361626638,0.00014280217439743836
2008-05-14,101.2984619140625,0.0,140.77000427246094,0.0,142.1999969482422,140.4600067138672,141.07000732421875,0.0,181910800,4.618071227665157,0.002061866038519433
2008-05-15,102.56499481201172,0.0,142.52999877929688,0.0,142.6300048828125,140.8300018310547,141.0399932861328,0.0,166927000,4.630496693351656,0.012425465686498605
2008-05-16,102.65852355957031,0.0,142.66000366210938,0.0,142.8699951171875,141.61000061035156,142.86000061035156,0.0,204236800,4.631408175181575,0.0009114818299194027
2008-05-19,102.9391860961914,0.0,143.0500030517578,0.0,144.3000030517578,142.3000030517578,142.80999755859375,0.0,165664400,4.63413838760885,0.0027302124272745587
2008-05-20,102.10443115234375,0.0,141.88999938964844,0.0,142.33999633789062,141.0,142.27000427246094,0.0,178552100,4.6259961243497605,-0.00814226325908951
2008-05-21,100.37739562988281,0.0,139.49000549316406,0.0,142.1199951171875,139.0,141.80999755859375,0.0,252724800,4.608937038780453,-0.017059085569307797
2008-05-22,100.39179992675781,0.0,139.50999450683594,0.0,140.1699981689453,139.0,139.42999267578125,0.0,170820400,4.609080529885846,0.00014349110539324528
2008-05-23,99.04613494873047,0.0,137.63999938964844,0.0,139.66000366210938,137.52000427246094,139.0500030517578,0.0,181376400,4.595585751168982,-0.013494778716863998
2008-05-27,99.78012084960938,0.0,138.66000366210938,0.0,139.0,137.52999877929688,137.8000030517578,0.0,168322900,4.602968973592805,0.007383222423823277
2008-05-28,100.24066162109375,0.0,139.3000030517578,0.0,140.0,138.0,139.1699981689453,0.0,181288100,4.60757391093608,0.004604937343274607
2008-05-29,100.744384765625,0.0,140.0,0.0,140.92999267578125,139.0800018310547,139.1300048828125,0.0,173927200,4.6125864649373485,0.005012554001268654
2008-05-30,100.99626159667969,0.0,140.35000610351562,0.0,140.74000549316406,139.94000244140625,140.47000122070312,0.0,117362000,4.615083502261968,0.0024970373246198108
2008-06-02,99.95282745361328,0.0,138.89999389648438,0.0,139.86000061035156,138.0,139.8300018310547,0.0,181069900,4.604698349226765,-0.010385153035203487
2008-06-03,99.36993408203125,0.0,138.08999633789062,0.0,139.6199951171875,137.22999572753906,139.3000030517578,0.0,271965700,4.598849593884204,-0.00584875534256124
2008-06-04,99.319580078125,0.0,138.02000427246094,0.0,139.16000366210938,137.4600067138672,137.6999969482422,0.0,246637700,4.598342732662089,-0.0005068612221146296
2008-06-05,101.30569458007812,0.0,140.77999877929688,0.0,140.88999938964844,138.32000732421875,138.5800018310547,0.0,237867100,4.61814262468034,0.019799892018251164
2008-06-06,98.07466888427734,0.0,136.2899932861328,0.0,139.8000030517578,136.22000122070312,139.5500030517578,0.0,384276300,4.58572911594184,-0.03241350873850024
2008-06-09,98.3121337890625,0.0,136.6199951171875,0.0,137.5,135.41000366210938,136.86000061035156,0.0,228263900,4.5881474558433455,0.0024183399015056395
2008-06-10,97.82281494140625,0.0,135.94000244140625,0.0,137.10000610351562,135.35000610351562,135.6699981689453,0.0,260234900,4.583157831444319,-0.004989624399026837
2008-06-11,96.38359069824219,0.0,133.94000244140625,0.0,136.25999450683594,133.92999267578125,135.97000122070312,0.0,283890100,4.568335966154675,-0.01482186528964391
2008-06-12,96.75064849853516,0.0,134.4499969482422,0.0,135.8699951171875,133.52000427246094,134.60000610351562,0.0,252791800,4.572137034714664,0.0038010685599889626
2008-06-13,97.97394561767578,0.0,136.14999389648438,0.0,136.52000427246094,134.4199981689453,135.1699981689453,0.0,244726900,4.584701582279135,0.01256454756447134
2008-06-16,98.03150177001953,0.0,136.22999572753906,0.0,136.92999267578125,135.4600067138672,135.5500030517578,0.0,185832500,4.585288873650525,0.0005872913713895755
2008-06-17,97.55657196044922,0.0,135.57000732421875,0.0,137.1199951171875,135.3699951171875,137.07000732421875,0.0,191707700,4.580432434973601,-0.004856438676923425
2008-06-18,96.60669708251953,0.0,134.25,0.0,135.52000427246094,133.7100067138672,134.69000244140625,0.0,265893000,4.570648066791792,-0.009784368181809278
2008-06-19,96.72904205322266,0.0,134.4199981689453,0.0,135.24000549316406,133.5,134.14999389648438,0.0,304204900,4.571913688839542,0.00126562204775027
2008-06-20,95.15894317626953,0.0,131.5800018310547,0.669,133.08999633789062,131.22000122070312,132.83999633789062,0.0,289275700,4.555548579617198,-0.016365109222344465
2008-06-23,95.06494903564453,0.0,131.4499969482422,0.0,132.22999572753906,131.32000732421875,132.08999633789062,0.0,165096400,4.554560332061311,-0.0009882475558864456
2008-06-24,94.87687683105469,0.0,131.19000244140625,0.0,132.44000244140625,130.19000244140625,131.0500030517578,0.0,267300600,4.552580017665634,-0.0019803143956771407
2008-06-25,95.3252944946289,0.0,131.80999755859375,0.0,133.39999389648438,131.24000549316406,131.72000122070312,0.0,287853900,4.557295195113404,0.00471517744777028
2008-06-26,92.7362060546875,0.0,128.22999572753906,0.0,131.4199981689453,128.0800018310547,130.57000732421875,0.0,297775000,4.529758968645019,-0.027536226468385827
2008-06-27,92.22999572753906,0.0,127.52999877929688,0.0,128.86000061035156,127.04000091552734,128.27999877929688,0.0,303423400,4.5242854109236434,-0.005473557721375144
2008-06-30,92.55540466308594,0.0,127.9800033569336,0.0,128.91000366210938,127.30000305175781,127.88999938964844,0.0,258842600,4.527807434538506,0.003522023614862313
2008-07-01,92.8447036743164,0.0,128.3800048828125,0.0,128.47000122070312,125.93000030517578,126.5199966430664,0.0,388622000,4.530928244430431,0.0031208098919250915
2008-07-02,91.25364685058594,0.0,126.18000030517578,0.0,129.16000366210938,125.94999694824219,128.7899932861328,0.0,288064600,4.513642957149876,-0.017285287280555117
2008-07-03,91.34765625,0.0,126.30999755859375,0.0,127.11000061035156,124.98999786376953,127.11000061035156,0.0,239352500,4.514672625680424,0.0010296685305482
2008-07-07,90.41474151611328,0.0,125.0199966430664,0.0,127.33999633789062,123.91999816894531,126.79000091552734,0.0,372427300,4.5044073239721945,-0.01026530170822948
2008-07-08,92.02024841308594,0.0,127.23999786376953,0.0,127.38999938964844,124.19999694824219,124.98999786376953,0.0,375973700,4.522008644279057,0.01760132030686279
2008-07-09,90.2484130859375,0.0,124.79000091552734,0.0,127.73999786376953,124.38999938964844,127.5,0.0,336729400,4.502566013523079,-0.019442630755977852
2008-07-10,90.61724090576172,0.0,125.30000305175781,0.0,125.79000091552734,123.58000183105469,124.43000030517578,0.0,436475700,4.506644491917849,0.004078478394769824
2008-07-11,89.5613784790039,0.0,123.83999633789062,0.0,125.9000015258789,122.48999786376953,123.97000122070312,0.0,481124600,4.494924183293701,-0.011720308624147968
2008-07-14,88.75139617919922,0.0,122.72000122070312,0.0,125.5,122.4000015258789,125.26000213623047,0.0,322720800,4.485839159828396,-0.009085023465305042
2008-07-15,87.50025939941406,0.0,120.98999786376953,0.0,123.48999786376953,120.0199966430664,121.80000305175781,0.0,502502500,4.471641757923907,-0.014197401904489482
2008-07-16,89.64815521240234,0.0,123.95999908447266,0.0,124.56999969482422,121.0999984741211,121.44999694824219,0.0,371642900,4.495892622175195,0.02425086425128864
2008-07-17,90.54490661621094,0.0,125.19999694824219,0.0,126.26000213623047,124.08999633789062,125.13999938964844,0.0,375490600,4.505845933340528,0.009953311165332934
2008-07-18,91.10901641845703,0.0,125.9800033569336,0.0,126.41999816894531,125.1500015258789,126.16999816894531,0.0,267030100,4.512056772128663,0.006210838788134332
2008-07-21,91.15963745117188,0.0,126.05000305175781,0.0,126.80000305175781,125.19000244140625,126.51000213623047,0.0,222863000,4.512612227309153,0.0005554551804900498
2008-07-22,92.19384002685547,0.0,127.4800033569336,0.0,127.80000305175781,124.8499984741211,125.1500015258789,0.0,296904200,4.523893317342043,0.011281090032889907
2008-07-23,92.69284057617188,0.0,128.1699981689453,0.0,129.14999389648438,127.55000305175781,127.88999938964844,0.0,311698400,4.529291237401245,0.005397920059202477
2008-07-24,90.76910400390625,0.0,125.51000213623047,0.0,128.41000366210938,125.16000366210938,128.33999633789062,0.0,248634500,4.508318963430064,-0.020972273971181288
2008-07-25,90.74745178222656,0.0,125.4800033569336,0.0,126.48999786376953,125.16999816894531,125.88999938964844,0.0,219131000,4.508080393216029,-0.00023857021403461687
2008-07-28,89.4167251586914,0.0,123.63999938964844,0.0,126.05999755859375,123.41999816894531,125.51000213623047,0.0,205201300,4.4933077469937395,-0.014772646222289687
2008-07-29,91.32596588134766,0.0,126.27999877929688,0.0,126.37999725341797,123.63999938964844,123.9800033569336,0.0,261505600,4.514435148933631,0.021127401939891932
2008-07-30,92.95318603515625,0.0,128.52999877929688,0.0,128.60000610351562,126.27999877929688,127.11000061035156,0.0,354710000,4.53209599045098,0.01766084151734848
2008-07-31,91.72373962402344,0.0,126.83000183105469,0.0,128.57000732421875,126.62999725341797,127.4000015258789,0.0,277402100,4.518781229334985,-0.0133147611159945
2008-08-01,91.23921203613281,0.0,126.16000366210938,0.0,127.27999877929688,125.45999908447266,127.12000274658203,0.0,248690900,4.513484761212004,-0.005296468122981679
2008-08-04,90.39306640625,0.0,124.98999786376953,0.0,126.13999938964844,124.76000213623047,126.04000091552734,0.0,188239600,4.504167565410701,-0.009317195801302525
2008-08-05,92.83025360107422,0.0,128.36000061035156,0.0,128.55999755859375,124.97000122070312,126.0199966430664,0.0,251577600,4.5307725952951525,0.026605029884451348
2008-08-06,93.24246978759766,0.0,128.92999267578125,0.0,129.3000030517578,127.4800033569336,128.02000427246094,0.0,209555400,4.535203302315216,0.004430707020063096
2008-08-07,91.85392761230469,0.0,127.01000213623047,0.0,128.44000244140625,126.54000091552734,127.95999908447266,0.0,246312500,4.520199571904275,-0.015003730410940719
2008-08-08,93.56068420410156,0.0,129.3699951171875,0.0,129.92999267578125,126.37999725341797,126.58000183105469,0.0,260811700,4.538610254687331,0.01841068278305613
2008-08-11,94.5297622680664,0.0,130.7100067138672,0.0,131.50999450683594,129.22999572753906,129.47000122070312,0.0,249425800,4.5489147295506696,0.01030447486333852
2008-08-12,93.54620361328125,0.0,129.35000610351562,0.0,130.6999969482422,128.72999572753906,130.27999877929688,0.0,213200800,4.538455470531407,-0.010459259019262923
2008-08-13,92.98208618164062,0.0,128.57000732421875,0.0,129.64999389648438,127.66999816894531,128.7899932861328,0.0,256393200,4.532406852896524,-0.006048617634882625
2008-08-14,93.68360900878906,0.0,129.5399932861328,0.0,130.27999877929688,127.75,127.83999633789062,0.0,239555300,4.539923243406377,0.007516390509852755
2008-08-15,94.13921356201172,0.0,130.1699981689453,0.0,130.5,129.3000030517578,129.92999267578125,0.0,181000800,4.544774682018533,0.004851438612155867
2008-08-18,92.85192108154297,0.0,128.38999938964844,0.0,130.47999572753906,127.66000366210938,130.42999267578125,0.0,172275100,4.53100597774669,-0.013768704271842402
2008-08-19,91.83946990966797,0.0,126.98999786376953,0.0,127.69000244140625,126.52999877929688,127.41999816894531,0.0,194673700,4.520042160665095,-0.01096381708159555
2008-08-20,92.26615142822266,0.0,127.58000183105469,0.0,127.94999694824219,126.33999633789062,127.38999938964844,0.0,225498200,4.524677350828122,0.0046351901630270476
2008-08-21,92.42520904541016,0.0,127.80000305175781,0.0,128.44000244140625,126.5999984741211,126.75,0.0,180609800,4.526399766604397,0.001722415776275632
2008-08-22,93.7631607055664,0.0,129.64999389648438,0.0,129.64999389648438,127.80000305175781,128.6699981689453,0.0,167715300,4.540772035857424,0.014372269253026815
2008-08-25,91.86116027832031,0.0,127.0199966430664,0.0,129.64999389648438,126.75,128.8000030517578,0.0,171936900,4.520278309759749,-0.020493726097675413
2008-08-26,92.12872314453125,0.0,127.38999938964844,0.0,127.87000274658203,126.58000183105469,127.0199966430664,0.0,159117200,4.523186763744775,0.0029084539850261493
2008-08-27,93.02547454833984,0.0,128.6300048828125,0.0,128.8300018310547,127.30000305175781,127.55000305175781,0.0,171032800,4.532873375518679,0.009686611773903842
2008-08-28,94.1537094116211,0.0,130.19000244140625,0.0,130.33999633789062,129.11000061035156,129.27999877929688,0.0,167537100,4.544928653282127,0.012055277763447947
2008-08-29,93.14122009277344,0.0,128.7899932861328,0.0,130.13999938964844,128.50999450683594,129.72999572753906,0.0,189195800,4.5341168370258025,-0.010811816256324214
2008-09-02,92.56266021728516,0.0,127.98999786376953,0.0,130.7100067138672,127.5199966430664,130.02999877929688,0.0,252364900,4.527885822935745,-0.006231014090057663
2008-09-03,92.4831314086914,0.0,127.87999725341797,0.0,128.5,126.93000030517578,127.87999725341797,0.0,251947000,4.527026264738916,-0.0008595581968284804
2008-09-04,89.69877624511719,0.0,124.02999877929688,0.0,127.2300033569336,123.95999908447266,126.97000122070312,0.0,340042500,4.49645712621937,-0.030569138519545902
2008-09-05,89.98081970214844,0.0,124.41999816894531,0.0,124.94999694824219,122.0,123.29000091552734,0.0,289503400,4.499596533197587,0.0031394069782164635
2008-09-08,91.83946990966797,0.0,126.98999786376953,0.0,128.24000549316406,124.41999816894531,128.0399932861328,0.0,364075300,4.520042160665095,0.020445627467507776
2008-09-09,89.11297607421875,0.0,123.22000122070312,0.0,127.36000061035156,122.80000305175781,127.0999984741211,0.0,377326800,4.489904958824973,-0.030137201840121364
2008-09-10,89.4745864868164,0.0,123.72000122070312,0.0,124.9000015258789,122.55000305175781,123.88999938964844,0.0,298916600,4.493954635091439,0.004049676266466129
2008-09-11,90.76910400390625,0.0,125.51000213623047,0.0,125.73999786376953,121.5999984741211,122.12000274658203,0.0,375369400,4.508318963430064,0.014364328338624333
2008-09-12,91.18856811523438,0.0,126.08999633789062,0.0,126.20999908447266,123.83000183105469,124.29000091552734,0.0,297851200,4.512929539609708,0.004610576179643999
2008-09-15,86.84934997558594,0.0,120.08999633789062,0.0,125.6500015258789,119.88999938964844,121.62999725341797,0.0,483607000,4.464175008209893,-0.04875453139981456
2008-09-16,88.302978515625,0.0,122.0999984741211,0.0,122.31999969482422,117.0,117.19999694824219,0.0,581744300,4.480773838814794,0.016598830604900527
2008-09-17,84.33261108398438,0.0,116.61000061035156,0.0,121.8499984741211,116.0,119.63999938964844,0.0,624095600,4.434768635801208,-0.04600520301358557
2008-09-18,86.83491516113281,0.0,120.06999969482422,0.0,121.79000091552734,113.80000305175781,118.05000305175781,0.0,776114700,4.464008789186253,0.02924015338504482
2008-09-19,90.28343963623047,0.0,124.12000274658203,0.691,128.0,123.33000183105469,126.69999694824219,0.0,501087800,4.5029540508716615,0.03894526168540846
2008-09-22,88.23945617675781,0.0,121.30999755859375,0.0,124.75,120.36000061035156,124.44999694824219,0.0,249966500,4.4800542119248705,-0.02289983894679093
2008-09-23,86.23188781738281,0.0,118.55000305175781,0.0,122.0199966430664,118.27999877929688,120.8499984741211,0.0,327470400,4.457040037538955,-0.023014174385915354
2008-09-24,86.50827026367188,0.0,118.93000030517578,0.0,120.0,117.79000091552734,119.3499984741211,0.0,311818400,4.4602400193521365,0.003199981813181374
2008-09-25,87.86122131347656,0.0,120.79000091552734,0.0,121.91000366210938,118.44000244140625,119.4000015258789,0.0,328253000,4.475758539127967,0.01551851977583052
2008-09-26,87.90486145019531,0.0,120.8499984741211,0.0,121.5,118.51000213623047,118.83000183105469,0.0,285917400,4.476255109762407,0.0004965706344401966
2008-09-29,81.01651000976562,0.0,111.37999725341797,0.0,119.33999633789062,110.97000122070312,119.13999938964844,0.0,459562300,4.394652961183538,-0.08160214857886938
2008-09-30,84.36976623535156,0.0,115.98999786376953,0.0,116.80000305175781,110.52999877929688,113.51000213623047,0.0,328154400,4.435209117465526,0.04055615628198783
2008-10-01,84.4206771850586,0.0,116.05999755859375,0.0,116.69000244140625,113.94999694824219,115.2699966430664,0.0,332783000,4.4358123619409735,0.000603244475447795
2008-10-02,81.35839080810547,0.0,111.8499984741211,0.0,115.11000061035156,111.05999755859375,114.94999694824219,0.0,365337800,4.398863972883267,-0.0369483890577067
2008-10-03,80.26000213623047,0.0,110.33999633789062,0.0,115.44999694824219,109.68000030517578,112.86000061035156,0.0,461798000,4.385271391455148,-0.013592581428119033
2008-10-06,76.172119140625,0.0,104.72000122070312,0.0,107.62000274658203,100.63999938964844,107.1500015258789,0.0,610637500,4.332995505195345,-0.05227588625980317
2008-10-07,72.76065826416016,0.0,100.02999877929688,0.0,107.33000183105469,99.6500015258789,106.83999633789062,0.0,540012100,4.287175400670022,-0.04582010452532259
2008-10-08,70.92761993408203,0.0,97.51000213623047,0.0,102.18000030517578,96.80999755859375,97.5199966430664,0.0,725414800,4.2616599195132965,-0.025515481156725528
2008-10-09,65.9740982055664,0.0,90.69999694824219,0.0,100.62000274658203,90.25,99.66000366210938,0.0,534485200,4.189262213566397,-0.07239770594689965
2008-10-10,64.37385559082031,0.0,88.5,0.0,93.94000244140625,83.58000183105469,86.76000213623047,0.0,871026300,4.164707581595907,-0.02455463197048946
2008-10-13,73.72080993652344,0.0,101.3499984741211,0.0,101.3499984741211,89.94999694824219,93.87000274658203,0.0,455584000,4.300285119400567,0.13557753780465998
2008-10-14,72.62972259521484,0.0,99.8499984741211,0.0,105.52999877929688,97.11000061035156,104.69999694824219,0.0,546268300,4.285374240186507,-0.014910879214060202
2008-10-15,65.47949981689453,0.0,90.0199966430664,0.0,97.80000305175781,89.70999908447266,97.45999908447266,0.0,484627500,4.181737113758037,-0.10363712642847034
2008-10-16,68.20721435546875,0.0,93.7699966430664,0.0,94.7699966430664,86.54000091552734,91.29000091552734,0.0,708811200,4.222550341593111,0.04081322783507435
2008-10-17,67.7998275756836,0.0,93.20999908447266,0.0,98.58999633789062,91.6500015258789,91.98999786376953,0.0,476649000,4.216559651811606,-0.005990689781505409
2008-10-20,71.87324523925781,0.0,98.80999755859375,0.0,99.0999984741211,94.08999633789062,95.3499984741211,0.0,321294200,4.274904084756987,0.05834443294538083
2008-10-21,69.72740936279297,0.0,95.86000061035156,0.0,98.63999938964844,95.22000122070312,96.97000122070312,0.0,356502000,4.24459348813766,-0.030310596619326446
2008-10-22,65.93048095703125,0.0,90.63999938964844,0.0,95.86000061035156,87.52999877929688,93.19999694824219,0.0,516168000,4.18860086806343,-0.055992620074230004
2008-10-23,66.69424438476562,0.0,91.69000244140625,0.0,92.44999694824219,85.80999755859375,90.29000091552734,0.0,634666400,4.200118658115314,0.011517790051883914
2008-10-24,63.31187057495117,0.0,87.04000091552734,0.0,89.91999816894531,84.0,84.05999755859375,0.0,545812600,4.1480728403989895,-0.05204581771632455
2008-10-27,61.06422805786133,0.0,83.94999694824219,0.0,89.51000213623047,83.69999694824219,85.97000122070312,0.0,397288600,4.111926229224249,-0.036146611174740606
2008-10-28,68.19993591308594,0.0,93.76000213623047,0.0,94.23999786376953,84.52999877929688,87.33999633789062,0.0,639939500,4.222443625158153,0.11051739593390408
2008-10-29,67.70531463623047,0.0,93.08000183105469,0.0,97.16999816894531,92.0999984741211,93.7699966430664,0.0,531270100,4.215164679587869,-0.007278945570283746
2008-10-30,70.04749298095703,0.0,96.30000305175781,0.0,96.54000091552734,92.9000015258789,95.77999877929688,0.0,414582100,4.249173483148385,0.03400880356051594
2008-10-31,70.43299102783203,0.0,96.83000183105469,0.0,98.56999969482422,94.4800033569336,95.08000183105469,0.0,411394000,4.254661775949172,0.005488292800786887
2008-11-03,70.63665771484375,0.0,97.11000061035156,0.0,97.69000244140625,95.94999694824219,96.77999877929688,0.0,205419400,4.257549240833817,0.0028874648846448636
2008-11-04,73.03704833984375,0.0,100.41000366210938,0.0,100.86000061035156,96.70999908447266,99.05999755859375,0.0,346793400,4.290966823912693,0.03341758307887588
2008-11-05,69.96749877929688,0.0,96.19000244140625,0.0,100.70999908447266,95.0,99.19999694824219,0.0,387844100,4.248030831074372,-0.042935992838320836
2008-11-06,66.09051513671875,0.0,90.86000061035156,0.0,95.44000244140625,90.05999755859375,94.45999908447266,0.0,477721900,4.191025243924957,-0.057005587149414616
2008-11-07,68.27266693115234,0.0,93.86000061035156,0.0,94.0,90.5,91.6500015258789,0.0,380391000,4.22350949513405,0.03248425120909282
2008-11-10,67.37796020507812,0.0,92.62999725341797,0.0,95.52999877929688,90.91999816894531,95.20999908447266,0.0,301773000,4.210317964517471,-0.013191530616579072
2008-11-11,65.29763793945312,0.0,89.7699966430664,0.0,92.13999938964844,88.6500015258789,90.76000213623047,0.0,418498200,4.178955863184856,-0.031362101332614856
2008-11-12,62.4244270324707,0.0,85.81999969482422,0.0,88.94999694824219,85.12000274658203,88.2300033569336,0.0,454330600,4.133956657629052,-0.04499920555580417
2008-11-13,66.31599426269531,0.0,91.16999816894531,0.0,91.7300033569336,82.08999633789062,86.12999725341797,0.0,753141900,4.194431108862577,0.06047445123352535
2008-11-14,63.00636672973633,0.0,86.62000274658203,0.0,92.05999755859375,86.5199966430664,89.41000366210938,0.0,540352300,4.14323578048756,-0.051195328375017723
2008-11-17,62.16984176635742,0.0,85.47000122070312,0.0,88.55999755859375,85.16000366210938,86.37999725341797,0.0,415254900,4.1298700231011924,-0.01336575738636725
2008-11-18,63.340965270996094,0.0,87.08000183105469,0.0,87.22000122070312,82.91000366210938,85.1500015258789,0.0,523811800,4.148532280511205,0.018662257410012373
2008-11-19,59.282169342041016,0.0,81.5,0.0,86.87000274658203,80.91999816894531,85.91000366210938,0.0,558327600,4.082308575157005,-0.06622370535419986
2008-11-20,54.88144302368164,0.0,75.44999694824219,0.0,82.51000213623047,75.05000305175781,80.12999725341797,0.0,814180400,4.00517527723524,-0.07713329792176538
2008-11-21,57.841915130615234,0.0,79.5199966430664,0.0,80.9000015258789,74.33999633789062,77.45999908447266,0.0,718536500,4.057713688135954,0.05253841090071454
2008-11-24,61.84980010986328,0.0,85.02999877929688,0.0,86.98999786376953,80.36000061035156,81.91999816894531,0.0,523305300,4.124708866979811,0.06699517884385653
2008-11-25,62.308101654052734,0.0,85.66000366210938,0.0,87.51000213623047,83.81999969482422,87.30000305175781,0.0,454112400,4.132091459939769,0.007382592959958245
2008-11-26,64.71572875976562,0.0,88.97000122070312,0.0,89.19000244140625,84.23999786376953,84.30000305175781,0.0,370134200,4.170004274895133,0.03791281495536403
2008-11-28,65.53038024902344,0.0,90.08999633789062,0.0,90.12999725341797,88.4800033569336,88.62999725341797,0.0,118308100,4.18251385570546,0.012509580810327492
2008-12-01,59.7258415222168,0.0,82.11000061035156,0.0,87.55000305175781,81.86000061035156,87.51000213623047,0.0,369927100,4.089764783061825,-0.09274907264363552
2008-12-02,62.02439880371094,0.0,85.2699966430664,0.0,85.48999786376953,82.04000091552734,83.47000122070312,0.0,469508400,4.127527836724939,0.037763053663113944
2008-12-03,63.51555633544922,0.0,87.31999969482422,0.0,87.83000183105469,83.13999938964844,83.4000015258789,0.0,519863500,4.151284857556156,0.023757020831217446
2008-12-04,62.046226501464844,0.0,85.30000305175781,0.0,88.05000305175781,83.73999786376953,86.05999755859375,0.0,444173800,4.127879695965197,-0.023405161590959622
2008-12-05,63.9592399597168,0.0,87.93000030517578,0.0,88.41999816894531,82.23999786376953,83.6500015258789,0.0,471905300,4.158246004838814,0.030366308873617243
2008-12-08,66.19232177734375,0.0,91.0,0.0,92.37999725341797,88.08000183105469,90.33999633789062,0.0,412859300,4.192564470979655,0.03431846614084133
2008-12-09,65.10124206542969,0.0,89.5,0.0,92.12999725341797,88.9800033569336,90.37000274658203,0.0,370790000,4.175943628378593,-0.016620842601062336
2008-12-10,65.54498291015625,0.0,90.11000061035156,0.0,91.36000061035156,89.0,90.31999969482422,0.0,396187400,4.182736668915224,0.00679304053663099
2008-12-11,63.96651840209961,0.0,87.94000244140625,0.0,91.0,87.37000274658203,89.54000091552734,0.0,365061000,4.158359796501789,-0.024376872413435002
2008-12-12,64.73028564453125,0.0,88.98999786376953,0.0,89.06999969482422,85.19999694824219,85.55000305175781,0.0,415060400,4.170229185409281,0.011869388907491896
2008-12-15,63.828330993652344,0.0,87.75,0.0,89.1500015258789,86.29000091552734,89.0199966430664,0.0,256694200,4.156197151247155,-0.01403203416212584
2008-12-16,66.83240509033203,0.0,91.87999725341797,0.0,92.0199966430664,88.18000030517578,91.87999725341797,0.0,377699500,4.20218806905935,0.04599091781219489
2008-12-17,66.18506622314453,0.0,90.98999786376953,0.0,92.43000030517578,90.05999755859375,90.83999633789062,0.0,281819800,4.192454851741566,-0.009733217317783982
2008-12-18,64.948486328125,0.0,89.29000091552734,0.0,91.66999816894531,88.20999908447266,91.4000015258789,0.0,374673300,4.173594437658356,-0.018860414083209598
2008-12-19,64.66909790039062,0.0,88.19000244140625,0.719,90.62000274658203,88.08999633789062,89.0999984741211,0.0,301451300,4.169283466086285,-0.004310971572071054
2008-12-22,63.84046936035156,0.0,87.05999755859375,0.0,88.66999816894531,85.48999786376953,88.58000183105469,0.0,243759500,4.156387305250359,-0.012896160835926374
2008-12-23,63.18053436279297,0.0,86.16000366210938,0.0,87.93000030517578,85.80000305175781,87.52999877929688,0.0,221625200,4.14599625312217,-0.010391052128189138
2008-12-24,63.54717254638672,0.0,86.66000366210938,0.0,86.87000274658203,86.0,86.44999694824219,0.0,62061600,4.151782504850028,0.005786251727858627
2008-12-26,63.91383743286133,0.0,87.16000366210938,0.0,87.30000305175781,86.5,87.23999786376953,0.0,74767700,4.157535886185394,0.005753381335365404
2008-12-29,63.730499267578125,0.0,86.91000366210938,0.0,87.33000183105469,85.5999984741211,87.23999786376953,0.0,127795900,4.15466324340156,-0.002872642783834145
2008-12-30,65.2410888671875,0.0,88.97000122070312,0.0,89.05000305175781,86.87999725341797,87.51000213623047,0.0,168256300,4.178089467791147,0.023426224389587524
2008-12-31,66.1723861694336,0.0,90.23999786376953,0.0,90.97000122070312,88.87000274658203,89.08000183105469,0.0,193987200,4.192263248571203,0.014173780780056155
2009-01-02,68.16690826416016,0.0,92.95999908447266,0.0,93.44000244140625,89.8499984741211,90.44000244140625,0.0,227566300,4.221959231025974,0.02969598245477112
2009-01-05,68.08625793457031,0.0,92.8499984741211,0.0,93.66000366210938,91.88999938964844,92.62999725341797,0.0,240349700,4.220775400348731,-0.0011838306772435914
2009-01-06,68.54090881347656,0.0,93.47000122070312,0.0,94.44999694824219,92.68000030517578,93.63999938964844,0.0,328260900,4.2274307759657415,0.006655375617010684
2009-01-07,66.48770141601562,0.0,90.66999816894531,0.0,92.26000213623047,90.19999694824219,92.0,0.0,280899200,4.197016989445545,-0.030413786520196773
2009-01-08,66.75898742675781,0.0,91.04000091552734,0.0,91.08999633789062,89.66999816894531,90.16000366210938,0.0,263834400,4.201088931314286,0.004071941868740936
2009-01-09,65.3290786743164,0.0,89.08999633789062,0.0,91.31999969482422,85.36000061035156,91.16000366210938,0.0,330953600,4.1794372461099645,-0.021651685204321147
2009-01-12,63.759830474853516,0.0,86.94999694824219,0.0,88.91000366210938,86.41000366210938,88.83999633789062,0.0,277858500,4.1551233756775074,-0.02431387043245703
2009-01-13,63.87712097167969,0.0,87.11000061035156,0.0,87.87999725341797,86.19999694824219,86.7300033569336,0.0,356432300,4.156961253008674,0.001837877331166915
2009-01-14,61.867916107177734,0.0,84.37000274658203,0.0,85.75,83.16000366210938,85.54000091552734,0.0,435491600,4.125001727177976,-0.03195952583069861
2009-01-15,61.88993453979492,0.0,84.4000015258789,0.0,85.25,81.72000122070312,84.12000274658203,0.0,532647300,4.125357558064411,0.0003558308864350934
2009-01-16,62.373931884765625,0.0,85.05999755859375,0.0,85.98999786376953,83.05000305175781,85.86000061035156,0.0,399237200,4.13314742983313,0.007789871768719259
2009-01-20,59.081424713134766,0.0,80.56999969482422,0.0,85.05999755859375,80.05000305175781,84.2300033569336,0.0,419855200,4.078916572354387,-0.05423085747874268
2009-01-21,61.633277893066406,0.0,84.05000305175781,0.0,84.23999786376953,80.47000122070312,81.94000244140625,0.0,364360700,4.121201950206983,0.04228537785259601
2009-01-22,60.68000793457031,0.0,82.75,0.0,84.04000091552734,81.16999816894531,82.41999816894531,0.0,427940300,4.105614285241205,-0.015587664965778458
2009-01-23,60.94401168823242,0.0,83.11000061035156,0.0,83.98999786376953,80.56999969482422,80.9000015258789,0.0,386800600,4.109955601522664,0.004341316281458951
2009-01-26,61.361961364746094,0.0,83.68000030517578,0.0,85.36000061035156,82.80999755859375,83.58999633789062,0.0,317978800,4.1167901214233975,0.006834519900733582
2009-01-27,61.985267639160156,0.0,84.52999877929688,0.0,85.1500015258789,83.30000305175781,84.12999725341797,0.0,273789700,4.126896738086066,0.010106616662668877
2009-01-28,64.08246612548828,0.0,87.38999938964844,0.0,87.94999694824219,86.06999969482422,86.4000015258789,0.0,330007000,4.1601707871239455,0.033274049037879116
2009-01-29,61.99994659423828,0.0,84.55000305175781,0.0,87.48999786376953,84.47000122070312,86.11000061035156,0.0,294392500,4.127133523661467,-0.033037263462478705
2009-01-30,60.73866653442383,0.0,82.83000183105469,0.0,85.4000015258789,82.20999908447266,84.9800033569336,0.0,383383600,4.106580505712209,-0.02055301794925768
2009-02-02,60.55533981323242,0.0,82.58000183105469,0.0,83.18000030517578,81.30999755859375,81.56999969482422,0.0,288233300,4.103557654603415,-0.003022851108793745
2009-02-03,61.405941009521484,0.0,83.73999786376953,0.0,84.36000061035156,82.22000122070312,83.0999984741211,0.0,278385800,4.117506589584964,0.013948934981548256
2009-02-04,61.10531234741211,0.0,83.33000183105469,0.0,85.37000274658203,83.04000091552734,84.30000305175781,0.0,322989300,4.112598807527536,-0.004907782057427923
2009-02-05,62.014591217041016,0.0,84.56999969482422,0.0,85.29000091552734,77.7300033569336,82.69999694824219,0.0,417679400,4.127369699566796,0.01477089203926063
2009-02-06,63.78180694580078,0.0,86.9800033569336,0.0,87.33999633789062,84.68000030517578,84.86000061035156,0.0,366101700,4.155467992096258,0.028098292529461943
2009-02-09,63.869815826416016,0.0,87.0999984741211,0.0,87.73999786376953,86.31999969482422,86.95999908447266,0.0,240075200,4.15684688399984,0.0013788919035819802
2009-02-10,60.94401168823242,0.0,83.11000061035156,0.0,87.02999877929688,82.44999694824219,86.2699966430664,0.0,536212800,4.109955601522664,-0.04689128247717633
2009-02-11,61.30329513549805,0.0,83.5999984741211,0.0,84.05000305175781,82.4000015258789,83.44999694824219,0.0,324442500,4.115833595747018,0.00587799422435431
2009-02-12,61.34731674194336,0.0,83.66000366210938,0.0,83.81999969482422,81.05000305175781,82.16999816894531,0.0,469302200,4.116551433312796,0.0007178375657774794
2009-02-13,60.68733215332031,0.0,82.76000213623047,0.0,84.23999786376953,82.73999786376953,83.55000305175781,0.0,293998400,4.1057349802939855,-0.01081645301881018
2009-02-17,58.09144973754883,0.0,79.22000122070312,0.0,82.95999908447266,79.16999816894531,80.16000366210938,0.0,478910100,4.062018488442017,-0.0437164918519688
2009-02-18,57.95216369628906,0.0,79.02999877929688,0.0,79.94000244140625,78.27999877929688,79.79000091552734,0.0,362964800,4.0596179063844975,-0.0024005820575192516
2009-02-19,57.32884216308594,0.0,78.18000030517578,0.0,80.1500015258789,78.0199966430664,79.83999633789062,0.0,316867500,4.048803850712266,-0.010814055672231149
2009-02-20,56.771568298339844,0.0,77.41999816894531,0.0,78.33999633789062,75.7699966430664,76.7300033569336,0.0,477176600,4.039035642278244,-0.009768208434022263
2009-02-23,54.74034118652344,0.0,74.6500015258789,0.0,78.2699966430664,74.58999633789062,78.2699966430664,0.0,379641400,4.002600936448853,-0.036434705829391234
2009-02-24,56.8155403137207,0.0,77.4800033569336,0.0,77.94999694824219,74.69999694824219,75.29000091552734,0.0,426260900,4.0398098853788,0.03720894892994675
2009-02-25,56.368228912353516,0.0,76.87000274658203,0.0,78.41999816894531,75.62999725341797,77.13999938964844,0.0,461985800,4.031905682624441,-0.007904202754358991
2009-02-26,55.45164108276367,0.0,75.62000274658203,0.0,79.66999816894531,75.52999877929688,77.81999969482422,0.0,363353900,4.015511309080049,-0.016394373544391883
2009-02-27,54.21234130859375,0.0,73.93000030517578,0.0,75.69000244140625,73.80999755859375,74.01000213623047,0.0,470510900,3.992908581946571,-0.022602727133477885
2009-03-02,51.77048110961914,0.0,70.5999984741211,0.0,73.91999816894531,70.37000274658203,72.5199966430664,0.0,426452600,3.946820124083283,-0.04608845786328786
2009-03-03,51.381839752197266,0.0,70.06999969482422,0.0,71.69999694824219,69.63999938964844,71.61000061035156,0.0,443761000,3.939284797817593,-0.007535326265689868
2009-03-04,52.59910583496094,0.0,71.7300033569336,0.0,72.87000274658203,70.06999969482422,71.2300033569336,0.0,462753100,3.9626991202638306,0.023414322446237534
2009-03-05,50.4505615234375,0.0,68.80000305175781,0.0,71.7300033569336,68.16999816894531,70.0999984741211,0.0,485549400,3.920993877033762,-0.041705243230068856
2009-03-06,50.538551330566406,0.0,68.91999816894531,0.0,70.44999694824219,67.0999984741211,69.4000015258789,0.0,490470000,3.922736437729811,0.0017425606960492779
2009-03-09,49.94459533691406,0.0,68.11000061035156,0.0,70.0,67.7300033569336,67.94999694824219,0.0,379905300,3.91091429777718,-0.011822139952631261
2009-03-10,52.921756744384766,0.0,72.16999816894531,0.0,72.37000274658203,69.37000274658203,69.51000213623047,0.0,406227900,3.9688145349237534,0.05790023714657355
2009-03-11,53.26641082763672,0.0,72.63999938964844,0.0,73.75,71.83000183105469,73.0,0.0,356648300,3.9753059416669867,0.006491406743233341
2009-03-12,55.363624572753906,0.0,75.5,0.0,75.75,71.97000122070312,72.62000274658203,0.0,409702700,4.0139227819398995,0.03861684027291279
2009-03-13,55.796268463134766,0.0,76.08999633789062,0.0,76.9800033569336,74.7300033569336,76.01000213623047,0.0,337474700,4.021706993730614,0.007784211790714757
2009-03-16,55.62763595581055,0.0,75.86000061035156,0.0,77.97000122070312,75.80999755859375,76.95999908447266,0.0,360644900,4.0186801273332575,-0.00302686639735672
2009-03-17,57.32884216308594,0.0,78.18000030517578,0.0,78.36000061035156,75.44999694824219,76.06999969482422,0.0,356814300,4.048803850712266,0.030123723379008815
2009-03-18,58.61213684082031,0.0,79.93000030517578,0.0,80.9000015258789,77.06999969482422,77.80999755859375,0.0,473273200,4.070941788462542,0.022137937750275505
2009-03-19,57.88615036010742,0.0,78.94000244140625,0.0,81.0,78.69000244140625,80.93000030517578,0.0,428520400,4.058478156658934,-0.012463631803607989
2009-03-20,56.65351486206055,0.0,76.70999908447266,0.561,78.91000366210938,76.52999877929688,78.76000213623047,0.0,371078200,4.036954030775425,-0.02152412588350927
2009-03-23,60.72286605834961,0.0,82.22000122070312,0.0,82.29000091552734,78.30999755859375,78.73999786376953,0.0,419933300,4.106320333197898,0.06936630242247332
2009-03-24,59.52646255493164,0.0,80.5999984741211,0.0,82.36000061035156,80.51000213623047,81.23999786376953,0.0,330271000,4.086420962502522,-0.019899370695376284
2009-03-25,60.15420150756836,0.0,81.44999694824219,0.0,82.69999694824219,79.05999755859375,81.2300033569336,0.0,441775100,4.096911290481145,0.010490327978623704
2009-03-26,61.38022994995117,0.0,83.11000061035156,0.0,83.30000305175781,81.31999969482422,82.25,0.0,422025200,4.117087795518088,0.02017650503694224
2009-03-27,60.272396087646484,0.0,81.61000061035156,0.0,82.52999877929688,81.30999755859375,82.05000305175781,0.0,322332300,4.098874222597299,-0.0182135729207884
2009-03-30,58.18968963623047,0.0,78.79000091552734,0.0,79.87000274658203,77.95999908447266,79.80000305175781,0.0,324108500,4.0637081850271075,-0.035166037570191655
2009-03-31,58.728843688964844,0.0,79.5199966430664,0.0,81.08000183105469,79.05000305175781,79.55999755859375,0.0,364238300,4.072930980748145,0.009222795721037791
2009-04-01,59.866180419921875,0.0,81.05999755859375,0.0,81.41999816894531,78.33000183105469,78.52999877929688,0.0,377018300,4.092111745005344,0.01918076425719839
2009-04-02,61.61652755737305,0.0,83.43000030517578,0.0,84.61000061035156,81.12999725341797,83.08000183105469,0.0,476230700,4.120930139055067,0.02881839404972375
2009-04-03,62.229530334472656,0.0,84.26000213623047,0.0,84.27999877929688,82.66999816894531,83.48999786376953,0.0,284646300,4.130829651300077,0.009899512245009845
2009-04-06,61.742088317871094,0.0,83.5999984741211,0.0,84.27999877929688,82.29000091552734,83.33999633789062,0.0,264866600,4.122965842892508,-0.007863808407569728
2009-04-07,60.30192565917969,0.0,81.6500015258789,0.0,82.6500015258789,81.51000213623047,82.25,0.0,258947800,4.099364037869669,-0.023601805022838818
2009-04-08,60.951847076416016,0.0,82.52999877929688,0.0,82.94000244140625,81.54000091552734,82.05999755859375,0.0,230402800,4.110084160249331,0.010720122379662023
2009-04-09,63.374263763427734,0.0,85.80999755859375,0.0,85.81999969482422,84.33000183105469,84.66999816894531,0.0,269653500,4.149057844698743,0.03897368444941218
2009-04-13,63.3890380859375,0.0,85.83000183105469,0.0,86.54000091552734,84.58000183105469,84.91999816894531,0.0,224847500,4.149290945641384,0.00023310094264061831
2009-04-14,62.29597473144531,0.0,84.3499984741211,0.0,85.76000213623047,84.08000183105469,85.02999877929688,0.0,276598800,4.131896812653781,-0.017394132987602617
2009-04-15,62.96068572998047,0.0,85.25,0.0,85.41999816894531,83.61000061035156,83.83999633789062,0.0,250726100,4.14251049556795,0.010613682914168976
2009-04-16,63.88388442993164,0.0,86.5,0.0,87.1500015258789,84.7699966430664,85.93000030517578,0.0,335202900,4.157067129731185,0.014556634163235493
2009-04-17,64.31221008300781,0.0,87.08000183105469,0.0,87.6500015258789,86.13999938964844,86.83000183105469,0.0,262649000,4.163749505642538,0.006682375911352345
2009-04-20,61.61652755737305,0.0,83.43000030517578,0.0,87.05000305175781,83.33999633789062,85.54000091552734,0.0,293690100,4.120930139055067,-0.04281936658747032
2009-04-21,62.820350646972656,0.0,85.05999755859375,0.0,85.12999725341797,82.75,82.81999969482422,0.0,114090900,4.140279075867808,0.01934893681274019
2009-04-22,62.43632125854492,0.0,84.54000091552734,0.0,86.33999633789062,84.06999969482422,84.29000091552734,0.0,340395200,4.134147177488543,-0.0061318983792642
2009-04-23,63.04930877685547,0.0,85.37000274658203,0.0,85.41999816894531,83.62999725341797,84.70999908447266,0.0,324903700,4.1439170992557575,0.00976992176721403
2009-04-24,64.00202178955078,0.0,86.66000366210938,0.0,87.30999755859375,85.69000244140625,86.02999877929688,0.0,287703000,4.1589146733224345,0.01499757406667701
2009-04-27,63.396427154541016,0.0,85.83999633789062,0.0,87.01000213623047,85.54000091552734,85.68000030517578,0.0,289581600,4.149407505825911,-0.009507167496523472
2009-04-28,63.196998596191406,0.0,85.56999969482422,0.0,86.58999633789062,84.76000213623047,84.97000122070312,0.0,247926300,4.1462568094585075,-0.003150696367403505
2009-04-29,64.54112243652344,0.0,87.38999938964844,0.0,88.36000061035156,86.30000305175781,86.5199966430664,0.0,311505700,4.167302577803909,0.021045768345401505
2009-04-30,64.56329345703125,0.0,87.41999816894531,0.0,89.0199966430664,86.91999816894531,88.55000305175781,0.0,301419800,4.167646036555065,0.000343458751156156
2009-05-01,64.91043090820312,0.0,87.88999938964844,0.0,88.20999908447266,86.72000122070312,87.44000244140625,0.0,236110300,4.17300833357215,0.005362297017084572
2009-05-04,67.11865234375,0.0,90.87999725341797,0.0,90.94000244140625,88.37999725341797,88.55000305175781,0.0,287120000,4.206461983646145,0.033453650073995256
2009-05-05,66.88971710205078,0.0,90.56999969482422,0.0,90.93000030517578,89.83999633789062,90.56999969482422,0.0,243036300,4.203045249820294,-0.0034167338258512814
2009-05-06,68.04920959472656,0.0,92.13999938964844,0.0,92.19999694824219,90.61000061035156,91.68000030517578,0.0,291941000,4.220231113963547,0.017185864143253404
2009-05-07,67.10388946533203,0.0,90.86000061035156,0.0,93.1500015258789,90.27999877929688,93.01000213623047,0.0,317728000,4.206242007503859,-0.013989106459687761
2009-05-08,68.66960906982422,0.0,92.9800033569336,0.0,93.22000122070312,91.44000244140625,92.02999877929688,0.0,299081700,4.229306729734835,0.02306472223097522
2009-05-11,67.384521484375,0.0,91.23999786376953,0.0,92.11000061035156,91.04000091552734,91.69999694824219,0.0,247923600,4.210415339977166,-0.018891389757668797
2009-05-12,67.18512725830078,0.0,90.97000122070312,0.0,91.83000183105469,89.8499984741211,91.62999725341797,0.0,282431300,4.207451902473094,-0.0029634375040714644
2009-05-13,65.49386596679688,0.0,88.68000030517578,0.0,90.01000213623047,88.5,89.73999786376953,0.0,269619100,4.1819564888939516,-0.025495413579142756
2009-05-14,66.0551986694336,0.0,89.44000244140625,0.0,90.12000274658203,88.5,88.72000122070312,0.0,260098700,4.1904907359623635,0.008534247068411993
2009-05-15,65.51602172851562,0.0,88.70999908447266,0.0,90.0,88.1500015258789,89.37000274658203,0.0,271502700,4.182294719272127,-0.008196016690236618
2009-05-18,67.37715911865234,0.0,91.2300033569336,0.0,91.33999633789062,88.56999969482422,89.55000305175781,0.0,241447400,4.210306075003666,0.02801135573153868
2009-05-19,67.29593658447266,0.0,91.12000274658203,0.0,91.97000122070312,90.80999755859375,91.18000030517578,0.0,206102200,4.209099857182599,-0.0012062178210667795
2009-05-20,66.84541320800781,0.0,90.51000213623047,0.0,92.80000305175781,90.41000366210938,91.94999694824219,0.0,285722200,4.202382688000359,-0.006717169182239857
2009-05-21,65.88529205322266,0.0,89.20999908447266,0.0,89.80000305175781,88.26000213623047,89.45999908447266,0.0,258988400,4.187915230759989,-0.014467457240369797
2009-05-22,65.74495697021484,0.0,89.0199966430664,0.0,90.0,88.68000030517578,89.45999908447266,0.0,166811900,4.185782968043495,-0.0021322627164943597
2009-05-26,67.4288558959961,0.0,91.30000305175781,0.0,91.55999755859375,88.31999969482422,88.36000061035156,0.0,236318500,4.211073055317895,0.025290087274400186
2009-05-27,66.22502899169922,0.0,89.66999816894531,0.0,91.75,89.52999877929688,91.44000244140625,0.0,246015800,4.1930584729337905,-0.01801458238410447
2009-05-28,67.148193359375,0.0,90.91999816894531,0.0,91.33999633789062,89.0999984741211,90.45999908447266,0.0,289095000,4.206902018055935,0.013843545122144363
2009-05-29,68.33728790283203,0.0,92.52999877929688,0.0,93.69999694824219,90.68000030517578,91.41999816894531,0.0,258641500,4.224455560544555,0.017553542488619733
2009-06-01,69.99159240722656,0.0,94.7699966430664,0.0,95.16999816894531,93.43000030517578,93.66999816894531,0.0,276246800,4.248375126367567,0.02391956582301269
2009-06-02,70.05065155029297,0.0,94.8499984741211,0.0,95.37000274658203,94.2300033569336,94.4000015258789,0.0,230874500,4.249218573957362,0.0008434475897942662
2009-06-03,69.1644287109375,0.0,93.6500015258789,0.0,94.12999725341797,92.76000213623047,94.04000091552734,0.0,235310500,4.236486694492731,-0.012731879464630502
2009-06-04,69.8143310546875,0.0,94.52999877929688,0.0,94.66999816894531,93.30000305175781,94.0,0.0,210102300,4.2458393046636225,0.009352610170891396
2009-06-05,69.82910919189453,0.0,94.55000305175781,0.0,95.66999816894531,93.80000305175781,95.48999786376953,0.0,284257900,4.246050959965671,0.00021165530204836358
2009-06-08,69.54108428955078,0.0,94.16000366210938,0.0,95.0999984741211,93.04000091552734,93.83999633789062,0.0,238565100,4.241917718772663,-0.004133241193008175
2009-06-09,69.89559173583984,0.0,94.63999938964844,0.0,95.13999938964844,94.0199966430664,94.69000244140625,0.0,225125500,4.247002581955498,0.0050848631828355195
2009-06-10,69.71835327148438,0.0,94.4000015258789,0.0,95.48999786376953,93.19000244140625,95.4800033569336,0.0,296100400,4.244463601203123,-0.0025389807523747976
2009-06-11,70.02850341796875,0.0,94.81999969482422,0.0,96.11000061035156,94.55999755859375,94.58000183105469,0.0,275414200,4.248902350854591,0.004438749651467511
2009-06-12,70.22055053710938,0.0,95.08000183105469,0.0,95.13999938964844,94.0,94.4000015258789,0.0,184361800,4.25164101088485,0.0027386600302587993
2009-06-15,68.61050415039062,0.0,92.9000015258789,0.0,94.0199966430664,92.4000015258789,93.95999908447266,0.0,224190500,4.228445644735715,-0.023195366149134422
2009-06-16,67.67994689941406,0.0,91.63999938964844,0.0,93.29000091552734,91.58000183105469,93.2300033569336,0.0,227319000,4.2147899307145344,-0.01365571402118082
2009-06-17,67.61351013183594,0.0,91.55000305175781,0.0,92.33000183105469,90.83000183105469,91.5999984741211,0.0,223445200,4.213807817102006,-0.0009821136125287566
2009-06-18,68.10832214355469,0.0,92.22000122070312,0.0,92.66999816894531,91.25,91.69000244140625,0.0,211725100,4.221099410440244,0.007291593338238478
2009-06-19,68.35933685302734,0.0,92.04000091552734,0.518,92.69999694824219,91.5199966430664,92.58000183105469,0.0,215655600,4.224778157396173,0.0036787469559289576
2009-06-22,66.30946350097656,0.0,89.27999877929688,0.0,91.19000244140625,89.25,91.13999938964844,0.0,251913600,4.194332624577069,-0.030445532819103782
2009-06-23,66.36143493652344,0.0,89.3499984741211,0.0,89.87999725341797,88.8499984741211,89.47000122070312,0.0,188309800,4.195116088604484,0.0007834640274149152
2009-06-24,66.93334197998047,0.0,90.12000274658203,0.0,91.08000183105469,89.5999984741211,90.16000366210938,0.0,211577700,4.203697228332431,0.00858113972794694
2009-06-25,68.38906860351562,0.0,92.08000183105469,0.0,92.16999816894531,89.56999969482422,89.66999816894531,0.0,279411000,4.225212996118533,0.021515767786102202
2009-06-26,68.21080017089844,0.0,91.83999633789062,0.0,92.23999786376953,91.2699966430664,91.7699966430664,0.0,167579000,4.2226029125888545,-0.0026100835296789526
2009-06-29,68.84951782226562,0.0,92.69999694824219,0.0,92.81999969482422,91.5999984741211,92.11000061035156,0.0,168481300,4.231923221842452,0.009320309253597614
2009-06-30,68.2925033569336,0.0,91.94999694824219,0.0,93.05999755859375,91.2699966430664,92.72000122070312,0.0,228888200,4.223800000039201,-0.008123221803250757
2009-07-01,68.57471466064453,0.0,92.33000183105469,0.0,93.2300033569336,92.20999908447266,92.33999633789062,0.0,173041100,4.2279238758327935,0.004123875793592191
2009-07-02,66.70309448242188,0.0,89.80999755859375,0.0,92.36000061035156,89.76000213623047,91.12999725341797,0.0,212309900,4.200251345884716,-0.02767252994807734
2009-07-06,66.6956787109375,0.0,89.80000305175781,0.0,89.93000030517578,88.66000366210938,88.94000244140625,0.0,174499600,4.200140163880347,-0.00011118200436932568
2009-07-07,65.40333557128906,0.0,88.05999755859375,0.0,89.81999969482422,88.0,89.70999908447266,0.0,197088900,4.180573259781663,-0.019566904098684113
2009-07-08,65.35879516601562,0.0,88.0,0.0,88.80000305175781,87.0,88.58999633789062,0.0,248050500,4.179892016569352,-0.0006812432123108891
2009-07-09,65.48504638671875,0.0,88.16999816894531,0.0,88.9000015258789,87.91000366210938,88.61000061035156,0.0,163777600,4.181821817137513,0.0019298005681616104
2009-07-10,65.32907104492188,0.0,87.95999908447266,0.0,88.48999786376953,87.3499984741211,87.69999694824219,0.0,173520300,4.179437129325906,-0.002384687811607833
2009-07-13,66.91845703125,0.0,90.0999984741211,0.0,90.16999816894531,87.58999633789062,88.30999755859375,0.0,217413500,4.203474818937836,0.02403768961193009
2009-07-14,67.29727935791016,0.0,90.61000061035156,0.0,90.69000244140625,89.7300033569336,90.37999725341797,0.0,181487400,4.209119810245287,0.005644991307451441
2009-07-15,69.26543426513672,0.0,93.26000213623047,0.0,93.51000213623047,90.68000030517578,91.80999755859375,0.0,220877900,4.237945997708851,0.028826187463564246
2009-07-16,69.15406799316406,0.0,93.11000061035156,0.0,94.51000213623047,92.81999969482422,93.0,0.0,231174500,4.236336884914985,-0.0016091127938659966
2009-07-17,69.9115982055664,0.0,94.12999725341797,0.0,94.31999969482422,93.54000091552734,94.05999755859375,0.0,138561700,4.247231561163265,0.01089467624828
2009-07-20,70.6543197631836,0.0,95.12999725341797,0.0,95.29000091552734,94.19000244140625,94.68000030517578,0.0,164179400,4.25779925040622,0.010567689242954259
2009-07-21,70.98110961914062,0.0,95.56999969482422,0.0,95.9000015258789,94.41999816894531,95.87000274658203,0.0,217718300,4.262413779938377,0.004614529532156908
2009-07-22,70.9662857055664,0.0,95.55000305175781,0.0,96.12999725341797,94.88999938964844,94.95999908447266,0.0,196068100,4.262204915047349,-0.0002088648910278934
2009-07-23,72.53340148925781,0.0,97.66000366210938,0.0,98.08000183105469,95.52999877929688,95.61000061035156,0.0,258795500,4.284047165962931,0.021842250915582007
2009-07-24,72.8304672241211,0.0,98.05999755859375,0.0,98.13999938964844,96.69000244140625,97.19999694824219,0.0,154003100,4.288134373479342,0.00408720751641134
2009-07-27,73.04589080810547,0.0,98.3499984741211,0.0,98.4000015258789,97.33999633789062,97.87999725341797,0.0,159259400,4.291087884843203,0.0029535113638612387
2009-07-28,72.7042236328125,0.0,97.88999938964844,0.0,98.37000274658203,97.05999755859375,97.66000366210938,0.0,186685200,4.286399479589372,-0.004688405253831185
2009-07-29,72.52597045898438,0.0,97.6500015258789,0.0,98.08999633789062,96.9800033569336,97.44000244140625,0.0,194399300,4.283944710944959,-0.0024547686444131855
2009-07-30,73.28352355957031,0.0,98.66999816894531,0.0,99.83000183105469,98.5999984741211,98.83000183105469,0.0,225575400,4.294335802719321,0.010391091774361705
2009-07-31,73.38751983642578,0.0,98.80999755859375,0.0,99.47000122070312,98.37999725341797,98.6500015258789,0.0,207358000,4.2957538916873315,0.0014180889680108777
2009-08-03,74.59812927246094,0.0,100.44000244140625,0.0,100.52999877929688,99.30999755859375,99.8499984741211,0.0,175776900,4.312115430118625,0.016361538431293177
2009-08-04,74.791259765625,0.0,100.69999694824219,0.0,100.83999633789062,99.77999877929688,99.98999786376953,0.0,176714600,4.314701030100024,0.002585599981399511
2009-08-05,74.57588195800781,0.0,100.41000366210938,0.0,100.86000061035156,99.58000183105469,100.7699966430664,0.0,184726400,4.311817156787573,-0.002883873312451435
2009-08-06,74.18964385986328,0.0,99.88999938964844,0.0,101.0199966430664,99.41999816894531,100.87000274658203,0.0,193203800,4.30662456981066,-0.005192586976912494
2009-08-07,75.16259002685547,0.0,101.19999694824219,0.0,102.02999877929688,100.38999938964844,100.94000244140625,0.0,220640900,4.3196536341278895,0.013029064317229277
2009-08-10,75.00662231445312,0.0,100.98999786376953,0.0,101.22000122070312,100.2699966430664,100.73999786376953,0.0,130898700,4.317576407164355,-0.0020772269635340734
2009-08-11,74.0708236694336,0.0,99.7300033569336,0.0,100.61000061035156,99.45999908447266,100.54000091552734,0.0,157301000,4.305021712112331,-0.012554695052024556
2009-08-12,74.86552429199219,0.0,100.80000305175781,0.0,101.55999755859375,99.51000213623047,99.55999755859375,0.0,219052400,4.315693494730754,0.010671782618422831
2009-08-13,75.43739318847656,0.0,101.56999969482422,0.0,101.61000061035156,100.26000213623047,101.26000213623047,0.0,176449500,4.323303082962485,0.007609588231731301
2009-08-14,74.85810852050781,0.0,100.79000091552734,0.0,101.5999984741211,99.69999694824219,101.5199966430664,0.0,199616100,4.315594435265643,-0.007708647696841986
2009-08-17,73.01617431640625,0.0,98.30999755859375,0.0,98.94999694824219,98.11000061035156,98.8499984741211,0.0,237667500,4.290680982584442,-0.02491345268120071
2009-08-18,73.59545135498047,0.0,99.08999633789062,0.0,99.44000244140625,98.3499984741211,98.52999877929688,0.0,173461500,4.29858322158288,0.00790223899843756
2009-08-19,74.24160766601562,0.0,99.95999908447266,0.0,100.30000305175781,98.20999908447266,98.30999755859375,0.0,192812800,4.307324743227526,0.008741521644646255
2009-08-20,75.00662231445312,0.0,100.98999786376953,0.0,101.22000122070312,99.87000274658203,100.08999633789062,0.0,174131300,4.317576407164355,0.010251663936829303
2009-08-21,76.4771957397461,0.0,102.97000122070312,0.0,103.12999725341797,101.62000274658203,101.81999969482422,0.0,224605000,4.336992601488093,0.0194161943237372
2009-08-24,76.46975708007812,0.0,102.95999908447266,0.0,103.94999694824219,102.58999633789062,103.38999938964844,0.0,191279000,4.33689533038152,-9.727110657298255e-05
2009-08-25,76.61832427978516,0.0,103.16000366210938,0.0,104.26000213623047,102.94000244140625,103.37000274658203,0.0,215310600,4.338836268500647,0.0019409381191275443
2009-08-26,76.62577056884766,0.0,103.16999816894531,0.0,103.63999938964844,102.48999786376953,102.83999633789062,0.0,194620700,4.338933450569239,9.718206859155032e-05
2009-08-27,76.79656982421875,0.0,103.4000015258789,0.0,103.72000122070312,101.94000244140625,103.11000061035156,0.0,196230100,4.3411599754090195,0.002226524839780808
2009-08-28,76.7817153930664,0.0,103.37999725341797,0.0,104.3499984741211,102.66999816894531,104.2300033569336,0.0,147024400,4.3409665309884415,-0.00019344442057800393
2009-08-31,76.09844207763672,0.0,102.45999908447266,0.0,102.58000183105469,101.79000091552734,102.37000274658203,0.0,176051600,4.332027792616517,-0.00893873837192416
2009-09-01,74.41988372802734,0.0,100.19999694824219,0.0,103.23999786376953,99.98999786376953,101.94999694824219,0.0,321276800,4.3097231605419175,-0.022304632074599873
2009-09-02,74.1376724243164,0.0,99.81999969482422,0.0,100.44000244140625,99.56999969482422,99.77999877929688,0.0,171805000,4.305923802899,-0.0037993576429178333
2009-09-03,74.75409698486328,0.0,100.6500015258789,0.0,100.7699966430664,99.58999633789062,100.4000015258789,0.0,143572300,4.314204019930879,0.008280217031879644
2009-09-04,75.80132293701172,0.0,102.05999755859375,0.0,102.08999633789062,100.55000305175781,100.8499984741211,0.0,142687900,4.328115745490901,0.01391172556002207
2009-09-08,76.4549331665039,0.0,102.94000244140625,0.0,103.05000305175781,102.38999938964844,103.0,0.0,132909100,4.336701458305052,0.008585712814150881
2009-09-09,77.04168701171875,0.0,103.7300033569336,0.0,104.08000183105469,102.80000305175781,103.12000274658203,0.0,154612500,4.3443466651177,0.00764520681264802
2009-09-10,77.82896423339844,0.0,104.79000091552734,0.0,104.86000061035156,103.22000122070312,103.80000305175781,0.0,162902400,4.354513652818995,0.010166987701294872
2009-09-11,77.81407928466797,0.0,104.7699966430664,0.0,105.30000305175781,104.27999877929688,104.98999786376953,0.0,152360100,4.354322382480927,-0.00019127033806842775
2009-09-14,78.19286346435547,0.0,105.27999877929688,0.0,105.45999908447266,103.1500015258789,103.87999725341797,0.0,149593800,4.3591783833402085,0.004856000859281728
2009-09-15,78.51966857910156,0.0,105.72000122070312,0.0,106.11000061035156,104.76000213623047,105.44999694824219,0.0,196795900,4.363349148552454,0.004170765212245797
2009-09-16,79.7080078125,0.0,107.31999969482422,0.0,107.33999633789062,105.7300033569336,106.0999984741211,0.0,206406300,4.378370055184334,0.015020906631879605
2009-09-17,79.58914947509766,0.0,107.16000366210938,0.0,108.05999755859375,106.56999969482422,107.16999816894531,0.0,229170900,4.376877770431944,-0.0014922847523894944
2009-09-18,79.6399154663086,0.0,106.72000122070312,0.508,107.16000366210938,106.36000061035156,107.1500015258789,0.0,153799100,4.377515417747775,0.0006376473158304918
2009-09-21,79.43844604492188,0.0,106.44999694824219,0.0,107.0,105.66000366210938,105.88999938964844,0.0,151892000,4.374982458177538,-0.0025329595702370256
2009-09-22,79.90111541748047,0.0,107.06999969482422,0.0,107.37000274658203,106.5999984741211,107.08000183105469,0.0,143126700,4.380789812843504,0.005807354665965825
2009-09-23,79.23696899414062,0.0,106.18000030517578,0.0,108.02999877929688,105.98999786376953,107.31999969482422,0.0,225947400,4.372442970141427,-0.008346842702076529
2009-09-24,78.36383056640625,0.0,105.01000213623047,0.0,106.63999938964844,104.55000305175781,106.41000366210938,0.0,228636800,4.361362476087853,-0.011080494053573808
2009-09-25,77.94590759277344,0.0,104.44999694824219,0.0,105.36000061035156,104.08999633789062,104.77999877929688,0.0,204059000,4.356015093712164,-0.0053473823756888805
2009-09-28,79.34142303466797,0.0,106.31999969482422,0.0,106.55000305175781,104.83000183105469,104.8499984741211,0.0,118285800,4.3737603508299,0.01774525711773567
2009-09-29,79.10264587402344,0.0,106.0,0.0,107.0199966430664,105.77999877929688,106.51000213623047,0.0,133733900,4.370746323948988,-0.003014026880912013
2009-09-30,78.79666137695312,0.0,105.58999633789062,0.0,106.45999908447266,104.62000274658203,106.36000061035156,0.0,254383000,4.366870627653493,-0.0038756962954948904
2009-10-01,76.84147644042969,0.0,102.97000122070312,0.0,105.7300033569336,102.94999694824219,103.0,0.0,281840600,4.341744552192981,-0.02512607546051182
2009-10-02,76.48326873779297,0.0,102.48999786376953,0.0,103.0999984741211,101.98999786376953,102.0199966430664,0.0,224748800,4.3370720076022256,-0.004672544590755834
2009-10-05,77.62506866455078,0.0,104.0199966430664,0.0,104.31999969482422,102.5999984741211,102.9000015258789,0.0,149875000,4.351890424820733,0.01481841721850774
2009-10-06,78.73697662353516,0.0,105.51000213623047,0.0,106.11000061035156,104.70999908447266,104.7699966430664,0.0,202491100,4.3661128878205115,0.014222462999778251
2009-10-07,78.95337677001953,0.0,105.80000305175781,0.0,105.91000366210938,105.06999969482422,105.2699966430664,0.0,159200300,4.368857510781546,0.002744622961034615
2009-10-08,79.55785369873047,0.0,106.61000061035156,0.0,107.16999816894531,105.8499984741211,106.55000305175781,0.0,183305800,4.376484476481742,0.007626965700195498
2009-10-09,80.04289245605469,0.0,107.26000213623047,0.0,107.26000213623047,106.36000061035156,106.63999938964844,0.0,135008300,4.382562646694452,0.006078170212710177
2009-10-12,80.3563003540039,0.0,107.68000030517578,0.0,108.08999633789062,107.27999877929688,107.76000213623047,0.0,118031000,4.386470500484792,0.003907853790340532
2009-10-13,80.19215393066406,0.0,107.45999908447266,0.0,107.70999908447266,106.76000213623047,107.38999938964844,0.0,157692700,4.384425678798198,-0.002044821686594034
2009-10-14,81.57275390625,0.0,109.30999755859375,0.0,109.41999816894531,107.41999816894531,108.72000122070312,0.0,191421600,4.401495308005923,0.01706962920772437
2009-10-15,81.87118530273438,0.0,109.70999908447266,0.0,109.70999908447266,108.7300033569336,108.77999877929688,0.0,173873600,4.4051471011476595,0.0036517931417368032
2009-10-16,81.25928497314453,0.0,108.88999938964844,0.0,109.2699966430664,108.2300033569336,108.80000305175781,0.0,192069400,4.397645091273323,-0.007502009874336579
2009-10-19,81.93090057373047,0.0,109.79000091552734,0.0,110.12999725341797,108.7300033569336,109.06999969482422,0.0,159530400,4.405876216083187,0.008231124809864099
2009-10-20,81.49810028076172,0.0,109.20999908447266,0.0,109.98999786376953,108.68000030517578,109.94999694824219,0.0,180921100,4.4005797105366415,-0.0052965055465454824
2009-10-21,80.76678466796875,0.0,108.2300033569336,0.0,110.30999755859375,108.1500015258789,109.04000091552734,0.0,225379300,4.391565800168187,-0.00901391036845478
2009-10-22,81.587646484375,0.0,109.33000183105469,0.0,109.68000030517578,107.5,108.19000244140625,0.0,238444000,4.401677859386413,0.010112059218226221
2009-10-23,80.6548080444336,0.0,108.08000183105469,0.0,109.76000213623047,107.62999725341797,109.69000244140625,0.0,240033200,4.390178418968251,-0.011499440418162088
2009-10-26,79.7817153930664,0.0,106.91000366210938,0.0,109.30999755859375,106.61000061035156,108.19999694824219,0.0,242028200,4.379294347788678,-0.01088407117957324
2009-10-27,79.41605377197266,0.0,106.41999816894531,0.0,107.38999938964844,106.16000366210938,107.02999877929688,0.0,253266300,4.374700536379624,-0.004593811409053572
2009-10-28,77.91610717773438,0.0,104.41000366210938,0.0,106.4800033569336,104.3499984741211,106.1500015258789,0.0,248821400,4.3556326988682885,-0.01906783751133556
2009-10-29,79.58769989013672,0.0,106.6500015258789,0.0,106.86000061035156,104.94000244140625,105.19000244140625,0.0,198110600,4.376859556917018,0.02122685804872937
2009-10-30,77.28179168701172,0.0,103.55999755859375,0.0,106.62000274658203,103.44000244140625,106.30000305175781,0.0,325608100,4.347458373991251,-0.02940118292576699
2009-11-02,77.84891510009766,0.0,104.31999969482422,0.0,105.41000366210938,103.08000183105469,104.12999725341797,0.0,254222900,4.354769962410233,0.007311588418982495
2009-11-03,78.0951919555664,0.0,104.6500015258789,0.0,104.80000305175781,103.54000091552734,103.73999786376953,0.0,228362600,4.357928492281777,0.003158529871543969
2009-11-04,78.29667663574219,0.0,104.91999816894531,0.0,106.33000183105469,104.6500015258789,105.51000213623047,0.0,247996700,4.360505158108019,0.0025766658262416087
2009-11-05,79.73693084716797,0.0,106.8499984741211,0.0,106.87999725341797,105.44000244140625,105.66000366210938,0.0,180015300,4.37873285171119,0.01822769360317089
2009-11-06,79.94586944580078,0.0,107.12999725341797,0.0,107.4000015258789,106.05000305175781,106.26000213623047,0.0,170954100,4.381349773727695,0.0026169220165055407
2009-11-09,81.76670837402344,0.0,109.56999969482422,0.0,109.62999725341797,107.87000274658203,107.94999694824219,0.0,159495700,4.403870172673947,0.02252039894625124
2009-11-10,81.78164672851562,0.0,109.58999633789062,0.0,109.93000030517578,108.97000122070312,109.30999755859375,0.0,171899800,4.404052850812462,0.0001826781385156906
2009-11-11,82.19955444335938,0.0,110.1500015258789,0.0,110.81999969482422,109.62000274658203,110.30999755859375,0.0,169466200,4.409149881650356,0.005097030837893257
2009-11-12,81.36373901367188,0.0,109.02999877929688,0.0,110.56999969482422,108.75,110.0,0.0,157144500,4.398929707096237,-0.010220174554118167
2009-11-13,81.80406188964844,0.0,109.62000274658203,0.0,110.08999633789062,108.75,109.30999755859375,0.0,150963000,4.404326898728536,0.005397191632298792
2009-11-16,82.99059295654297,0.0,111.20999908447266,0.0,111.69000244140625,110.31999969482422,110.37999725341797,0.0,210922200,4.4187272635004,0.014400364771863572
2009-11-17,83.08757781982422,0.0,111.33999633789062,0.0,111.38999938964844,110.5,110.91999816894531,0.0,147134100,4.419895205968125,0.0011679424677248917
2009-11-18,83.03536987304688,0.0,111.2699966430664,0.0,111.43000030517578,110.56999969482422,111.26000213623047,0.0,156486800,4.419266660072194,-0.0006285458959309764
2009-11-19,81.95333099365234,0.0,109.81999969482422,0.0,111.30999755859375,109.12999725341797,110.51000213623047,0.0,208734600,4.406149951022143,-0.013116709050050801
2009-11-20,81.66226196289062,0.0,109.43000030517578,0.0,109.76000213623047,109.01000213623047,109.25,0.0,134196000,4.402591985273787,-0.0035579657483557625
2009-11-23,82.69953918457031,0.0,110.81999969482422,0.0,111.73999786376953,110.5999984741211,110.72000122070312,0.0,148010200,4.415214029880751,0.012622044606963811
2009-11-24,82.8263931274414,0.0,110.98999786376953,0.0,111.19999694824219,110.01000213623047,111.0,0.0,138420100,4.416746768176606,0.001532738295854763
2009-11-25,83.11744689941406,0.0,111.37999725341797,0.0,111.5,110.81999969482422,111.16999816894531,0.0,109564800,4.420254630479651,0.003507862303044895
2009-11-27,81.76670837402344,0.0,109.56999969482422,0.0,110.31999969482422,108.29000091552734,108.4000015258789,0.0,126001800,4.403870172673947,-0.016384457805703967
2009-11-30,82.0428695678711,0.0,109.94000244140625,0.0,110.19999694824219,108.12000274658203,109.4800033569336,0.0,160874800,4.407241910260334,0.0033717375863870913
2009-12-01,83.0577621459961,0.0,111.30000305175781,0.0,111.66000366210938,110.7300033569336,110.91999816894531,0.0,159613700,4.4195362952198085,0.012294384959474769
2009-12-02,83.02044677734375,0.0,111.25,0.0,112.01000213623047,110.91999816894531,111.27999877929688,0.0,132315100,4.419086924173214,-0.0004493710465949263
2009-12-03,82.3712387084961,0.0,110.37999725341797,0.0,112.18000030517578,110.29000091552734,111.55000305175781,0.0,167324900,4.4112363311853064,-0.007850592987907135
2009-12-04,82.84136962890625,0.0,111.01000213623047,0.0,112.37999725341797,110.04000091552734,111.83999633789062,0.0,274907800,4.416927569815457,0.005691238630150863
2009-12-07,82.7144775390625,0.0,110.83999633789062,0.0,111.52999877929688,110.48999786376953,110.91000366210938,0.0,127973800,4.415394647640101,-0.0015329221753566102
2009-12-08,81.79657745361328,0.0,109.61000061035156,0.0,110.7699966430664,109.2699966430664,110.04000091552734,0.0,169863700,4.404235402312991,-0.011159245327109879
2009-12-09,82.1025619506836,0.0,110.0199966430664,0.0,110.18000030517578,109.0199966430664,109.58000183105469,0.0,155063400,4.407969221217351,0.0037338189043598646
2009-12-10,82.56522369384766,0.0,110.63999938964844,0.0,111.12000274658203,110.44999694824219,110.69999694824219,0.0,138014600,4.413588571217255,0.005619349999903989
2009-12-11,82.91595458984375,0.0,111.11000061035156,0.0,111.36000061035156,110.61000061035156,111.11000061035156,0.0,124854000,4.417827499472535,0.004238928255280605
2009-12-14,83.48312377929688,0.0,111.87000274658203,0.0,112.0,111.12999725341797,111.87000274658203,0.0,107141500,4.424644501002162,0.006817001529626943
2009-12-15,83.0950698852539,0.0,111.3499984741211,0.0,111.91999816894531,111.0,111.45999908447266,0.0,120408800,4.419985372607521,-0.004659128394640888
2009-12-16,83.221923828125,0.0,111.5199966430664,0.0,112.12999725341797,111.2699966430664,111.80000305175781,0.0,155358200,4.421510820664726,0.0015254480572046702
2009-12-17,82.22195434570312,0.0,110.18000030517578,0.0,110.93000030517578,110.08000183105469,110.72000122070312,0.0,183390100,4.409422350899024,-0.012088469765702214
2009-12-18,82.68711853027344,0.0,110.20999908447266,0.59,110.30000305175781,109.27999877929688,110.19999694824219,0.0,174591200,4.415063828474038,0.005641477575013987
2009-12-21,83.52740478515625,0.0,111.33000183105469,0.0,111.69999694824219,110.76000213623047,110.76000213623047,0.0,118039600,4.425174779030471,0.010110950556433629
2009-12-22,83.8275146484375,0.0,111.7300033569336,0.0,111.97000122070312,111.43000030517578,111.56999969482422,0.0,91707500,4.428761290690736,0.0035865116602646907
2009-12-23,83.99260711669922,0.0,111.94999694824219,0.0,112.11000061035156,111.5,112.0,0.0,111783100,4.430728784454676,0.001967493763939565
2009-12-24,84.39021301269531,0.0,112.4800033569336,0.0,112.5999984741211,112.0,112.19000244140625,0.0,39677500,4.43545143531286,0.004722650858184352
2009-12-28,84.57030487060547,0.0,112.72000122070312,0.0,112.98999786376953,112.31999969482422,112.9000015258789,0.0,87508500,4.4375831987374434,0.0021317634245834327
2009-12-29,84.45022583007812,0.0,112.55999755859375,0.0,113.02999877929688,112.55000305175781,113.01000213623047,0.0,80572500,4.436162317377861,-0.0014208813595821823
2009-12-30,84.42022705078125,0.0,112.5199966430664,0.0,112.6500015258789,112.16999816894531,112.2300033569336,0.0,73138400,4.435807029888538,-0.00035528748932289744
2009-12-31,83.60993957519531,0.0,111.44000244140625,0.0,112.80000305175781,111.38999938964844,112.7699966430664,0.0,90637900,4.426162407463408,-0.009644622425130756
2010-01-04,85.02792358398438,0.0,113.33000183105469,0.0,113.38999938964844,111.51000213623047,112.37000274658203,0.0,118944600,4.442979715294574,0.016817307831166417
2010-01-05,85.2530288696289,0.0,113.62999725341797,0.0,113.68000030517578,112.8499984741211,113.26000213623047,0.0,111579900,4.445623644794986,0.0026439295004117014
2010-01-06,85.31307983398438,0.0,113.70999908447266,0.0,113.98999786376953,113.43000030517578,113.5199966430664,0.0,116074400,4.44632778194501,0.0007041371500244864
2010-01-07,85.67315673828125,0.0,114.19000244140625,0.0,114.33000183105469,113.18000030517578,113.5,0.0,131091100,4.450539552948329,0.0042117710033187095
2010-01-08,85.95830535888672,0.0,114.56999969482422,0.0,114.62000274658203,113.66000366210938,113.88999938964844,0.0,126402800,4.453862357281315,0.003322804332985818
2010-01-11,86.07830047607422,0.0,114.7300033569336,0.0,115.12999725341797,114.23999786376953,115.08000183105469,0.0,106375700,4.455257352678538,0.0013949953972236528
2010-01-12,85.27555084228516,0.0,113.66000366210938,0.0,114.20999908447266,113.22000122070312,113.97000122070312,0.0,163333500,4.445887787882617,-0.009369564795921548
2010-01-13,85.99579620361328,0.0,114.62000274658203,0.0,114.94000244140625,113.37000274658203,113.94999694824219,0.0,161822000,4.454298413705441,0.008410625822824258
2010-01-14,86.22840118408203,0.0,114.93000030517578,0.0,115.13999938964844,114.41999816894531,114.48999786376953,0.0,115718800,4.45699960349676,0.0027011897913187255
2010-01-15,85.26052856445312,0.0,113.63999938964844,0.0,114.83999633789062,113.19999694824219,114.7300033569336,0.0,212283100,4.445711610760179,-0.01128799273658121
2010-01-19,86.32593536376953,0.0,115.05999755859375,0.0,115.12999725341797,113.58999633789062,113.62000274658203,0.0,139172700,4.458130078592617,0.01241846783243794
2010-01-20,85.44811248779297,0.0,113.88999938964844,0.0,114.44999694824219,112.9800033569336,114.27999877929688,0.0,216490200,4.447909320233876,-0.01022075835874059
2010-01-21,83.8050308227539,0.0,111.69999694824219,0.0,114.2699966430664,111.55999755859375,113.91999816894531,0.0,344859600,4.428493039370502,-0.01941628086337399
2010-01-22,81.93682098388672,0.0,109.20999908447266,0.0,111.73999786376953,109.08999633789062,111.19999694824219,0.0,345942400,4.405948474488961,-0.022544564881540552
2010-01-25,82.35698699951172,0.0,109.7699966430664,0.0,110.41000366210938,109.41000366210938,110.20999908447266,0.0,186937500,4.411063298191614,0.005114823702652593
2010-01-26,82.01187896728516,0.0,109.30999755859375,0.0,110.47000122070312,109.04000091552734,109.33999633789062,0.0,211168800,4.4068641022269635,-0.0041991959646505705
2010-01-27,82.40201568603516,0.0,109.83000183105469,0.0,110.08000183105469,108.33000183105469,109.16999816894531,0.0,271863600,4.411609898825396,0.004745796598432328
2010-01-28,81.45670318603516,0.0,108.56999969482422,0.0,110.25,107.91000366210938,110.19000244140625,0.0,316104000,4.4000716298328335,-0.011538268992562273
2010-01-29,80.57135009765625,0.0,107.38999938964844,0.0,109.80000305175781,107.22000122070312,109.04000091552734,0.0,310677600,4.389143128477012,-0.010928501355821574
2010-02-01,81.82433319091797,0.0,109.05999755859375,0.0,109.06999969482422,107.5,108.1500015258789,0.0,187865000,4.40457467114436,0.01543154266734792
2010-02-02,82.81466674804688,0.0,110.37999725341797,0.0,110.58999633789062,108.87999725341797,109.26000213623047,0.0,216327900,4.416605180342974,0.012030509198614148
2010-02-03,82.40201568603516,0.0,109.83000183105469,0.0,110.4800033569336,109.51000213623047,109.87999725341797,0.0,172730700,4.411609898825396,-0.004995281517578221
2010-02-04,79.85861206054688,0.0,106.44000244140625,0.0,109.02999877929688,106.41999816894531,108.9800033569336,0.0,356715700,4.380257721826482,-0.03135217699891335
2010-02-05,80.023681640625,0.0,106.66000366210938,0.0,106.87999725341797,104.58000183105469,106.55999755859375,0.0,493585800,4.382322611376268,0.0020648895497856756
2010-02-08,79.44593811035156,0.0,105.88999938964844,0.0,107.33000183105469,105.80999755859375,106.73999786376953,0.0,224166900,4.375076766570085,-0.007245844806183399
2010-02-09,80.44380187988281,0.0,107.22000122070312,0.0,108.1500015258789,106.2699966430664,107.12999725341797,0.0,337820500,4.387558827336581,0.012482060766496161
2010-02-10,80.28627014160156,0.0,107.01000213623047,0.0,107.5999984741211,106.11000061035156,107.05000305175781,0.0,240511500,4.385598624286316,-0.001960203050265008
2010-02-11,81.12657928466797,0.0,108.12999725341797,0.0,108.25,106.25,106.87000274658203,0.0,223591600,4.39601064213422,0.010412017847904131
2010-02-12,81.05903625488281,0.0,108.04000091552734,0.0,108.0999984741211,106.51000213623047,106.98999786376953,0.0,304622100,4.395177731848492,-0.0008329102857276283
2010-02-16,82.33450317382812,0.0,109.73999786376953,0.0,109.8499984741211,107.81999969482422,108.86000061035156,0.0,159317500,4.410790256447932,0.015612524599439404
2010-02-17,82.72460174560547,0.0,110.26000213623047,0.0,110.41000366210938,109.73999786376953,110.2699966430664,0.0,168845100,4.415517039599719,0.00472678315178765
2010-02-18,83.2123031616211,0.0,110.91000366210938,0.0,111.13999938964844,110.04000091552734,110.08000183105469,0.0,193708600,4.421395211433516,0.005878171833797019
2010-02-19,83.38488006591797,0.0,111.13999938964844,0.0,111.56999969482422,110.36000061035156,110.62000274658203,0.0,222684900,4.423466998755281,0.0020717873217641625
2010-02-22,83.39987182617188,0.0,111.16000366210938,0.0,111.58000183105469,110.83000183105469,111.55000305175781,0.0,132346900,4.423646772507068,0.00017977375178723776
2010-02-23,82.38704681396484,0.0,109.80999755859375,0.0,111.19999694824219,109.5199966430664,110.86000061035156,0.0,207497000,4.4114282256987405,-0.012218546808327346
2010-02-24,83.14480590820312,0.0,110.81999969482422,0.0,111.0,109.86000061035156,110.13999938964844,0.0,176350700,4.420583737159898,0.009155511461157673
2010-02-25,83.03224182128906,0.0,110.66999816894531,0.0,110.75,108.94000244140625,109.23999786376953,0.0,259634700,4.419228988045406,-0.001354749114492293
2010-02-26,83.08474731445312,0.0,110.73999786376953,0.0,111.12000274658203,110.11000061035156,110.7699966430664,0.0,173589300,4.419861138858947,0.0006321508135407328
2010-03-01,83.94757843017578,0.0,111.88999938964844,0.0,112.0,111.16999816894531,111.19999694824219,0.0,147709700,4.430192537725451,0.010331398866504138
2010-03-02,84.18017578125,0.0,112.19999694824219,0.0,112.73999786376953,112.0,112.37000274658203,0.0,160992400,4.432959451499546,0.0027669137740948813
2010-03-03,84.25515747070312,0.0,112.30000305175781,0.0,112.97000122070312,112.0199966430664,112.48999786376953,0.0,150785000,4.433849783628305,0.0008903321287592192
2010-03-04,84.51026916503906,0.0,112.63999938964844,0.0,112.80000305175781,112.02999877929688,112.44999694824219,0.0,135770400,4.436873055559472,0.0030232719311671374
2010-03-05,85.71821594238281,0.0,114.25,0.0,114.33999633789062,113.0999984741211,113.37000274658203,0.0,176118800,4.451065357770765,0.014192302211292862
2010-03-08,85.73320007324219,0.0,114.2699966430664,0.0,114.5199966430664,114.06999969482422,114.26000213623047,0.0,114631200,4.451240149338496,0.00017479156773081428
2010-03-09,85.87578582763672,0.0,114.45999908447266,0.0,114.98999786376953,113.87000274658203,113.93000030517578,0.0,154556700,4.4529019013319315,0.0016617519934358782
2010-03-10,86.25840759277344,0.0,114.97000122070312,0.0,115.27999877929688,114.41000366210938,114.51000213623047,0.0,186088800,4.457347530497171,0.004445629165239495
2010-03-11,86.6185073852539,0.0,115.44999694824219,0.0,115.4800033569336,114.3499984741211,114.69999694824219,0.0,160791100,4.461513503881535,0.0041659733843637525
2010-03-12,86.6259994506836,0.0,115.45999908447266,0.0,115.97000122070312,115.13999938964844,115.94999694824219,0.0,162074800,4.461599995113738,8.649123220294541e-05
2010-03-15,86.64852905273438,0.0,115.48999786376953,0.0,115.56999969482422,114.5999984741211,115.26000213623047,0.0,146816800,4.461860040284512,0.0002600451707746032
2010-03-16,87.33879089355469,0.0,116.41000366210938,0.0,116.5199966430664,115.48999786376953,115.80999755859375,0.0,168673000,4.46979470428807,0.007934664003557579
2010-03-17,87.8564682006836,0.0,117.0999984741211,0.0,117.4800033569336,116.41999816894531,116.76000213623047,0.0,177468100,4.475704439705111,0.005909735417040984
2010-03-18,87.81146240234375,0.0,117.04000091552734,0.0,117.2699966430664,116.56999969482422,117.11000061035156,0.0,196509100,4.475192043399536,-0.0005123963055746472
2010-03-19,87.36697387695312,0.0,115.97000122070312,0.48,117.29000091552734,115.5199966430664,115.97000122070312,0.0,226641100,4.470117337987992,-0.005074705411543867
2010-03-22,87.83406066894531,0.0,116.58999633789062,0.0,116.80000305175781,115.23999786376953,115.30999755859375,0.0,184477800,4.475449360139879,0.005332022151886662
2010-03-23,88.45182800292969,0.0,117.41000366210938,0.0,117.51000213623047,116.37999725341797,116.76000213623047,0.0,182941600,4.482458087468883,0.007008727329004039
2010-03-24,88.02239227294922,0.0,116.83999633789062,0.0,117.43000030517578,115.58000183105469,116.97000122070312,0.0,196072600,4.4775912397565,-0.004866847712382771
2010-03-25,87.8792724609375,0.0,116.6500015258789,0.0,118.16999816894531,116.51000213623047,117.62999725341797,0.0,223396300,4.47596396870355,-0.001627271052949908
2010-03-26,87.82652282714844,0.0,116.58000183105469,0.0,117.41999816894531,116.12000274658203,116.87000274658203,0.0,205808500,4.475363537337159,-0.0006004313663909855
2010-03-29,88.38400268554688,0.0,117.31999969482422,0.0,117.52999877929688,116.69000244140625,117.16999816894531,0.0,134513500,4.481690988171816,0.006327450834656467
2010-03-30,88.44428253173828,0.0,117.4000015258789,0.0,117.83000183105469,116.91000366210938,117.45999908447266,0.0,145772500,4.482372777835187,0.0006817896633712905
2010-03-31,88.1429214477539,0.0,117.0,0.0,117.5199966430664,116.61000061035156,116.94999694824219,0.0,161078700,4.478959604402932,-0.003413173432255334
2010-04-01,88.74559783935547,0.0,117.80000305175781,0.0,118.25,117.0999984741211,117.80000305175781,0.0,161215200,4.485773825315236,0.006814220912303881
2010-04-05,89.46883392333984,0.0,118.76000213623047,0.0,118.83999633789062,117.91999816894531,118.25,0.0,105847600,4.493890340316417,0.00811651500118149
2010-04-06,89.6797866821289,0.0,119.04000091552734,0.0,119.25,118.29000091552734,118.41999816894531,0.0,110384200,4.496245400105064,0.002355059788646585
2010-04-07,89.1675033569336,0.0,118.36000061035156,0.0,119.36000061035156,117.80999755859375,118.80000305175781,0.0,184576300,4.490516661066173,-0.005728739038890929
2010-04-08,89.47634887695312,0.0,118.7699966430664,0.0,118.97000122070312,117.5999984741211,117.94999694824219,0.0,158704000,4.493974332000351,0.0034576709341784806
2010-04-09,90.06401062011719,0.0,119.55000305175781,0.0,119.5999984741211,118.80000305175781,119.0199966430664,0.0,133006500,4.500520646639114,0.006546314638762318
2010-04-12,90.20711517333984,0.0,119.73999786376953,0.0,120.05000305175781,119.55999755859375,119.69999694824219,0.0,110279000,4.502108306145345,0.0015876595062316312
2010-04-13,90.27493286132812,0.0,119.83000183105469,0.0,120.04000091552734,119.0,119.62000274658203,0.0,125043600,4.502859823450458,0.0007515173051126922
2010-04-14,91.29952239990234,0.0,121.19000244140625,0.0,121.19000244140625,120.08000183105469,120.2699966430664,0.0,161609000,4.514145556479928,0.011285733029470002
2010-04-15,91.37482452392578,0.0,121.29000091552734,0.0,121.56999969482422,120.94999694824219,120.98999786376953,0.0,144615300,4.5149699976733055,0.0008244411933775453
2010-04-16,89.9208755493164,0.0,119.36000061035156,0.0,121.29000091552734,118.75,120.86000061035156,0.0,366786700,4.498930123078809,-0.016039874594496517
2010-04-19,90.25985717773438,0.0,119.80999755859375,0.0,119.93000030517578,118.47000122070312,119.01000213623047,0.0,217947800,4.502692812054754,0.0037626889759447835
2010-04-20,91.06597900390625,0.0,120.87999725341797,0.0,120.9800033569336,119.87000274658203,120.55999755859375,0.0,157708000,4.511584287798399,0.008891475743645572
2010-04-21,90.90019989013672,0.0,120.66000366210938,0.0,121.2300033569336,119.98999786376953,120.94999694824219,0.0,192910100,4.50976220019242,-0.001822087605979128
2010-04-22,91.17142486572266,0.0,121.0199966430664,0.0,121.16999816894531,119.12000274658203,119.80999755859375,0.0,115360300,4.5127415241433555,0.002979323950935253
2010-04-23,91.76658630371094,0.0,121.80999755859375,0.0,121.86000061035156,120.62999725341797,120.94000244140625,0.0,177335500,4.519248247748622,0.006506723605266274
2010-04-26,91.42002868652344,0.0,121.3499984741211,0.0,122.12000274658203,121.2300033569336,121.8499984741211,0.0,143457300,4.515464586691817,-0.0037836610568051654
2010-04-27,89.25789642333984,0.0,118.4800033569336,0.0,121.33999633789062,118.25,120.6500015258789,0.0,355853300,4.491529892077576,-0.02393469461424047
2010-04-28,89.9358901977539,0.0,119.37999725341797,0.0,119.68000030517578,118.2699966430664,119.05000305175781,0.0,300674100,4.499097085365826,0.0075671932882501736
2010-04-29,91.05091094970703,0.0,120.86000061035156,0.0,121.11000061035156,120.06999969482422,120.0999984741211,0.0,193775000,4.51141881106269,0.012321725696863517
2010-04-30,89.5064926147461,0.0,118.80999755859375,0.0,121.01000213623047,118.77999877929688,120.87999725341797,0.0,270000900,4.494311165831201,-0.01710764523148889
2010-05-03,90.66668701171875,0.0,120.3499984741211,0.0,120.68000030517578,119.19999694824219,119.37999725341797,0.0,182747900,4.50719000202182,0.012878836190618692
2010-05-04,88.5346908569336,0.0,117.5199966430664,0.0,119.02999877929688,116.91999816894531,119.01000213623047,0.0,360353400,4.483394462291013,-0.023795539730806503
2010-05-05,88.00731658935547,0.0,116.81999969482422,0.0,117.80000305175781,115.97000122070312,116.55999755859375,0.0,328973200,4.477419954082872,-0.0059745082081414935
2010-05-06,85.08428955078125,0.0,112.94000244140625,0.0,117.0,105.0,116.26000213623047,0.0,647356600,4.443642406912313,-0.033777547170558364
2010-05-07,83.81864929199219,0.0,111.26000213623047,0.0,113.7699966430664,109.41000366210938,112.63999938964844,0.0,637558800,4.42865552797902,-0.014986878933293646
2010-05-10,87.51012420654297,0.0,116.16000366210938,0.0,116.6500015258789,114.91000366210938,115.80999755859375,0.0,396159600,4.471754491887871,0.04309896390885104
2010-05-11,87.26148986816406,0.0,115.83000183105469,0.0,117.36000061035156,114.91000366210938,115.06999969482422,0.0,317849800,4.468909241445696,-0.0028452504421743186
2010-05-12,88.48193359375,0.0,117.44999694824219,0.0,117.62000274658203,116.08999633789062,116.29000091552734,0.0,235607100,4.4827983909908244,0.013889149545128099
2010-05-13,87.38203430175781,0.0,115.98999786376953,0.0,117.68000030517578,115.88999938964844,117.12999725341797,0.0,234452500,4.47028970434359,-0.01250868664723459
2010-05-14,85.80000305175781,0.0,113.88999938964844,0.0,115.33000183105469,112.87000274658203,115.12000274658203,0.0,345601400,4.452019042062189,-0.018270662281400618
2010-05-17,85.84516906738281,0.0,113.94999694824219,0.0,114.5199966430664,111.7699966430664,114.19999694824219,0.0,325739800,4.452545313976625,0.0005262719144356609
2010-05-18,84.67748260498047,0.0,112.4000015258789,0.0,115.22000122070312,112.02999877929688,114.87999725341797,0.0,360556800,4.438849717494354,-0.013695596482270922
2010-05-19,84.1953125,0.0,111.76000213623047,0.0,112.7699966430664,110.36000061035156,111.7699966430664,0.0,394742700,4.4331392486772145,-0.005710468817139436
2010-05-20,81.0161361694336,0.0,107.54000091552734,0.0,109.88999938964844,107.47000122070312,109.37999725341797,0.0,530418300,4.394648346800685,-0.03849090187652937
2010-05-21,82.19895935058594,0.0,109.11000061035156,0.0,109.37999725341797,105.36000061035156,105.91000366210938,0.0,500909400,4.409142642013455,0.014494295212769792
2010-05-24,81.14422607421875,0.0,107.70999908447266,0.0,109.38999938964844,107.61000061035156,108.5199966430664,0.0,269823000,4.396228140156508,-0.012914501856946536
2010-05-25,81.22712707519531,0.0,107.81999969482422,0.0,107.87000274658203,104.37999725341797,105.11000061035156,0.0,396505200,4.3972492686569735,0.001021128500465096
2010-05-26,80.73739624023438,0.0,107.16999816894531,0.0,109.47000122070312,106.8499984741211,108.4800033569336,0.0,349719300,4.391201866208168,-0.006047402448805528
2010-05-27,83.4419937133789,0.0,110.76000213623047,0.0,110.80000305175781,108.77999877929688,109.19000244140625,0.0,300870500,4.424151704383318,0.03294983817515007
2010-05-28,82.39479064941406,0.0,109.37000274658203,0.0,110.72000122070312,108.8499984741211,110.63999938964844,0.0,297933500,4.411522214642839,-0.012629489740478839
2010-06-01,81.00859832763672,0.0,107.52999877929688,0.0,109.94999694824219,107.37000274658203,108.3499984741211,0.0,277909400,4.3945553012317395,-0.016966913411099682
2010-06-02,83.11801147460938,0.0,110.33000183105469,0.0,110.33999633789062,107.51000213623047,108.08000183105469,0.0,240243700,4.420261422955827,0.02570612172408726
2010-06-03,83.4042739868164,0.0,110.70999908447266,0.0,111.05999755859375,109.58000183105469,110.6500015258789,0.0,226618300,4.423699554895948,0.003438131940121103
2010-06-04,80.4737548828125,0.0,106.81999969482422,0.0,109.33000183105469,106.45999908447266,108.61000061035156,0.0,398475600,4.387931104965923,-0.035768449930024815
2010-06-07,79.4718017578125,0.0,105.48999786376953,0.0,107.61000061035156,105.41000366210938,107.19999694824219,0.0,264609100,4.3754022638709,-0.012528841095023502
2010-06-08,80.32305145263672,0.0,106.62000274658203,0.0,106.83000183105469,104.6500015258789,105.56999969482422,0.0,357774300,4.386056646414958,0.010654382544058372
2010-06-09,79.89366912841797,0.0,106.05000305175781,0.0,108.27999877929688,105.5999984741211,107.23999786376953,0.0,268023300,4.380696614694527,-0.005360031720431202
2010-06-10,82.22904968261719,0.0,109.1500015258789,0.0,109.27999877929688,106.04000091552734,107.86000061035156,0.0,317890600,4.409508642095121,0.028812027400594076
2010-06-11,82.62834930419922,0.0,109.68000030517578,0.0,109.75,108.12000274658203,108.19000244140625,0.0,214128200,4.41435283355844,0.0048441914633192695
2010-06-14,82.50027465820312,0.0,109.51000213623047,0.0,111.12000274658203,109.4000015258789,110.5199966430664,0.0,207196100,4.412801622525435,-0.001551211033005373
2010-06-15,84.37613677978516,0.0,112.0,0.0,112.0999984741211,110.08999633789062,110.27999877929688,0.0,238268700,4.435284622047536,0.022482999522101643
2010-06-16,84.34601593017578,0.0,111.95999908447266,0.0,112.41999816894531,111.19999694824219,111.41999816894531,0.0,216374000,4.434927575276315,-0.0003570467712217251
2010-06-17,84.48162078857422,0.0,112.13999938964844,0.0,112.33000183105469,111.05000305175781,112.27999877929688,0.0,263185800,4.436534005244725,0.0016064299684099836
2010-06-18,84.57319641113281,0.0,111.7300033569336,0.531,112.12999725341797,111.37000274658203,111.83000183105469,0.0,174006600,4.437617389120233,0.0010833838755086589
2010-06-21,84.3309555053711,0.0,111.41000366210938,0.0,113.19999694824219,110.79000091552734,113.12000274658203,0.0,213140700,4.4347490040734225,-0.002868385046810751
2010-06-22,82.93818664550781,0.0,109.56999969482422,0.0,111.9000015258789,109.41000366210938,111.41000366210938,0.0,239355400,4.418095591129839,-0.016653412943583135
2010-06-23,82.68086242675781,0.0,109.2300033569336,0.0,110.02999877929688,108.4800033569336,109.63999938964844,0.0,254639900,4.414988165658511,-0.0031074254713283622
2010-06-24,81.31077575683594,0.0,107.41999816894531,0.0,108.83000183105469,107.13999938964844,108.69000244140625,0.0,268523600,4.398278550905213,-0.016709614753297686
2010-06-25,81.65142822265625,0.0,107.87000274658203,0.0,108.41999816894531,106.7699966430664,107.73999786376953,0.0,238726500,4.402459311273978,0.004180760368764247
2010-06-28,81.39401245117188,0.0,107.52999877929688,0.0,108.31999969482422,107.13999938964844,108.02999877929688,0.0,169218600,4.399301713192127,-0.0031575980818505656
2010-06-29,78.88097381591797,0.0,104.20999908447266,0.0,107.51000213623047,103.55000305175781,106.0199966430664,0.0,373649500,4.3679400557546595,-0.03136165743746755
2010-06-30,78.131591796875,0.0,103.22000122070312,0.0,104.87999725341797,102.87999725341797,103.91999816894531,0.0,284101700,4.358394479497195,-0.009545576257464106
2010-07-01,77.78341674804688,0.0,102.76000213623047,0.0,103.48999786376953,101.12999725341797,103.1500015258789,0.0,382924800,4.353928256125428,-0.004466223371767164
2010-07-02,77.3595199584961,0.0,102.19999694824219,0.0,103.41999816894531,101.62000274658203,103.11000061035156,0.0,233385200,4.348463645832302,-0.005464610293126171
2010-07-06,77.86668395996094,0.0,102.87000274658203,0.0,104.37000274658203,101.87999725341797,103.63999938964844,0.0,256935300,4.354998184374477,0.006534538542174673
2010-07-07,80.31918334960938,0.0,106.11000061035156,0.0,106.23999786376953,103.0199966430664,103.12999725341797,0.0,253769400,4.3860084884316874,0.031010304057210725
2010-07-08,81.11397552490234,0.0,107.16000366210938,0.0,107.27999877929688,105.91000366210938,107.0,0.0,210842100,4.395855270873246,0.009846782441558233
2010-07-09,81.71955108642578,0.0,107.95999908447266,0.0,107.97000122070312,106.93000030517578,107.12999725341797,0.0,144999900,4.403293276620894,0.007438005747648191
2010-07-12,81.77249908447266,0.0,108.02999877929688,0.0,108.23999786376953,107.1500015258789,107.5999984741211,0.0,131283600,4.403940990070479,0.0006477134495854742
2010-07-13,83.00634765625,0.0,109.66000366210938,0.0,110.08999633789062,108.93000030517578,109.1500015258789,0.0,213025900,4.418917082658465,0.014976092587986045
2010-07-14,82.99877166748047,0.0,109.6500015258789,0.0,110.08000183105469,108.86000061035156,109.30999755859375,0.0,184426800,4.418825808500107,-9.127415835852304e-05
2010-07-15,83.0214614868164,0.0,109.68000030517578,0.0,110.05999755859375,108.16999816894531,109.61000061035156,0.0,232337900,4.419099146502904,0.00027333800279727427
2010-07-16,80.73551940917969,0.0,106.66000366210938,0.0,109.20999908447266,106.44999694824219,109.08999633789062,0.0,282693400,4.391178619819791,-0.027920526683113067
2010-07-19,81.2123794555664,0.0,107.29000091552734,0.0,107.62999725341797,106.22000122070312,107.05000305175781,0.0,186709000,4.397067691896684,0.00588907207689271
2010-07-20,82.11312103271484,0.0,108.4800033569336,0.0,108.55999755859375,105.81999969482422,105.87000274658203,0.0,258162400,4.408097821383351,0.011030129486667484
2010-07-21,81.0458755493164,0.0,107.06999969482422,0.0,109.06999969482422,106.62999725341797,109.04000091552734,0.0,264527000,4.395015359154799,-0.013082462228552139
2010-07-22,82.85494995117188,0.0,109.45999908447266,0.0,109.94000244140625,108.33000183105469,108.33999633789062,0.0,274781300,4.417091488028372,0.022076128873572465
2010-07-23,83.57402038574219,0.0,110.41000366210938,0.0,110.56999969482422,108.93000030517578,109.23999786376953,0.0,222020800,4.425732710858372,0.008641222830000572
2010-07-26,84.44449615478516,0.0,111.55999755859375,0.0,111.66999816894531,110.29000091552734,110.5999984741211,0.0,184445700,4.436094468303268,0.010361757444895758
2010-07-27,84.43694305419922,0.0,111.55000305175781,0.0,112.29000091552734,111.11000061035156,112.16999816894531,0.0,204855600,4.436005019745435,-8.944855783266092e-05
2010-07-28,83.8919677734375,0.0,110.83000183105469,0.0,111.66000366210938,110.45999908447266,111.31999969482422,0.0,163056200,4.429529873174323,-0.006475146571112589
2010-07-29,83.48320007324219,0.0,110.29000091552734,0.0,111.81999969482422,109.41000366210938,111.5199966430664,0.0,220149100,4.4246454148863945,-0.004884458287928162
2010-07-30,83.46803283691406,0.0,110.2699966430664,0.0,110.86000061035156,108.9800033569336,109.16999816894531,0.0,220070600,4.424463718278283,-0.0001816966081111815
2010-08-02,85.35285949707031,0.0,112.76000213623047,0.0,112.94000244140625,111.54000091552734,111.98999786376953,0.0,188263200,4.4467939518669315,0.022330233588648163
2010-08-03,84.944091796875,0.0,112.22000122070312,0.0,112.7699966430664,111.8499984741211,112.4800033569336,0.0,146657300,4.441993296515942,-0.004800655350989835
2010-08-04,85.5118179321289,0.0,112.97000122070312,0.0,113.11000061035156,112.16000366210938,112.52999877929688,0.0,158171700,4.448654587819421,0.006661291303479366
2010-08-05,85.42098236083984,0.0,112.8499984741211,0.0,112.91000366210938,112.08000183105469,112.25,0.0,140473800,4.447591765708229,-0.0010628221111916858
2010-08-06,85.07275390625,0.0,112.38999938964844,0.0,112.56999969482422,110.91999816894531,111.73999786376953,0.0,239728300,4.443506818701392,-0.004084947006837147
2010-08-09,85.52694702148438,0.0,112.98999786376953,0.0,113.18000030517578,112.31999969482422,112.91999816894531,0.0,120800400,4.448831496129055,0.0053246774276631825
2010-08-10,85.0652084350586,0.0,112.37999725341797,0.0,112.9800033569336,111.37000274658203,112.02999877929688,0.0,242916300,4.443418120434497,-0.00541337569455802
2010-08-11,82.73384857177734,0.0,109.30000305175781,0.0,110.69000244140625,109.12000274658203,110.6500015258789,0.0,273406900,4.415628811783779,-0.027789308650718603
2010-08-12,82.22671508789062,0.0,108.62999725341797,0.0,109.0199966430664,107.5999984741211,107.6500015258789,0.0,239542600,4.409480250329956,-0.0061485614538225875
2010-08-13,81.98444366455078,0.0,108.30999755859375,0.0,108.95999908447266,108.18000030517578,108.29000091552734,0.0,158698500,4.406529517858851,-0.002950732471105333
2010-08-16,81.94660186767578,0.0,108.26000213623047,0.0,108.61000061035156,107.18000030517578,107.56999969482422,0.0,147895300,4.406067838407904,-0.0004616794509466615
2010-08-17,82.95333862304688,0.0,109.58999633789062,0.0,110.38999938964844,108.87999725341797,109.19000244140625,0.0,172270300,4.418278264446715,0.012210426038810951
2010-08-18,83.10474395751953,0.0,109.79000091552734,0.0,110.37999725341797,108.91000366210938,109.54000091552734,0.0,182922100,4.420101787566755,0.0018235231200396385
2010-08-19,81.65897369384766,0.0,107.87999725341797,0.0,109.48999786376953,107.43000030517578,109.22000122070312,0.0,265847600,4.402551717772378,-0.017550069794376455
2010-08-20,81.39401245117188,0.0,107.52999877929688,0.0,107.94000244140625,106.75,107.55999755859375,0.0,209714200,4.399301713192127,-0.0032500045802512645
2010-08-23,81.08370208740234,0.0,107.12000274658203,0.0,108.56999969482422,107.06999969482422,108.04000091552734,0.0,163490300,4.395481980228186,-0.0038197329639411137
2010-08-24,79.88014221191406,0.0,105.52999877929688,0.0,106.38999938964844,104.97000122070312,105.94999694824219,0.0,280677800,4.3805272888654345,-0.014954691362751404
2010-08-25,80.19052124023438,0.0,105.94000244140625,0.0,106.33999633789062,104.29000091552734,104.94999694824219,0.0,272234800,4.384405318863086,0.003878029997651744
2010-08-26,79.65306091308594,0.0,105.2300033569336,0.0,106.58000183105469,104.87999725341797,106.44000244140625,0.0,224439500,4.377680465160486,-0.006724853702600342
2010-08-27,80.88687896728516,0.0,106.86000061035156,0.0,106.97000122070312,104.30999755859375,105.88999938964844,0.0,272649000,4.393051622619837,0.015371157459351359
2010-08-30,79.713623046875,0.0,105.30999755859375,0.0,106.91000366210938,105.30000305175781,106.58000183105469,0.0,167238600,4.37844050025941,-0.014611122360427053
2010-08-31,79.713623046875,0.0,105.30999755859375,0.0,105.9800033569336,104.48999786376953,104.91999816894531,0.0,273933100,4.37844050025941,0.0
2010-09-01,82.0980224609375,0.0,108.45999908447266,0.0,108.61000061035156,106.66000366210938,106.7300033569336,0.0,256828100,4.407913929212593,0.029473428953182612
2010-09-02,82.86251068115234,0.0,109.47000122070312,0.0,109.48999786376953,108.48999786376953,108.72000122070312,0.0,156112200,4.417182736469627,0.009268807257034162
2010-09-03,83.93736267089844,0.0,110.88999938964844,0.0,110.98999786376953,109.94999694824219,110.54000091552734,0.0,212197300,4.430070838194534,0.012888101724906953
2010-09-07,82.99120330810547,0.0,109.63999938964844,0.0,110.51000213623047,109.55000305175781,110.37000274658203,0.0,141973700,4.418734617940179,-0.011336220254355212
2010-09-08,83.57402038574219,0.0,110.41000366210938,0.0,110.8499984741211,109.80999755859375,109.86000061035156,0.0,149924400,4.425732710858372,0.0069980929181934215
2010-09-09,83.96006774902344,0.0,110.91999816894531,0.0,111.68000030517578,110.62000274658203,111.6500015258789,0.0,147017900,4.430341301872348,0.004608591013975705
2010-09-10,84.38397216796875,0.0,111.4800033569336,0.0,111.61000061035156,110.87000274658203,111.12000274658203,0.0,127819000,4.435377480344892,0.005036178472543895
2010-09-13,85.32257843017578,0.0,112.72000122070312,0.0,112.94999694824219,112.12999725341797,112.58000183105469,0.0,178503500,4.446439113847121,0.011061633502229107
2010-09-14,85.26959228515625,0.0,112.6500015258789,0.0,113.29000091552734,112.08000183105469,112.5,0.0,209823600,4.445817911285464,-0.0006212025616569861
2010-09-15,85.59508514404297,0.0,113.08000183105469,0.0,113.20999908447266,111.9800033569336,112.31999969482422,0.0,168608400,4.449627864957749,0.0038099536722855376
2010-09-16,85.57235717773438,0.0,113.05000305175781,0.0,113.12000274658203,112.3499984741211,112.7300033569336,0.0,199962900,4.449362300827867,-0.000265564129882101
2010-09-17,85.60433197021484,0.0,112.48999786376953,0.602,113.1500015258789,112.18000030517578,113.04000091552734,0.0,195836900,4.449735888995877,0.0003735881680100306
2010-09-20,86.91322326660156,0.0,114.20999908447266,0.0,114.45999908447266,112.5199966430664,112.87999725341797,0.0,214555200,4.464910187169329,0.015174298173451284
2010-09-21,86.73820495605469,0.0,113.9800033569336,0.0,114.83999633789062,113.51000213623047,114.30000305175781,0.0,268389100,4.462894443658323,-0.002015743511005752
2010-09-22,86.31208038330078,0.0,113.41999816894531,0.0,114.44000244140625,113.0999984741211,113.80000305175781,0.0,191322400,4.45796956955944,-0.004924874098882981
2010-09-23,85.6119384765625,0.0,112.5,0.0,113.66999816894531,112.18000030517578,112.48999786376953,0.0,202354300,4.449824741607054,-0.00814482795238547
2010-09-24,87.37743377685547,0.0,114.81999969482422,0.0,114.9000015258789,113.6500015258789,113.75,0.0,209671800,4.47023705455066,0.02041231294360557
2010-09-27,86.9588851928711,0.0,114.2699966430664,0.0,114.98999786376953,114.16000366210938,114.86000061035156,0.0,128761800,4.465435422961589,-0.00480163158907132
2010-09-28,87.26329040527344,0.0,114.66999816894531,0.0,115.04000091552734,113.18000030517578,114.41999816894531,0.0,209207500,4.468929875044049,0.003494452082460242
2010-09-29,87.111083984375,0.0,114.47000122070312,0.0,114.91000366210938,114.0199966430664,114.37999725341797,0.0,179665800,4.467184131610281,-0.0017457434337675437
2010-09-30,86.85234832763672,0.0,114.12999725341797,0.0,115.79000091552734,113.58999633789062,115.05000305175781,0.0,287106700,4.464209531212033,-0.0029746003982484837
2010-10-01,87.21761322021484,0.0,114.61000061035156,0.0,115.12000274658203,113.93000030517578,114.98999786376953,0.0,174638700,4.468406296988767,0.004196765776733891
2010-10-04,86.56318664550781,0.0,113.75,0.0,114.8499984741211,113.18000030517578,114.37000274658203,0.0,166153200,4.4608746287170735,-0.00753166827169327
2010-10-05,88.30583953857422,0.0,116.04000091552734,0.0,116.31999969482422,114.66999816894531,114.80000305175781,0.0,229634100,4.480806238362914,0.019931609645840176
2010-10-06,88.29823303222656,0.0,116.02999877929688,0.0,116.33000183105469,115.55999755859375,116.0199966430664,0.0,148626600,4.480720096449631,-8.614191328248921e-05
2010-10-07,88.19172668457031,0.0,115.88999938964844,0.0,116.52999877929688,115.19000244140625,116.5,0.0,164860000,4.479513156850844,-0.001206939598787038
2010-10-08,88.68636322021484,0.0,116.54000091552734,0.0,116.86000061035156,115.61000061035156,116.05000305175781,0.0,177760100,4.485106137025172,0.005592980174327522
2010-10-11,88.77005767822266,0.0,116.6500015258789,0.0,116.97000122070312,116.25,116.72000122070312,0.0,103098300,4.486049404829061,0.0009432678038896469
2010-10-12,89.04402923583984,0.0,117.01000213623047,0.0,117.3499984741211,115.6500015258789,116.2699966430664,0.0,182210000,4.489130957918291,0.0030815530892294163
2010-10-13,89.73649597167969,0.0,117.91999816894531,0.0,118.55000305175781,117.37999725341797,117.66000366210938,0.0,194347200,4.496877553336649,0.007746595418358204
2010-10-14,89.38645935058594,0.0,117.45999908447266,0.0,118.01000213623047,116.72000122070312,117.80999755859375,0.0,217764300,4.49296920930519,-0.003908344031459343
2010-10-15,89.56910705566406,0.0,117.69999694824219,0.0,118.3499984741211,116.76000213623047,118.27999877929688,0.0,243705000,4.495010473202891,0.0020412638977012065
2010-10-18,90.010498046875,0.0,118.27999877929688,0.0,118.66999816894531,117.30999755859375,117.73999786376953,0.0,141204800,4.499926308493047,0.0049158352901566005
2010-10-19,88.83092498779297,0.0,116.7300033569336,0.0,117.8499984741211,116.0199966430664,117.19000244140625,0.0,280604700,4.486734843738685,-0.013191464754362059
2010-10-20,89.69847869873047,0.0,117.87000274658203,0.0,118.44000244140625,116.87000274658203,116.94000244140625,0.0,200051800,4.496453809040556,0.009718965301870774
2010-10-21,89.89632415771484,0.0,118.12999725341797,0.0,119.08999633789062,117.20999908447266,118.4000015258789,0.0,221585500,4.498657052518327,0.002203243477771011
2010-10-22,90.06376647949219,0.0,118.3499984741211,0.0,118.52999877929688,118.0,118.30999755859375,0.0,108212400,4.500517935889789,0.0018608833714619522
2010-10-25,90.3301010131836,0.0,118.69999694824219,0.0,119.76000213623047,118.61000061035156,119.13999938964844,0.0,151145700,4.503470749429516,0.002952813539726762
2010-10-26,90.34534454345703,0.0,118.72000122070312,0.0,118.83999633789062,117.87000274658203,118.0999984741211,0.0,158982900,4.503639488798196,0.00016873936868044837
2010-10-27,90.08657836914062,0.0,118.37999725341797,0.0,118.51000213623047,117.26000213623047,117.88999938964844,0.0,190024000,4.500771189801566,-0.002868298996630436
2010-10-28,90.10179901123047,0.0,118.4000015258789,0.0,119.11000061035156,117.83000183105469,119.05999755859375,0.0,168576000,4.500940131243265,0.00016894144169921077
2010-10-29,90.17027282714844,0.0,118.48999786376953,0.0,118.72000122070312,118.06999969482422,118.27999877929688,0.0,144305500,4.501699803204792,0.0007596719615268199
2010-11-01,90.20073699951172,0.0,118.52999877929688,0.0,119.75,117.8499984741211,119.06999969482422,0.0,174074800,4.5020375977614915,0.0003377945566995777
2010-11-02,90.91606140136719,0.0,119.47000122070312,0.0,119.75,119.0999984741211,119.41999816894531,0.0,158345900,4.509936678659396,0.007899080897904476
2010-11-03,91.28136444091797,0.0,119.94999694824219,0.0,120.0199966430664,118.44999694824219,119.68000030517578,0.0,226702800,4.513946653304919,0.004009974645523329
2010-11-04,93.03923034667969,0.0,122.26000213623047,0.0,122.31999969482422,119.97000122070312,121.27999877929688,0.0,215039400,4.5330212358920114,0.01907458258709216
2010-11-05,93.3893051147461,0.0,122.72000122070312,0.0,122.91999816894531,122.18000030517578,122.33999633789062,0.0,180654100,4.536776832412352,0.0037555965203406316
2010-11-08,93.21428680419922,0.0,122.48999786376953,0.0,122.69000244140625,121.94000244140625,122.33999633789062,0.0,156107100,4.534901001834093,-0.001875830578258686
2010-11-09,92.54460906982422,0.0,121.61000061035156,0.0,122.94999694824219,121.12000274658203,122.81999969482422,0.0,186621600,4.527690788482612,-0.007210213351481087
2010-11-10,92.91749572753906,0.0,122.0999984741211,0.0,122.16000366210938,120.66000366210938,121.58000183105469,0.0,221387400,4.531711956694635,0.004021168212022808
2010-11-11,92.56742858886719,0.0,121.63999938964844,0.0,121.81999969482422,120.68000030517578,121.05000305175781,0.0,158017600,4.527937336675233,-0.0037746200194019863
2010-11-12,91.47160339355469,0.0,120.19999694824219,0.0,121.3499984741211,119.6500015258789,120.81999969482422,0.0,239068800,4.516028578688736,-0.01190875798649671
2010-11-15,91.34223175048828,0.0,120.02999877929688,0.0,121.05000305175781,119.9800033569336,120.58000183105469,0.0,163940800,4.514613240899223,-0.0014153377895134156
2010-11-16,89.919189453125,0.0,118.16000366210938,0.0,119.48999786376953,117.58999633789062,119.29000091552734,0.0,299566200,4.498911372015842,-0.01570186888338121
2010-11-17,89.96485137939453,0.0,118.22000122070312,0.0,118.70999908447266,117.86000061035156,118.20999908447266,0.0,172308900,4.499419053820619,0.0005076818047768938
2010-11-18,91.28895568847656,0.0,119.95999908447266,0.0,120.38999938964844,119.3499984741211,119.36000061035156,0.0,197723700,4.514029813016285,0.014610759195666567
2010-11-19,91.54010772705078,0.0,120.29000091552734,0.0,120.33999633789062,119.25,119.9000015258789,0.0,156852900,4.5167772120551595,0.002747399038874221
2010-11-22,91.4640121459961,0.0,120.19000244140625,0.0,120.23999786376953,118.7699966430664,119.69000244140625,0.0,181361000,4.515945585035034,-0.0008316270201254028
2010-11-23,90.13985443115234,0.0,118.44999694824219,0.0,119.0199966430664,117.98999786376953,118.7699966430664,0.0,222309000,4.5013624023416545,-0.014583182693379548
2010-11-24,91.47160339355469,0.0,120.19999694824219,0.0,120.2300033569336,119.18000030517578,119.19999694824219,0.0,140046100,4.516028578688736,0.014666176347081894
2010-11-26,90.40620422363281,0.0,118.80000305175781,0.0,119.80999755859375,118.80000305175781,119.16000366210938,0.0,76007800,4.504312895835544,-0.011715682853192355
2010-11-29,90.68019104003906,0.0,119.16000366210938,0.0,119.4800033569336,117.73999786376953,118.5,0.0,223642300,4.507338932386547,0.0030260365510033083
2010-11-30,90.17027282714844,0.0,118.48999786376953,0.0,119.16999816894531,117.80999755859375,117.9800033569336,0.0,233930700,4.501699803204792,-0.0056391291817554645
2010-12-01,92.08800506591797,0.0,121.01000213623047,0.0,121.23999786376953,120.19000244140625,120.19999694824219,0.0,221037200,4.522744696624465,0.021044893419673194
2010-12-02,93.26757049560547,0.0,122.55999755859375,0.0,122.6500015258789,121.12999725341797,121.19999694824219,0.0,191213600,4.535472464319805,0.01272776769534012
2010-12-03,93.5186538696289,0.0,122.88999938964844,0.0,123.02999877929688,122.11000061035156,122.13999938964844,0.0,151288900,4.538160923022888,0.0026884587030826523
2010-12-06,93.41971588134766,0.0,122.76000213623047,0.0,123.04000091552734,122.5,122.62999725341797,0.0,103050500,4.537102413764988,-0.0010585092579002975
2010-12-07,93.47303009033203,0.0,122.83000183105469,0.0,124.01000213623047,122.76000213623047,123.94000244140625,0.0,206581000,4.537672946453705,0.000570532688717762
2010-12-08,93.81546020507812,0.0,123.27999877929688,0.0,123.37999725341797,122.41000366210938,122.9800033569336,0.0,138019200,4.541329663380359,0.0036567169266534805
2010-12-09,94.18074798583984,0.0,123.76000213623047,0.0,124.0199966430664,123.1500015258789,123.97000122070312,0.0,123705100,4.545215786871785,0.003886123491426474
2010-12-10,94.7286605834961,0.0,124.4800033569336,0.0,124.5999984741211,123.7300033569336,124.13999938964844,0.0,117571700,4.551016600480991,0.005800813609205591
2010-12-13,94.78955078125,0.0,124.55999755859375,0.0,125.19999694824219,124.5199966430664,125.05000305175781,0.0,133812700,4.551659179359407,0.0006425788784163444
2010-12-14,94.87322998046875,0.0,124.66999816894531,0.0,125.2300033569336,124.29000091552734,124.75,0.0,147249600,4.552541579209417,0.0008823998500098185
2010-12-15,94.43944549560547,0.0,124.0999984741211,0.0,124.93000030517578,123.88999938964844,124.44000244140625,0.0,160823100,4.547958840700768,-0.004582738508648987
2010-12-16,94.9874038696289,0.0,124.81999969482422,0.0,124.91000366210938,123.75,124.18000030517578,0.0,185035200,4.553744291963586,0.005785451262817709
2010-12-17,95.08914947509766,0.0,124.30000305175781,0.653,124.45999908447266,123.81999969482422,124.08000183105469,0.0,141075300,4.554814867091303,0.0010705751277173547
2010-12-20,95.31867218017578,0.0,124.5999984741211,0.0,124.9000015258789,123.9800033569336,124.63999938964844,0.0,119085500,4.557225722005272,0.002410854913969196
2010-12-21,95.92300415039062,0.0,125.38999938964844,0.0,125.47000122070312,124.87000274658203,124.98999786376953,0.0,94965500,4.563545829561498,0.006320107556225807
2010-12-22,96.22135162353516,0.0,125.77999877929688,0.0,125.81999969482422,125.41000366210938,125.4800033569336,0.0,78878100,4.5666512833929245,0.0031054538314263525
2010-12-23,96.08363342285156,0.0,125.5999984741211,0.0,125.77999877929688,125.29000091552734,125.63999938964844,0.0,70053700,4.565218993697534,-0.001432289695390665
2010-12-27,96.12190246582031,0.0,125.6500015258789,0.0,125.7699966430664,125.04000091552734,125.12999725341797,0.0,58126000,4.565617203283928,0.00039820958639413817
2010-12-28,96.25957489013672,0.0,125.83000183105469,0.0,125.94999694824219,125.5,125.9000015258789,0.0,55309100,4.567048447598192,0.001431244314264113
2010-12-29,96.32843780517578,0.0,125.91999816894531,0.0,126.19999694824219,125.9000015258789,125.9800033569336,0.0,58033100,4.5677635795216185,0.0007151319234264264
2010-12-30,96.17546844482422,0.0,125.72000122070312,0.0,126.12999725341797,125.52999877929688,125.80000305175781,0.0,76616900,4.566174319381102,-0.001589260140516302
