Date,Adj Close,Capital Gains,Close,Dividends,High,Low,Open,Stock Splits,Volume,LogAdjClose,LogReturn
2002-01-02,74.48297882080078,0.0,115.52999877929688,0.0,115.75,113.80999755859375,115.11000061035156,0.0,18651900,4.310570627077747,
2002-01-03,75.3275375366211,0.0,116.83999633789062,0.0,116.94999694824219,115.54000091552734,115.6500015258789,0.0,15743000,4.321845772289913,0.011275145212165327
2002-01-04,75.8304214477539,0.0,117.62000274658203,0.0,117.9800033569336,116.55000305175781,117.16999816894531,0.0,20140700,4.328499550494497,0.0066537782045843485
2002-01-07,75.29533386230469,0.0,116.79000091552734,0.0,117.98999786376953,116.55999755859375,117.69999694824219,0.0,13106500,4.321418165585725,-0.0070813849087718594
2002-01-08,75.12125396728516,0.0,116.5199966430664,0.0,117.05999755859375,115.97000122070312,116.79000091552734,0.0,12683700,4.319103527615917,-0.002314637969807798
2002-01-09,74.5087890625,0.0,115.56999969482422,0.0,117.77999877929688,115.33999633789062,116.68000030517578,0.0,16610300,4.310917092420418,-0.008186435195499442
2002-01-10,74.83759307861328,0.0,116.08000183105469,0.0,116.3499984741211,115.30000305175781,115.69000244140625,0.0,12823400,4.315320339993651,0.00440324757323296
2002-01-11,74.10263061523438,0.0,114.94000244140625,0.0,116.27999877929688,114.69999694824219,116.20999908447266,0.0,13708400,4.305451032552256,-0.009869307441395136
2002-01-14,73.63842010498047,0.0,114.22000122070312,0.0,114.83999633789062,113.95999908447266,114.6500015258789,0.0,12301100,4.299166901829739,-0.006284130722516323
2002-01-15,74.23799896240234,0.0,115.1500015258789,0.0,115.38999938964844,113.9000015258789,114.55000305175781,0.0,20219900,4.3072761344832555,0.008109232653516152
2002-01-16,72.73584747314453,0.0,112.81999969482422,0.0,114.4000015258789,112.69000244140625,114.30000305175781,0.0,17067000,4.286834350675311,-0.020441783807944702
2002-01-17,73.28382873535156,0.0,113.66999816894531,0.0,114.23999786376953,113.4000015258789,113.76000213623047,0.0,17283400,4.29433996702708,0.007505616351768829
2002-01-18,72.9486083984375,0.0,113.1500015258789,0.0,113.8499984741211,112.66999816894531,113.0,0.0,17028000,4.289755198685918,-0.004584768341161727
2002-01-22,72.44567108154297,0.0,112.37000274658203,0.0,113.93000030517578,112.0199966430664,113.75,0.0,11689300,4.282836916554276,-0.0069182821316422505
2002-01-23,73.00016021728516,0.0,113.2300033569336,0.0,113.55000305175781,112.0199966430664,112.62999725341797,0.0,12438900,4.290461635903314,0.007624719349037967
2002-01-24,73.22581481933594,0.0,113.58000183105469,0.0,114.25,113.31999969482422,113.63999938964844,0.0,12142800,4.293548020263165,0.003086384359851202
2002-01-25,73.2064437866211,0.0,113.55000305175781,0.0,114.18000030517578,113.04000091552734,113.12000274658203,0.0,12810700,4.293283446964737,-0.0002645732984278837
2002-01-28,73.4063491821289,0.0,113.86000061035156,0.0,114.19000244140625,112.91999816894531,113.9000015258789,0.0,10589200,4.296010432998386,0.0027269860336494034
2002-01-29,71.0982666015625,0.0,110.27999877929688,0.0,114.12999725341797,110.05000305175781,113.8499984741211,0.0,27720800,4.2640629567871455,-0.03194747621124083
2002-01-30,72.12340545654297,0.0,111.87000274658203,0.0,113.38999938964844,108.4000015258789,110.38999938964844,0.0,34711800,4.278378616529014,0.014315659741868103
2002-01-31,72.96791076660156,0.0,113.18000030517578,0.0,113.30000305175781,111.62000274658203,112.1500015258789,0.0,19909200,4.2900197659657175,0.011641149436703913
2002-02-01,72.62625885009766,0.0,112.6500015258789,0.0,113.30000305175781,112.16999816894531,113.08999633789062,0.0,15838500,4.285326548586018,-0.004693217379699632
2002-02-04,70.821044921875,0.0,109.8499984741211,0.0,112.2300033569336,109.44000244140625,112.2300033569336,0.0,24243400,4.260156201190484,-0.02517034739553381
2002-02-05,70.38267517089844,0.0,109.16999816894531,0.0,110.48999786376953,108.52999877929688,109.4000015258789,0.0,33614000,4.253947141556093,-0.00620905963439089
2002-02-06,70.07964324951172,0.0,108.69999694824219,0.0,109.73999786376953,108.05999755859375,109.6500015258789,0.0,29486000,4.2496323559974805,-0.004314785558612755
2002-02-07,69.64124298095703,0.0,108.0199966430664,0.0,109.86000061035156,108.0,108.72000122070312,0.0,23445400,4.243356963404646,-0.006275392592834272
2002-02-08,70.97575378417969,0.0,110.08999633789062,0.0,110.75,108.30000305175781,108.62999725341797,0.0,19277800,4.26233832272081,0.018981359316163626
2002-02-11,71.84613037109375,0.0,111.44000244140625,0.0,111.63999938964844,109.81999969482422,110.05000305175781,0.0,18792400,4.274526754026588,0.012188431305777847
2002-02-12,71.62051391601562,0.0,111.08999633789062,0.0,111.70999908447266,110.02999877929688,110.95999908447266,0.0,13942500,4.27138154013817,-0.0031452138884180414
2002-02-13,72.38124084472656,0.0,112.2699966430664,0.0,112.54000091552734,111.3499984741211,111.4800033569336,0.0,16781100,4.281947161463733,0.010565621325563157
2002-02-14,72.24588775634766,0.0,112.05999755859375,0.0,112.97000122070312,111.58999633789062,112.51000213623047,0.0,20453800,4.280075408505555,-0.0018717529581779857
2002-02-15,71.49156188964844,0.0,110.88999938964844,0.0,112.23999786376953,110.70999908447266,112.1500015258789,0.0,18366800,4.269579427206189,-0.010495981299365909
2002-02-19,70.11833953857422,0.0,108.76000213623047,0.0,110.29000091552734,108.61000061035156,110.1500015258789,0.0,15988100,4.250184379489911,-0.019395047716278313
2002-02-20,71.29814147949219,0.0,110.58999633789062,0.0,110.58999633789062,107.81999969482422,109.05000305175781,0.0,29242800,4.26687026087424,0.016685881384329804
2002-02-21,69.82176208496094,0.0,108.30000305175781,0.0,110.62999725341797,108.26000213623047,109.93000030517578,0.0,26288600,4.245945738897256,-0.020924521976984245
2002-02-22,70.68565368652344,0.0,109.63999938964844,0.0,109.94000244140625,107.87000274658203,108.3499984741211,0.0,26572900,4.2582426341580115,0.012296895260755392
2002-02-25,71.85260009765625,0.0,111.44999694824219,0.0,111.80999755859375,109.69999694824219,109.73999786376953,0.0,17458700,4.27461679972909,0.016374165571078514
2002-02-26,71.70433807373047,0.0,111.22000122070312,0.0,112.04000091552734,110.56999969482422,111.5999984741211,0.0,22346500,4.272551248895704,-0.0020655508333859984
2002-02-27,71.98155212402344,0.0,111.6500015258789,0.0,112.86000061035156,110.6500015258789,111.95999908447266,0.0,28597900,4.2764098656863005,0.003858616790596514
2002-02-28,71.65914916992188,0.0,111.1500015258789,0.0,112.75,111.02999877929688,111.83000183105469,0.0,23755400,4.27192083865424,-0.004489027032060555
2002-03-01,73.32894134521484,0.0,113.73999786376953,0.0,113.8499984741211,111.51000213623047,111.72000122070312,0.0,26273600,4.294955365143659,0.02303452648941917
2002-03-04,74.62480926513672,0.0,115.75,0.0,115.98999786376953,113.6500015258789,113.9000015258789,0.0,27184600,4.312473015798434,0.017517650654775174
2002-03-05,74.38629913330078,0.0,115.37999725341797,0.0,116.4000015258789,114.97000122070312,115.33000183105469,0.0,22718900,4.30927177344696,-0.0032012423514746757
2002-03-06,75.26953125,0.0,116.75,0.0,117.1500015258789,115.06999969482422,115.0999984741211,0.0,20143200,4.32107542144634,0.01180364799937994
2002-03-07,75.10834503173828,0.0,116.5,0.0,117.5,115.56999969482422,117.36000061035156,0.0,19330800,4.318931671528107,-0.002143749918232629
2002-03-08,75.42425537109375,0.0,116.98999786376953,0.0,117.9000015258789,116.4800033569336,117.37999725341797,0.0,19930100,4.323128912554811,0.004197241026703935
2002-03-11,75.5854263305664,0.0,117.23999786376953,0.0,117.9000015258789,116.43000030517578,116.88999938964844,0.0,15621800,4.3252634911970995,0.0021345786422886093
2002-03-12,75.54031372070312,0.0,117.16999816894531,0.0,117.25,115.94000244140625,116.0999984741211,0.0,17153600,4.324666470316501,-0.0005970208805985422
2002-03-13,74.81179809570312,0.0,116.04000091552734,0.0,116.75,115.63999938964844,116.62999725341797,0.0,17175300,4.314975601094772,-0.009690869221729237
2002-03-14,74.70865631103516,0.0,115.87999725341797,0.0,116.43000030517578,115.62999725341797,116.04000091552734,0.0,11168100,4.313595966429573,-0.0013796346651986369
2002-03-15,75.42051696777344,0.0,116.6500015258789,0.331,116.94999694824219,115.9000015258789,115.97000122070312,0.0,21220100,4.323079346325062,0.009483379895488753
2002-03-18,75.43342590332031,0.0,116.66999816894531,0.0,117.55999755859375,116.0999984741211,117.0999984741211,0.0,17548900,4.323250491146771,0.00017114482170921264
2002-03-19,75.93769073486328,0.0,117.44999694824219,0.0,117.73999786376953,116.81999969482422,117.30000305175781,0.0,17912000,4.329913145266539,0.00666265411976763
2002-03-20,74.50884246826172,0.0,115.23999786376953,0.0,116.58000183105469,115.19000244140625,116.5,0.0,17114500,4.310917809191463,-0.01899533607507564
2002-03-21,74.54117584228516,0.0,115.29000091552734,0.0,115.9000015258789,114.12000274658203,115.30000305175781,0.0,25846800,4.311351668575005,0.0004338593835422344
2002-03-22,74.37952423095703,0.0,115.04000091552734,0.0,115.94000244140625,114.69999694824219,115.5,0.0,15235400,4.309180692011785,-0.002170976563220073
2002-03-25,73.45497131347656,0.0,113.61000061035156,0.0,115.36000061035156,113.30000305175781,115.08999633789062,0.0,17499600,4.296672583290377,-0.012508108721408284
2002-03-26,73.88170623779297,0.0,114.2699966430664,0.0,115.0199966430664,113.47000122070312,113.5199966430664,0.0,19947600,4.302465249782728,0.005792666492350662
2002-03-27,74.07566833496094,0.0,114.56999969482422,0.0,115.01000213623047,113.76000213623047,114.02999877929688,0.0,19020300,4.30508711582812,0.0026218660453922737
2002-03-28,74.0433120727539,0.0,114.5199966430664,0.0,115.7699966430664,114.5,114.97000122070312,0.0,17532900,4.304650220264396,-0.00043689556372417115
2002-04-01,74.07566833496094,0.0,114.56999969482422,0.0,115.0999984741211,113.5,114.2300033569336,0.0,17711000,4.30508711582812,0.00043689556372417115
2002-04-02,73.66832733154297,0.0,113.94000244140625,0.0,114.94999694824219,113.7699966430664,113.9800033569336,0.0,15669500,4.299572955557676,-0.005514160270443824
2002-04-03,73.15109252929688,0.0,113.13999938964844,0.0,114.20999908447266,112.16000366210938,114.01000213623047,0.0,25658500,4.29252706282004,-0.00704589273763645
2002-04-04,72.8471908569336,0.0,112.66999816894531,0.0,113.4000015258789,112.2300033569336,112.5999984741211,0.0,23549000,4.28836397125166,-0.004163091568379684
2002-04-05,72.8601303100586,0.0,112.69000244140625,0.0,113.62999725341797,112.18000030517578,113.19000244140625,0.0,19404900,4.288541580078113,0.00017760882645312392
2002-04-08,73.01531219482422,0.0,112.93000030517578,0.0,113.02999877929688,111.2300033569336,111.31999969482422,0.0,16470100,4.29066917524614,0.0021275951680266303
2002-04-09,72.50455474853516,0.0,112.13999938964844,0.0,113.18000030517578,111.93000030517578,113.18000030517578,0.0,15122700,4.283649384005003,-0.007019791241136275
2002-04-10,73.32565307617188,0.0,113.41000366210938,0.0,113.54000091552734,112.08999633789062,112.0999984741211,0.0,17199300,4.294910521420126,0.011261137415123024
2002-04-11,71.50235748291016,0.0,110.58999633789062,0.0,113.05000305175781,110.5,112.88999938964844,0.0,25453700,4.269730420945358,-0.025180100474768707
2002-04-12,72.03901672363281,0.0,111.41999816894531,0.0,111.6500015258789,110.04000091552734,111.0199966430664,0.0,14950600,4.277207871181192,0.007477450235834127
2002-04-15,71.4894790649414,0.0,110.56999969482422,0.0,111.86000061035156,110.19999694824219,111.62000274658203,0.0,17394900,4.26955029292806,-0.007657578253131625
2002-04-16,73.18988800048828,0.0,113.19999694824219,0.0,113.31999969482422,111.66999816894531,111.69999694824219,0.0,15040900,4.293057269354939,0.023506976426879156
2002-04-17,73.03471374511719,0.0,112.95999908447266,0.0,113.66999816894531,112.5999984741211,113.38999938964844,0.0,12920100,4.290934858874503,-0.0021224104804362653
2002-04-18,72.71790313720703,0.0,112.47000122070312,0.0,113.45999908447266,111.1500015258789,112.9000015258789,0.0,25204800,4.286587614706616,-0.004347244167886899
2002-04-19,72.9830093383789,0.0,112.87999725341797,0.0,113.23999786376953,112.55999755859375,113.19999694824219,0.0,10499200,4.290226665268858,0.0036390505622421188
2002-04-22,71.76744842529297,0.0,111.0,0.0,112.43000030517578,110.83999633789062,112.37999725341797,0.0,13922900,4.273431008703161,-0.016795656565697037
2002-04-23,71.45709991455078,0.0,110.5199966430664,0.0,111.4800033569336,110.16999816894531,111.08999633789062,0.0,16967000,4.269097268432118,-0.004333740271043496
2002-04-24,70.7394790649414,0.0,109.41000366210938,0.0,111.80999755859375,109.4000015258789,110.55999755859375,0.0,18902700,4.259003819669663,-0.010093448762455104
2002-04-25,70.77823638916016,0.0,109.47000122070312,0.0,109.73999786376953,108.72000122070312,109.20999908447266,0.0,25451500,4.259551557810621,0.0005477381409582094
2002-04-26,69.43342590332031,0.0,107.38999938964844,0.0,110.01000213623047,107.29000091552734,109.79000091552734,0.0,19769800,4.240368392819056,-0.01918316499156525
2002-04-29,69.09076690673828,0.0,106.86000061035156,0.0,108.26000213623047,106.62999725341797,107.93000030517578,0.0,17724400,4.235421102551101,-0.00494729026795504
2002-04-30,69.73731231689453,0.0,107.86000061035156,0.0,108.63999938964844,106.63999938964844,107.0199966430664,0.0,19473500,4.244735501888506,0.009314399337405632
2002-05-01,70.59075164794922,0.0,109.18000030517578,0.0,109.25,106.80000305175781,107.97000122070312,0.0,24575600,4.256899139430436,0.012163637541929617
2002-05-02,70.31918334960938,0.0,108.76000213623047,0.0,109.91000366210938,107.77999877929688,109.0999984741211,0.0,15666800,4.25304463996491,-0.0038544994655262954
2002-05-03,69.55625915527344,0.0,107.58000183105469,0.0,108.76000213623047,107.19999694824219,108.5999984741211,0.0,18185500,4.242135909363612,-0.010908730601297378
2002-05-06,68.19202423095703,0.0,105.47000122070312,0.0,107.98999786376953,105.30999755859375,107.63999938964844,0.0,23630400,4.22232761125045,-0.019808298113161982
2002-05-07,67.95282745361328,0.0,105.0999984741211,0.0,106.31999969482422,104.9000015258789,106.0999984741211,0.0,21910000,4.218813750527817,-0.0035138607226334884
2002-05-08,70.48081970214844,0.0,109.01000213623047,0.0,109.36000061035156,106.79000091552734,107.05000305175781,0.0,27917400,4.255340611840492,0.036526861312675685
2002-05-09,69.66617584228516,0.0,107.75,0.0,109.0999984741211,107.58000183105469,108.6500015258789,0.0,18085600,4.243714917945833,-0.011625693894659506
2002-05-10,68.3536605834961,0.0,105.72000122070312,0.0,108.05000305175781,105.5999984741211,107.97000122070312,0.0,18958900,4.224695118187891,-0.01901979975794177
2002-05-13,69.74374389648438,0.0,107.87000274658203,0.0,107.94999694824219,105.79000091552734,106.22000122070312,0.0,14677700,4.244827723438428,0.02013260525053706
2002-05-14,71.26313018798828,0.0,110.22000122070312,0.0,110.37000274658203,109.0,109.62000274658203,0.0,34201200,4.266379085510858,0.02155136207242947
2002-05-15,70.985107421875,0.0,109.79000091552734,0.0,110.91000366210938,109.29000091552734,109.5,0.0,29535300,4.262470100418259,-0.003908985092598627
2002-05-16,71.3536605834961,0.0,110.36000061035156,0.0,110.4800033569336,109.33000183105469,109.69999694824219,0.0,28092000,4.267648647210819,0.00517854679255958
2002-05-17,71.70282745361328,0.0,110.9000015258789,0.0,111.25,110.0999984741211,110.66000366210938,0.0,27823700,4.272530181327543,0.004881534116724318
2002-05-20,70.92693328857422,0.0,109.69999694824219,0.0,110.69000244140625,109.48999786376953,110.63999938964844,0.0,13833800,4.261650238533839,-0.010879942793703634
2002-05-21,70.28040313720703,0.0,108.69999694824219,0.0,110.4800033569336,108.31999969482422,110.11000061035156,0.0,16877200,4.252492999460769,-0.009157239073069867
2002-05-22,70.43558502197266,0.0,108.94000244140625,0.0,109.12000274658203,108.0,108.22000122070312,0.0,15844200,4.254698604519654,0.0022056050588847853
2002-05-23,71.18556213378906,0.0,110.0999984741211,0.0,110.36000061035156,108.4800033569336,109.26000213623047,0.0,13879800,4.265290018835668,0.01059141431601418
2002-05-24,70.27389526367188,0.0,108.69000244140625,0.0,110.19999694824219,108.61000061035156,109.9800033569336,0.0,11877000,4.252400396479375,-0.012889622356293096
2002-05-28,69.89246368408203,0.0,108.0999984741211,0.0,109.12999725341797,107.44999694824219,109.05000305175781,0.0,24236900,4.246957827748868,-0.005442568730507524
2002-05-29,69.3752212524414,0.0,107.30000305175781,0.0,108.0199966430664,107.12999725341797,107.62000274658203,0.0,14773300,4.239529761285894,-0.007428066462973781
2002-05-30,69.18121337890625,0.0,107.0,0.0,107.51000213623047,105.9000015258789,106.55000305175781,0.0,18217900,4.23672934280167,-0.0028004184842238544
2002-05-31,69.32347869873047,0.0,107.22000122070312,0.0,108.55999755859375,106.8499984741211,107.4000015258789,0.0,19826300,4.238783646778266,0.002054303976596117
2002-06-03,67.48081970214844,0.0,104.37000274658203,0.0,107.5999984741211,104.12999725341797,107.08999633789062,0.0,26056300,4.211843404938732,-0.02694024183953392
2002-06-04,67.64892578125,0.0,104.62999725341797,0.0,105.19999694824219,103.55000305175781,104.1500015258789,0.0,25856200,4.214331475425682,0.0024880704869501002
2002-06-05,68.28255462646484,0.0,105.61000061035156,0.0,105.66999816894531,104.3499984741211,104.94999694824219,0.0,19695900,4.223654311205043,0.009322835779360439
2002-06-06,66.8924560546875,0.0,103.45999908447266,0.0,105.5999984741211,103.1500015258789,105.54000091552734,0.0,22998500,4.203086196271864,-0.02056811493317845
2002-06-07,66.81486511230469,0.0,103.33999633789062,0.0,103.91999816894531,101.72000122070312,101.77999877929688,0.0,24011600,4.201925587407439,-0.00116060886442515
2002-06-10,67.07349395751953,0.0,103.73999786376953,0.0,104.45999908447266,103.0199966430664,103.23999786376953,0.0,18759900,4.205788942947716,0.003863355540277169
2002-06-11,65.92266082763672,0.0,101.95999908447266,0.0,104.54000091552734,101.7300033569336,104.12999725341797,0.0,19990700,4.188482249283508,-0.01730669366420834
2002-06-12,66.32347106933594,0.0,102.58000183105469,0.0,102.80999755859375,100.77999877929688,101.70999908447266,0.0,31266000,4.194543847656116,0.006061598372608223
2002-06-13,65.65753936767578,0.0,101.55000305175781,0.0,103.0,101.33999633789062,102.12999725341797,0.0,21043900,4.184452436008385,-0.010091411647731086
2002-06-14,65.56053924560547,0.0,101.4000015258789,0.0,101.55999755859375,98.5,100.30999755859375,0.0,39267500,4.182973979064582,-0.0014784569438033301
2002-06-17,67.31918334960938,0.0,104.12000274658203,0.0,104.33999633789062,101.8499984741211,101.91999816894531,0.0,17647200,4.209445238375724,0.026471259311142248
2002-06-18,67.8687515258789,0.0,104.97000122070312,0.0,105.02999877929688,103.62999725341797,103.73999786376953,0.0,21628500,4.217575715465864,0.008130477090140253
2002-06-19,66.28470611572266,0.0,102.5199966430664,0.0,104.43000030517578,102.23999786376953,103.5,0.0,21540700,4.193959193594196,-0.023616521871668184
2002-06-20,65.43769836425781,0.0,101.20999908447266,0.0,103.05000305175781,100.95999908447266,102.26000213623047,0.0,25691000,4.181098519980626,-0.012860673613570128
2002-06-21,64.41454315185547,0.0,99.27999877929688,0.353,100.93000030517578,98.68000030517578,100.47000122070312,0.0,31190700,4.165339432954974,-0.015759087025651652
2002-06-24,64.7519302368164,0.0,99.80000305175781,0.0,100.69000244140625,97.25,98.61000061035156,0.0,37169700,4.170563510742523,0.005224077787548964
2002-06-25,63.29854965209961,0.0,97.55999755859375,0.0,100.88999938964844,97.54000091552734,100.30000305175781,0.0,33355000,4.147862416598534,-0.02270109414398913
2002-06-26,63.4023551940918,0.0,97.72000122070312,0.0,98.1500015258789,95.19000244140625,95.19999694824219,0.0,37913600,4.149501008924999,0.001638592326465016
2002-06-27,64.51187133789062,0.0,99.43000030517578,0.0,99.48999786376953,96.56999969482422,98.5,0.0,31616400,4.166849258616524,0.017348249691524487
2002-06-28,64.20689392089844,0.0,98.95999908447266,0.0,100.5,98.87999725341797,99.23999786376953,0.0,28184200,4.162110586876346,-0.0047386717401778355
2002-07-01,62.954647064208984,0.0,97.02999877929688,0.0,99.80000305175781,96.88999938964844,99.18000030517578,0.0,20270200,4.142414579278136,-0.019696007598209775
2002-07-02,61.618125915527344,0.0,94.97000122070312,0.0,97.19999694824219,94.7699966430664,96.86000061035156,0.0,34213900,4.120956079131325,-0.021458500146811055
2002-07-03,61.968475341796875,0.0,95.51000213623047,0.0,95.83999633789062,93.72000122070312,94.62000274658203,0.0,30565800,4.126625793505255,0.005669714373929935
2002-07-05,64.43394470214844,0.0,99.30999755859375,0.0,99.52999877929688,96.66000366210938,96.77999877929688,0.0,19013500,4.165640585894566,0.03901479238931138
2002-07-08,63.629478454589844,0.0,98.06999969482422,0.0,99.69999694824219,97.55999755859375,98.9800033569336,0.0,19118600,4.153076860677867,-0.01256372521669924
2002-07-09,62.02684783935547,0.0,95.5999984741211,0.0,98.33999633789062,95.01000213623047,97.7300033569336,0.0,28620400,4.127567320981827,-0.025509539696040306
2002-07-10,59.768985748291016,0.0,92.12000274658203,0.0,96.06999969482422,92.04000091552734,96.0,0.0,50522500,4.090486893448266,-0.037080427533561
2002-07-11,60.255611419677734,0.0,92.87000274658203,0.0,93.3499984741211,90.31999969482422,91.76000213623047,0.0,59476500,4.098595703630225,0.008108810181958859
2002-07-12,59.59381103515625,0.0,91.8499984741211,0.0,93.88999938964844,91.5199966430664,93.33000183105469,0.0,39018600,4.087551726987373,-0.011043976642851838
2002-07-15,59.911712646484375,0.0,92.33999633789062,0.0,92.4000015258789,87.88999938964844,91.63999938964844,0.0,77317200,4.092872022675789,0.005320295688416188
2002-07-16,58.7568359375,0.0,90.55999755859375,0.0,92.37999725341797,89.87000274658203,91.12000274658203,0.0,53282400,4.073407502638368,-0.019464520037421273
2002-07-17,58.873634338378906,0.0,90.73999786376953,0.0,93.30000305175781,89.75,92.45999908447266,0.0,48880600,4.07539335611645,0.0019858534780823334
2002-07-18,56.966102600097656,0.0,87.80000305175781,0.0,91.0999984741211,87.75,90.69999694824219,0.0,32656700,4.042456399709229,-0.032936956407221274
2002-07-19,54.96126937866211,0.0,84.70999908447266,0.0,87.55000305175781,84.30000305175781,86.76000213623047,0.0,77572600,4.006628744056803,-0.03582765565242596
2002-07-22,53.332740783691406,0.0,82.19999694824219,0.0,85.91000366210938,81.44999694824219,84.0999984741211,0.0,78134000,3.976550416198211,-0.03007832785859188
2002-07-23,51.872901916503906,0.0,79.94999694824219,0.0,83.23999786376953,79.75,82.55000305175781,0.0,74484100,3.948796532749885,-0.02775388344832619
2002-07-24,54.967769622802734,0.0,84.72000122070312,0.0,85.12000274658203,77.68000030517578,78.12999725341797,0.0,107022800,4.006747006605211,0.05795047385532648
2002-07-25,54.5006217956543,0.0,84.0,0.0,85.8499984741211,81.5999984741211,84.2699966430664,0.0,87176600,3.9982121106986894,-0.0085348959065219
2002-07-26,55.5387077331543,0.0,85.5999984741211,0.0,85.93000030517578,83.80000305175781,84.6500015258789,0.0,41206800,4.017080214289893,0.018868103591203944
2002-07-29,58.24427032470703,0.0,89.7699966430664,0.0,90.33999633789062,87.30000305175781,87.5,0.0,53492900,4.064645724083459,0.04756550979356522
2002-07-30,59.0034065246582,0.0,90.94000244140625,0.0,91.4000015258789,88.72000122070312,89.31999969482422,0.0,47532200,4.077595179945034,0.012949455861575032
2002-07-31,59.14613723754883,0.0,91.16000366210938,0.0,91.55000305175781,89.25,90.48999786376953,0.0,44669900,4.0800112837703875,0.0024161038253538436
2002-08-01,57.6019401550293,0.0,88.77999877929688,0.0,91.3499984741211,88.33000183105469,90.87999725341797,0.0,66571900,4.0535562503816145,-0.026455033388772975
2002-08-02,56.31077575683594,0.0,86.79000091552734,0.0,88.91000366210938,85.62000274658203,88.5,0.0,51772900,4.030885915709297,-0.02267033467231716
2002-08-05,54.35137176513672,0.0,83.7699966430664,0.0,86.93000030517578,83.55000305175781,86.48999786376953,0.0,47191300,3.9954698527176453,-0.03541606299165201
2002-08-06,56.18104553222656,0.0,86.58999633789062,0.0,87.9000015258789,85.11000061035156,85.2300033569336,0.0,64730000,4.028579431902117,0.03310957918447199
2002-08-07,57.16075897216797,0.0,88.0999984741211,0.0,88.5,85.7699966430664,87.87000274658203,0.0,43289400,4.045867631003045,0.017288199100927493
2002-08-08,59.00989532470703,0.0,90.94999694824219,0.0,91.0999984741211,87.80000305175781,88.41999816894531,0.0,48339800,4.07770514721065,0.031837516207605
2002-08-09,59.230472564697266,0.0,91.29000091552734,0.0,91.94000244140625,89.3499984741211,90.0999984741211,0.0,41879200,4.081436148725682,0.0037310015150318065
2002-08-12,58.7957878112793,0.0,90.62000274658203,0.0,91.2699966430664,89.55000305175781,89.98999786376953,0.0,25841700,4.074070216476013,-0.007365932249668639
2002-08-13,57.725189208984375,0.0,88.97000122070312,0.0,91.66000366210938,88.6500015258789,90.1500015258789,0.0,49690500,4.055693633000183,-0.018376583475830266
2002-08-14,59.8338737487793,0.0,92.22000122070312,0.0,92.62999725341797,88.0199966430664,89.0199966430664,0.0,57423600,4.09157195123246,0.03587831823227727
2002-08-15,60.664329528808594,0.0,93.5,0.0,93.98999786376953,92.19999694824219,92.83999633789062,0.0,45551500,4.1053558734162,0.013783922183740138
2002-08-16,60.48271179199219,0.0,93.22000122070312,0.0,94.08000183105469,92.0,92.81999969482422,0.0,36517300,4.102357568696651,-0.002998304719548983
2002-08-19,61.89712905883789,0.0,95.4000015258789,0.0,95.75,93.0999984741211,93.45999908447266,0.0,33669900,4.125473798305385,0.023116229608733718
2002-08-20,61.24179458618164,0.0,94.38999938964844,0.0,95.4000015258789,93.62000274658203,94.81999969482422,0.0,30508300,4.114829874510707,-0.010643923794678045
2002-08-21,62.12419891357422,0.0,95.75,0.0,95.77999877929688,93.56999969482422,95.05999755859375,0.0,39628900,4.129135589582335,0.014305715071627922
2002-08-22,62.727596282958984,0.0,96.68000030517578,0.0,97.1500015258789,95.06999969482422,95.48999786376953,0.0,38399800,4.1388014829137605,0.009665893331425757
2002-08-23,61.37809753417969,0.0,94.5999984741211,0.0,96.1500015258789,94.1500015258789,96.01000213623047,0.0,33716400,4.1170530538298395,-0.02174842908392094
2002-08-26,61.8062629699707,0.0,95.26000213623047,0.0,95.63999938964844,93.5,94.91000366210938,0.0,33830100,4.124004701884996,0.006951648055156134
2002-08-27,61.09257125854492,0.0,94.16000366210938,0.0,96.25,93.5,95.69999694824219,0.0,35335700,4.1123902754558275,-0.011614426429168212
2002-08-28,59.75603485107422,0.0,92.0999984741211,0.0,93.48999786376953,91.80000305175781,93.27999877929688,0.0,38970600,4.090270187402911,-0.02212008805291621
2002-08-29,59.782005310058594,0.0,92.13999938964844,0.0,93.05000305175781,90.80999755859375,91.2699966430664,0.0,42965700,4.090704701125204,0.0004345137222925288
2002-08-30,59.54839324951172,0.0,91.77999877929688,0.0,93.38999938964844,91.4000015258789,91.68000030517578,0.0,30366700,4.086789313900974,-0.003915387224229683
2002-09-03,57.277523040771484,0.0,88.27999877929688,0.0,91.0,88.1500015258789,90.7300033569336,0.0,76586400,4.047908278714093,-0.03888103518688091
2002-09-04,58.09505844116211,0.0,89.54000091552734,0.0,90.25,88.05999755859375,88.61000061035156,0.0,51099500,4.062080607592872,0.014172328878778728
2002-09-05,57.6019401550293,0.0,88.77999877929688,0.0,89.43000030517578,87.5,88.48999786376953,0.0,67250900,4.0535562503816145,-0.008524357211257438
2002-09-06,58.39351272583008,0.0,90.0,0.0,90.56999969482422,89.33999633789062,89.75,0.0,38622200,4.067204800202143,0.013648549820528544
2002-09-09,58.82172393798828,0.0,90.66000366210938,0.0,91.3499984741211,88.80000305175781,89.0999984741211,0.0,33998400,4.07451124140068,0.0073064411985370725
2002-09-10,59.49647903442383,0.0,91.69999694824219,0.0,91.77999877929688,90.55999755859375,91.13999938964844,0.0,41416600,4.085917134908585,0.011405893507904885
2002-09-11,59.12664031982422,0.0,91.12999725341797,0.0,93.33000183105469,91.0999984741211,92.47000122070312,0.0,27711200,4.079681589680101,-0.0062355452284839075
2002-09-12,58.036659240722656,0.0,89.44999694824219,0.0,90.83999633789062,88.98999786376953,90.75,0.0,43601700,4.061074866757761,-0.01860672292233989
2002-09-13,58.17939758300781,0.0,89.66999816894531,0.0,89.9000015258789,88.25,88.69000244140625,0.0,41131000,4.063531298647821,0.0024564318900601734
2002-09-16,58.32212829589844,0.0,89.88999938964844,0.0,89.88999938964844,88.45999908447266,89.30999755859375,0.0,28167600,4.0659815804484305,0.002450281800609133
2002-09-17,56.98554992675781,0.0,87.83000183105469,0.0,91.19000244140625,87.75,90.88999938964844,0.0,47609700,4.042797725638564,-0.023183854809866844
2002-09-18,56.414608001708984,0.0,86.94999694824219,0.0,88.5,86.27999877929688,87.01000213623047,0.0,54719400,4.032728132089959,-0.010069593548604594
2002-09-19,54.95478820800781,0.0,84.69999694824219,0.0,86.80000305175781,84.69999694824219,85.98999786376953,0.0,48510500,4.006510814596738,-0.026217317493220982
2002-09-20,54.973026275634766,0.0,84.3499984741211,0.378,85.19999694824219,84.05000305175781,84.91999816894531,0.0,46325600,4.006842633579586,0.0003318189828478424
2002-09-23,54.523338317871094,0.0,83.66000366210938,0.0,84.05999755859375,82.69000244140625,83.6500015258789,0.0,46893800,3.9986288360225886,-0.00821379755699736
2002-09-24,53.643524169921875,0.0,82.30999755859375,0.0,83.6500015258789,81.8499984741211,82.44000244140625,0.0,69507000,3.9823607566639856,-0.01626807935860297
2002-09-25,54.973026275634766,0.0,84.3499984741211,0.0,84.7699966430664,82.04000091552734,83.37000274658203,0.0,59294400,4.006842633579586,0.02448187691560033
2002-09-26,55.87242126464844,0.0,85.7300033569336,0.0,85.97000122070312,84.44999694824219,85.0199966430664,0.0,53638000,4.023070900005588,0.016228266426002058
2002-09-27,53.93024826049805,0.0,82.75,0.0,85.62999725341797,82.75,85.0,0.0,64648300,3.9876915127225203,-0.035379387283067665
2002-09-30,53.304595947265625,0.0,81.79000091552734,0.0,82.80000305175781,80.9000015258789,82.0,0.0,73096400,3.9760225553580573,-0.01166895736446305
2002-10-01,55.865867614746094,0.0,85.72000122070312,0.0,85.7699966430664,81.47000122070312,82.43000030517578,0.0,67198100,4.022953596438913,0.04693104108085544
2002-10-02,54.19096755981445,0.0,83.1500015258789,0.0,85.52999877929688,82.5999984741211,84.69000244140625,0.0,56749100,3.99251424436999,-0.030439352068922787
2002-10-03,53.643524169921875,0.0,82.30999755859375,0.0,84.5999984741211,81.94999694824219,83.13999938964844,0.0,55547000,3.9823607566639856,-0.010153487706004327
2002-10-04,52.65940856933594,0.0,80.80000305175781,0.0,82.91999816894531,79.58000183105469,82.80000305175781,0.0,68483700,3.9638449228872803,-0.018515833776705293
2002-10-07,51.571041107177734,0.0,79.12999725341797,0.0,81.19999694824219,78.55000305175781,80.05999755859375,0.0,53188000,3.9429602960921253,-0.020884626795155015
2002-10-08,52.3791618347168,0.0,80.37000274658203,0.0,81.30999755859375,78.19999694824219,79.80999755859375,0.0,79531000,3.9585088373233748,0.01554854123124949
2002-10-09,50.899742126464844,0.0,78.0999984741211,0.0,79.69999694824219,77.77999877929688,79.08999633789062,0.0,79956400,3.929857857265939,-0.028650980057435937
2002-10-10,52.548606872558594,0.0,80.62999725341797,0.0,81.06999969482422,77.06999969482422,77.94000244140625,0.0,76749000,3.961738586458869,0.03188072919293017
2002-10-11,54.84920883178711,0.0,84.16000366210938,0.0,84.7300033569336,81.81999969482422,82.0999984741211,0.0,82308300,4.004587762401842,0.042849175942972995
2002-10-14,55.15549087524414,0.0,84.62999725341797,0.0,84.8499984741211,83.04000091552734,83.19999694824219,0.0,40631900,4.010156303304579,0.0055685409027370625
2002-10-15,57.80803680419922,0.0,88.69999694824219,0.0,88.72000122070312,86.8499984741211,86.98999786376953,0.0,82320300,4.057127811067814,0.04697150776323511
2002-10-16,56.406829833984375,0.0,86.55000305175781,0.0,87.80000305175781,85.91999816894531,87.41000366210938,0.0,62977800,4.032590247519683,-0.024537563548131303
2002-10-17,57.527774810791016,0.0,88.2699966430664,0.0,89.30000305175781,87.8499984741211,88.87000274658203,0.0,68534100,4.052267871364618,0.019677623844935432
2002-10-18,57.7689323425293,0.0,88.63999938964844,0.0,89.11000061035156,86.93000030517578,87.6500015258789,0.0,47448700,4.056451128447552,0.004183257082933878
2002-10-21,58.766075134277344,0.0,90.16999816894531,0.0,90.5,87.56999969482422,88.12000274658203,0.0,45859100,4.073564734904181,0.01711360645662907
2002-10-22,58.34248352050781,0.0,89.5199966430664,0.0,90.01000213623047,88.5199966430664,89.05000305175781,0.0,40966800,4.066330533305668,-0.007234201598513401
2002-10-23,58.78560256958008,0.0,90.19999694824219,0.0,90.2699966430664,87.68000030517578,88.7699966430664,0.0,54905800,4.073896970664041,0.007566437358373257
2002-10-24,57.58644104003906,0.0,88.36000061035156,0.0,90.9000015258789,88.0999984741211,90.75,0.0,54987400,4.053287141380811,-0.020609829283229963
2002-10-25,58.78560256958008,0.0,90.19999694824219,0.0,90.38999938964844,87.94000244140625,88.20999908447266,0.0,43672100,4.073896970664041,0.020609829283229963
2002-10-28,58.40108108520508,0.0,89.61000061035156,0.0,91.29000091552734,88.8499984741211,91.1500015258789,0.0,39416100,4.067334401395805,-0.0065625692682358405
2002-10-29,57.723304748535156,0.0,88.56999969482422,0.0,89.48999786376953,87.0,89.08000183105469,0.0,59508200,4.055660987092302,-0.011673414303503549
2002-10-30,58.28379440307617,0.0,89.43000030517578,0.0,89.95999908447266,88.2300033569336,88.68000030517578,0.0,41688600,4.065324085643433,0.009663098551131455
2002-10-31,57.69069290161133,0.0,88.5199966430664,0.0,90.30000305175781,88.19000244140625,89.66000366210938,0.0,41620600,4.055095858971697,-0.010228226671736174
2002-11-01,58.83122253417969,0.0,90.2699966430664,0.0,90.81999969482422,88.05000305175781,88.3499984741211,0.0,51878900,4.074672709455614,0.019576850483916886
2002-11-04,59.39170837402344,0.0,91.12999725341797,0.0,92.94000244140625,90.9000015258789,91.80000305175781,0.0,49080600,4.0841546269621505,0.009481917506536597
2002-11-05,59.86097717285156,0.0,91.8499984741211,0.0,92.06999969482422,90.83999633789062,90.83999633789062,0.0,37270800,4.092024826595549,0.0078701996333983
2002-11-06,60.63652038574219,0.0,93.04000091552734,0.0,93.06999969482422,90.79000091552734,92.4800033569336,0.0,65013100,4.104897358186122,0.01287253159057311
2002-11-07,59.15060043334961,0.0,90.76000213623047,0.0,92.22000122070312,90.22000122070312,92.0199966430664,0.0,51572000,4.080086741401608,-0.024810616784513684
2002-11-08,58.42716598510742,0.0,89.6500015258789,0.0,91.56999969482422,89.5199966430664,90.52999877929688,0.0,37905400,4.067780952653569,-0.012305788748038893
2002-11-11,57.521270751953125,0.0,88.26000213623047,0.0,89.55999755859375,87.80000305175781,89.51000213623047,0.0,33505100,4.05215480551843,-0.01562614713513888
2002-11-12,57.97748565673828,0.0,88.95999908447266,0.0,89.93000030517578,88.37000274658203,88.66000366210938,0.0,37724500,4.060054756853609,0.007899951335178734
2002-11-13,58.03614044189453,0.0,89.05000305175781,0.0,89.73999786376953,87.44999694824219,88.31999969482422,0.0,63891500,4.061065927560472,0.0010111707068629627
2002-11-14,59.13102340698242,0.0,90.7300033569336,0.0,91.0,89.75,90.06999969482422,0.0,31896800,4.079755717428309,0.018689789867837092
2002-11-15,59.56770706176758,0.0,91.4000015258789,0.0,91.55000305175781,89.94999694824219,90.0,0.0,39152100,4.087113599406873,0.007357881978563796
2002-11-18,58.968109130859375,0.0,90.4800033569336,0.0,92.1500015258789,90.3499984741211,92.1500015258789,0.0,28934800,4.076996774564616,-0.010116824842256733
2002-11-19,58.88991928100586,0.0,90.36000061035156,0.0,91.0999984741211,89.76000213623047,90.0199966430664,0.0,32806600,4.075669926281502,-0.001326848283114579
2002-11-20,60.199867248535156,0.0,92.37000274658203,0.0,92.41999816894531,89.94999694824219,89.9800033569336,0.0,36688400,4.097670147138509,0.02200022085700759
2002-11-21,61.32086181640625,0.0,94.08999633789062,0.0,94.19000244140625,92.43000030517578,92.5999984741211,0.0,55128200,4.1161201083146075,0.018449961176098206
2002-11-22,60.884185791015625,0.0,93.41999816894531,0.0,94.2699966430664,93.2699966430664,93.4800033569336,0.0,32513800,4.10897346597008,-0.007146642344527443
2002-11-25,60.92328643798828,0.0,93.4800033569336,0.0,94.26000213623047,92.7699966430664,93.43000030517578,0.0,33846400,4.109615473354359,0.0006420073842789975
2002-11-26,59.763206481933594,0.0,91.69999694824219,0.0,93.44999694824219,91.62000274658203,93.06999969482422,0.0,42284700,4.090390195374649,-0.019225277979709965
2002-11-27,61.444679260253906,0.0,94.27999877929688,0.0,94.6500015258789,92.43000030517578,92.5199966430664,0.0,37764000,4.118137245774266,0.02774705039961667
2002-11-29,61.2491340637207,0.0,93.9800033569336,0.0,94.94999694824219,93.7699966430664,94.80000305175781,0.0,19385700,4.114949711589725,-0.0031875341845406524
2002-12-02,61.34688186645508,0.0,94.12999725341797,0.0,96.05000305175781,93.22000122070312,95.47000122070312,0.0,49911900,4.116544344542614,0.0015946329528890857
2002-12-03,60.52573776245117,0.0,92.87000274658203,0.0,93.4000015258789,92.3499984741211,93.25,0.0,34407700,4.1030686921335775,-0.013475652409036698
2002-12-04,60.25198745727539,0.0,92.44999694824219,0.0,93.13999938964844,91.43000030517578,91.7699966430664,0.0,64040800,4.098535558669456,-0.004533133464121875
2002-12-05,59.587242126464844,0.0,91.43000030517578,0.0,92.80000305175781,91.0999984741211,92.7300033569336,0.0,36724900,4.087441492876769,-0.011094065792686791
2002-12-06,59.978294372558594,0.0,92.02999877929688,0.0,92.16999816894531,89.9800033569336,90.12000274658203,0.0,49824100,4.093982736313644,0.006541243436875455
2002-12-09,58.32941436767578,0.0,89.5,0.0,91.45999908447266,89.4800033569336,91.06999969482422,0.0,36789600,4.066106500730159,-0.027876235583485176
2002-12-10,59.11145782470703,0.0,90.69999694824219,0.0,91.0999984741211,89.76000213623047,90.0199966430664,0.0,33319900,4.079424777443793,0.01331827671363417
2002-12-11,59.16362762451172,0.0,90.77999877929688,0.0,91.62000274658203,90.16000366210938,90.41999816894531,0.0,39201000,4.080306954835421,0.0008821773916274367
2002-12-12,59.1571044921875,0.0,90.7699966430664,0.0,91.48999786376953,90.19999694824219,91.19999694824219,0.0,34465600,4.080196692969826,-0.00011026186559437434
2002-12-13,58.225154876708984,0.0,89.33999633789062,0.0,90.4800033569336,89.2699966430664,89.91000366210938,0.0,36862200,4.0643174757361065,-0.015879217233719878
2002-12-16,59.73064041137695,0.0,91.6500015258789,0.0,91.79000091552734,89.66000366210938,89.81999969482422,0.0,37098400,4.089845128457656,0.02552765272154911
2002-12-17,59.20924377441406,0.0,90.8499984741211,0.0,91.73999786376953,90.73999786376953,91.37000274658203,0.0,32353900,4.081077674538699,-0.008767453918956392
2002-12-18,58.524925231933594,0.0,89.80000305175781,0.0,90.4000015258789,89.33000183105469,90.31999969482422,0.0,35612600,4.069452735835511,-0.01162493870318837
2002-12-19,58.10780715942383,0.0,89.16000366210938,0.0,90.69999694824219,88.5999984741211,89.3499984741211,0.0,39264200,4.06230002934718,-0.007152706488330551
2002-12-20,58.93693923950195,0.0,89.98999786376953,0.436,90.0199966430664,89.0999984741211,89.19999694824219,0.0,31176900,4.076468045854279,0.014168016507098535
2002-12-23,58.95658874511719,0.0,90.0199966430664,0.0,90.47000122070312,89.30999755859375,89.58999633789062,0.0,22599300,4.076801389102769,0.0003333432484904364
2002-12-24,58.517784118652344,0.0,89.3499984741211,0.0,89.86000061035156,89.25,89.58999633789062,0.0,10937000,4.069330710066803,-0.007470679035966654
2002-12-26,58.54399108886719,0.0,89.38999938964844,0.0,90.61000061035156,88.83999633789062,89.69999694824219,0.0,17485600,4.069778456064268,0.0004477459974649989
2002-12-27,57.22760772705078,0.0,87.37999725341797,0.0,89.29000091552734,87.37999725341797,88.95999908447266,0.0,22205700,4.047036434517283,-0.02274202154698468
2002-12-30,57.70570755004883,0.0,88.11000061035156,0.0,88.47000122070312,87.22000122070312,87.79000091552734,0.0,29968000,4.055356086300512,0.008319651783229354
2002-12-31,57.7843017578125,0.0,88.2300033569336,0.0,88.43000030517578,87.11000061035156,87.98999786376953,0.0,34036600,4.056717142903893,0.001361056603380817
2003-01-02,59.644290924072266,0.0,91.06999969482422,0.0,91.30000305175781,88.54000091552734,88.8499984741211,0.0,44516300,4.088398434392177,0.031681291488284025
2003-01-03,59.82765579223633,0.0,91.3499984741211,0.0,91.37999725341797,90.5,90.91000366210938,0.0,32222600,4.091468025491707,0.0030695910995302
2003-01-06,60.88211441040039,0.0,92.95999908447266,0.0,93.48999786376953,91.16999816894531,91.23999786376953,0.0,40984500,4.108939443738773,0.017471418247065884
2003-01-07,60.73147201538086,0.0,92.7300033569336,0.0,93.37000274658203,92.19999694824219,92.9000015258789,0.0,38640400,4.106462048301403,-0.0024773954373698004
2003-01-08,59.853858947753906,0.0,91.38999938964844,0.0,92.4000015258789,91.05000305175781,92.19999694824219,0.0,38702200,4.0919059069138,-0.014556141387603638
2003-01-09,60.78383255004883,0.0,92.80999755859375,0.0,93.18000030517578,91.41000366210938,91.81999969482422,0.0,34804900,4.10732384160548,0.015417934691679847
2003-01-10,60.94758605957031,0.0,93.05999755859375,0.0,93.63999938964844,91.80000305175781,91.94999694824219,0.0,37768900,4.110014249885717,0.0026904082802374774
2003-01-13,60.927940368652344,0.0,93.02999877929688,0.0,93.86000061035156,92.44000244140625,93.54000091552734,0.0,31649900,4.109691860450137,-0.0003223894355803836
2003-01-14,61.12442398071289,0.0,93.33000183105469,0.0,93.83000183105469,92.41000366210938,92.69000244140625,0.0,30733000,4.1129115241222145,0.0032196636720778216
2003-01-15,60.515357971191406,0.0,92.4000015258789,0.0,93.56999969482422,91.91000366210938,93.54000091552734,0.0,33511800,4.102897183585637,-0.01001434053657757
2003-01-16,60.26648712158203,0.0,92.0199966430664,0.0,92.93000030517578,91.44999694824219,92.5,0.0,44812100,4.098776180108239,-0.004121003477397522
2003-01-17,59.37575912475586,0.0,90.66000366210938,0.0,92.30000305175781,90.1500015258789,90.98999786376953,0.0,35618300,4.083886047532121,-0.014890132576118376
2003-01-21,58.45232391357422,0.0,89.25,0.0,90.91999816894531,88.94999694824219,90.87000274658203,0.0,36826200,4.068211446128124,-0.015674601403997457
2003-01-22,57.7449951171875,0.0,88.16999816894531,0.0,89.80000305175781,88.0,88.7699966430664,0.0,42286500,4.056036681008861,-0.012174765119262965
2003-01-23,58.09864807128906,0.0,88.70999908447266,0.0,89.37999725341797,87.94999694824219,88.75,0.0,55919800,4.062142394590392,0.006105713581531447
2003-01-24,56.572696685791016,0.0,86.37999725341797,0.0,88.68000030517578,86.16999816894531,88.58999633789062,0.0,68633900,4.035526478110901,-0.02661591647949102
2003-01-27,55.799861907958984,0.0,85.19999694824219,0.0,86.80000305175781,84.5,85.7300033569336,0.0,57884400,4.021771394616443,-0.013755083494458198
2003-01-28,56.21245574951172,0.0,85.83000183105469,0.0,86.4000015258789,85.12999725341797,85.62999725341797,0.0,46929100,4.029138364896369,0.007366970279925944
2003-01-29,56.63816452026367,0.0,86.4800033569336,0.0,87.18000030517578,84.7699966430664,85.41999816894531,0.0,53712200,4.036683042791585,0.007544677895216623
2003-01-30,55.29557418823242,0.0,84.43000030517578,0.0,86.87999725341797,84.4000015258789,86.79000091552734,0.0,49845900,4.0126928725629725,-0.02399017022861294
2003-01-31,56.36310958862305,0.0,86.05999755859375,0.0,86.20999908447266,84.1500015258789,84.1500015258789,0.0,55317000,4.031814859188792,0.01912198662581943
2003-02-03,56.47446060180664,0.0,86.2300033569336,0.0,86.80999755859375,85.91999816894531,86.13999938964844,0.0,39696000,4.033788511211627,0.0019736520228352816
2003-02-04,55.917728424072266,0.0,85.37999725341797,0.0,85.75,84.30000305175781,85.30999755859375,0.0,43633400,4.023881475213344,-0.009907035998283575
2003-02-05,55.57060241699219,0.0,84.8499984741211,0.0,86.54000091552734,84.4800033569336,85.75,0.0,55270600,4.017654327920351,-0.006227147292992896
2003-02-06,55.308658599853516,0.0,84.44999694824219,0.0,84.88999938964844,83.6500015258789,84.37000274658203,0.0,53638000,4.012929471314256,-0.004724856606094896
2003-02-07,54.63408660888672,0.0,83.41999816894531,0.0,84.98999786376953,82.97000122070312,84.91000366210938,0.0,43165000,4.000657984824696,-0.01227148648955989
2003-02-10,55.020503997802734,0.0,84.01000213623047,0.0,84.12999725341797,82.6500015258789,83.45999908447266,0.0,45455900,4.007705915719881,0.007047930895184962
2003-02-11,54.64064407348633,0.0,83.43000030517578,0.0,84.87999725341797,82.83000183105469,84.37000274658203,0.0,46861000,4.000778002775169,-0.006927912944711956
2003-02-12,53.76959228515625,0.0,82.0999984741211,0.0,83.62000274658203,82.08999633789062,83.16000366210938,0.0,35873600,3.984708108221819,-0.01606989455334995
2003-02-13,53.933319091796875,0.0,82.3499984741211,0.0,82.66000366210938,81.0,82.1500015258789,0.0,57934100,3.9877484518980926,0.0030403436762735936
2003-02-14,55.11216354370117,0.0,84.1500015258789,0.0,84.19999694824219,81.81999969482422,82.37000274658203,0.0,59580900,4.009370445765465,0.021621993867372513
2003-02-18,56.081485748291016,0.0,85.62999725341797,0.0,85.80000305175781,84.38999938964844,84.52999877929688,0.0,39492700,4.0268057357472,0.017435289981734492
2003-02-19,55.786773681640625,0.0,85.18000030517578,0.0,85.47000122070312,84.27999877929688,85.31999969482422,0.0,31432000,4.021536810496055,-0.005268925251144196
2003-02-20,55.23007583618164,0.0,84.33000183105469,0.0,85.41999816894531,84.05000305175781,85.20999908447266,0.0,29280100,4.011507657009775,-0.010029153486279974
2003-02-21,55.786773681640625,0.0,85.18000030517578,0.0,85.73999786376953,83.45999908447266,84.37999725341797,0.0,60955800,4.021536810496055,0.010029153486279974
2003-02-24,54.88298416137695,0.0,83.80000305175781,0.0,85.0,83.58999633789062,84.93000030517578,0.0,30628600,4.005203358057687,-0.016333452438368035
2003-02-25,55.32176971435547,0.0,84.47000122070312,0.0,84.48999786376953,82.22000122070312,82.94999694824219,0.0,56770600,4.013166496782983,0.007963138725295416
2003-02-26,54.516204833984375,0.0,83.23999786376953,0.0,84.52999877929688,83.08000183105469,84.0199966430664,0.0,37787200,3.9984979938768737,-0.014668502906109104
2003-02-27,55.23661804199219,0.0,84.33999633789062,0.0,84.75,83.16000366210938,83.69999694824219,0.0,51126000,4.01162610367616,0.013128109799286136
2003-02-28,55.60340881347656,0.0,84.9000015258789,0.0,85.2300033569336,84.16000366210938,84.47000122070312,0.0,43666800,4.018244508972082,0.006618405295922614
2003-03-03,55.07289505004883,0.0,84.08999633789062,0.0,85.77999877929688,83.72000122070312,85.26000213623047,0.0,42923100,4.008657672258494,-0.009586836713588731
2003-03-04,54.195274353027344,0.0,82.75,0.0,84.01000213623047,82.6500015258789,83.94999694824219,0.0,31440500,3.9925937155858775,-0.016063956672616175
2003-03-05,54.65372085571289,0.0,83.44999694824219,0.0,83.54000091552734,82.36000061035156,82.61000061035156,0.0,43974700,4.0010172974963085,0.008423581910431022
2003-03-06,54.195274353027344,0.0,82.75,0.0,83.5199966430664,82.47000122070312,82.87000274658203,0.0,41217700,3.9925937155858775,-0.008423581910431022
2003-03-07,54.568580627441406,0.0,83.31999969482422,0.0,83.98999786376953,81.43000030517578,81.61000061035156,0.0,63538000,3.9994582707341872,0.006864555148309748
2003-03-10,53.25874710083008,0.0,81.31999969482422,0.0,82.86000061035156,81.0999984741211,82.5999984741211,0.0,41014100,3.9751620559038696,-0.02429621483031763
2003-03-11,52.734798431396484,0.0,80.5199966430664,0.0,82.0,80.4800033569336,81.4800033569336,0.0,48102700,3.9652755494286107,-0.009886506475258905
2003-03-12,53.08846664428711,0.0,81.05999755859375,0.0,81.0999984741211,79.37999725341797,80.37999725341797,0.0,62459800,3.9719597039838517,0.006684154555240962
2003-03-13,54.922264099121094,0.0,83.86000061035156,0.0,83.91000366210938,81.52999877929688,82.18000030517578,0.0,72117800,4.005918805452814,0.033959101468962416
2003-03-14,55.0991096496582,0.0,84.12999725341797,0.0,84.7699966430664,83.3499984741211,84.19999694824219,0.0,63951800,4.009133557219933,0.0032147517671186066
2003-03-17,56.83464431762695,0.0,86.77999877929688,0.0,86.94999694824219,83.22000122070312,83.45999908447266,0.0,88217500,4.040146074961741,0.031012517741808132
2003-03-18,57.168670654296875,0.0,87.29000091552734,0.0,87.3499984741211,86.27999877929688,87.1500015258789,0.0,50792300,4.046006032500672,0.005859957538930871
2003-03-19,57.60746765136719,0.0,87.95999908447266,0.0,88.16000366210938,86.68000030517578,87.27999877929688,0.0,49630800,4.05365220602356,0.007646173522887878
2003-03-20,57.73188781738281,0.0,88.1500015258789,0.0,88.58999633789062,86.3499984741211,87.33000183105469,0.0,67321600,4.055809669341627,0.0021574633180669878
2003-03-21,58.96418762207031,0.0,89.66999816894531,0.354,89.87999725341797,87.93000030517578,88.80000305175781,0.0,71165300,4.076930270156605,0.02112060081497802
2003-03-24,57.004608154296875,0.0,86.69000244140625,0.0,88.13999938964844,86.3499984741211,88.0199966430664,0.0,65398900,4.043132109379011,-0.0337981607775939
2003-03-25,57.550411224365234,0.0,87.5199966430664,0.0,88.26000213623047,86.44000244140625,86.73999786376953,0.0,61040100,4.052661280656963,0.009529171277952386
2003-03-26,57.26110076904297,0.0,87.08000183105469,0.0,87.8499984741211,86.80000305175781,87.55999755859375,0.0,45740800,4.047621523534141,-0.00503975712282223
2003-03-27,57.307132720947266,0.0,87.1500015258789,0.0,87.66000366210938,85.98999786376953,86.4000015258789,0.0,53120200,4.048425096269429,0.0008035727352879718
2003-03-28,57.01776885986328,0.0,86.70999908447266,0.0,87.27999877929688,86.25,86.47000122070312,0.0,32583000,4.043362953639049,-0.005062142630380073
2003-03-31,55.72236633300781,0.0,84.73999786376953,0.0,86.58999633789062,84.4000015258789,85.3499984741211,0.0,61119500,4.020381616297861,-0.02298133734118757
2003-04-01,56.57720947265625,0.0,86.04000091552734,0.0,86.38999938964844,84.91000366210938,85.25,0.0,53574000,4.035606244626329,0.01522462832846827
2003-04-02,57.944950103759766,0.0,88.12000274658203,0.0,88.7699966430664,87.5,87.54000091552734,0.0,50431200,4.059493423689422,0.023887179063092567
2003-04-03,57.66876220703125,0.0,87.69999694824219,0.0,88.98999786376953,87.6500015258789,88.87000274658203,0.0,48755500,4.054715644019682,-0.004777779669740134
2003-04-04,58.010711669921875,0.0,88.22000122070312,0.0,88.58999633789062,87.62000274658203,88.43000030517578,0.0,36250100,4.060627677458606,0.0059120334389239915
2003-04-07,57.89889144897461,0.0,88.05000305175781,0.0,90.8499984741211,87.97000122070312,90.33999633789062,0.0,69776200,4.058698238436675,-0.0019294390219304347
2003-04-08,57.9909782409668,0.0,88.19000244140625,0.0,88.6500015258789,87.70999908447266,88.30000305175781,0.0,39712700,4.0602874508781035,0.0015892124414280673
2003-04-09,57.22819137573242,0.0,87.02999877929688,0.0,89.0999984741211,86.7699966430664,88.36000061035156,0.0,55647300,4.0470466331911155,-0.013240817686988038
2003-04-10,57.54381561279297,0.0,87.51000213623047,0.0,87.62999725341797,85.70999908447266,87.08999633789062,0.0,41812400,4.052546668277858,0.005500035086742905
2003-04-11,57.307132720947266,0.0,87.1500015258789,0.0,88.69999694824219,86.86000061035156,88.16000366210938,0.0,47730100,4.048425096269429,-0.004121572008429553
2003-04-14,58.49076461791992,0.0,88.94999694824219,0.0,89.0,87.0,87.47000122070312,0.0,36711700,4.068868871995919,0.020443775726490365
2003-04-15,59.036502838134766,0.0,89.77999877929688,0.0,89.77999877929688,88.41999816894531,88.83999633789062,0.0,49709800,4.078155944766398,0.009287072770479021
2003-04-16,58.03043746948242,0.0,88.25,0.0,90.05999755859375,88.02999877929688,89.91000366210938,0.0,51788000,4.0609676568520685,-0.017188287914329692
2003-04-17,58.8918571472168,0.0,89.55999755859375,0.0,89.72000122070312,88.19000244140625,88.30000305175781,0.0,37403100,4.07570283232639,0.014735175474321238
2003-04-21,58.951053619384766,0.0,89.6500015258789,0.0,90.16000366210938,89.05999755859375,89.86000061035156,0.0,32052700,4.076707499926028,0.0010046675996386867
2003-04-22,60.062320709228516,0.0,91.33999633789062,0.0,91.55999755859375,88.88999938964844,89.0999984741211,0.0,59763600,4.095382701655979,0.018675201729950963
2003-04-23,60.61468505859375,0.0,92.18000030517578,0.0,92.3499984741211,91.23999786376953,91.62000274658203,0.0,44227100,4.104537191418221,0.00915448976224198
2003-04-24,60.07549285888672,0.0,91.36000061035156,0.0,92.08000183105469,90.95999908447266,91.52999877929688,0.0,49692400,4.0956019856485835,-0.00893520576963791
2003-04-25,59.33241653442383,0.0,90.2300033569336,0.0,91.47000122070312,90.0199966430664,91.30000305175781,0.0,43917200,4.083155809837583,-0.01244617581100016
2003-04-28,60.358238220214844,0.0,91.79000091552734,0.0,92.19000244140625,90.30000305175781,90.44000244140625,0.0,46432900,4.10029744560447,0.017141635766886765
2003-04-29,60.568641662597656,0.0,92.11000061035156,0.0,92.80000305175781,91.4000015258789,92.13999938964844,0.0,52017100,4.103777294830836,0.0034798492263661274
2003-04-30,60.437137603759766,0.0,91.91000366210938,0.0,92.56999969482422,91.41000366210938,91.91000366210938,0.0,48709100,4.101603776980599,-0.0021735178502373387
2003-05-01,60.43055725097656,0.0,91.9000015258789,0.0,92.7300033569336,90.5,91.91999816894531,0.0,50240400,4.101494891760316,-0.00010888522028285053
2003-05-02,61.2919921875,0.0,93.20999908447266,0.0,93.47000122070312,91.48999786376953,91.55999755859375,0.0,50201500,4.115649201252305,0.014154309491988926
2003-05-05,61.173583984375,0.0,93.02999877929688,0.0,93.77999877929688,92.5,93.47000122070312,0.0,35437800,4.113715462095168,-0.0019337391571365714
2003-05-06,61.752262115478516,0.0,93.91000366210938,0.0,94.37999725341797,93.0,93.04000091552734,0.0,44401000,4.123130608286143,0.00941514619097461
2003-05-07,61.41033935546875,0.0,93.38999938964844,0.0,94.13999938964844,92.97000122070312,93.41999816894531,0.0,41413100,4.117578214388061,-0.005552393898081931
2003-05-08,60.792213439941406,0.0,92.44999694824219,0.0,93.33000183105469,92.27999877929688,92.5199966430664,0.0,40570700,4.107461712348645,-0.010116502039416275
2003-05-09,61.63388442993164,0.0,93.7300033569336,0.0,93.80000305175781,92.61000061035156,92.83000183105469,0.0,33608100,4.12121179121985,0.013750078871205496
2003-05-12,62.390113830566406,0.0,94.87999725341797,0.0,95.12000274658203,93.27999877929688,93.5,0.0,35662300,4.1334068306212135,0.012195039401363239
2003-05-13,62.27831268310547,0.0,94.70999908447266,0.0,95.18000030517578,94.26000213623047,94.52999877929688,0.0,39253600,4.1316132541631045,-0.0017935764581089586
2003-05-14,62.14679718017578,0.0,94.51000213623047,0.0,95.23999786376953,93.91000366210938,95.08999633789062,0.0,32195100,4.129499282922873,-0.0021139712402318267
2003-05-15,62.5413818359375,0.0,95.11000061035156,0.0,95.33000183105469,94.25,94.88999938964844,0.0,43879200,4.135828447019649,0.006329164096776196
2003-05-16,62.383548736572266,0.0,94.87000274658203,0.0,95.44999694824219,94.26000213623047,94.88999938964844,0.0,38905000,4.133301598573598,-0.002526848446050778
2003-05-19,60.923728942871094,0.0,92.6500015258789,0.0,94.41999816894531,92.33000183105469,94.1500015258789,0.0,41606000,4.109622736640726,-0.023678861932872053
2003-05-20,60.798805236816406,0.0,92.45999908447266,0.0,93.02999877929688,91.58999633789062,92.81999969482422,0.0,55404600,4.1075701380687875,-0.002052598571938624
2003-05-21,60.923728942871094,0.0,92.6500015258789,0.0,92.87999725341797,91.91000366210938,92.11000061035156,0.0,49333800,4.109622736640726,0.002052598571938624
2003-05-22,61.52869415283203,0.0,93.56999969482422,0.0,94.05000305175781,92.68000030517578,92.94999694824219,0.0,38421800,4.1195036375925564,0.009880900951830363
2003-05-23,61.65363311767578,0.0,93.76000213623047,0.0,93.9800033569336,93.13999938964844,93.52999877929688,0.0,26155900,4.121532159223131,0.0020285216305744314
2003-05-27,62.73204040527344,0.0,95.4000015258789,0.0,95.83999633789062,93.06999969482422,93.30000305175781,0.0,43719200,4.138872328365471,0.017340169142340045
2003-05-28,62.90958023071289,0.0,95.66999816894531,0.0,96.47000122070312,95.43000030517578,95.8499984741211,0.0,37727100,4.141698461022924,0.0028261326574527956
2003-05-29,62.745182037353516,0.0,95.41999816894531,0.0,96.81999969482422,95.08000183105469,95.87999725341797,0.0,50844200,4.139081794782918,-0.002616666240006005
2003-05-30,63.751285552978516,0.0,96.94999694824219,0.0,97.08999633789062,95.55999755859375,95.9000015258789,0.0,52529500,4.154989349372132,0.015907554589214
2003-06-02,64.01432037353516,0.0,97.3499984741211,0.0,98.44999694824219,96.66999816894531,97.52999877929688,0.0,50305500,4.159106814166555,0.00411746479442332
2003-06-03,64.27733612060547,0.0,97.75,0.0,97.83999633789062,96.8499984741211,97.1500015258789,0.0,38254500,4.163207098202945,0.004100284036390178
2003-06-04,65.20451354980469,0.0,99.16000366210938,0.0,99.3499984741211,97.56999969482422,97.66000366210938,0.0,49360700,4.177528692760581,0.01432159455763582
2003-06-05,65.52674865722656,0.0,99.6500015258789,0.0,99.6500015258789,98.2699966430664,98.58000183105469,0.0,46262400,4.182458435724447,0.004929742963866168
2003-06-06,65.2702407836914,0.0,99.26000213623047,0.0,101.4000015258789,99.12999725341797,100.4000015258789,0.0,60356800,4.178536201681097,-0.003922234043350237
2003-06-09,64.60612487792969,0.0,98.25,0.0,99.0999984741211,97.7699966430664,98.7699966430664,0.0,37808500,4.168309218646002,-0.010226983035095394
2003-06-10,65.263671875,0.0,99.25,0.0,99.26000213623047,98.19000244140625,98.45999908447266,0.0,29965900,4.178435554905663,0.010126336259661528
2003-06-11,65.95413970947266,0.0,100.30000305175781,0.0,100.38999938964844,98.70999908447266,99.16000366210938,0.0,37610200,4.188959647617493,0.010524092711829525
2003-06-12,66.15797424316406,0.0,100.61000061035156,0.0,100.9000015258789,99.62000274658203,100.75,0.0,36442000,4.192045431189288,0.003085783571795453
2003-06-13,65.46753692626953,0.0,99.55999755859375,0.0,100.75,98.94999694824219,100.61000061035156,0.0,48628300,4.181554400335026,-0.010491030854262284
2003-06-16,66.84839630126953,0.0,101.66000366210938,0.0,101.69999694824219,99.80000305175781,99.95999908447266,0.0,36326300,4.202427313750394,0.02087291341536801
2003-06-17,66.84839630126953,0.0,101.66000366210938,0.0,102.18000030517578,101.2300033569336,102.06999969482422,0.0,36801800,4.202427313750394,0.0
2003-06-18,66.78926086425781,0.0,101.56999969482422,0.0,102.13999938964844,101.0,101.29000091552734,0.0,35521000,4.201542302113318,-0.0008850116370755501
2003-06-19,65.76998138427734,0.0,100.0199966430664,0.0,101.7300033569336,99.83999633789062,101.63999938964844,0.0,43551700,4.186163524270454,-0.015378777842864011
2003-06-20,65.62483215332031,0.0,99.44000244140625,0.36,100.5,99.41999816894531,100.38999938964844,0.0,41545000,4.1839541632448265,-0.002209361025627743
2003-06-23,64.95169067382812,0.0,98.41999816894531,0.0,99.66000366210938,97.91999816894531,99.44999694824219,0.0,34237500,4.173643773167787,-0.0103103900770396
2003-06-24,65.01766204833984,0.0,98.5199966430664,0.0,99.08999633789062,98.0199966430664,98.22000122070312,0.0,36213600,4.174658956806019,0.0010151836382323864
2003-06-25,64.36434936523438,0.0,97.52999877929688,0.0,99.44000244140625,97.52999877929688,98.52999877929688,0.0,47743400,4.164559898542436,-0.010099058263583593
2003-06-26,65.20245361328125,0.0,98.80000305175781,0.0,98.9800033569336,96.95999908447266,97.77999877929688,0.0,33477300,4.177497100330078,0.012937201787642572
2003-06-27,64.45010375976562,0.0,97.66000366210938,0.0,99.19000244140625,97.58000183105469,98.75,0.0,54208800,4.165891339310442,-0.011605761019636063
2003-06-30,64.43034362792969,0.0,97.62999725341797,0.0,98.66999816894531,97.47000122070312,98.22000122070312,0.0,33349000,4.165584696489265,-0.00030664282117687236
2003-07-01,65.02428436279297,0.0,98.52999877929688,0.0,98.8499984741211,96.43000030517578,97.25,0.0,51322800,4.17476080570388,0.009176109214614314
2003-07-02,65.84260559082031,0.0,99.7699966430664,0.0,99.79000091552734,98.56999969482422,98.7699966430664,0.0,34662100,4.1872671301729465,0.012506324469066854
2003-07-03,65.16287231445312,0.0,98.73999786376953,0.0,99.8499984741211,97.9000015258789,99.06999969482422,0.0,30792800,4.176889863708489,-0.01037726646445769
2003-07-07,66.45634460449219,0.0,100.69999694824219,0.0,100.9000015258789,99.6500015258789,99.6500015258789,0.0,31391100,4.196545259976742,0.019655396268253078
2003-07-08,66.75331115722656,0.0,101.1500015258789,0.0,101.29000091552734,100.16999816894531,100.5,0.0,30952500,4.201003901401763,0.00445864142502117
2003-07-09,66.37715911865234,0.0,100.58000183105469,0.0,101.4000015258789,100.02999877929688,100.91999816894531,0.0,36528500,4.195353008127618,-0.005650893274145474
2003-07-10,65.53246307373047,0.0,99.30000305175781,0.0,100.04000091552734,98.62999725341797,99.83999633789062,0.0,49777700,4.182545639308721,-0.01280736881889677
2003-07-11,66.15277099609375,0.0,100.23999786376953,0.0,100.44999694824219,99.38999938964844,99.38999938964844,0.0,39976300,4.191966779269316,0.009421139960594793
2003-07-14,66.47618103027344,0.0,100.7300033569336,0.0,101.9000015258789,100.44999694824219,101.19999694824219,0.0,42114900,4.196843703504144,0.00487692423482855
2003-07-15,66.33097076416016,0.0,100.51000213623047,0.0,101.45999908447266,99.94999694824219,101.37999725341797,0.0,42573600,4.194656918801394,-0.002186784702749911
2003-07-16,65.94161224365234,0.0,99.91999816894531,0.0,100.87000274658203,99.2300033569336,100.80999755859375,0.0,39894200,4.18876968750623,-0.005887231295163886
2003-07-17,65.00447082519531,0.0,98.5,0.0,99.87999725341797,98.16000366210938,99.1500015258789,0.0,52253500,4.17445604945635,-0.014313638049880062
2003-07-18,65.6709976196289,0.0,99.51000213623047,0.0,99.80000305175781,98.45999908447266,99.0199966430664,0.0,35698100,4.184657391493445,0.010201342037094996
2003-07-21,64.85928344726562,0.0,98.27999877929688,0.0,99.48999786376953,97.8499984741211,99.44999694824219,0.0,34786000,4.1722200531349145,-0.01243733835853078
2003-07-22,65.4466323852539,0.0,99.16999816894531,0.0,99.41000366210938,97.91999816894531,98.69000244140625,0.0,49968300,4.181235037789271,0.009014984654356795
2003-07-23,65.49282836914062,0.0,99.23999786376953,0.0,99.44999694824219,98.27999877929688,99.20999908447266,0.0,37275400,4.181940646099207,0.0007056083099357124
2003-07-24,64.9979019165039,0.0,98.48999786376953,0.0,100.33999633789062,98.37000274658203,99.98999786376953,0.0,40896200,4.1743549911670526,-0.007585654932154462
2003-07-25,66.14618682861328,0.0,100.2300033569336,0.0,100.29000091552734,98.04000091552734,98.66000366210938,0.0,43241100,4.191867244585231,0.017512253418178858
2003-07-28,65.90199279785156,0.0,99.86000061035156,0.0,100.9800033569336,99.66999816894531,100.37000274658203,0.0,34382800,4.188168680775857,-0.003698563809374278
2003-07-29,65.59844970703125,0.0,99.4000015258789,0.0,100.26000213623047,98.68000030517578,100.13999938964844,0.0,53472100,4.183552063156023,-0.004616617619833896
2003-07-30,65.44004821777344,0.0,99.16000366210938,0.0,99.75,98.93000030517578,99.5999984741211,0.0,28363300,4.181134429118386,-0.002417634037636951
2003-07-31,65.59185028076172,0.0,99.38999938964844,0.0,100.91000366210938,99.16999816894531,99.9800033569336,0.0,54937200,4.183451454707446,0.0023170255890594404
2003-08-01,65.0110855102539,0.0,98.51000213623047,0.0,99.52999877929688,98.23999786376953,99.19000244140625,0.0,49321000,4.174557801665867,-0.00889365304157863
2003-08-04,65.0110855102539,0.0,98.51000213623047,0.0,99.0,97.0,98.30999755859375,0.0,55214100,4.174557801665867,0.0
2003-08-05,63.63177490234375,0.0,96.41999816894531,0.0,98.76000213623047,96.33999633789062,98.41000366210938,0.0,61415600,4.153112950967623,-0.02144485069824409
2003-08-06,64.00135803222656,0.0,96.9800033569336,0.0,98.05999755859375,96.41999816894531,96.69000244140625,0.0,50096900,4.158904302388087,0.0057913514204637195
2003-08-07,64.67449951171875,0.0,98.0,0.0,98.06999969482422,96.76000213623047,97.16999816894531,0.0,43427400,4.169366989529878,0.010462687141790994
2003-08-08,64.85928344726562,0.0,98.27999877929688,0.0,98.55000305175781,97.76000213623047,98.31999969482422,0.0,27357300,4.1722200531349145,0.0028530636050367875
2003-08-11,65.10348510742188,0.0,98.6500015258789,0.0,99.04000091552734,97.83999633789062,98.26000213623047,0.0,34631400,4.175978082457813,0.0037580293228982597
2003-08-12,65.69738006591797,0.0,99.55000305175781,0.0,99.58999633789062,98.41999816894531,98.70999908447266,0.0,43285600,4.185059047464366,0.009080965006552866
2003-08-13,65.36087036132812,0.0,99.04000091552734,0.0,99.8499984741211,98.52999877929688,99.81999969482422,0.0,36152000,4.179923766884873,-0.005135280579492196
2003-08-14,65.53901672363281,0.0,99.30999755859375,0.0,99.75,98.44999694824219,99.0999984741211,0.0,35525100,4.1826456404671415,0.002721873582268053
2003-08-15,65.74360656738281,0.0,99.62000274658203,0.0,99.79000091552734,99.12000274658203,99.36000061035156,0.0,12567000,4.18576242781101,0.0031167873438686655
2003-08-18,66.31116485595703,0.0,100.4800033569336,0.0,100.5999984741211,99.73999786376953,99.93000030517578,0.0,22873800,4.194358282048333,0.00859585423732323
2003-08-19,66.56195068359375,0.0,100.86000061035156,0.0,100.94000244140625,100.0,100.69000244140625,0.0,37437700,4.198133103228846,0.003774821180512866
2003-08-20,66.29139709472656,0.0,100.44999694824219,0.0,100.88999938964844,100.16000366210938,100.29000091552734,0.0,21295300,4.1940601315286745,-0.004072971700171735
2003-08-21,66.5025405883789,0.0,100.7699966430664,0.0,101.5199966430664,100.4000015258789,101.05000305175781,0.0,46494200,4.197240151268566,0.003180019739891904
2003-08-22,65.84260559082031,0.0,99.7699966430664,0.0,101.81999969482422,99.7300033569336,101.75,0.0,52040300,4.1872671301729465,-0.009973021095619927
2003-08-25,65.94820404052734,0.0,99.93000030517578,0.0,100.83000183105469,99.27999877929688,99.70999908447266,0.0,23473000,4.188869646654953,0.0016025164820065996
2003-08-26,66.06697845458984,0.0,100.11000061035156,0.0,100.38999938964844,98.83000183105469,99.5,0.0,45065800,4.190669052509122,0.001799405854169045
2003-08-27,66.08678436279297,0.0,100.13999938964844,0.0,100.36000061035156,99.56999969482422,100.05000305175781,0.0,18919500,4.190968792871094,0.00029974036197177867
2003-08-28,66.49592590332031,0.0,100.76000213623047,0.0,101.0,99.66000366210938,100.4000015258789,0.0,27402400,4.197140681173331,0.0061718883022372495
2003-08-29,66.9447021484375,0.0,101.44000244140625,0.0,101.4800033569336,100.4800033569336,100.61000061035156,0.0,28706600,4.2038669375414095,0.006726256368078332
2003-09-02,67.84225463867188,0.0,102.80000305175781,0.0,102.87999725341797,101.05000305175781,101.63999938964844,0.0,49419100,4.2171852255816225,0.013318288040212956
2003-09-03,68.21179962158203,0.0,103.36000061035156,0.0,103.69999694824219,102.77999877929688,103.02999877929688,0.0,44912400,4.22261756486326,0.005432339281637333
2003-09-04,68.24478912353516,0.0,103.41000366210938,0.0,103.55000305175781,102.76000213623047,103.0999984741211,0.0,28381000,4.223101081311959,0.0004835164486989285
2003-09-05,67.8620376586914,0.0,102.83000183105469,0.0,103.55000305175781,102.4000015258789,102.94000244140625,0.0,31637300,4.21747678629536,-0.005624295016598779
2003-09-08,68.4229965209961,0.0,103.68000030517578,0.0,103.87999725341797,102.93000030517578,103.04000091552734,0.0,32632800,4.225708974571093,0.008232188275733243
2003-09-09,67.97421264648438,0.0,103.0,0.0,103.45999908447266,102.68000030517578,103.37000274658203,0.0,35053200,4.219128407464829,-0.006580567106263757
2003-09-10,67.28791046142578,0.0,101.95999908447266,0.0,102.80000305175781,101.55000305175781,102.52999877929688,0.0,45904900,4.2089805839825445,-0.010147823482284934
2003-09-11,67.48583221435547,0.0,102.26000213623047,0.0,102.76000213623047,101.83999633789062,102.0999984741211,0.0,38396300,4.21191768272718,0.002937098744635769
2003-09-12,67.61124420166016,0.0,102.44999694824219,0.0,102.63999938964844,101.3499984741211,101.91000366210938,0.0,42524800,4.213774303560981,0.0018566208338004486
2003-09-15,67.37364959716797,0.0,102.08999633789062,0.0,102.62999725341797,101.94999694824219,102.5199966430664,0.0,21312800,4.210253985943591,-0.003520317617390134
2003-09-16,68.35702514648438,0.0,103.58000183105469,0.0,103.63999938964844,102.16999816894531,102.2300033569336,0.0,37892600,4.224744339841209,0.014490353897618213
2003-09-17,68.22501373291016,0.0,103.37999725341797,0.0,103.79000091552734,103.05000305175781,103.4800033569336,0.0,31885800,4.222811267882915,-0.0019330719582937306
2003-09-18,69.03010559082031,0.0,104.5999984741211,0.0,104.69999694824219,103.16999816894531,103.4000015258789,0.0,30243600,4.2345427223508985,0.011731454467983404
2003-09-19,68.67904663085938,0.0,103.66999816894531,0.4,104.5999984741211,103.4000015258789,104.2699966430664,0.0,34331600,4.22944415461172,-0.0050985677391786055
2003-09-22,67.93705749511719,0.0,102.55000305175781,0.0,102.95999908447266,102.02999877929688,102.8499984741211,0.0,36677400,4.218581651448877,-0.01086250316284243
2003-09-23,68.19539642333984,0.0,102.94000244140625,0.0,103.29000091552734,102.36000061035156,102.58999633789062,0.0,32489200,4.222377061447064,0.0037954099981867273
2003-09-24,66.98308563232422,0.0,101.11000061035156,0.0,103.22000122070312,101.06999969482422,103.12000274658203,0.0,41694700,4.2044401342703885,-0.01793692717667561
2003-09-25,66.43321990966797,0.0,100.27999877929688,0.0,101.87999725341797,100.19999694824219,101.41000366210938,0.0,52673100,4.1961972312185445,-0.008242903051844053
2003-09-26,66.21459197998047,0.0,99.94999694824219,0.0,100.66000366210938,99.8499984741211,100.44000244140625,0.0,42914700,4.192900861311773,-0.0032963699067716234
2003-09-29,66.86382293701172,0.0,100.93000030517578,0.0,100.98999786376953,99.79000091552734,100.30000305175781,0.0,36771600,4.202658057595624,0.009757196283850966
2003-09-30,66.21459197998047,0.0,99.94999694824219,0.0,100.76000213623047,99.25,100.4800033569336,0.0,70764500,4.192900861311773,-0.009757196283850966
2003-10-01,67.62566375732422,0.0,102.08000183105469,0.0,102.18000030517578,100.19999694824219,100.23999786376953,0.0,65797600,4.213987552383899,0.02108669107212613
2003-10-02,67.87080383300781,0.0,102.44999694824219,0.0,102.55999755859375,101.62999725341797,101.93000030517578,0.0,44591500,4.217605954361574,0.0036184019776746013
2003-10-03,68.49351501464844,0.0,103.38999938964844,0.0,104.27999877929688,103.08000183105469,103.66999816894531,0.0,48806900,4.226739069467566,0.009133115105992573
2003-10-06,68.80490112304688,0.0,103.86000061035156,0.0,103.98999786376953,103.19999694824219,103.4800033569336,0.0,20226500,4.231274979655634,0.00453591018806776
2003-10-07,69.06986236572266,0.0,104.26000213623047,0.0,104.30999755859375,102.91000366210938,103.26000213623047,0.0,42602900,4.235118490420782,0.003843510765148217
2003-10-08,68.89762878417969,0.0,104.0,0.0,104.38999938964844,103.41000366210938,104.33000183105469,0.0,30920800,4.23262176210344,-0.002496728317342267
2003-10-09,69.08312225341797,0.0,104.27999877929688,0.0,105.22000122070312,103.83000183105469,104.87999725341797,0.0,40066500,4.2353104499035625,0.0026886878001226577
2003-10-10,69.27523040771484,0.0,104.56999969482422,0.0,104.5999984741211,103.91000366210938,104.2699966430664,0.0,22682800,4.2380874167300115,0.002776966826449012
2003-10-13,69.49385833740234,0.0,104.9000015258789,0.0,105.29000091552734,104.51000213623047,104.70999908447266,0.0,23825600,4.241238379419945,0.003150962689933756
2003-10-14,69.73896789550781,0.0,105.2699966430664,0.0,105.43000030517578,104.36000061035156,104.80000305175781,0.0,38484400,4.2447592418192075,0.0035208623992621924
2003-10-15,69.55351257324219,0.0,104.98999786376953,0.0,105.88999938964844,104.63999938964844,105.86000061035156,0.0,39021700,4.242096421382323,-0.0026628204368845942
2003-10-16,69.83173370361328,0.0,105.41000366210938,0.0,105.7300033569336,104.6500015258789,104.68000030517578,0.0,32772200,4.246088544039555,0.0039921226572321444
2003-10-17,69.06986236572266,0.0,104.26000213623047,0.0,105.62999725341797,103.9800033569336,105.47000122070312,0.0,32790300,4.235118490420782,-0.010970053618772901
2003-10-20,69.58665466308594,0.0,105.04000091552734,0.0,105.04000091552734,103.94000244140625,104.44999694824219,0.0,27657000,4.242572805608802,0.007454315188019756
2003-10-21,69.4673843383789,0.0,104.86000061035156,0.0,105.27999877929688,104.31999969482422,104.81999969482422,0.0,26729100,4.240857352324419,-0.0017154532843832726
2003-10-22,68.59295654296875,0.0,103.54000091552734,0.0,104.19000244140625,103.19000244140625,104.02999877929688,0.0,33914500,4.228189855159726,-0.012667497164692954
2003-10-23,68.467041015625,0.0,103.3499984741211,0.0,103.94999694824219,102.83999633789062,102.88999938964844,0.0,45830500,4.226352476420335,-0.001837378739391049
2003-10-24,68.61943817138672,0.0,103.58000183105469,0.0,103.58000183105469,102.18000030517578,102.83000183105469,0.0,51723600,4.228575849862345,0.0022233734420105122
2003-10-27,68.65253448486328,0.0,103.62999725341797,0.0,104.18000030517578,103.2699966430664,103.73999786376953,0.0,32460200,4.2290580504671365,0.0004822006047913163
2003-10-28,69.58665466308594,0.0,105.04000091552734,0.0,105.1500015258789,103.81999969482422,103.9800033569336,0.0,34956200,4.242572805608802,0.013514755141665447
2003-10-29,69.67935943603516,0.0,105.18000030517578,0.0,105.43000030517578,103.87000274658203,104.7699966430664,0.0,30955400,4.243904139563346,0.0013313339545444336
2003-10-30,69.82508087158203,0.0,105.4000015258789,0.0,105.97000122070312,104.80000305175781,105.79000091552734,0.0,39123100,4.245993270034394,0.002089130471047973
2003-10-31,69.75884246826172,0.0,105.30000305175781,0.0,105.73999786376953,105.22000122070312,105.4000015258789,0.0,25761600,4.245044186404883,-0.0009490836295116267
2003-11-03,70.21598052978516,0.0,105.98999786376953,0.0,106.61000061035156,105.70999908447266,105.75,0.0,37589300,4.2515759279994905,0.006531741594607787
2003-11-04,70.06358337402344,0.0,105.76000213623047,0.0,106.2699966430664,105.58000183105469,105.98999786376953,0.0,31421600,4.249403163678372,-0.002172764321118237
2003-11-05,70.11661529541016,0.0,105.83999633789062,0.0,105.97000122070312,104.9000015258789,105.48999786376953,0.0,33558800,4.250159788714149,0.0007566250357768922
2003-11-06,70.48757934570312,0.0,106.4000015258789,0.0,106.44000244140625,105.0999984741211,105.5999984741211,0.0,28392300,4.25543651480322,0.005276726089070927
2003-11-07,69.96424102783203,0.0,105.61000061035156,0.0,106.72000122070312,105.56999969482422,106.63999938964844,0.0,31723200,4.247984269065354,-0.007452245737866292
2003-11-10,69.67935943603516,0.0,105.18000030517578,0.0,105.83999633789062,105.01000213623047,105.73999786376953,0.0,25530800,4.243904139563346,-0.0040801295020074235
2003-11-11,69.65951538085938,0.0,105.1500015258789,0.0,105.33000183105469,104.80000305175781,105.08999633789062,0.0,26558600,4.243619307992314,-0.0002848315710322069
2003-11-12,70.44123077392578,0.0,106.33000183105469,0.0,106.47000122070312,105.16000366210938,105.2300033569336,0.0,28000000,4.254778756131888,0.011159448139573591
2003-11-13,70.46109771728516,0.0,106.36000061035156,0.0,106.54000091552734,105.77999877929688,106.01000213623047,0.0,29714800,4.2550607520889985,0.00028199595711075887
2003-11-14,69.8648681640625,0.0,105.45999908447266,0.0,106.94999694824219,105.29000091552734,106.4000015258789,0.0,49158500,4.246562921520862,-0.008497830568136244
2003-11-17,69.51375579833984,0.0,104.93000030517578,0.0,105.13999938964844,104.04000091552734,104.91000366210938,0.0,44382100,4.241524658142116,-0.005038263378746244
2003-11-18,68.79167175292969,0.0,103.83999633789062,0.0,105.44999694824219,103.69999694824219,105.23999786376953,0.0,41155000,4.231082687509377,-0.010441970632738773
2003-11-19,69.37462615966797,0.0,104.72000122070312,0.0,105.01000213623047,103.91999816894531,104.02999877929688,0.0,29827000,4.2395211833626085,0.00843849585323131
2003-11-20,68.75192260742188,0.0,103.77999877929688,0.0,105.23999786376953,103.75,104.0,0.0,53578700,4.230504701354525,-0.009016482008083138
2003-11-21,69.03675079345703,0.0,104.20999908447266,0.0,104.33000183105469,103.62000274658203,104.23999786376953,0.0,30016000,4.234638983000498,0.004134281645972848
2003-11-24,69.95101165771484,0.0,105.58999633789062,0.0,105.77999877929688,104.68000030517578,104.69000244140625,0.0,28906400,4.247795163590394,0.013156180589895428
2003-11-25,70.21598052978516,0.0,105.98999786376953,0.0,106.41999816894531,105.44999694824219,105.7300033569336,0.0,37580000,4.2515759279994905,0.003780764409096804
2003-11-26,70.46770477294922,0.0,106.37000274658203,0.0,106.44999694824219,105.38999938964844,106.41999816894531,0.0,33053600,4.25515451653675,0.003578588537259897
2003-11-28,70.52069854736328,0.0,106.44999694824219,0.0,106.66000366210938,106.19999694824219,106.27999877929688,0.0,10507500,4.255906263143729,0.0007517466069790757
2003-12-01,71.28256225585938,0.0,107.5999984741211,0.0,107.68000030517578,106.80000305175781,106.8499984741211,0.0,38699000,4.26665172886694,0.010745465723210224
2003-12-02,71.10367584228516,0.0,107.33000183105469,0.0,107.7699966430664,107.06999969482422,107.37999725341797,0.0,35352000,4.264139035083016,-0.002512693783923936
2003-12-03,70.9910659790039,0.0,107.16000366210938,0.0,108.08000183105469,107.06999969482422,107.6500015258789,0.0,39078600,4.262554037842261,-0.001584997240755115
2003-12-04,71.28256225585938,0.0,107.5999984741211,0.0,107.72000122070312,106.94000244140625,107.16999816894531,0.0,36089500,4.26665172886694,0.004097691024679051
2003-12-05,70.78569030761719,0.0,106.8499984741211,0.0,107.80000305175781,106.62000274658203,107.12000274658203,0.0,28824400,4.259656865972635,-0.006994862894305065
2003-12-08,71.26268768310547,0.0,107.56999969482422,0.0,107.63999938964844,106.68000030517578,106.73999786376953,0.0,32482900,4.26637287604103,0.006716010068395839
2003-12-09,70.71284484863281,0.0,106.73999786376953,0.0,107.93000030517578,106.54000091552734,107.9000015258789,0.0,43596100,4.258627237427866,-0.007745638613164019
2003-12-10,70.70620727539062,0.0,106.7300033569336,0.0,106.9800033569336,105.95999908447266,106.7699966430664,0.0,36915400,4.258533366437397,-9.387099046964664e-05
2003-12-11,71.50119018554688,0.0,107.93000030517578,0.0,108.0999984741211,106.66999816894531,106.68000030517578,0.0,45304000,4.269714095513124,0.011180729075727314
2003-12-12,71.64032745361328,0.0,108.13999938964844,0.0,108.19999694824219,107.38999938964844,107.97000122070312,0.0,34142200,4.271658148003021,0.0019440524898968192
2003-12-15,71.28256225585938,0.0,107.5999984741211,0.0,109.2300033569336,107.4800033569336,109.16999816894531,0.0,38693400,4.26665172886694,-0.0050064191360812416
2003-12-16,71.653564453125,0.0,108.16000366210938,0.0,108.5,107.5199966430664,107.68000030517578,0.0,32894200,4.271842901161348,0.00519117229440802
2003-12-17,71.87879943847656,0.0,108.5,0.0,108.5,107.80000305175781,108.05999755859375,0.0,23198800,4.274981359473099,0.00313845831175108
2003-12-18,72.68699645996094,0.0,109.72000122070312,0.0,109.7300033569336,108.38999938964844,108.55000305175781,0.0,29353100,4.286162502790894,0.011181143317795517
2003-12-19,72.48466491699219,0.0,108.9000015258789,0.516,109.37000274658203,108.58000183105469,109.30000305175781,0.0,41465100,4.283375021101145,-0.0027874816897490717
2003-12-22,72.9905014038086,0.0,109.66000366210938,0.0,109.66000366210938,108.77999877929688,108.79000091552734,0.0,27611300,4.290329314926295,0.006954293825149449
2003-12-23,73.03711700439453,0.0,109.7300033569336,0.0,109.94999694824219,109.37999725341797,109.4800033569336,0.0,24741200,4.290967764045407,0.0006384491191120389
2003-12-24,72.96392822265625,0.0,109.62000274658203,0.0,109.87999725341797,109.43000030517578,109.5199966430664,0.0,8055800,4.28996518508777,-0.0010025789576371125
2003-12-26,73.01715850830078,0.0,109.69999694824219,0.0,110.08000183105469,109.62999725341797,109.70999908447266,0.0,8308400,4.290694461587838,0.0007292765000688206
2003-12-29,73.98892974853516,0.0,111.16000366210938,0.0,111.2699966430664,109.77999877929688,110.0999984741211,0.0,22483700,4.303915484020505,0.013221022432666985
2003-12-30,74.00225067138672,0.0,111.18000030517578,0.0,111.2699966430664,110.8499984741211,111.08999633789062,0.0,19559500,4.3040955072198575,0.000180023199352064
2003-12-31,74.06880187988281,0.0,111.27999877929688,0.0,111.5199966430664,110.83999633789062,111.22000122070312,0.0,31501800,4.3049944163831375,0.0008989091632800594
2004-01-02,74.03553771972656,0.0,111.2300033569336,0.0,112.19000244140625,110.7300033569336,111.73999786376953,0.0,38072300,4.304545217381873,-0.00044919900126494383
2004-01-05,74.84090423583984,0.0,112.44000244140625,0.0,112.5199966430664,111.58999633789062,111.69000244140625,0.0,27959800,4.315364583586238,0.010819366204365188
2004-01-06,74.91415405273438,0.0,112.55000305175781,0.0,112.7300033569336,112.0,112.16000366210938,0.0,20472800,4.316342845336769,0.000978261750531395
2004-01-07,75.16706085205078,0.0,112.93000030517578,0.0,113.05999755859375,111.88999938964844,112.38999938964844,0.0,30170400,4.319713114412324,0.0033702690755550435
2004-01-08,75.46660614013672,0.0,113.37999725341797,0.0,113.41000366210938,112.7699966430664,113.25,0.0,36438400,4.3236902556306065,0.0039771412182822985
2004-01-09,74.80763244628906,0.0,112.38999938964844,0.0,113.5,112.2699966430664,112.83000183105469,0.0,54084300,4.314919917826897,-0.008770337803709616
2004-01-12,75.3600845336914,0.0,113.22000122070312,0.0,113.25,112.36000061035156,112.55000305175781,0.0,31564100,4.322277751999052,0.0073578341721551865
2004-01-13,74.92078399658203,0.0,112.55999755859375,0.0,113.2300033569336,111.76000213623047,113.08999633789062,0.0,54239700,4.316431341970976,-0.005846410028076399
2004-01-14,75.54645538330078,0.0,113.5,0.0,113.66000366210938,112.66999816894531,112.76000213623047,0.0,30112800,4.324747770123724,0.008316428152748578
2004-01-15,75.73281860351562,0.0,113.77999877929688,0.0,114.05999755859375,112.58000183105469,113.56999969482422,0.0,38408700,4.3272116015472815,0.0024638314235572167
2004-01-16,76.03233337402344,0.0,114.2300033569336,0.0,114.30999755859375,113.62999725341797,114.04000091552734,0.0,31922700,4.331158688944651,0.0039470873973694864
2004-01-20,76.01237487792969,0.0,114.19999694824219,0.0,114.6500015258789,113.81999969482422,114.52999877929688,0.0,29863000,4.330896154372579,-0.00026253457207214836
2004-01-21,76.61141204833984,0.0,115.0999984741211,0.0,115.30000305175781,113.72000122070312,114.12999725341797,0.0,30725000,4.338746048004083,0.007849893631504123
2004-01-22,76.41173553466797,0.0,114.80000305175781,0.0,115.37999725341797,114.58000183105469,115.13999938964844,0.0,29888500,4.33613629085092,-0.002609757153162917
2004-01-23,76.16546630859375,0.0,114.43000030517578,0.0,115.37000274658203,113.94999694824219,115.0,0.0,44245300,4.332908161917376,-0.00322812893354385
2004-01-26,77.12393951416016,0.0,115.87000274658203,0.0,115.93000030517578,114.37999725341797,114.38999938964844,0.0,30460600,4.345413731909431,0.012505569992054433
2004-01-27,76.33190155029297,0.0,114.68000030517578,0.0,116.5,114.6500015258789,115.75,0.0,35322800,4.335090957727154,-0.010322774182276895
2004-01-28,75.4599380493164,0.0,113.37000274658203,0.0,115.27999877929688,112.94000244140625,114.9800033569336,0.0,52621300,4.323601893562019,-0.011489064165134621
2004-01-29,75.53315734863281,0.0,113.4800033569336,0.0,113.8499984741211,112.55999755859375,113.55999755859375,0.0,60117100,4.324571730028548,0.0009698364665284842
2004-01-30,75.53315734863281,0.0,113.4800033569336,0.0,113.72000122070312,113.08999633789062,113.5199966430664,0.0,30984400,4.324571730028548,0.0
2004-02-02,75.85932159423828,0.0,113.97000122070312,0.0,114.68000030517578,113.12000274658203,113.69999694824219,0.0,38832400,4.328880593355464,0.004308863326916601
2004-02-03,75.73281860351562,0.0,113.77999877929688,0.0,114.13999938964844,113.44000244140625,113.73999786376953,0.0,25093500,4.3272116015472815,-0.001668991808182696
2004-02-04,75.1137924194336,0.0,112.8499984741211,0.0,113.7300033569336,112.79000091552734,113.19000244140625,0.0,39332600,4.319004195961457,-0.008207405585824112
2004-02-05,75.33345794677734,0.0,113.18000030517578,0.0,113.54000091552734,112.77999877929688,113.16999816894531,0.0,37226800,4.32192436476357,0.0029201688021123218
2004-02-06,76.17876434326172,0.0,114.44999694824219,0.0,114.69999694824219,113.19999694824219,113.41999816894531,0.0,37216000,4.333082740693937,0.011158375930367725
2004-02-09,76.1987533569336,0.0,114.4800033569336,0.0,114.87000274658203,114.29000091552734,114.66999816894531,0.0,24851300,4.333345102413544,0.00026236171960647425
2004-02-10,76.44503021240234,0.0,114.8499984741211,0.0,115.13999938964844,114.26000213623047,114.27999877929688,0.0,27908100,4.336571923230006,0.003226820816462528
2004-02-11,77.257080078125,0.0,116.06999969482422,0.0,116.38999938964844,114.16999816894531,114.8499984741211,0.0,42965700,4.347138563074877,0.010566639844870274
2004-02-12,76.97750854492188,0.0,115.6500015258789,0.0,116.2699966430664,115.58000183105469,115.97000122070312,0.0,27814700,4.343513282365903,-0.0036252807089738326
2004-02-13,76.63145446777344,0.0,115.12999725341797,0.0,116.19999694824219,114.75,115.81999969482422,0.0,44739900,4.339007625198552,-0.004505657167350741
2004-02-17,77.3236312866211,0.0,116.16999816894531,0.0,116.43000030517578,115.7699966430664,115.8499984741211,0.0,23984300,4.347999617627161,0.008991992428608597
2004-02-18,76.98419952392578,0.0,115.66000366210938,0.0,116.5999984741211,115.3499984741211,116.19999694824219,0.0,28618000,4.343600199809104,-0.004399417818056861
2004-02-19,76.69798278808594,0.0,115.2300033569336,0.0,116.38999938964844,115.05999755859375,116.33000183105469,0.0,51146200,4.339875408002404,-0.003724791806700267
2004-02-20,76.46500396728516,0.0,114.87999725341797,0.0,115.55999755859375,114.31999969482422,115.4800033569336,0.0,46728800,4.33683317168376,-0.003042236318643532
2004-02-23,76.27197265625,0.0,114.58999633789062,0.0,115.26000213623047,114.16999816894531,115.22000122070312,0.0,36357000,4.334305539959285,-0.002527631724475121
2004-02-24,76.13882446289062,0.0,114.38999938964844,0.0,114.98999786376953,113.02999877929688,114.2699966430664,0.0,43953000,4.332558311682167,-0.0017472282771180403
2004-02-25,76.45836639404297,0.0,114.87000274658203,0.0,115.05999755859375,114.31999969482422,114.45999908447266,0.0,31213600,4.336746362542283,0.004188050860116199
2004-02-26,76.50492858886719,0.0,114.94000244140625,0.0,115.29000091552734,114.33999633789062,114.61000061035156,0.0,29683000,4.337355164755489,0.0006088022132058057
2004-02-27,76.55817413330078,0.0,115.0199966430664,0.0,115.73999786376953,114.62999725341797,115.19000244140625,0.0,39312000,4.338050898026727,0.0006957332712378417
2004-03-01,77.31698608398438,0.0,116.16000366210938,0.0,116.33999633789062,115.25,115.43000030517578,0.0,33130800,4.347913673807822,0.009862775781095401
2004-03-02,76.86434173583984,0.0,115.4800033569336,0.0,116.97000122070312,115.2300033569336,115.94000244140625,0.0,38556400,4.3420420724280655,-0.005871601379756619
2004-03-03,77.00411987304688,0.0,115.69000244140625,0.0,115.87000274658203,114.91999816894531,115.25,0.0,31346200,4.343858925267115,0.001816852839049865
2004-03-04,77.20384216308594,0.0,115.98999786376953,0.0,116.0999984741211,115.5199966430664,115.72000122070312,0.0,21060000,4.3464492247441875,0.002590299477072122
2004-03-05,77.46340942382812,0.0,116.37999725341797,0.0,116.94999694824219,115.27999877929688,115.41999816894531,0.0,55905600,4.349805688401052,0.0033564636568641504
2004-03-08,76.51824188232422,0.0,114.95999908447266,0.0,116.62000274658203,114.91000366210938,116.33999633789062,0.0,39281600,4.337529168384477,-0.012276520016574644
2004-03-09,76.2120590209961,0.0,114.5,0.0,115.20999908447266,114.23999786376953,115.0999984741211,0.0,39746100,4.333519705040335,-0.0040094633441416505
2004-03-10,74.93412017822266,0.0,112.58000183105469,0.0,114.7699966430664,112.55999755859375,114.72000122070312,0.0,67671800,4.3166093298953525,-0.016910375144982837
2004-03-11,73.96231079101562,0.0,111.12000274658203,0.0,113.2699966430664,111.0999984741211,112.4000015258789,0.0,89134800,4.303555649825001,-0.013053680070351348
2004-03-12,74.93412017822266,0.0,112.58000183105469,0.0,112.70999908447266,111.58000183105469,111.7300033569336,0.0,54012200,4.3166093298953525,0.013053680070351348
2004-03-15,74.01556396484375,0.0,111.19999694824219,0.0,112.3499984741211,110.9000015258789,112.2699966430664,0.0,57677200,4.30427539493845,-0.012333934956902937
2004-03-16,74.40827941894531,0.0,111.79000091552734,0.0,112.05999755859375,110.83999633789062,111.77999877929688,0.0,59832600,4.309567218160312,0.005291823221862835
2004-03-17,75.24029541015625,0.0,113.04000091552734,0.0,113.26000213623047,112.0999984741211,112.18000030517578,0.0,41607300,4.320686930663244,0.0111197125029312
2004-03-18,75.26026153564453,0.0,113.06999969482422,0.0,113.2699966430664,111.93000030517578,112.69999694824219,0.0,60014300,4.3209522602541846,0.00026532959094094366
2004-03-19,74.1815185546875,0.0,111.05999755859375,0.395,112.56999969482422,111.04000091552734,112.41000366210938,0.0,48636200,4.306515043066357,-0.014437217187827756
2004-03-22,73.23973846435547,0.0,109.6500015258789,0.0,110.56999969482422,109.0999984741211,110.54000091552734,0.0,62752100,4.293738148859949,-0.012776894206408151
2004-03-23,73.11282348632812,0.0,109.45999908447266,0.0,110.4000015258789,109.36000061035156,110.25,0.0,54080200,4.292003775260339,-0.0017343735996098175
2004-03-24,73.17295837402344,0.0,109.55000305175781,0.0,110.13999938964844,108.8499984741211,109.58000183105469,0.0,51584300,4.292825931594575,0.0008221563342365457
2004-03-25,74.14144134521484,0.0,111.0,0.0,111.30000305175781,109.79000091552734,110.08000183105469,0.0,49873600,4.3059746383916515,0.013148706797076137
2004-03-26,74.16151428222656,0.0,111.02999877929688,0.0,111.79000091552734,110.80000305175781,110.95999908447266,0.0,37409500,4.306245340173007,0.0002707017813552426
2004-03-29,75.20349884033203,0.0,112.58999633789062,0.0,112.73999786376953,111.58000183105469,111.62999725341797,0.0,44113600,4.3201977570055154,0.013952416832508696
2004-03-30,75.45729064941406,0.0,112.97000122070312,0.0,113.06999969482422,112.22000122070312,112.30000305175781,0.0,39059900,4.323566809431129,0.0033690524256133614
2004-03-31,75.54410552978516,0.0,113.0999984741211,0.0,113.4000015258789,112.37999725341797,112.98999786376953,0.0,48517600,4.324716664891185,0.0011498554600564148
2004-04-01,75.99832153320312,0.0,113.77999877929688,0.0,113.87000274658203,113.05000305175781,113.06999969482422,0.0,45103800,4.33071125495302,0.005994590061834337
2004-04-02,76.57273864746094,0.0,114.63999938964844,0.0,114.83999633789062,113.9000015258789,114.80999755859375,0.0,50987700,4.338241121071043,0.0075298661180234205
2004-04-05,76.99354553222656,0.0,115.2699966430664,0.0,115.37999725341797,114.44000244140625,114.45999908447266,0.0,30251800,4.343721594083436,0.005480473012393183
2004-04-06,76.74640655517578,0.0,114.9000015258789,0.0,115.18000030517578,114.62000274658203,114.83000183105469,0.0,28420900,4.340506565243207,-0.0032150288402288396
2004-04-07,76.56607818603516,0.0,114.62999725341797,0.0,114.9800033569336,114.11000061035156,114.94999694824219,0.0,45890500,4.338154135138049,-0.0023524301051587315
2004-04-08,76.39241790771484,0.0,114.37000274658203,0.0,115.41000366210938,113.73999786376953,115.41000366210938,0.0,46929700,4.33588344920204,-0.002270685936008654
2004-04-12,76.69297790527344,0.0,114.81999969482422,0.0,115.08000183105469,114.56999969482422,114.58000183105469,0.0,23085200,4.339810151447628,0.0039267022455877765
2004-04-13,75.61759948730469,0.0,113.20999908447266,0.0,115.30000305175781,113.0199966430664,115.26000213623047,0.0,56210300,4.325689053543486,-0.014121097904141955
2004-04-14,75.73783874511719,0.0,113.38999938964844,0.0,113.63999938964844,112.55000305175781,112.61000061035156,0.0,62322300,4.327277886881896,0.0015888333384106446
2004-04-15,75.45063781738281,0.0,112.95999908447266,0.0,113.77999877929688,112.36000061035156,113.44999694824219,0.0,61602500,4.323478638688834,-0.0037992481930624322
2004-04-16,76.03173828125,0.0,113.83000183105469,0.0,114.05000305175781,112.9800033569336,113.37999725341797,0.0,47059200,4.331150862075792,0.007672223386958166
2004-04-19,76.03173828125,0.0,113.83000183105469,0.0,113.98999786376953,113.2699966430664,113.55000305175781,0.0,28277600,4.331150862075792,0.0
2004-04-20,74.75595092773438,0.0,111.91999816894531,0.0,114.31999969482422,111.77999877929688,114.08000183105469,0.0,53299400,4.314228820175372,-0.016922041900420126
2004-04-21,75.25690460205078,0.0,112.66999816894531,0.0,112.94999694824219,111.87000274658203,112.19999694824219,0.0,50177300,4.3209076549286864,0.006678834753314433
2004-04-22,76.31230163574219,0.0,114.25,0.0,114.66999816894531,112.44000244140625,112.4800033569336,0.0,62071500,4.334834152499711,0.013926497571024932
2004-04-23,76.38572692871094,0.0,114.36000061035156,0.0,114.56999969482422,113.79000091552734,114.41999816894531,0.0,29395700,4.335795858414557,0.0009617059148459006
2004-04-26,76.27885437011719,0.0,114.19999694824219,0.0,114.94000244140625,113.5999984741211,114.5,0.0,35515200,4.33439576187425,-0.0014000965403075938
2004-04-27,76.34566497802734,0.0,114.30000305175781,0.0,115.12000274658203,113.95999908447266,114.2300033569336,0.0,43485500,4.335271251768835,0.0008754898945850798
2004-04-28,75.35710144042969,0.0,112.81999969482422,0.0,114.01000213623047,112.5,113.88999938964844,0.0,50165800,4.322238166689085,-0.01303308507974954
2004-04-29,74.69584655761719,0.0,111.83000183105469,0.0,113.31999969482422,111.16000366210938,112.72000122070312,0.0,69687600,4.313424488954619,-0.008813677734465841
2004-04-30,74.1147689819336,0.0,110.95999908447266,0.0,112.37999725341797,110.9000015258789,112.16999816894531,0.0,48681400,4.305614823939223,-0.007809665015396483
2004-05-03,74.90958404541016,0.0,112.1500015258789,0.0,112.29000091552734,111.3499984741211,111.37000274658203,0.0,33758000,4.316281840219908,0.010667016280685004
2004-05-04,74.8494644165039,0.0,112.05999755859375,0.0,113.26000213623047,111.66000366210938,112.25,0.0,51185100,4.315478955415908,-0.0008028848040000369
2004-05-05,75.33038330078125,0.0,112.77999877929688,0.0,112.95999908447266,112.16000366210938,112.41000366210938,0.0,34405000,4.321883550113271,0.006404594697363208
2004-05-06,74.68250274658203,0.0,111.80999755859375,0.0,112.58999633789062,111.0,112.0199966430664,0.0,54997000,4.313245831054959,-0.008637719058311788
2004-05-07,73.44676208496094,0.0,109.95999908447266,0.0,112.2300033569336,109.95999908447266,111.22000122070312,0.0,60950000,4.296560818393745,-0.016685012661214138
2004-05-10,72.6919937133789,0.0,108.83000183105469,0.0,109.75,108.36000061035156,109.44000244140625,0.0,75279400,4.2862312507360265,-0.010329567657718641
2004-05-11,73.30652618408203,0.0,109.75,0.0,110.05000305175781,109.33000183105469,109.45999908447266,0.0,48300600,4.294649638818575,0.008418388082548134
2004-05-12,73.77407836914062,0.0,110.44999694824219,0.0,110.54000091552734,108.05999755859375,109.56999969482422,0.0,90830500,4.301007428296083,0.006357789477508646
2004-05-13,73.46683502197266,0.0,109.98999786376953,0.0,110.80999755859375,109.62999725341797,109.76000213623047,0.0,57393700,4.296834080195674,-0.004173348100409591
2004-05-14,73.50025177001953,0.0,110.04000091552734,0.0,110.73999786376953,109.2699966430664,109.94999694824219,0.0,54123100,4.297288831655367,0.0004547514596930924
2004-05-17,72.87236022949219,0.0,109.0999984741211,0.0,109.5,108.41000366210938,108.88999938964844,0.0,55020400,4.288709420748605,-0.008579410906762064
2004-05-18,73.23973846435547,0.0,109.6500015258789,0.0,109.94000244140625,109.33000183105469,109.48999786376953,0.0,30193100,4.293738148859949,0.005028728111343916
2004-05-19,72.98592376708984,0.0,109.2699966430664,0.0,111.18000030517578,109.1500015258789,110.5,0.0,54804100,4.290266597446881,-0.0034715514130674308
2004-05-20,73.21974182128906,0.0,109.62000274658203,0.0,109.87000274658203,109.04000091552734,109.44999694824219,0.0,38082900,4.29346508161771,0.003198484170829019
2004-05-21,73.34657287597656,0.0,109.80999755859375,0.0,110.55000305175781,109.47000122070312,109.97000122070312,0.0,47480400,4.29519578060687,0.0017306989891601177
2004-05-24,73.65384674072266,0.0,110.2699966430664,0.0,110.76000213623047,109.68000030517578,110.52999877929688,0.0,40961500,4.2993763715613005,0.00418059095443013
2004-05-25,74.70919036865234,0.0,111.8499984741211,0.0,111.9800033569336,109.5999984741211,109.9000015258789,0.0,48668000,4.313603114941335,0.014226743380034712
2004-05-26,74.96967315673828,0.0,112.23999786376953,0.0,112.29000091552734,111.51000213623047,111.66000366210938,0.0,35977000,4.3170836738514495,0.0034805589101143397
2004-05-27,75.39048767089844,0.0,112.87000274658203,0.0,113.02999877929688,112.05999755859375,112.54000091552734,0.0,45306900,4.322681108844398,0.00559743499294818
2004-05-28,75.38385009765625,0.0,112.86000061035156,0.0,112.87999725341797,112.36000061035156,112.7300033569336,0.0,23367200,4.322593062385767,-8.804645863058624e-05
2004-06-01,75.28364562988281,0.0,112.70999908447266,0.0,112.86000061035156,111.87000274658203,112.45999908447266,0.0,41044700,4.3212629217066025,-0.0013301406791645931
2004-06-02,75.56417846679688,0.0,113.12999725341797,0.0,113.4800033569336,112.45999908447266,113.02999877929688,0.0,39774200,4.324982341088398,0.003719419381795319
2004-06-03,74.8695068359375,0.0,112.08999633789062,0.0,113.19000244140625,112.06999969482422,112.80999755859375,0.0,38688300,4.315746689282707,-0.009235651805690637
2004-06-04,75.4639892578125,0.0,112.9800033569336,0.0,113.58000183105469,112.70999908447266,112.9800033569336,0.0,32739500,4.323655578999038,0.007908889716330414
2004-06-07,76.61279296875,0.0,114.69999694824219,0.0,114.80999755859375,113.41999816894531,113.43000030517578,0.0,31643800,4.338764072837823,0.015108493838785542
2004-06-08,76.71971130371094,0.0,114.86000061035156,0.0,114.91999816894531,114.16999816894531,114.37000274658203,0.0,32846500,4.340158667582061,0.0013945947442381978
2004-06-09,76.0050048828125,0.0,113.79000091552734,0.0,114.69999694824219,113.72000122070312,114.51000213623047,0.0,36737600,4.330799191839287,-0.00935947574277396
2004-06-10,76.3790054321289,0.0,114.3499984741211,0.0,114.3499984741211,113.93000030517578,114.04000091552734,0.0,21711000,4.3357078603998,0.004908668560512197
2004-06-14,75.62427520751953,0.0,113.22000122070312,0.0,113.8499984741211,112.87000274658203,113.81999969482422,0.0,34633000,4.325777332272279,-0.009930528127521043
2004-06-15,76.15863037109375,0.0,114.0199966430664,0.0,114.44999694824219,113.51000213623047,113.9000015258789,0.0,37445000,4.33281840674858,0.007041074476301645
2004-06-16,76.145263671875,0.0,114.0,0.0,114.19999694824219,113.69999694824219,114.0,0.0,26633400,4.332642880057853,-0.00017552669072706806
2004-06-17,76.03173828125,0.0,113.83000183105469,0.0,114.06999969482422,113.33000183105469,113.8499984741211,0.0,28402400,4.331150862075792,-0.0014920179820610002
2004-06-18,76.17520141601562,0.0,113.62999725341797,0.414,114.22000122070312,113.18000030517578,113.2699966430664,0.0,31799800,4.333035968990569,0.0018851069147771682
2004-06-21,75.88691711425781,0.0,113.19999694824219,0.0,114.13999938964844,113.12999725341797,113.75,0.0,25284000,4.329244299508034,-0.003791669482535731
2004-06-22,76.26901245117188,0.0,113.7699966430664,0.0,113.87999725341797,112.66999816894531,113.12999725341797,0.0,37334000,4.334266728028493,0.005022428520459421
2004-06-23,76.92601776123047,0.0,114.75,0.0,114.83999633789062,113.41999816894531,113.61000061035156,0.0,35580000,4.3428441516858145,0.008577423657321503
2004-06-24,76.68466186523438,0.0,114.38999938964844,0.0,114.93000030517578,114.26000213623047,114.55999755859375,0.0,35272100,4.339701712693978,-0.003142438991836194
2004-06-25,76.31598663330078,0.0,113.83999633789062,0.0,114.94000244140625,113.68000030517578,114.41000366210938,0.0,32837900,4.33488243971568,-0.004819272978298095
2004-06-28,76.05450439453125,0.0,113.44999694824219,0.0,114.61000061035156,113.41000366210938,114.5199966430664,0.0,40824500,4.3314502463337075,-0.003432193381972759
2004-06-29,76.36958312988281,0.0,113.91999816894531,0.0,114.16999816894531,113.41999816894531,113.52999877929688,0.0,28418100,4.335584490326835,0.004134243993127562
2004-06-30,76.77850341796875,0.0,114.52999877929688,0.0,114.79000091552734,113.6500015258789,114.06999969482422,0.0,52230600,4.34092469756149,0.00534020723465467
2004-07-01,75.7126235961914,0.0,112.94000244140625,0.0,114.4000015258789,112.58000183105469,114.25,0.0,57734700,4.326944904746762,-0.01397979281472761
2004-07-02,75.67237854003906,0.0,112.87999725341797,0.0,113.29000091552734,112.5999984741211,113.16000366210938,0.0,34615100,4.326413213277561,-0.0005316914692015118
2004-07-06,75.00872039794922,0.0,111.88999938964844,0.0,112.44999694824219,111.62999725341797,112.37000274658203,0.0,38698200,4.3176043787499045,-0.008808834527656018
2004-07-07,75.22993469238281,0.0,112.22000122070312,0.0,112.56999969482422,111.75,111.80999755859375,0.0,29839800,4.3205492194657165,0.002944840715811914
2004-07-08,74.70704650878906,0.0,111.44000244140625,0.0,112.31999969482422,111.19999694824219,111.80999755859375,0.0,45291100,4.313574418463519,-0.006974801002197495
2004-07-09,74.90147399902344,0.0,111.7300033569336,0.0,111.94000244140625,111.37999725341797,111.72000122070312,0.0,27412900,4.316173569889259,0.002599151425740409
2004-07-12,74.93497467041016,0.0,111.77999877929688,0.0,112.04000091552734,111.0,111.5199966430664,0.0,35691300,4.316620733076086,0.0004471631868270265
2004-07-13,74.98859405517578,0.0,111.86000061035156,0.0,112.0199966430664,111.5999984741211,111.91999816894531,0.0,26752000,4.317336022706764,0.0007152896306772405
2004-07-14,74.76068115234375,0.0,111.5199966430664,0.0,112.38999938964844,111.12000274658203,111.26000213623047,0.0,54089400,4.314292093732904,-0.003043928973859522
2004-07-15,74.27799987792969,0.0,110.80000305175781,0.0,111.91000366210938,110.69999694824219,111.73999786376953,0.0,38403500,4.3078148093305035,-0.006477284402400585
2004-07-16,74.21768951416016,0.0,110.70999908447266,0.0,111.66999816894531,110.44000244140625,111.56999969482422,0.0,40871200,4.307002524915616,-0.0008122844148878983
2004-07-19,73.90258026123047,0.0,110.23999786376953,0.0,110.95999908447266,109.98999786376953,110.75,0.0,39592800,4.302747742922842,-0.00425478199277407
2004-07-20,74.84113311767578,0.0,111.63999938964844,0.0,111.9000015258789,110.25,110.52999877929688,0.0,46679800,4.315367641826758,0.012619898903916571
2004-07-21,73.46011352539062,0.0,109.58000183105469,0.0,112.05999755859375,109.44999694824219,111.81999969482422,0.0,56241100,4.296742585794501,-0.01862505603225717
2004-07-22,73.66128540039062,0.0,109.87999725341797,0.0,110.38999938964844,108.7699966430664,109.36000061035156,0.0,72477100,4.299477361317969,0.0027347755234679028
2004-07-23,73.04447174072266,0.0,108.95999908447266,0.0,109.70999908447266,108.69000244140625,109.62000274658203,0.0,49610500,4.291068457587934,-0.008408903730035
2004-07-26,72.90374755859375,0.0,108.75,0.0,109.43000030517578,108.20999908447266,109.19000244140625,0.0,49679100,4.289140044532747,-0.0019284130551868728
2004-07-27,73.58753204345703,0.0,109.7699966430664,0.0,110.11000061035156,108.97000122070312,109.05000305175781,0.0,51295100,4.298475609801297,0.009335565268550283
2004-07-28,73.80876159667969,0.0,110.0999984741211,0.0,110.37000274658203,108.58999633789062,109.55000305175781,0.0,65862300,4.301477445381885,0.003001835580588086
2004-07-29,74.1238021850586,0.0,110.56999969482422,0.0,110.87000274658203,110.0,110.54000091552734,0.0,52200500,4.305736697795198,0.0042592524133127085
2004-07-30,74.3048324584961,0.0,110.83999633789062,0.0,110.9000015258789,110.0999984741211,110.31999969482422,0.0,41581700,4.308175989426968,0.0024392916317701463
2004-08-02,74.4590072631836,0.0,111.06999969482422,0.0,111.36000061035156,110.05000305175781,110.19000244140625,0.0,38263100,4.310248735870917,0.0020727464439485033
2004-08-03,73.88249206542969,0.0,110.20999908447266,0.0,111.05999755859375,110.16000366210938,110.93000030517578,0.0,40948800,4.302475886021353,-0.007772849849564167
2004-08-04,73.87578582763672,0.0,110.19999694824219,0.0,110.75,109.63999938964844,109.88999938964844,0.0,40763200,4.302385112930421,-9.077309093186159e-05
2004-08-05,72.66913604736328,0.0,108.4000015258789,0.0,110.37999725341797,108.2699966430664,110.29000091552734,0.0,50772000,4.285916755846759,-0.0164683570836619
2004-08-06,71.6299819946289,0.0,106.8499984741211,0.0,107.95999908447266,106.62000274658203,107.62999725341797,0.0,74729000,4.271513729259986,-0.014403026586772505
2004-08-09,71.73056030273438,0.0,107.0,0.0,107.4800033569336,106.87000274658203,107.0199966430664,0.0,37476300,4.272916881382537,0.0014031521225508214
2004-08-10,72.65567016601562,0.0,108.37999725341797,0.0,108.41000366210938,107.26000213623047,107.30999755859375,0.0,55870600,4.285731434679133,0.012814553296595754
2004-08-11,72.50818634033203,0.0,108.16000366210938,0.0,108.33000183105469,107.0999984741211,107.68000030517578,0.0,52933200,4.283699470525268,-0.0020319641538648625
2004-08-12,71.71717071533203,0.0,106.9800033569336,0.0,107.94999694824219,106.62999725341797,107.68000030517578,0.0,50015900,4.272730198925503,-0.010969271599765129
2004-08-13,71.85797882080078,0.0,107.19000244140625,0.0,107.3499984741211,106.58999633789062,107.0999984741211,0.0,41634700,4.274691654665832,0.001961455740328688
2004-08-16,72.60205078125,0.0,108.30000305175781,0.0,108.63999938964844,107.0999984741211,107.13999938964844,0.0,45731900,4.284993169107413,0.010301514441581006
2004-08-17,73.01097869873047,0.0,108.91000366210938,0.0,109.27999877929688,108.52999877929688,108.75,0.0,40701600,4.290609822973772,0.0056166538663591226
2004-08-18,73.76183319091797,0.0,110.02999877929688,0.0,110.16999816894531,108.48999786376953,108.5199966430664,0.0,43165400,4.300841432395543,0.010231609421770926
2004-08-19,73.54724884033203,0.0,109.70999908447266,0.0,110.0199966430664,109.18000030517578,109.80999755859375,0.0,39881600,4.29792804104985,-0.00291339134569224
2004-08-20,74.0634994506836,0.0,110.4800033569336,0.0,110.62999725341797,109.51000213623047,109.61000061035156,0.0,44870900,4.304922825931172,0.006994784881321436
2004-08-23,73.87578582763672,0.0,110.19999694824219,0.0,110.7699966430664,110.05000305175781,110.55000305175781,0.0,33745100,4.302385112930421,-0.0025377130007511184
2004-08-24,73.97635650634766,0.0,110.3499984741211,0.0,110.7300033569336,109.8499984741211,110.63999938964844,0.0,30453100,4.303745535480061,0.0013604225496406386
2004-08-25,74.47917175292969,0.0,111.0999984741211,0.0,111.2699966430664,109.9000015258789,110.33000183105469,0.0,38551400,4.3105195125112985,0.006773977031237166
2004-08-26,74.47917175292969,0.0,111.0999984741211,0.0,111.30999755859375,110.8499984741211,110.95999908447266,0.0,26629500,4.3105195125112985,0.0
2004-08-27,74.71378326416016,0.0,111.44999694824219,0.0,111.62999725341797,111.05000305175781,111.19999694824219,0.0,24902900,4.313664590033118,0.0031450775218191396
2004-08-30,74.09700012207031,0.0,110.52999877929688,0.0,111.33999633789062,110.44999694824219,111.22000122070312,0.0,26726500,4.305375047299948,-0.008289542733169952
2004-08-31,74.48583984375,0.0,111.11000061035156,0.0,111.16000366210938,110.0999984741211,110.66000366210938,0.0,44125300,4.310609038108662,0.0052339908087146725
2004-09-01,74.62660217285156,0.0,111.31999969482422,0.0,111.63999938964844,110.4800033569336,110.94999694824219,0.0,52778300,4.312497041135249,0.0018880030265862047
2004-09-02,75.47129821777344,0.0,112.58000183105469,0.0,112.69999694824219,111.23999786376953,111.23999786376953,0.0,42736600,4.323752427921367,0.011255386786118038
2004-09-03,75.16294860839844,0.0,112.12000274658203,0.0,112.81999969482422,112.01000213623047,112.33000183105469,0.0,30480500,4.319658404861409,-0.004094023059957763
2004-09-07,75.65901947021484,0.0,112.86000061035156,0.0,113.12999725341797,112.31999969482422,112.54000091552734,0.0,37338800,4.326236659435667,0.006578254574257869
2004-09-08,75.47129821777344,0.0,112.58000183105469,0.0,113.05999755859375,112.30999755859375,112.62000274658203,0.0,32963100,4.323752427921367,-0.002484231514300106
2004-09-09,75.40422058105469,0.0,112.4800033569336,0.0,112.87999725341797,112.02999877929688,112.56999969482422,0.0,34314800,4.322863249323376,-0.0008891785979905364
2004-09-10,75.79305267333984,0.0,113.05999755859375,0.0,113.2699966430664,112.08000183105469,112.5199966430664,0.0,27900600,4.32800663506188,0.005143385738503703
2004-09-13,76.04113006591797,0.0,113.43000030517578,0.0,113.73999786376953,113.01000213623047,113.30999755859375,0.0,44398100,4.331274378976368,0.0032677439144883635
2004-09-14,76.19530487060547,0.0,113.66000366210938,0.0,113.69000244140625,113.19000244140625,113.30000305175781,0.0,28048900,4.333299844922945,0.002025465946577043
2004-09-15,75.6187973022461,0.0,112.80000305175781,0.0,113.36000061035156,112.68000030517578,113.30000305175781,0.0,38295000,4.325704893843398,-0.0075949510795467745
2004-09-16,75.8467025756836,0.0,113.13999938964844,0.0,113.37000274658203,112.80000305175781,112.8499984741211,0.0,23911700,4.328714231885604,0.0030093380422053784
2004-09-17,76.16914367675781,0.0,113.1500015258789,0.469,113.36000061035156,112.69000244140625,112.94999694824219,0.0,33683000,4.33295644205759,0.004242210171986116
2004-09-20,75.71141052246094,0.0,112.47000122070312,0.0,112.98999786376953,112.27999877929688,112.66999816894531,0.0,37149400,4.326928882538167,-0.006027559519423242
2004-09-21,76.04126739501953,0.0,112.95999908447266,0.0,113.47000122070312,112.54000091552734,112.75,0.0,40920800,4.331276184959227,0.004347302421060739
2004-09-22,75.09210968017578,0.0,111.55000305175781,0.0,112.5199966430664,111.47000122070312,112.5,0.0,49042100,4.31871548907171,-0.01256069588751707
2004-09-23,74.68817138671875,0.0,110.94999694824219,0.0,111.69999694824219,110.94999694824219,111.5999984741211,0.0,44068700,4.313321731363669,-0.005393757708040958
2004-09-24,75.031494140625,0.0,111.45999908447266,0.0,111.7300033569336,111.12999725341797,111.16999816894531,0.0,34981100,4.317907947268794,0.0045862159051246465
2004-09-27,74.55353546142578,0.0,110.75,0.0,111.19999694824219,110.58000183105469,111.0999984741211,0.0,39355100,4.31151746411612,-0.006390483152673987
2004-09-28,74.91034698486328,0.0,111.27999877929688,0.0,111.51000213623047,110.41000366210938,110.91000366210938,0.0,41662900,4.316292024972335,0.004774560856215082
2004-09-29,75.28732299804688,0.0,111.83999633789062,0.0,111.8499984741211,111.0,111.20999908447266,0.0,33325700,4.3213117673532535,0.005019742380918402
2004-09-30,75.23341369628906,0.0,111.76000213623047,0.0,111.9800033569336,111.26000213623047,111.55000305175781,0.0,43536700,4.320595463337651,-0.0007163040156026312
2004-10-01,76.50572967529297,0.0,113.6500015258789,0.0,113.6500015258789,112.20999908447266,112.26000213623047,0.0,62824300,4.337365635744044,0.016770172406393336
2004-10-04,76.63365173339844,0.0,113.83999633789062,0.0,114.44000244140625,113.80000305175781,114.0999984741211,0.0,33082400,4.339036297943179,0.0016706621991344761
2004-10-05,76.67402648925781,0.0,113.9000015258789,0.0,114.16000366210938,113.54000091552734,113.8499984741211,0.0,36910600,4.339563013333574,0.0005267153903956157
2004-10-06,77.1991195678711,0.0,114.68000030517578,0.0,114.68000030517578,113.68000030517578,113.7699966430664,0.0,42297800,4.346388052404443,0.0068250390708683994
2004-10-07,76.37108612060547,0.0,113.44999694824219,0.0,114.4000015258789,113.36000061035156,114.37999725341797,0.0,39388800,4.335604170621941,-0.010783881782502114
2004-10-08,75.73833465576172,0.0,112.51000213623047,0.0,113.7699966430664,112.3499984741211,113.1500015258789,0.0,51872600,4.327284434586838,-0.008319736035102387
2004-10-11,76.04798126220703,0.0,112.97000122070312,0.0,113.0199966430664,112.63999938964844,112.77999877929688,0.0,20229100,4.3313644734773336,0.004080038890495352
2004-10-12,75.7518081665039,0.0,112.52999877929688,0.0,112.83000183105469,111.94000244140625,112.19999694824219,0.0,41754700,4.32746231428946,-0.0039021591878736217
2004-10-13,75.08539581298828,0.0,111.54000091552734,0.0,113.06999969482422,111.31999969482422,113.0,0.0,54212600,4.318626076650457,-0.008836237639003208
2004-10-14,74.47949981689453,0.0,110.63999938964844,0.0,111.93000030517578,110.58000183105469,111.68000030517578,0.0,64082200,4.3105239172762095,-0.008102159374247186
2004-10-15,74.8968734741211,0.0,111.26000213623047,0.0,111.73999786376953,110.56999969482422,111.0199966430664,0.0,63482200,4.316112146983314,0.005588229707104375
2004-10-18,75.1795654296875,0.0,111.68000030517578,0.0,111.9000015258789,110.69999694824219,110.88999938964844,0.0,43535100,4.319879457721447,0.0037673107381328563
2004-10-19,74.54680633544922,0.0,110.73999786376953,0.0,112.2300033569336,110.58999633789062,112.0199966430664,0.0,55851900,4.311427201063735,-0.008452256657712098
2004-10-20,74.39869689941406,0.0,110.5199966430664,0.0,110.81999969482422,109.75,110.37999725341797,0.0,57118500,4.3094384268928385,-0.001988774170896157
2004-10-21,74.8834228515625,0.0,111.23999786376953,0.0,111.31999969482422,110.20999908447266,110.79000091552734,0.0,53218300,4.315932542283301,0.006494115390462518
2004-10-22,74.04190826416016,0.0,109.98999786376953,0.0,111.25,109.86000061035156,111.19000244140625,0.0,48752400,4.304631260795104,-0.011301281488196757
2004-10-25,73.95442199707031,0.0,109.86000061035156,0.0,110.12000274658203,109.3499984741211,109.75,0.0,43990900,4.303448984489658,-0.001182276305446095
2004-10-26,75.08539581298828,0.0,111.54000091552734,0.0,111.5999984741211,109.87999725341797,110.12999725341797,0.0,54337400,4.318626076650457,0.015177092160798544
2004-10-27,75.98738861083984,0.0,112.87999725341797,0.0,113.0999984741211,111.12000274658203,111.37999725341797,0.0,73896000,4.330567387185822,0.011941310535365623
2004-10-28,76.2162857055664,0.0,113.22000122070312,0.0,113.55999755859375,112.48999786376953,112.77999877929688,0.0,54413300,4.33357516302722,0.003007775841397553
2004-10-29,76.20281219482422,0.0,113.19999694824219,0.0,113.63999938964844,112.9000015258789,113.12000274658203,0.0,48820200,4.333398367455499,-0.00017679557172112226
2004-11-01,76.4114761352539,0.0,113.51000213623047,0.0,113.83999633789062,113.19999694824219,113.55999755859375,0.0,36720900,4.336132896086326,0.0027345286308273486
2004-11-02,76.43840026855469,0.0,113.55000305175781,0.0,114.56999969482422,113.22000122070312,113.66999816894531,0.0,56210000,4.336485191216852,0.0003522951305257038
2004-11-03,77.40107727050781,0.0,114.9800033569336,0.0,115.36000061035156,114.23999786376953,115.02999877929688,0.0,76960200,4.349000698722439,0.012515507505587387
2004-11-04,78.45795440673828,0.0,116.55000305175781,0.0,116.66999816894531,114.68000030517578,114.77999877929688,0.0,55350300,4.362562868643651,0.01356216992121162
2004-11-05,78.9493179321289,0.0,117.27999877929688,0.0,117.63999938964844,116.48999786376953,117.05000305175781,0.0,63287200,4.36880610142594,0.006243232782288999
2004-11-08,78.83489227294922,0.0,117.11000061035156,0.0,117.2300033569336,116.72000122070312,116.9800033569336,0.0,33863800,4.367355694200901,-0.0014504072250387523
2004-11-09,78.6800765991211,0.0,116.87999725341797,0.0,117.5,116.76000213623047,117.08000183105469,0.0,44658100,4.365389967073017,-0.0019657271278843425
2004-11-10,78.74066162109375,0.0,116.97000122070312,0.0,117.55000305175781,116.76000213623047,117.05999755859375,0.0,45265400,4.366159688084986,0.0007697210119692599
2004-11-11,79.33976745605469,0.0,117.86000061035156,0.0,118.12000274658203,117.0999984741211,117.18000030517578,0.0,37863200,4.373739484101988,0.007579796017002316
2004-11-12,79.96582794189453,0.0,118.79000091552734,0.0,119.0,117.68000030517578,117.97000122070312,0.0,55583700,4.381599392692705,0.00785990859071628
2004-11-15,80.16230773925781,0.0,118.7300033569336,0.351,118.7699966430664,118.2300033569336,118.5,0.0,35297900,4.384053426084552,0.0024540333918476875
2004-11-16,79.58840942382812,0.0,117.87999725341797,0.0,118.41000366210938,117.7300033569336,118.36000061035156,0.0,40028700,4.37686847199472,-0.0071849540898325515
2004-11-17,80.06105041503906,0.0,118.58000183105469,0.0,119.13999938964844,118.06999969482422,118.37000274658203,0.0,54494000,4.382789473826084,0.0059210018313642365
2004-11-18,80.16902160644531,0.0,118.73999786376953,0.0,118.80000305175781,118.2300033569336,118.52999877929688,0.0,31854300,4.384137175994428,0.0013477021683439006
2004-11-19,79.27782440185547,0.0,117.41999816894531,0.0,118.72000122070312,117.13999938964844,118.69999694824219,0.0,54276500,4.372958447690799,-0.011178728303629093
2004-11-22,79.65592193603516,0.0,117.9800033569336,0.0,118.12000274658203,117.02999877929688,117.16999816894531,0.0,37560200,4.377716383071684,0.004757935380885314
2004-11-23,79.77745056152344,0.0,118.16000366210938,0.0,118.26000213623047,117.37000274658203,117.93000030517578,0.0,41968800,4.3792408901070905,0.0015245070354064083
2004-11-24,79.96649932861328,0.0,118.44000244140625,0.0,118.58999633789062,118.05000305175781,118.2699966430664,0.0,29724800,4.3816077885777664,0.002366898470675949
2004-11-26,79.90573120117188,0.0,118.3499984741211,0.0,118.9800033569336,118.30000305175781,118.51000213623047,0.0,15487700,4.380847579876523,-0.0007602087012434922
2004-11-29,79.5411376953125,0.0,117.80999755859375,0.0,119.01000213623047,117.4800033569336,118.79000091552734,0.0,61460800,4.3762743431134155,-0.004573236763107502
2004-11-30,79.59516143798828,0.0,117.88999938964844,0.0,118.23999786376953,117.63999938964844,118.0,0.0,53685200,4.376953305047875,0.0006789619344598208
2004-12-01,80.49988555908203,0.0,119.2300033569336,0.0,119.5,118.0999984741211,118.16000366210938,0.0,49898300,4.388255762797197,0.011302457749321704
2004-12-02,80.56741333007812,0.0,119.33000183105469,0.0,119.87000274658203,119.01000213623047,119.0999984741211,0.0,60163500,4.389094266645195,0.0008385038479978846
2004-12-03,80.5134048461914,0.0,119.25,0.0,120.13999938964844,119.08999633789062,119.30999755859375,0.0,49067900,4.388423690390095,-0.0006705762551000305
2004-12-06,80.48637390136719,0.0,119.20999908447266,0.0,119.63999938964844,118.83999633789062,119.20999908447266,0.0,33030500,4.388087901791024,-0.00033578859907112957
2004-12-07,79.7369384765625,0.0,118.0999984741211,0.0,119.62000274658203,118.04000091552734,119.48999786376953,0.0,52047200,4.378732947393254,-0.009354954397769788
2004-12-08,80.20282745361328,0.0,118.79000091552734,0.0,118.81999969482422,118.01000213623047,118.20999908447266,0.0,43895100,4.384558769283609,0.00582582189035552
2004-12-09,80.48637390136719,0.0,119.20999908447266,0.0,119.45999908447266,117.7300033569336,118.13999938964844,0.0,60922800,4.388087901791024,0.0035291325074142676
2004-12-10,80.56741333007812,0.0,119.33000183105469,0.0,119.55999755859375,118.8499984741211,118.91999816894531,0.0,47828600,4.389094266645195,0.00100636485417116
2004-12-13,81.26959991455078,0.0,120.37000274658203,0.0,120.4000015258789,119.3499984741211,119.76000213623047,0.0,38541000,4.397772021836185,0.008677755190990233
2004-12-14,81.55311584472656,0.0,120.79000091552734,0.0,120.95999908447266,120.18000030517578,120.18000030517578,0.0,41500700,4.401254536120405,0.00348251428421964
2004-12-15,81.6138687133789,0.0,120.87999725341797,0.0,121.11000061035156,120.30999755859375,120.69999694824219,0.0,46699200,4.4019992072513245,0.0007446711309198051
2004-12-16,81.56666564941406,0.0,120.80999755859375,0.0,121.23999786376953,120.04000091552734,120.72000122070312,0.0,51641800,4.401420669309091,-0.0005785379422338366
2004-12-17,81.02262878417969,0.0,119.44000244140625,0.568,119.97000122070312,119.16000366210938,119.45999908447266,0.0,70761900,4.39472848336247,-0.00669218594662091
2004-12-20,81.04295349121094,0.0,119.47000122070312,0.0,120.29000091552734,119.16999816894531,119.75,0.0,47187400,4.394979304133326,0.0002508207708560306
2004-12-21,81.66705322265625,0.0,120.38999938964844,0.0,120.4800033569336,119.45999908447266,119.5999984741211,0.0,33094200,4.402650655204063,0.007671351070737131
2004-12-22,81.86375427246094,0.0,120.68000030517578,0.0,121.08000183105469,120.30000305175781,120.37999725341797,0.0,31500700,4.405056332124288,0.002405676920225197
2004-12-23,81.92479705810547,0.0,120.7699966430664,0.0,121.27999877929688,120.66000366210938,120.87000274658203,0.0,25646100,4.405801717414956,0.0007453852906680325
2004-12-27,81.75523376464844,0.0,120.5199966430664,0.0,121.36000061035156,120.38999938964844,121.19999694824219,0.0,29944100,4.403729829313982,-0.0020718881009740286
2004-12-28,82.20293426513672,0.0,121.18000030517578,0.0,121.33000183105469,120.5999984741211,120.63999938964844,0.0,23422900,4.409190998081188,0.005461168767205926
2004-12-29,82.32501983642578,0.0,121.36000061035156,0.0,121.4000015258789,120.94999694824219,121.08000183105469,0.0,22650600,4.410675069215035,0.0014840711338468537
2004-12-30,82.16902160644531,0.0,121.12999725341797,0.0,121.56999969482422,121.04000091552734,121.4000015258789,0.0,21076900,4.40877836492862,-0.0018967042864153072
2004-12-31,81.99263763427734,0.0,120.87000274658203,0.0,121.66000366210938,120.80000305175781,121.30000305175781,0.0,28648800,4.406629458285506,-0.002148906643113513
2005-01-03,81.60600280761719,0.0,120.30000305175781,0.0,121.76000213623047,119.9000015258789,121.55999755859375,0.0,55748000,4.401902823083215,-0.00472663520229144
2005-01-04,80.60881042480469,0.0,118.83000183105469,0.0,120.54000091552734,118.44000244140625,120.45999908447266,0.0,69167600,4.389607954020075,-0.01229486906313948
2005-01-05,80.05255889892578,0.0,118.01000213623047,0.0,119.25,118.0,118.73999786376953,0.0,65667300,4.382683405189475,-0.00692454883060023
2005-01-06,80.45955657958984,0.0,118.61000061035156,0.0,119.1500015258789,118.26000213623047,118.44000244140625,0.0,47814700,4.387754655439961,0.005071250250486159
2005-01-07,80.34422302246094,0.0,118.44000244140625,0.0,119.2300033569336,118.12999725341797,118.97000122070312,0.0,55847700,4.386320191931815,-0.0014344635081462442
2005-01-10,80.72410583496094,0.0,119.0,0.0,119.45999908447266,118.33999633789062,118.33999633789062,0.0,56563300,4.391037239902421,0.004717047970606458
2005-01-11,80.16790008544922,0.0,118.18000030517578,0.0,118.73999786376953,117.98999786376953,118.63999938964844,0.0,63099700,4.384123186440627,-0.0069140534617941896
2005-01-12,80.43243408203125,0.0,118.56999969482422,0.0,118.83999633789062,117.5199966430664,118.4000015258789,0.0,72720500,4.387417503817883,0.0032943173772554957
2005-01-13,79.78799438476562,0.0,117.62000274658203,0.0,118.7300033569336,117.5,118.63999938964844,0.0,55537500,4.379373046831387,-0.008044456986495696
2005-01-14,80.20856475830078,0.0,118.23999786376953,0.0,118.52999877929688,117.76000213623047,117.97000122070312,0.0,42032500,4.384630301668072,0.005257254836685377
2005-01-18,81.04295349121094,0.0,119.47000122070312,0.0,119.62000274658203,117.94999694824219,118.05000305175781,0.0,57391700,4.394979304133326,0.010349002465253498
2005-01-19,80.19500732421875,0.0,118.22000122070312,0.0,119.5199966430664,118.20999908447266,119.43000030517578,0.0,54378900,4.384461260119454,-0.010518044013871908
2005-01-20,79.70661926269531,0.0,117.5,0.0,118.19999694824219,117.29000091552734,117.88999938964844,0.0,72049300,4.378352634577076,-0.006108625542378121
2005-01-21,79.21820068359375,0.0,116.77999877929688,0.0,118.0,116.6500015258789,117.79000091552734,0.0,63160400,4.372206079029918,-0.006146555547157817
2005-01-24,79.06217193603516,0.0,116.55000305175781,0.0,117.33999633789062,116.37000274658203,117.08999633789062,0.0,58441900,4.370234529487588,-0.001971549542330031
2005-01-25,79.28599548339844,0.0,116.87999725341797,0.0,117.47000122070312,116.72000122070312,116.91000366210938,0.0,68245000,4.373061511322289,0.0028269818347013143
2005-01-26,79.52339935302734,0.0,117.2300033569336,0.0,117.5999984741211,117.04000091552734,117.31999969482422,0.0,57195100,4.376051309837893,0.0029897985156033258
2005-01-27,79.65911102294922,0.0,117.43000030517578,0.0,117.75,116.9800033569336,117.19000244140625,0.0,55878800,4.377756418049617,0.0017051082117243155
2005-01-28,79.65911102294922,0.0,117.43000030517578,0.0,117.55000305175781,116.61000061035156,117.48999786376953,0.0,60738900,4.377756418049617,0.0
2005-01-31,80.1543197631836,0.0,118.16000366210938,0.0,118.25,117.70999908447266,117.94999694824219,0.0,52532700,4.383953773588049,0.006197355538431815
2005-02-01,80.66312408447266,0.0,118.91000366210938,0.0,119.08000183105469,118.0999984741211,118.25,0.0,49841200,4.390281520216037,0.0063277466279885175
2005-02-02,80.90727996826172,0.0,119.2699966430664,0.0,119.58999633789062,118.9000015258789,119.05999755859375,0.0,52468900,4.3933038072625825,0.00302228704654528
2005-02-03,80.69701385498047,0.0,118.95999908447266,0.0,119.16000366210938,118.56999969482422,119.05999755859375,0.0,48837100,4.3907015715550965,-0.002602235707485967
2005-02-04,81.55847930908203,0.0,120.2300033569336,0.0,120.43000030517578,118.9800033569336,119.0,0.0,50024600,4.401320300474587,0.010618728919490117
2005-02-07,81.44996643066406,0.0,120.06999969482422,0.0,120.5199966430664,119.95999908447266,120.25,0.0,45412000,4.399988922901426,-0.001331377573160708
2005-02-08,81.54495239257812,0.0,120.20999908447266,0.0,120.6500015258789,120.06999969482422,120.16999816894531,0.0,39263500,4.4011544312909185,0.0011655083894925866
2005-02-09,80.93440246582031,0.0,119.30999755859375,0.0,120.48999786376953,119.25,120.41999816894531,0.0,55279400,4.393638980468948,-0.007515450821970582
2005-02-10,81.22612762451172,0.0,119.73999786376953,0.0,120.0199966430664,119.26000213623047,119.66000366210938,0.0,45858600,4.397236964185937,0.0035979837169888285
2005-02-11,81.92479705810547,0.0,120.7699966430664,0.0,121.04000091552734,119.45999908447266,119.69999694824219,0.0,53133000,4.405801717414956,0.008564753229019395
2005-02-14,81.86375427246094,0.0,120.68000030517578,0.0,120.86000061035156,120.4800033569336,120.69000244140625,0.0,32432100,4.405056332124288,-0.0007453852906680325
2005-02-15,82.16902160644531,0.0,121.12999725341797,0.0,121.43000030517578,120.68000030517578,120.80000305175781,0.0,43852700,4.40877836492862,0.0037220328043314765
2005-02-16,82.2232894897461,0.0,121.20999908447266,0.0,121.45999908447266,120.66999816894531,120.93000030517578,0.0,55523000,4.409438589058449,0.0006602241298292455
2005-02-17,81.55847930908203,0.0,120.2300033569336,0.0,121.33000183105469,120.22000122070312,121.2300033569336,0.0,58124000,4.401320300474587,-0.00811828858386221
2005-02-18,81.66705322265625,0.0,120.38999938964844,0.0,120.4800033569336,119.9000015258789,120.23999786376953,0.0,47723300,4.402650655204063,0.0013303547294762907
2005-02-22,80.45276641845703,0.0,118.5999984741211,0.0,120.47000122070312,118.58000183105469,119.9000015258789,0.0,80697600,4.387670259652115,-0.014980395551948078
2005-02-23,81.02938079833984,0.0,119.44999694824219,0.0,119.56999969482422,118.62000274658203,118.93000030517578,0.0,68292600,4.394811814808731,0.007141555156616519
2005-02-24,81.56526184082031,0.0,120.23999786376953,0.0,120.31999969482422,118.9800033569336,119.23999786376953,0.0,68563600,4.401403458593624,0.006591643784892298
2005-02-25,82.37252807617188,0.0,121.43000030517578,0.0,121.66999816894531,120.18000030517578,120.2699966430664,0.0,60899900,4.411251984192409,0.009848525598785685
2005-02-28,81.82982635498047,0.0,120.62999725341797,0.0,121.30000305175781,120.04000091552734,121.1500015258789,0.0,69381300,4.4046418025155365,-0.006610181676872884
2005-03-01,82.23684692382812,0.0,121.2300033569336,0.0,121.5199966430664,120.77999877929688,120.81999969482422,0.0,47294400,4.4096034610378645,0.004961658522327994
2005-03-02,82.19615936279297,0.0,121.16999816894531,0.0,121.93000030517578,120.6500015258789,120.76000213623047,0.0,64226500,4.4091085778901995,-0.0004948831476649929
2005-03-03,82.23007202148438,0.0,121.22000122070312,0.0,121.9000015258789,120.69999694824219,121.66000366210938,0.0,61230800,4.409521074836541,0.00041249694634171163
2005-03-04,83.25439453125,0.0,122.7300033569336,0.0,122.83000183105469,121.79000091552734,122.05000305175781,0.0,56168500,4.421900914629522,0.012379839792981073
2005-03-07,83.29511260986328,0.0,122.79000091552734,0.0,123.25,122.4000015258789,122.66000366210938,0.0,43442400,4.422389875301018,0.0004889606714959527
2005-03-08,82.9830551147461,0.0,122.33000183105469,0.0,123.0,122.11000061035156,122.66999816894531,0.0,44362000,4.418636431710056,-0.003753443590961858
2005-03-09,82.06049346923828,0.0,120.97000122070312,0.0,122.29000091552734,120.95999908447266,121.97000122070312,0.0,73263600,4.4074567005133645,-0.011179731196691911
2005-03-10,82.24364471435547,0.0,121.23999786376953,0.0,121.5,120.4000015258789,121.19999694824219,0.0,65149000,4.40968611874959,0.0022294182362259107
2005-03-11,81.66705322265625,0.0,120.38999938964844,0.0,121.72000122070312,120.16000366210938,121.30999755859375,0.0,57976500,4.402650655204063,-0.007035463545527421
2005-03-14,82.17579650878906,0.0,121.13999938964844,0.0,121.16000366210938,120.27999877929688,120.61000061035156,0.0,36336400,4.408860812339196,0.006210157135132732
2005-03-15,81.49744415283203,0.0,120.13999938964844,0.0,121.45999908447266,120.08000183105469,121.41999816894531,0.0,62438500,4.400571659667128,-0.008289152672067424
2005-03-16,80.8055419921875,0.0,119.12000274658203,0.0,120.16000366210938,118.9000015258789,119.69999694824219,0.0,74874200,4.392045552187152,-0.008526107479975842
2005-03-17,80.96833801269531,0.0,119.36000061035156,0.0,119.73999786376953,118.9800033569336,119.30999755859375,0.0,62584200,4.394058189523367,0.0020126373362145955
2005-03-18,80.72795104980469,0.0,118.54000091552734,0.467,119.52999877929688,118.1500015258789,119.11000061035156,0.0,60232000,4.391084872802474,-0.00297331672089296
2005-03-21,80.42827606201172,0.0,118.0999984741211,0.0,118.77999877929688,117.76000213623047,118.70999908447266,0.0,61244300,4.387365806669254,-0.003719066133220039
2005-03-22,79.61106872558594,0.0,116.9000015258789,0.0,118.93000030517578,116.9000015258789,118.37000274658203,0.0,92472400,4.377153137524711,-0.01021266914454344
2005-03-23,79.67916107177734,0.0,117.0,0.0,117.72000122070312,116.75,116.94999694824219,0.0,70817300,4.378008084503262,0.0008549469785510411
2005-03-24,79.77449035644531,0.0,117.13999938964844,0.0,117.98999786376953,117.05999755859375,117.45999908447266,0.0,51932500,4.379203783631777,0.0011956991285151375
2005-03-28,79.89030456542969,0.0,117.30999755859375,0.0,117.94000244140625,117.30999755859375,117.41999816894531,0.0,46765500,4.3806545007964806,0.0014507171647037964
2005-03-29,79.35909271240234,0.0,116.52999877929688,0.0,117.9000015258789,116.25,117.13999938964844,0.0,71160300,4.373983030355851,-0.0066714704406294345
2005-03-30,80.4827651977539,0.0,118.18000030517578,0.0,118.19999694824219,116.7699966430664,116.77999877929688,0.0,62002100,4.388043064580188,0.014060034224336881
2005-03-31,80.33294677734375,0.0,117.95999908447266,0.0,118.45999908447266,117.87000274658203,118.19000244140625,0.0,64575400,4.386179832910683,-0.0018632316695050832
2005-04-01,79.9720230102539,0.0,117.43000030517578,0.0,118.98999786376953,116.91000366210938,118.62999725341797,0.0,95255300,4.381676861138423,-0.004502971772259556
2005-04-04,80.10820007324219,0.0,117.62999725341797,0.0,117.86000061035156,116.73999786376953,117.36000061035156,0.0,71581200,4.383378221783901,0.0017013606454776564
2005-04-05,80.48956298828125,0.0,118.19000244140625,0.0,118.37999725341797,117.66999816894531,117.77999877929688,0.0,46853900,4.388127523699442,0.004749301915540904
2005-04-06,80.76878356933594,0.0,118.5999984741211,0.0,118.94999694824219,118.18000030517578,118.44999694824219,0.0,53268200,4.391590548914102,0.0034630252146596874
2005-04-07,81.20462036132812,0.0,119.23999786376953,0.0,119.26000213623047,118.31999969482422,118.41000366210938,0.0,46734600,4.39697214655041,0.0053815976363083
2005-04-08,80.36018371582031,0.0,118.0,0.0,119.20999908447266,118.0,119.16999816894531,0.0,63772900,4.3865188261041546,-0.010453320446255354
2005-04-11,80.42147064208984,0.0,118.08999633789062,0.0,118.41999816894531,117.83000183105469,118.29000091552734,0.0,44945000,4.387281188321194,0.0007623622170394029
2005-04-12,80.83686828613281,0.0,118.69999694824219,0.0,119.05999755859375,117.06999969482422,117.88999938964844,0.0,86144800,4.392433152128079,0.005151963806884652
2005-04-13,79.88348388671875,0.0,117.30000305175781,0.0,118.80000305175781,117.12999725341797,118.55999755859375,0.0,65949000,4.380569121601543,-0.011864030526535174
2005-04-14,78.8415298461914,0.0,115.7699966430664,0.0,117.5,115.7699966430664,117.4000015258789,0.0,96119800,4.367439886538055,-0.013129235063488842
2005-04-15,77.73822784423828,0.0,114.1500015258789,0.0,116.19999694824219,114.0999984741211,115.73999786376953,0.0,128677300,4.353347129232143,-0.014092757305911974
2005-04-18,77.97660064697266,0.0,114.5,0.0,114.95999908447266,113.95999908447266,114.12000274658203,0.0,100035200,4.3564087899776,0.0030616607454572176
2005-04-19,78.59634399414062,0.0,115.41000366210938,0.0,115.52999877929688,114.83000183105469,115.0999984741211,0.0,64930100,4.36432518428389,0.007916394306290542
2005-04-20,77.49991607666016,0.0,113.80000305175781,0.0,115.62999725341797,113.55000305175781,115.37999725341797,0.0,107735900,4.3502768534769105,-0.01404833080697987
2005-04-21,79.00496673583984,0.0,116.01000213623047,0.0,116.20999908447266,114.37999725341797,114.79000091552734,0.0,86952200,4.369510720564703,0.01923386708779251
2005-04-22,78.70531463623047,0.0,115.56999969482422,0.0,116.5,114.2699966430664,115.73999786376953,0.0,88845800,4.365710683463878,-0.0038000371008246603
2005-04-25,79.22288513183594,0.0,116.33000183105469,0.0,116.5,115.72000122070312,115.86000061035156,0.0,52284100,4.372265210766102,0.006554527302223612
2005-04-26,78.45333099365234,0.0,115.19999694824219,0.0,116.7699966430664,115.1500015258789,115.95999908447266,0.0,72626000,4.362503938362435,-0.009761272403666865
2005-04-27,78.75980377197266,0.0,115.6500015258789,0.0,116.06999969482422,114.44000244140625,114.86000061035156,0.0,84131900,4.366402762299724,0.003898823937288576
2005-04-28,77.7723388671875,0.0,114.19999694824219,0.0,115.68000030517578,114.19999694824219,115.2699966430664,0.0,72481500,4.3537858264116025,-0.012616935888121183
2005-04-29,78.827880859375,0.0,115.75,0.0,115.87000274658203,113.97000122070312,115.06999969482422,0.0,103993800,4.3672667522973745,0.013480925885771988
2005-05-02,79.27058410644531,0.0,116.4000015258789,0.0,116.41000366210938,115.5199966430664,116.06999969482422,0.0,56026400,4.372867115390673,0.00560036309329881
2005-05-03,79.40673065185547,0.0,116.5999984741211,0.0,116.8499984741211,115.69000244140625,116.06999969482422,0.0,86000300,4.374583133575465,0.0017160181847915013
2005-05-04,80.01968383789062,0.0,117.5,0.0,117.75,116.27999877929688,116.6500015258789,0.0,81055700,4.382272652382676,0.007689518807211471
2005-05-05,79.99243927001953,0.0,117.45999908447266,0.0,118.0,116.73999786376953,117.66999816894531,0.0,96906700,4.3819321210828575,-0.0003405312998188137
2005-05-06,79.7405014038086,0.0,117.08999633789062,0.0,117.98999786376953,117.05999755859375,117.93000030517578,0.0,67415400,4.378777629916994,-0.0031544911658638597
2005-05-09,80.23757934570312,0.0,117.81999969482422,0.0,118.08000183105469,117.05000305175781,117.20999908447266,0.0,43750500,4.384991975522943,0.006214345605949134
2005-05-10,79.40673065185547,0.0,116.5999984741211,0.0,117.5,116.38999938964844,117.36000061035156,0.0,74613500,4.374583133575465,-0.010408841947477931
2005-05-11,79.84260559082031,0.0,117.23999786376953,0.0,117.4000015258789,115.8499984741211,116.93000030517578,0.0,91647400,4.380057266626259,0.005474133050793917
2005-05-12,78.96409606933594,0.0,115.94999694824219,0.0,117.58999633789062,115.94999694824219,117.31999969482422,0.0,95086800,4.368993269024635,-0.011063997601623576
2005-05-13,78.80747985839844,0.0,115.72000122070312,0.0,116.62000274658203,114.80000305175781,116.30000305175781,0.0,85267000,4.367007914419913,-0.001985354604721934
2005-05-16,79.5429916381836,0.0,116.80000305175781,0.0,116.83999633789062,115.66000366210938,115.69999694824219,0.0,49207000,4.376297650817068,0.009289736397154691
2005-05-17,80.07417297363281,0.0,117.58000183105469,0.0,117.69999694824219,116.16000366210938,116.41000366210938,0.0,61071800,4.382953367294934,0.006655716477865781
2005-05-18,80.89816284179688,0.0,118.79000091552734,0.0,119.08000183105469,118.01000213623047,118.08999633789062,0.0,77944900,4.393191114805318,0.01023774751038431
2005-05-19,81.23868560791016,0.0,119.29000091552734,0.0,119.41000366210938,118.69999694824219,119.0199966430664,0.0,61768100,4.3973915574566105,0.004200442651292491
2005-05-20,81.12290954589844,0.0,119.12000274658203,0.0,119.38999938964844,118.73999786376953,119.33999633789062,0.0,46345500,4.395965406382827,-0.0014261510737831884
2005-05-23,81.57239532470703,0.0,119.77999877929688,0.0,120.04000091552734,119.19000244140625,119.20999908447266,0.0,51047900,4.401490912146841,0.005525505764013339
2005-05-24,81.3816909790039,0.0,119.5,0.0,119.83000183105469,119.19999694824219,119.44000244140625,0.0,50654100,4.399150321160861,-0.002340590985979496
2005-05-25,81.32042694091797,0.0,119.41000366210938,0.0,119.87000274658203,118.83000183105469,119.3499984741211,0.0,47608800,4.398397238880623,-0.000753082280238182
2005-05-26,81.75630187988281,0.0,120.05000305175781,0.0,120.20999908447266,119.62000274658203,119.79000091552734,0.0,43256200,4.403742894021988,0.005345655141365313
2005-05-27,81.89247131347656,0.0,120.25,0.0,120.25,119.80000305175781,120.05999755859375,0.0,24596100,4.405407061279253,0.0016641672572648147
2005-05-31,81.36811828613281,0.0,119.4800033569336,0.0,120.16999816894531,119.4000015258789,120.08000183105469,0.0,43377200,4.398983529040319,-0.00642353223893366
2005-06-01,82.06272888183594,0.0,120.5,0.0,120.91999816894531,119.44999694824219,119.5199966430664,0.0,69611000,4.407483941175176,0.008500412134856639
2005-06-02,82.23979187011719,0.0,120.76000213623047,0.0,120.83999633789062,120.0999984741211,120.2300033569336,0.0,39704500,4.409639270941459,0.002155329766282854
2005-06-03,81.82438659667969,0.0,120.1500015258789,0.0,120.88999938964844,119.7300033569336,120.55000305175781,0.0,60999400,4.404575323832163,-0.005063947109295697
2005-06-06,81.74943542480469,0.0,120.04000091552734,0.0,120.19999694824219,119.55000305175781,119.94999694824219,0.0,36046400,4.403658903634918,-0.000916420197245138
2005-06-07,81.81073760986328,0.0,120.12999725341797,0.0,121.25,120.01000213623047,120.38999938964844,0.0,66501300,4.404408501618238,0.0007495979833196387
2005-06-08,81.66093444824219,0.0,119.91000366210938,0.0,120.58999633789062,119.66999816894531,120.43000030517578,0.0,46881200,4.402575728983466,-0.0018327726347715512
2005-06-09,82.04911041259766,0.0,120.4800033569336,0.0,120.58000183105469,119.44000244140625,119.73999786376953,0.0,56653300,4.407317975461452,0.004742246477985823
2005-06-10,81.85842895507812,0.0,120.19999694824219,0.0,120.6500015258789,119.5999984741211,120.55999755859375,0.0,36465300,4.404991279029103,-0.0023266964323491734
2005-06-13,82.11721801757812,0.0,120.58000183105469,0.0,121.08000183105469,119.80999755859375,119.94000244140625,0.0,49383200,4.4081477145381465,0.0031564355090436536
2005-06-14,82.30789947509766,0.0,120.86000061035156,0.0,121.19999694824219,120.37999725341797,120.44999694824219,0.0,33857100,4.410467086978415,0.0023193724402688076
2005-06-15,82.46451568603516,0.0,121.08999633789062,0.0,121.23999786376953,120.2300033569336,121.16000366210938,0.0,53195600,4.412368087919008,0.0019010009405926453
2005-06-16,82.6756591796875,0.0,121.4000015258789,0.0,121.63999938964844,120.91999816894531,121.05999755859375,0.0,46564500,4.41492523198016,0.002557144061151817
2005-06-17,82.98197937011719,0.0,121.36000061035156,0.488,121.9000015258789,121.22000122070312,121.54000091552734,0.0,51529400,4.418623468200818,0.0036982362206581243
2005-06-20,83.00933074951172,0.0,121.4000015258789,0.0,121.83999633789062,120.94000244140625,121.08000183105469,0.0,41019400,4.418953020146909,0.0003295519460912999
2005-06-21,83.05718231201172,0.0,121.47000122070312,0.0,121.6500015258789,121.02999877929688,121.5,0.0,39879800,4.41952931410217,0.0005762939552607094
2005-06-22,83.12557983398438,0.0,121.56999969482422,0.0,121.94000244140625,121.06999969482422,121.68000030517578,0.0,46310100,4.420352474398118,0.0008231602959485329
2005-06-23,81.95631408691406,0.0,119.86000061035156,0.0,121.5999984741211,119.83000183105469,121.31999969482422,0.0,62185600,4.406186350262231,-0.014166124135887692
2005-06-24,81.35460662841797,0.0,118.9800033569336,0.0,120.01000213623047,118.83999633789062,119.87999725341797,0.0,58572500,4.398817459331826,-0.0073688909304046035
2005-06-27,81.47086334228516,0.0,119.1500015258789,0.0,119.41000366210938,118.75,118.97000122070312,0.0,48183800,4.400245451324032,0.0014279919922062234
2005-06-28,82.1546401977539,0.0,120.1500015258789,0.0,120.23999786376953,119.37000274658203,119.4000015258789,0.0,41174200,4.4086033273403595,0.008357876016327204
2005-06-29,81.93580627441406,0.0,119.83000183105469,0.0,120.4000015258789,119.76000213623047,120.37000274658203,0.0,42316500,4.405936090364905,-0.0026672369754541236
2005-06-30,81.49137115478516,0.0,119.18000030517578,0.0,120.31999969482422,118.94999694824219,120.22000122070312,0.0,62288800,4.400497139240212,-0.005438951124693503
2005-07-01,81.73066711425781,0.0,119.52999877929688,0.0,119.80000305175781,119.20999908447266,119.44999694824219,0.0,49737500,4.403429293910703,0.002932154670491016
2005-07-05,82.38712310791016,0.0,120.48999786376953,0.0,120.6500015258789,119.19000244140625,119.25,0.0,51549000,4.411429151741279,0.007999857830576218
2005-07-06,81.69654846191406,0.0,119.4800033569336,0.0,120.6500015258789,119.41000366210938,120.38999938964844,0.0,52363600,4.403011754485349,-0.008417397255930048
2005-07-07,82.01786804199219,0.0,119.94999694824219,0.0,119.94999694824219,118.26000213623047,118.29000091552734,0.0,103268800,4.4069371264779775,0.003925371992628435
2005-07-08,82.95463562011719,0.0,121.31999969482422,0.0,121.31999969482422,119.72000122070312,119.97000122070312,0.0,64491200,4.418293899585126,0.011356773107148221
2005-07-11,83.37853240966797,0.0,121.94000244140625,0.0,122.0999984741211,121.30999755859375,121.33000183105469,0.0,49688300,4.42339087107045,0.005096971485324175
2005-07-12,83.59737396240234,0.0,122.26000213623047,0.0,122.62999725341797,121.63999938964844,121.98999786376953,0.0,51871100,4.426012107664304,0.0026212365938542703
2005-07-13,83.7136001586914,0.0,122.43000030517578,0.0,122.5199966430664,121.98999786376953,122.2699966430664,0.0,41182300,4.427401451257519,0.0013893435932148535
2005-07-14,84.04180908203125,0.0,122.91000366210938,0.0,123.44000244140625,122.48999786376953,122.9800033569336,0.0,63638800,4.431314402185271,0.0039129509277522345
2005-07-15,83.99396514892578,0.0,122.83999633789062,0.0,123.04000091552734,122.36000061035156,122.79000091552734,0.0,56075900,4.430744952797279,-0.0005694493879921936
2005-07-18,83.6589126586914,0.0,122.3499984741211,0.0,122.62999725341797,122.05000305175781,122.5,0.0,56598400,4.426747968782702,-0.003996984014577265
2005-07-19,84.11705780029297,0.0,123.0199966430664,0.0,123.11000061035156,122.41000366210938,122.70999908447266,0.0,59165700,4.432209374001858,0.00546140521915639
2005-07-20,84.40420532226562,0.0,123.44000244140625,0.0,123.7300033569336,122.30000305175781,122.58999633789062,0.0,69477000,4.435617226453828,0.0034078524519696174
2005-07-21,83.91189575195312,0.0,122.72000122070312,0.0,123.61000061035156,122.47000122070312,123.55000305175781,0.0,101110900,4.429767388308845,-0.005849838144983188
2005-07-22,84.47260284423828,0.0,123.54000091552734,0.0,123.55999755859375,122.62999725341797,122.87999725341797,0.0,52607100,4.436427255094884,0.006659866786039359
2005-07-25,84.23330688476562,0.0,123.19000244140625,0.0,123.94999694824219,122.8499984741211,123.41000366210938,0.0,57301600,4.433590411734287,-0.0028368433605967525
2005-07-26,84.33582305908203,0.0,123.33999633789062,0.0,123.52999877929688,122.94999694824219,123.2300033569336,0.0,42758800,4.43480672206334,0.0012163103290525612
2005-07-27,84.64352416992188,0.0,123.79000091552734,0.0,123.88999938964844,123.05000305175781,123.5,0.0,43181600,4.438448604411451,0.003641882348111025
2005-07-28,85.17684173583984,0.0,124.56999969482422,0.0,124.63999938964844,123.63999938964844,123.95999908447266,0.0,47880700,4.444729586275862,0.006280981864411395
2005-07-29,84.60935974121094,0.0,123.73999786376953,0.0,124.62999725341797,123.5,124.41000366210938,0.0,62358100,4.4380448957314504,-0.0066846905444117866
2005-08-01,84.54779052734375,0.0,123.6500015258789,0.0,124.04000091552734,123.44999694824219,123.83000183105469,0.0,40418200,4.437316942860546,-0.0007279528709043248
2005-08-02,85.0538101196289,0.0,124.38999938964844,0.0,124.5999984741211,123.73999786376953,123.87000274658203,0.0,45147400,4.443284116423146,0.005967173562599903
2005-08-03,85.27944946289062,0.0,124.72000122070312,0.0,124.73999786376953,124.12000274658203,124.25,0.0,36837200,4.44593350475517,0.002649388332024216
2005-08-04,84.59569549560547,0.0,123.72000122070312,0.0,124.30999755859375,123.56999969482422,124.2300033569336,0.0,50855600,4.43788338465111,-0.008050120104059921
2005-08-05,84.02129364013672,0.0,122.87999725341797,0.0,123.9800033569336,122.66999816894531,123.44999694824219,0.0,53595500,4.431070262434617,-0.006813122216493106
2005-08-08,83.86404418945312,0.0,122.6500015258789,0.0,123.41000366210938,122.37999725341797,123.1500015258789,0.0,47616000,4.429196966068156,-0.0018732963664609414
2005-08-09,84.37004089355469,0.0,123.38999938964844,0.0,123.58999633789062,122.87000274658203,123.05999755859375,0.0,47170000,4.435212372870493,0.006015406802336365
2005-08-10,84.3289794921875,0.0,123.33000183105469,0.0,124.5,122.81999969482422,123.81999969482422,0.0,72863700,4.434725572151861,-0.0004868007186313861
2005-08-11,84.6640396118164,0.0,123.81999969482422,0.0,124.02999877929688,123.01000213623047,123.2699966430664,0.0,58570200,4.438690949662149,0.003965377510287915
2005-08-12,84.14439392089844,0.0,123.05999755859375,0.0,123.69000244140625,122.75,123.56999969482422,0.0,54776900,4.432534298345091,-0.006156651317057893
2005-08-15,84.6640396118164,0.0,123.81999969482422,0.0,123.87000274658203,122.83000183105469,123.22000122070312,0.0,36208500,4.438690949662149,0.006156651317057893
2005-08-16,83.56317138671875,0.0,122.20999908447266,0.0,123.5199966430664,122.08999633789062,123.44000244140625,0.0,71942100,4.42560288937551,-0.013088060286639447
2005-08-17,83.55632781982422,0.0,122.19999694824219,0.0,122.87000274658203,122.02999877929688,122.19000244140625,0.0,62275100,4.425520989095401,-8.190028010890416e-05
2005-08-18,83.54949951171875,0.0,122.19000244140625,0.0,122.55999755859375,121.83999633789062,122.05000305175781,0.0,53388600,4.425439264738826,-8.172435657449739e-05
2005-08-19,83.74098205566406,0.0,122.47000122070312,0.0,122.81999969482422,122.19999694824219,122.62999725341797,0.0,39842100,4.4277284879603025,0.0022892232214761776
2005-08-22,83.74098205566406,0.0,122.47000122070312,0.0,123.2300033569336,121.87999725341797,122.58000183105469,0.0,69912000,4.4277284879603025,0.0
2005-08-23,83.58367919921875,0.0,122.23999786376953,0.0,122.61000061035156,121.1500015258789,122.5,0.0,55168600,4.4258482761420685,-0.0018802118182339456
2005-08-24,82.83840942382812,0.0,121.1500015258789,0.0,122.7300033569336,121.08999633789062,121.94000244140625,0.0,79104600,4.416891835761545,-0.008956440380523567
2005-08-25,83.13925170898438,0.0,121.58999633789062,0.0,121.66999816894531,121.20999908447266,121.3499984741211,0.0,35631100,4.420516933410934,0.0036250976493894527
2005-08-26,82.57171630859375,0.0,120.76000213623047,0.0,121.48999786376953,120.68000030517578,121.4800033569336,0.0,61956800,4.413667204317146,-0.006849729093788781
2005-08-29,83.20763397216797,0.0,121.69000244140625,0.0,121.77999877929688,120.37999725341797,120.41000366210938,0.0,56179200,4.421339098091152,0.007671893774006122
2005-08-30,82.77000427246094,0.0,121.05000305175781,0.0,121.30000305175781,120.38999938964844,121.25,0.0,74160200,4.416065728515775,-0.005273369575376385
2005-08-31,83.81619262695312,0.0,122.58000183105469,0.0,122.66000366210938,120.73999786376953,121.19000244140625,0.0,102945200,4.428626218260216,0.01256048974444024
2005-09-01,83.75467681884766,0.0,122.48999786376953,0.0,123.1500015258789,121.13999938964844,122.5199966430664,0.0,74578700,4.427892011759141,-0.0007342065010744747
2005-09-02,83.60420227050781,0.0,122.2699966430664,0.0,122.87999725341797,122.04000091552734,122.8499984741211,0.0,47653400,4.426093785220977,-0.0017982265381641938
2005-09-06,84.58197784423828,0.0,123.69999694824219,0.0,123.80000305175781,122.6500015258789,122.66000366210938,0.0,57251300,4.43772121607264,0.011627430851662623
2005-09-07,84.7255859375,0.0,123.91000366210938,0.0,124.12999725341797,123.45999908447266,123.62999725341797,0.0,41749700,4.4394176332260615,0.0016964171534219474
2005-09-08,84.44522094726562,0.0,123.5,0.0,124.0,123.30999755859375,123.66000366210938,0.0,39068700,4.436103051330026,-0.0033145818960358397
2005-09-09,85.1973876953125,0.0,124.5999984741211,0.0,124.73999786376953,123.80000305175781,123.83000183105469,0.0,43093900,4.444970772512077,0.008867721182051369
2005-09-12,85.02641296386719,0.0,124.3499984741211,0.0,124.66999816894531,124.2699966430664,124.44999694824219,0.0,33017600,4.442961948971787,-0.0020088235402901944
2005-09-13,84.55465698242188,0.0,123.66000366210938,0.0,124.41999816894531,123.5199966430664,124.12999725341797,0.0,58427500,4.437398153454278,-0.005563795517509185
2005-09-14,84.24693298339844,0.0,123.20999908447266,0.0,123.91999816894531,123.0199966430664,123.73999786376953,0.0,57694600,4.433752164811956,-0.0036459886423214627
2005-09-15,84.20591735839844,0.0,123.1500015258789,0.0,123.6500015258789,122.9000015258789,123.58999633789062,0.0,73156900,4.433265196194598,-0.00048696861735830765
2005-09-16,84.80470275878906,0.0,123.5,0.522,123.73999786376953,122.87000274658203,123.30000305175781,0.0,75424100,4.440350998321363,0.007085802126765017
2005-09-19,84.52316284179688,0.0,123.08999633789062,0.0,123.55000305175781,122.63999938964844,123.47000122070312,0.0,53355300,4.437025613271041,-0.0033253850503216498
2005-09-20,83.80899810791016,0.0,122.05000305175781,0.0,123.61000061035156,121.87000274658203,123.19999694824219,0.0,84480300,4.42854037771303,-0.008485235558011617
2005-09-21,83.02619934082031,0.0,120.91000366210938,0.0,121.87000274658203,120.77999877929688,121.79000091552734,0.0,94469100,4.4191562126968105,-0.009384165016219193
2005-09-22,83.32142639160156,0.0,121.33999633789062,0.0,121.66000366210938,120.44000244140625,120.94999694824219,0.0,84597200,4.4227057356845645,0.003549522987754017
2005-09-23,83.39015197753906,0.0,121.44000244140625,0.0,121.88999938964844,120.9000015258789,121.23999786376953,0.0,59368100,4.423530220588408,0.0008244849038439028
2005-09-26,83.48628997802734,0.0,121.58000183105469,0.0,122.23999786376953,121.08000183105469,122.0199966430664,0.0,70415400,4.424682426495935,0.0011522059075268487
2005-09-27,83.46570587158203,0.0,121.55000305175781,0.0,121.98999786376953,121.0199966430664,121.5199966430664,0.0,66150800,4.424435839368361,-0.0002465871275738607
2005-09-28,83.5480728149414,0.0,121.66999816894531,0.0,122.12000274658203,121.19999694824219,121.93000030517578,0.0,58620500,4.425422188526915,0.0009863491585537787
2005-09-29,84.22784423828125,0.0,122.66000366210938,0.0,122.86000061035156,121.08000183105469,121.55000305175781,0.0,66607700,4.433525558247892,0.008103369720976694
2005-09-30,84.48881530761719,0.0,123.04000091552734,0.0,123.04000091552734,121.73999786376953,122.62000274658203,0.0,47824200,4.436619162378879,0.0030936041309868045
2005-10-03,84.18669891357422,0.0,122.5999984741211,0.0,123.33999633789062,122.44999694824219,122.95999908447266,0.0,50994800,4.4330369386221085,-0.0035822237567701976
2005-10-04,83.23907470703125,0.0,121.22000122070312,0.0,123.02999877929688,121.16000366210938,122.79000091552734,0.0,60776300,4.421716885498144,-0.011320053123964335
2005-10-05,82.14725494384766,0.0,119.62999725341797,0.0,121.30999755859375,119.56999969482422,121.25,0.0,106052100,4.408513428755747,-0.013203456742397535
2005-10-06,81.85196685791016,0.0,119.19999694824219,0.0,120.26000213623047,118.16999816894531,119.77999877929688,0.0,140941800,4.404912333557873,-0.0036010951978733274
2005-10-07,82.13351440429688,0.0,119.61000061035156,0.0,120.05000305175781,119.12999725341797,119.69999694824219,0.0,75661400,4.408346147586595,0.0034338140287220043
2005-10-10,81.43997192382812,0.0,118.5999984741211,0.0,119.70999908447266,118.30000305175781,119.68000030517578,0.0,52677000,4.399866208055445,-0.008479939531150116
2005-10-11,81.3232192993164,0.0,118.43000030517578,0.0,119.38999938964844,118.31999969482422,118.98999786376953,0.0,75629800,4.3984315760153745,-0.0014346320400706603
2005-10-12,80.68464660644531,0.0,117.5,0.0,119.12999725341797,117.41000366210938,118.38999938964844,0.0,100510400,4.390548304467324,-0.007883271548050352
2005-10-13,80.6365966796875,0.0,117.43000030517578,0.0,118.08000183105469,116.87999725341797,117.45999908447266,0.0,99052900,4.389952599559527,-0.0005957049077967014
2005-10-14,81.48805236816406,0.0,118.66999816894531,0.0,118.80999755859375,117.55999755859375,118.12000274658203,0.0,88651000,4.400456412790826,0.010503813231298231
2005-10-17,81.79017639160156,0.0,119.11000061035156,0.0,119.2699966430664,118.44999694824219,118.80000305175781,0.0,68109300,4.404157143384753,0.0037007305939269486
2005-10-18,80.90436553955078,0.0,117.81999969482422,0.0,118.95999908447266,117.80000305175781,118.94000244140625,0.0,74996900,4.393267784778513,-0.010889358606239519
2005-10-19,82.25025177001953,0.0,119.77999877929688,0.0,119.80000305175781,117.12000274658203,117.5,0.0,116563800,4.409766450674469,0.01649866589595561
2005-10-20,80.80135345458984,0.0,117.66999816894531,0.0,119.80999755859375,117.30000305175781,119.48999786376953,0.0,131966700,4.391993716062376,-0.017772734612092833
2005-10-21,81.11724090576172,0.0,118.12999725341797,0.0,118.77999877929688,117.51000213623047,118.29000091552734,0.0,96579500,4.395895526761497,0.0039018106991211
2005-10-24,82.37385559082031,0.0,119.95999908447266,0.0,120.08999633789062,118.41000366210938,118.44000244140625,0.0,71308400,4.411268100050238,0.015372573288741087
2005-10-25,82.20906829833984,0.0,119.72000122070312,0.0,120.23999786376953,118.94000244140625,119.72000122070312,0.0,76594500,4.40926561590848,-0.0020024841417578543
2005-10-26,81.96871185302734,0.0,119.37000274658203,0.0,120.54000091552734,119.19000244140625,119.51000213623047,0.0,80855800,4.406337611682698,-0.0029280042257822103
2005-10-27,81.0966567993164,0.0,118.0999984741211,0.0,119.37000274658203,117.93000030517578,119.19999694824219,0.0,66623100,4.395641737081982,-0.010695874600716415
2005-10-28,82.26399993896484,0.0,119.80000305175781,0.0,119.94999694824219,118.0999984741211,118.43000030517578,0.0,72322000,4.409933587184947,0.014291850102965853
2005-10-31,82.49061584472656,0.0,120.12999725341797,0.0,121.30000305175781,120.12999725341797,120.29000091552734,0.0,77698900,4.412684539534268,0.0027509523493209898
2005-11-01,82.73782348632812,0.0,120.48999786376953,0.0,120.9000015258789,120.22000122070312,120.58000183105469,0.0,66365100,4.415676855228341,0.002992315694072545
2005-11-02,83.60302734375,0.0,121.75,0.0,121.75,120.12999725341797,120.16999816894531,0.0,74012300,4.426079731680821,0.010402876452480392
2005-11-03,83.96009826660156,0.0,122.2699966430664,0.0,122.66000366210938,121.75,122.1500015258789,0.0,84897600,4.430341665349575,0.0042619336687534926
2005-11-04,83.85023498535156,0.0,122.11000061035156,0.0,122.45999908447266,121.55000305175781,122.4000015258789,0.0,59156000,4.429032290714326,-0.0013093746352490498
2005-11-07,83.93264770507812,0.0,122.2300033569336,0.0,122.62000274658203,121.8499984741211,122.37000274658203,0.0,46765400,4.430014664184525,0.0009823734701992493
2005-11-08,83.93264770507812,0.0,122.2300033569336,0.0,122.41999816894531,121.79000091552734,121.93000030517578,0.0,42152800,4.430014664184525,0.0
2005-11-09,84.04248809814453,0.0,122.38999938964844,0.0,122.94999694824219,121.86000061035156,122.08000183105469,0.0,57666800,4.4313224816564025,0.0013078174718774704
2005-11-10,84.69483947753906,0.0,123.33999633789062,0.0,123.5199966430664,121.75,122.33999633789062,0.0,79048100,4.4390546727362254,0.007732191079822925
2005-11-11,84.98326873779297,0.0,123.76000213623047,0.0,123.83999633789062,122.43000030517578,123.3499984741211,0.0,34867000,4.442454398736194,0.003399725999968517
2005-11-14,84.9351577758789,0.0,123.69000244140625,0.0,124.0199966430664,123.37999725341797,123.79000091552734,0.0,45092200,4.441888115676883,-0.0005662830593111678
2005-11-15,84.62615203857422,0.0,123.23999786376953,0.0,124.08999633789062,122.86000061035156,123.55000305175781,0.0,69592500,4.438243344594125,-0.0036447710827580693
2005-11-16,84.79783630371094,0.0,123.48999786376953,0.0,123.55000305175781,122.9800033569336,123.37000274658203,0.0,51133000,4.4402700271859095,0.002026682591784734
2005-11-17,85.5875244140625,0.0,124.63999938964844,0.0,124.6500015258789,123.13999938964844,123.68000030517578,0.0,55717500,4.449539529699806,0.00926950251389691
2005-11-18,85.92399597167969,0.0,125.12999725341797,0.0,125.27999877929688,124.33000183105469,125.05999755859375,0.0,72437200,4.453463137729364,0.0039236080295577125
2005-11-21,86.35658264160156,0.0,125.76000213623047,0.0,125.91000366210938,124.9800033569336,125.1500015258789,0.0,50021200,4.4584850337844655,0.005021896055101394
2005-11-22,86.7273941040039,0.0,126.30000305175781,0.0,126.5199966430664,125.41999816894531,125.55999755859375,0.0,66438800,4.462769798170994,0.004284764386528472
2005-11-23,87.2286605834961,0.0,127.02999877929688,0.0,127.41000366210938,126.20999908447266,126.25,0.0,50854700,4.468532953328912,0.005763155157918476
2005-11-25,87.29734802246094,0.0,127.12999725341797,0.0,127.22000122070312,126.80999755859375,126.9800033569336,0.0,15270000,4.469320084634555,0.0007871313056426743
2005-11-28,86.67933654785156,0.0,126.2300033569336,0.0,127.2699966430664,126.04000091552734,127.25,0.0,54498500,4.462215522599313,-0.0071045620352423455
2005-11-29,86.5832290649414,0.0,126.08999633789062,0.0,126.9800033569336,126.08999633789062,126.6500015258789,0.0,51738900,4.461106137055735,-0.0011093855435779787
2005-11-30,86.11624908447266,0.0,125.41000366210938,0.0,126.5199966430664,125.29000091552734,126.16000366210938,0.0,56007200,4.45569811702456,-0.00540802003117502
2005-12-01,86.99523162841797,0.0,126.69000244140625,0.0,127.02999877929688,125.9800033569336,126.0199966430664,0.0,65468200,4.465853308283764,0.010155191259204166
2005-12-02,87.10505676269531,0.0,126.8499984741211,0.0,127.08000183105469,126.5,126.7699966430664,0.0,46699400,4.4671149391502,0.0012616308664359366
2005-12-05,86.91966247558594,0.0,126.58000183105469,0.0,126.7300033569336,126.18000030517578,126.69999694824219,0.0,59273400,4.464984272219,-0.0021306669312002313
2005-12-06,87.08447265625,0.0,126.81999969482422,0.0,127.73999786376953,126.62999725341797,127.05000305175781,0.0,57935200,4.466878597659299,0.00189432544029966
2005-12-07,86.5763168334961,0.0,126.08000183105469,0.0,126.87000274658203,125.68000030517578,126.7699966430664,0.0,66816500,4.461026300493296,-0.005852297166002884
2005-12-08,86.52139282226562,0.0,126.0,0.0,126.81999969482422,125.4800033569336,126.22000122070312,0.0,62608600,4.460391699224649,-0.000634601268647117
2005-12-09,86.74798583984375,0.0,126.33000183105469,0.0,126.77999877929688,125.81999969482422,126.16000366210938,0.0,50744500,4.463007200572917,0.0026155013482673795
2005-12-12,86.83042907714844,0.0,126.44999694824219,0.0,126.86000061035156,125.95999908447266,126.70999908447266,0.0,48389900,4.463957125637546,0.0009499250646296531
2005-12-13,87.42095947265625,0.0,127.30999755859375,0.0,127.69999694824219,126.29000091552734,126.41999816894531,0.0,88630900,4.470735064811409,0.006777939173862713
2005-12-14,87.76428985595703,0.0,127.80999755859375,0.0,128.08999633789062,127.13999938964844,127.19000244140625,0.0,64375000,4.474654696449116,0.003919631637707255
2005-12-15,87.51019287109375,0.0,127.44000244140625,0.0,128.0,127.18000030517578,127.83999633789062,0.0,55900300,4.471755276534498,-0.002899419914617951
2005-12-16,87.22856140136719,0.0,126.36000061035156,0.672,127.36000061035156,126.36000061035156,127.27999877929688,0.0,46238300,4.4685318162922485,-0.0032234602422498426
2005-12-19,86.77983856201172,0.0,125.70999908447266,0.0,126.87000274658203,125.69000244140625,126.7300033569336,0.0,48733000,4.463374320055173,-0.0051574962370750654
2005-12-20,86.8626937866211,0.0,125.83000183105469,0.0,126.58999633789062,125.4800033569336,125.86000061035156,0.0,46603200,4.4643286395963235,0.000954319541150106
2005-12-21,87.00072479248047,0.0,126.02999877929688,0.0,126.76000213623047,125.80000305175781,126.22000122070312,0.0,51806900,4.465916449567933,0.0015878099716095662
2005-12-22,87.45640563964844,0.0,126.69000244140625,0.0,126.69000244140625,126.08000183105469,126.30999755859375,0.0,32247900,4.471140447948956,0.005223998381023165
2005-12-23,87.50467681884766,0.0,126.76000213623047,0.0,126.86000061035156,126.41999816894531,126.77999877929688,0.0,27977300,4.471692241293462,0.0005517933445053913
2005-12-27,86.61419677734375,0.0,125.47000122070312,0.0,127.05000305175781,125.37999725341797,126.95999908447266,0.0,44499500,4.461463737205757,-0.010228504087704593
2005-12-28,86.80747985839844,0.0,125.75,0.0,125.98999786376953,125.5,125.73999786376953,0.0,30764300,4.4636927914374365,0.002229054231679406
2005-12-29,86.42092895507812,0.0,125.19000244140625,0.0,125.95999908447266,125.05999755859375,125.72000122070312,0.0,32788900,4.459229879752634,-0.004462911684802506
2005-12-30,85.95147705078125,0.0,124.51000213623047,0.0,125.05999755859375,124.36000061035156,124.80000305175781,0.0,44645600,4.453782916681561,-0.00544696307107273
2006-01-03,87.46326446533203,0.0,126.69999694824219,0.0,127.0,124.38999938964844,125.19000244140625,0.0,73256700,4.471218870526394,0.017435953844833207
2006-01-04,87.87748718261719,0.0,127.30000305175781,0.0,127.48999786376953,126.69999694824219,126.86000061035156,0.0,51899600,4.475943653373158,0.004724782846763809
2006-01-05,87.93267059326172,0.0,127.37999725341797,0.0,127.58999633789062,126.87999725341797,127.1500015258789,0.0,47307500,4.476571414739793,0.0006277613666343385
2006-01-06,88.66443634033203,0.0,128.44000244140625,0.0,128.5800018310547,127.36000061035156,128.02000427246094,0.0,62885900,4.484858865740815,0.008287451001022461
2006-01-09,88.89220428466797,0.0,128.77000427246094,0.0,129.05999755859375,128.3800048828125,128.4199981689453,0.0,43527400,4.487424447838662,0.0025655820978469634
2006-01-10,88.9819564819336,0.0,128.89999389648438,0.0,128.97999572753906,128.25999450683594,128.38999938964844,0.0,44960800,4.488433613020337,0.0010091651816752645
2006-01-11,89.2650146484375,0.0,129.30999755859375,0.0,129.44000244140625,128.72999572753906,129.02000427246094,0.0,49598900,4.491609637865483,0.003176024845145342
2006-01-12,88.91292572021484,0.0,128.8000030517578,0.0,129.27999877929688,128.44000244140625,129.0800018310547,0.0,40509200,4.487657528128754,-0.003952109736728993
2006-01-13,88.83009338378906,0.0,128.67999267578125,0.0,128.89999389648438,128.1999969482422,128.57000732421875,0.0,44856700,4.486725482045147,-0.0009320460836068634
2006-01-17,88.58846282958984,0.0,128.3300018310547,0.0,128.4199981689453,127.80999755859375,128.1999969482422,0.0,52066600,4.48400163276183,-0.002723849283317037
2006-01-18,88.23641204833984,0.0,127.81999969482422,0.0,128.89999389648438,127.16000366210938,127.58000183105469,0.0,75067600,4.480019712835008,-0.003981919926821398
2006-01-19,88.5746841430664,0.0,128.30999755859375,0.0,128.77000427246094,127.80999755859375,128.1300048828125,0.0,81530400,4.483846084762297,0.003826371927289074
2006-01-20,86.95936584472656,0.0,125.97000122070312,0.0,128.30999755859375,125.97000122070312,128.27999877929688,0.0,114957800,4.465440950292419,-0.018405134469878348
2006-01-23,87.26995086669922,0.0,126.41999816894531,0.0,126.81999969482422,126.12999725341797,126.20999908447266,0.0,67017400,4.469006198171729,0.0035652478793100073
2006-01-24,87.35971069335938,0.0,126.55000305175781,0.0,127.1500015258789,126.41999816894531,126.62999725341797,0.0,53008800,4.470034200330848,0.0010280021591189126
2006-01-25,87.43565368652344,0.0,126.66000366210938,0.0,127.18000030517578,125.83999633789062,127.04000091552734,0.0,87747700,4.4709031363945915,0.0008689360637434973
2006-01-26,87.91891479492188,0.0,127.36000061035156,0.0,127.66999816894531,126.76000213623047,127.25,0.0,71294000,4.476414966922304,0.005511830527712647
2006-01-27,88.73343658447266,0.0,128.5399932861328,0.0,128.66000366210938,127.44999694824219,127.66000366210938,0.0,65771200,4.485636780903862,0.009221813981557858
2006-01-30,88.66443634033203,0.0,128.44000244140625,0.0,128.80999755859375,128.35000610351562,128.44000244140625,0.0,33709600,4.484858865740815,-0.0007779151630469272
2006-01-31,88.01551818847656,0.0,127.5,0.0,128.5399932861328,127.48999786376953,128.32000732421875,0.0,72937000,4.4775131419824685,-0.007345723758346523
2006-02-01,88.6298828125,0.0,128.38999938964844,0.0,128.42999267578125,127.72000122070312,127.81999969482422,0.0,63561000,4.48446907853912,0.0069559365566513875
2006-02-02,87.6013412475586,0.0,126.9000015258789,0.0,128.13999938964844,126.80000305175781,128.10000610351562,0.0,83626900,4.472796308870322,-0.011672769668797933
2006-02-03,87.16641998291016,0.0,126.2699966430664,0.0,128.38999938964844,126.13999938964844,126.58000183105469,0.0,86040400,4.467819164808888,-0.0049771440614341245
2006-02-06,87.39424896240234,0.0,126.5999984741211,0.0,126.80000305175781,126.16999816894531,126.44000244140625,0.0,45511900,4.470429479150975,0.00261031434208725
2006-02-07,86.62108612060547,0.0,125.4800033569336,0.0,126.66000366210938,125.4000015258789,126.37999725341797,0.0,71208100,4.461543274620424,-0.008886204530551112
2006-02-08,87.40801239013672,0.0,126.62000274658203,0.0,128.10000610351562,125.5999984741211,125.8499984741211,0.0,59422200,4.470586953403955,0.00904367878353085
2006-02-09,87.2630844116211,0.0,126.41000366210938,0.0,127.5999984741211,126.37000274658203,126.91999816894531,0.0,62023300,4.468927514442076,-0.0016594389618784788
2006-02-10,87.42186737060547,0.0,126.63999938964844,0.0,127.12999725341797,125.44999694824219,126.43000030517578,0.0,64508700,4.470745450115349,0.0018179356732730412
2006-02-13,87.2630844116211,0.0,126.41000366210938,0.0,126.79000091552734,125.94999694824219,126.5999984741211,0.0,52308700,4.468927514442076,-0.0018179356732730412
2006-02-14,88.18811798095703,0.0,127.75,0.0,128.02999877929688,126.20999908447266,126.45999908447266,0.0,90964400,4.479472237168432,0.010544722726355538
2006-02-15,88.49874877929688,0.0,128.1999969482422,0.0,128.32000732421875,127.23999786376953,127.68000030517578,0.0,85471300,4.4829884138269,0.0035161766584677068
2006-02-16,89.16144561767578,0.0,129.16000366210938,0.0,129.2100067138672,128.17999267578125,128.33999633789062,0.0,61017900,4.490448722133151,0.007460308306251662
2006-02-17,88.91985321044922,0.0,128.80999755859375,0.0,129.16000366210938,128.5800018310547,129.0500030517578,0.0,40342600,4.487735438289969,-0.002713283843182701
2006-02-21,88.69894409179688,0.0,128.49000549316406,0.0,129.39999389648438,128.2899932861328,129.11000061035156,0.0,46456300,4.485247984980831,-0.002487453309137244
2006-02-22,89.2374038696289,0.0,129.27000427246094,0.0,129.64999389648438,128.64999389648438,128.77000427246094,0.0,42326700,4.491300277586132,0.00605229260530038
2006-02-23,89.10624694824219,0.0,129.0800018310547,0.0,129.63999938964844,128.27999877929688,129.27000427246094,0.0,43423200,4.489829443671606,-0.0014708339145252936
2006-02-24,89.33403778076172,0.0,129.41000366210938,0.0,129.47999572753906,128.75999450683594,129.11000061035156,0.0,36777400,4.492382577417198,0.002553133745591296
2006-02-27,89.36854553222656,0.0,129.4600067138672,0.0,130.0399932861328,129.27999877929688,129.39999389648438,0.0,35858600,4.492768780585098,0.0003862031679000566
2006-02-28,88.51945495605469,0.0,128.22999572753906,0.0,129.91000366210938,128.1300048828125,129.1999969482422,0.0,74394800,4.483222357866724,-0.00954642271837347
2006-03-01,89.30641174316406,0.0,129.3699951171875,0.0,129.49000549316406,128.5,128.60000610351562,0.0,48641600,4.492073285340386,0.008850927473662118
2006-03-02,89.29950714111328,0.0,129.36000061035156,0.0,129.4199981689453,128.61000061035156,128.89999389648438,0.0,60642300,4.491995968730754,-7.731660963283815e-05
2006-03-03,88.88529968261719,0.0,128.75999450683594,0.0,130.07000732421875,128.64999389648438,128.6699981689453,0.0,73402500,4.487346770945915,-0.004649197784838854
2006-03-06,88.47803497314453,0.0,128.1699981689453,0.0,129.17999267578125,127.8499984741211,129.13999938964844,0.0,57478400,4.482754328815208,-0.004592442130706864
2006-03-07,88.33999633789062,0.0,127.97000122070312,0.0,128.05999755859375,127.4000015258789,127.86000061035156,0.0,61780800,4.481192964713666,-0.001561364101541507
2006-03-08,88.5263442993164,0.0,128.24000549316406,0.0,128.44000244140625,127.18000030517578,127.69999694824219,0.0,66692400,4.483300183415754,0.002107218702088076
2006-03-09,87.93267059326172,0.0,127.37999725341797,0.0,128.67999267578125,127.37999725341797,128.27999877929688,0.0,56313600,4.476571414739793,-0.006728768675961838
2006-03-10,88.76797485351562,0.0,128.58999633789062,0.0,128.83999633789062,127.44000244140625,127.70999908447266,0.0,60490800,4.486025941409112,0.009454526669319563
2006-03-13,88.93364715576172,0.0,128.8300018310547,0.0,129.16000366210938,128.52999877929688,128.83999633789062,0.0,45479100,4.487890554105084,0.0018646126959716014
2006-03-14,89.8655776977539,0.0,130.17999267578125,0.0,130.22999572753906,128.61000061035156,128.7100067138672,0.0,69877300,4.498314972690028,0.010424418584944029
2006-03-15,90.26593780517578,0.0,130.75999450683594,0.0,130.86000061035156,129.85000610351562,130.14999389648438,0.0,53398900,4.502760177800954,0.004445205110926054
2006-03-16,90.45233154296875,0.0,131.02999877929688,0.0,131.47000122070312,130.83999633789062,131.00999450683594,0.0,65526400,4.504822988656329,0.0020628108553752966
2006-03-17,90.52786254882812,0.0,130.6199951171875,0.519,130.89999389648438,130.3800048828125,130.67999267578125,0.0,47286800,4.505657676790284,0.0008346881339544865
2006-03-20,90.38233184814453,0.0,130.41000366210938,0.0,130.89999389648438,130.2100067138672,130.63999938964844,0.0,45538500,4.50404880413874,-0.0016088726515439689
2006-03-21,89.81403350830078,0.0,129.58999633789062,0.0,130.99000549316406,129.4499969482422,130.3699951171875,0.0,87102700,4.49774123824658,-0.006307565892159417
2006-03-22,90.36155700683594,0.0,130.3800048828125,0.0,130.50999450683594,129.4499969482422,129.50999450683594,0.0,51605700,4.503818922602697,0.006077684356116997
2006-03-23,90.17443084716797,0.0,130.11000061035156,0.0,130.38999938964844,129.66000366210938,130.25999450683594,0.0,46704200,4.501745915121977,-0.002073007480720257
2006-03-24,90.24374389648438,0.0,130.2100067138672,0.0,130.57000732421875,129.74000549316406,129.99000549316406,0.0,43209200,4.502514275103724,0.0007683599817474018
2006-03-27,90.11206817626953,0.0,130.02000427246094,0.0,130.27999877929688,129.74000549316406,130.02999877929688,0.0,32523000,4.501054097667829,-0.0014601774358951047
2006-03-28,89.55760955810547,0.0,129.22000122070312,0.0,130.52999877929688,129.0500030517578,129.92999267578125,0.0,82079900,4.494882100419738,-0.006171997248091365
2006-03-29,90.11895751953125,0.0,130.02999877929688,0.0,130.5,129.2899932861328,129.41000366210938,0.0,61505700,4.501130547804408,0.006248447384670008
2006-03-30,89.95954895019531,0.0,129.8000030517578,0.0,130.97999572753906,129.5500030517578,130.11000061035156,0.0,70571700,4.499360113185652,-0.0017704346187557007
2006-03-31,89.98038482666016,0.0,129.8300018310547,0.0,130.24000549316406,129.3699951171875,130.02000427246094,0.0,62925600,4.499591700206061,0.0002315870204085968
2006-04-03,89.91106414794922,0.0,129.72999572753906,0.0,130.8699951171875,129.49000549316406,130.07000732421875,0.0,61624700,4.498821005628445,-0.0007706945776160268
2006-04-04,90.4863052368164,0.0,130.55999755859375,0.0,130.72999572753906,129.36000061035156,129.72999572753906,0.0,54809300,4.505198515905252,0.006377510276807108
2006-04-05,90.79816436767578,0.0,131.00999450683594,0.0,131.27999877929688,130.3800048828125,130.61000061035156,0.0,50607200,4.508639069187873,0.0034405532826209395
2006-04-06,90.70111846923828,0.0,130.8699951171875,0.0,131.2100067138672,130.19000244140625,130.85000610351562,0.0,57906200,4.507569688569185,-0.0010693806186878874
2006-04-07,89.77935028076172,0.0,129.5399932861328,0.0,131.39999389648438,129.35000610351562,131.05999755859375,0.0,80180900,4.497354996535015,-0.010214692034169914
2006-04-10,89.9179916381836,0.0,129.74000549316406,0.0,130.0800018310547,129.25999450683594,129.74000549316406,0.0,41496500,4.498898050911339,0.001543054376323738
2006-04-11,89.15560913085938,0.0,128.63999938964844,0.0,130.05999755859375,128.25,129.85000610351562,0.0,72799400,4.490383260230735,-0.008514790680603568
2006-04-12,89.32197570800781,0.0,128.8800048828125,0.0,129.1300048828125,128.61000061035156,128.77000427246094,0.0,43033700,4.49224754616315,0.0018642859324149441
2006-04-13,89.2041244506836,0.0,128.7100067138672,0.0,129.25,128.30999755859375,128.58999633789062,0.0,51051800,4.490927276753372,-0.0013202694097778078
2006-04-17,89.16949462890625,0.0,128.66000366210938,0.0,129.30999755859375,128.02000427246094,128.8300018310547,0.0,64167700,4.490538992629396,-0.00038828412397595713
2006-04-18,90.58332824707031,0.0,130.6999969482422,0.0,130.94000244140625,128.92999267578125,128.92999267578125,0.0,92531800,4.50627018118311,0.015731188553713693
2006-04-19,90.7566146850586,0.0,130.9499969482422,0.0,131.07000732421875,130.24000549316406,130.75,0.0,87269000,4.5081813595802345,0.0019111783971244023
2006-04-20,90.88134765625,0.0,131.1300048828125,0.0,131.86000061035156,130.60000610351562,131.0,0.0,86005500,4.509554783826911,0.0013734242466769686
2006-04-21,90.89520263671875,0.0,131.14999389648438,0.0,131.7899932861328,130.6199951171875,131.69000244140625,0.0,72342600,4.509707223516996,0.00015243969008427172
2006-04-24,90.7288818359375,0.0,130.91000366210938,0.0,131.07000732421875,130.3800048828125,130.88999938964844,0.0,52546400,4.507875739022464,-0.0018314844945317432
2006-04-25,90.3546142578125,0.0,130.3699951171875,0.0,131.1199951171875,129.9199981689453,131.0399932861328,0.0,84359800,4.5037420866562705,-0.004133652366193452
2006-04-26,90.37541961669922,0.0,130.39999389648438,0.0,131.13999938964844,130.3000030517578,130.5,0.0,67262400,4.503972323529829,0.00023023687355827605
2006-04-27,90.8120346069336,0.0,131.02999877929688,0.0,131.6300048828125,129.58999633789062,129.89999389648438,0.0,124478600,4.508791816548572,0.004819493018743515
2006-04-28,91.1169662475586,0.0,131.47000122070312,0.0,131.75,130.7100067138672,130.7899932861328,0.0,55854400,4.512144024549973,0.0033522080014005695
2006-05-01,90.37541961669922,0.0,130.39999389648438,0.0,131.8000030517578,130.32000732421875,131.47000122070312,0.0,64990300,4.503972323529829,-0.008171701020144084
2006-05-02,91.05461883544922,0.0,131.3800048828125,0.0,131.4600067138672,130.74000549316406,131.00999450683594,0.0,49063500,4.511459533447639,0.007487209917810489
2006-05-03,90.71500396728516,0.0,130.88999938964844,0.0,131.32000732421875,130.4499969482422,131.14999389648438,0.0,60821300,4.5077227675556335,-0.003736765892005778
2006-05-04,91.0407485961914,0.0,131.36000061035156,0.0,131.6199951171875,130.97000122070312,131.0800018310547,0.0,42921400,4.511307193061607,0.0035844255059735985
2006-05-05,91.84468841552734,0.0,132.52000427246094,0.0,132.8000030517578,131.85000610351562,132.0500030517578,0.0,62588200,4.520098981088896,0.008791788027289194
2006-05-08,91.73383331298828,0.0,132.36000061035156,0.0,132.77000427246094,132.36000061035156,132.50999450683594,0.0,30016700,4.518891267735836,-0.0012077133530601358
2006-05-09,91.91401672363281,0.0,132.6199951171875,0.0,132.77000427246094,132.30999755859375,132.4199981689453,0.0,29864000,4.520853539207297,0.001962271471461108
2006-05-10,91.86548614501953,0.0,132.5500030517578,0.0,132.75,131.88999938964844,132.41000366210938,0.0,64378200,4.520325400008053,-0.0005281391992442153
2006-05-11,90.7566146850586,0.0,130.9499969482422,0.0,132.5500030517578,130.52000427246094,132.50999450683594,0.0,80626900,4.5081813595802345,-0.012144040427818581
2006-05-12,89.57149505615234,0.0,129.24000549316406,0.0,130.72000122070312,129.19000244140625,130.36000061035156,0.0,91726500,4.495037133831026,-0.01314422574920826
2006-05-15,89.75166320800781,0.0,129.5,0.0,129.74000549316406,128.61000061035156,128.7899932861328,0.0,84029300,4.497046558762228,0.0020094249312014867
2006-05-16,89.6199951171875,0.0,129.30999755859375,0.0,130.0,129.00999450683594,129.75999450683594,0.0,62137600,4.495578454874482,-0.0014681038877455421
2006-05-17,87.91502380371094,0.0,126.8499984741211,0.0,129.10000610351562,126.7699966430664,128.6699981689453,0.0,144789500,4.4763707093547085,-0.019207745519773667
2006-05-18,87.47148895263672,0.0,126.20999908447266,0.0,127.75,126.11000061035156,127.3499984741211,0.0,87906300,4.47131289972471,-0.0050578096299984665
2006-05-19,88.0882797241211,0.0,127.0999984741211,0.0,127.48999786376953,125.80000305175781,126.87000274658203,0.0,124309400,4.478339490313934,0.007026590589224391
2006-05-22,87.4160385131836,0.0,126.12999725341797,0.0,127.16999816894531,125.5,126.27999877929688,0.0,110852800,4.470678772841968,-0.007660717471966727
2006-05-23,86.75064849853516,0.0,125.16999816894531,0.0,127.62999725341797,125.16999816894531,127.18000030517578,0.0,92006500,4.463037894286464,-0.007640878555503328
2006-05-24,87.4437484741211,0.0,126.16999816894531,0.0,126.88999938964844,124.76000213623047,125.68000030517578,0.0,168405000,4.470995712049625,0.007957817763160513
2006-05-25,88.52493286132812,0.0,127.7300033569336,0.0,127.7300033569336,126.43000030517578,126.91999816894531,0.0,78977900,4.4832842395828605,0.012288527533235616
2006-05-26,88.97540283203125,0.0,128.3800048828125,0.0,128.3800048828125,127.51000213623047,128.00999450683594,0.0,62989700,4.488359958860368,0.0050757192775074955
2006-05-30,87.39525604248047,0.0,126.0999984741211,0.0,128.0,126.05000305175781,127.97000122070312,0.0,72419900,4.470441002498194,-0.01791895636217422
2006-05-31,88.3724594116211,0.0,127.51000213623047,0.0,127.51000213623047,126.19999694824219,126.62000274658203,0.0,86926200,4.481560375985928,0.011119373487733952
2006-06-01,89.21798706054688,0.0,128.72999572753906,0.0,128.94000244140625,127.2699966430664,127.37999725341797,0.0,73721700,4.491082667918445,0.009522291932516858
2006-06-02,89.40512084960938,0.0,129.0,0.0,129.42999267578125,128.32000732421875,129.25,0.0,91702600,4.493177960735993,0.0020952928175486107
2006-06-05,88.1021499633789,0.0,127.12000274658203,0.0,128.86000061035156,126.7699966430664,128.85000610351562,0.0,86105100,4.478496936314959,-0.014681024421034472
2006-06-06,87.88732147216797,0.0,126.80999755859375,0.0,127.37999725341797,125.76000213623047,127.20999908447266,0.0,130498600,4.476055556200992,-0.0024413801139671065
2006-06-07,87.22889709472656,0.0,125.86000061035156,0.0,127.6500015258789,125.79000091552734,126.91000366210938,0.0,108599400,4.468535664718819,-0.0075198914821728025
2006-06-08,87.15267181396484,0.0,125.75,0.0,126.5,123.87000274658203,125.58000183105469,0.0,204957200,4.4676614291434245,-0.0008742355753943443
2006-06-09,86.87544250488281,0.0,125.3499984741211,0.0,126.95999908447266,125.29000091552734,126.36000061035156,0.0,94972200,4.464475397453369,-0.00318603169005538
2006-06-12,85.93287658691406,0.0,123.98999786376953,0.0,125.93000030517578,123.81999969482422,125.87999725341797,0.0,95815900,4.453566486697725,-0.01090891075564393
2006-06-13,84.93487548828125,0.0,122.55000305175781,0.0,124.83999633789062,122.55000305175781,123.73999786376953,0.0,185688800,4.441884792105418,-0.011681694592307501
2006-06-14,85.59329986572266,0.0,123.5,0.0,123.62999725341797,122.33999633789062,122.83999633789062,0.0,163566400,4.449607007487539,0.007722215382121256
2006-06-15,87.40911865234375,0.0,126.12000274658203,0.0,126.36000061035156,123.86000061035156,123.94999694824219,0.0,134057000,4.470599609625922,0.020992602138383276
2006-06-16,86.77214050292969,0.0,124.6500015258789,0.555,125.55999755859375,124.45999908447266,125.29000091552734,0.0,94253500,4.46328560819918,-0.0073140014267423226
2006-06-19,86.08992767333984,0.0,123.66999816894531,0.0,125.4800033569336,123.55000305175781,125.4000015258789,0.0,95804400,4.455392420541038,-0.00789318765814162
2006-06-20,86.38230895996094,0.0,124.08999633789062,0.0,124.80999755859375,123.72000122070312,124.01000213623047,0.0,65494700,4.458782897436491,0.0033904768954524656
2006-06-21,87.02274322509766,0.0,125.01000213623047,0.0,125.69999694824219,123.95999908447266,124.0,0.0,75008200,4.466169500871708,0.007386603435217687
2006-06-22,86.63988494873047,0.0,124.45999908447266,0.0,125.05999755859375,124.04000091552734,124.94999694824219,0.0,74566100,4.461760274768613,-0.004409226103095243
2006-06-23,86.62593841552734,0.0,124.44000244140625,0.0,125.30000305175781,124.02999877929688,124.33000183105469,0.0,54107000,4.461599290531071,-0.0001609842375422943
2006-06-26,87.00881958007812,0.0,124.98999786376953,0.0,125.05999755859375,124.25,124.54000091552734,0.0,37899600,4.466009488000195,0.0044101974691237444
2006-06-27,86.25701904296875,0.0,123.91000366210938,0.0,125.29000091552734,123.7699966430664,125.01000213623047,0.0,69780200,4.457331432808613,-0.008678055191581713
2006-06-28,86.84171295166016,0.0,124.75,0.0,124.7699966430664,123.6500015258789,124.19000244140625,0.0,62368100,4.464087070191644,0.006755637383030866
2006-06-29,88.59598541259766,0.0,127.2699966430664,0.0,127.3499984741211,125.16999816894531,125.19999694824219,0.0,110634800,4.484086545214215,0.019999475022570934
2006-06-30,88.60295104980469,0.0,127.27999877929688,0.0,127.66000366210938,126.95999908447266,127.54000091552734,0.0,54227800,4.484165164616223,7.861940200815098e-05
2006-07-03,88.96491241455078,0.0,127.80000305175781,0.0,128.00999450683594,127.30999755859375,127.43000030517578,0.0,23914000,4.488242049464984,0.004076884848760898
2006-07-05,88.45677947998047,0.0,127.06999969482422,0.0,127.44999694824219,126.5199966430664,127.29000091552734,0.0,69653400,4.482514065265809,-0.005727984199174863
2006-07-06,88.71431732177734,0.0,127.44000244140625,0.0,127.8499984741211,127.08000183105469,127.19999694824219,0.0,50100300,4.485421289162226,0.002907223896417399
2006-07-07,88.13655853271484,0.0,126.61000061035156,0.0,127.55999755859375,126.29000091552734,127.19000244140625,0.0,81626500,4.478887413186547,-0.0065338759756796705
2006-07-10,88.30362701416016,0.0,126.8499984741211,0.0,127.43000030517578,126.41000366210938,126.94000244140625,0.0,60964100,4.480781182804371,0.0018937696178245034
2006-07-11,88.69344329833984,0.0,127.41000366210938,0.0,127.41000366210938,125.94000244140625,126.61000061035156,0.0,73640800,4.485185966609698,0.004404783805326495
2006-07-12,87.74674987792969,0.0,126.05000305175781,0.0,127.4000015258789,125.72000122070312,127.1500015258789,0.0,82561300,4.474454823231884,-0.010731143377813446
2006-07-13,86.31964874267578,0.0,124.0,0.0,125.68000030517578,124.0,125.44999694824219,0.0,102405700,4.4580572516954895,-0.01639757153639465
2006-07-14,85.98552703857422,0.0,123.5199966430664,0.0,124.26000213623047,122.83000183105469,124.12999725341797,0.0,103242500,4.454178991841978,-0.003878259853511423
2006-07-17,85.8602294921875,0.0,123.33999633789062,0.0,124.0999984741211,123.1500015258789,123.5199966430664,0.0,81159000,4.4527207356578264,-0.0014582561841516295
2006-07-18,86.29878234863281,0.0,123.97000122070312,0.0,124.05000305175781,122.38999938964844,123.70999908447266,0.0,122771000,4.457815488472262,0.005094752814435388
2006-07-19,87.4961166381836,0.0,125.69000244140625,0.0,126.26000213623047,123.72000122070312,124.18000030517578,0.0,133565300,4.471594411100789,0.013778922628526757
2006-07-20,86.89744567871094,0.0,124.83000183105469,0.0,126.30000305175781,124.66000366210938,126.12000274658203,0.0,112259800,4.464728638038546,-0.006865773062243008
2006-07-21,86.28485107421875,0.0,123.94999694824219,0.0,125.19000244140625,123.81999969482422,125.1500015258789,0.0,101560000,4.457654044722724,-0.007074593315821609
2006-07-24,87.8581314086914,0.0,126.20999908447266,0.0,126.31999969482422,124.44000244140625,124.44000244140625,0.0,92884000,4.475723370494147,0.01806932577142284
2006-07-25,88.17132568359375,0.0,126.66000366210938,0.0,127.30000305175781,125.72000122070312,125.9800033569336,0.0,95480700,4.4792818045262655,0.0035584340321186403
2006-07-26,88.2896957397461,0.0,126.83000183105469,0.0,127.44999694824219,126.18000030517578,126.58999633789062,0.0,84525800,4.480623404761286,0.0013416002350208345
2006-07-27,88.2061767578125,0.0,126.70999908447266,0.0,127.69000244140625,126.19999694824219,127.37999725341797,0.0,87257100,4.479676991828386,-0.0009464129329002091
2006-07-28,89.09025573730469,0.0,127.9800033569336,0.0,128.13999938964844,126.86000061035156,127.04000091552734,0.0,82137000,4.489649965278491,0.009972973450104838
2006-07-31,88.999755859375,0.0,127.8499984741211,0.0,127.95999908447266,127.44999694824219,127.66000366210938,0.0,49593100,4.488633626575288,-0.0010163387032031679
2006-08-01,88.56119537353516,0.0,127.22000122070312,0.0,127.37999725341797,126.5999984741211,127.33999633789062,0.0,65225600,4.483693786203766,-0.004939840371521953
2006-08-02,89.15985107421875,0.0,128.0800018310547,0.0,128.4600067138672,127.55000305175781,127.58000183105469,0.0,64770900,4.490430838195712,0.006737051991946075
2006-08-03,89.39654541015625,0.0,128.4199981689453,0.0,128.5500030517578,127.1500015258789,127.33999633789062,0.0,63693800,4.493082039488288,0.002651201292576566
2006-08-04,89.2433853149414,0.0,128.1999969482422,0.0,129.42999267578125,127.4800033569336,129.0800018310547,0.0,96294200,4.491367303794858,-0.0017147356934303914
2006-08-07,89.03457641601562,0.0,127.9000015258789,0.0,128.0800018310547,127.4000015258789,127.9000015258789,0.0,45377300,4.489024793342277,-0.002342510452581159
2006-08-08,88.69344329833984,0.0,127.41000366210938,0.0,128.4600067138672,126.94999694824219,128.08999633789062,0.0,90901300,4.485185966609698,-0.0038388267325792924
2006-08-09,88.39412689208984,0.0,126.9800033569336,0.0,128.60000610351562,126.61000061035156,128.17999267578125,0.0,78910600,4.481805529564218,-0.003380437045479745
2006-08-10,88.66560363769531,0.0,127.37000274658203,0.0,127.5,126.27999877929688,126.58000183105469,0.0,69322300,4.484872030993171,0.003066501428953039
2006-08-11,88.41503143310547,0.0,127.01000213623047,0.0,127.19999694824219,126.38999938964844,127.16999816894531,0.0,47482200,4.4820419940246685,-0.0028300369685023696
2006-08-14,88.48463439941406,0.0,127.11000061035156,0.0,128.16000366210938,126.91999816894531,127.62999725341797,0.0,57839000,4.4828289143342435,0.0007869203095749455
2006-08-15,89.54273223876953,0.0,128.6300048828125,0.0,128.8699951171875,127.9000015258789,128.25,0.0,68143000,4.494715966517135,0.011887052182891544
2006-08-16,90.2875747680664,0.0,129.6999969482422,0.0,129.88999938964844,129.0399932861328,129.32000732421875,0.0,71737600,4.502999851487561,0.008283884970426314
2006-08-17,90.51728057861328,0.0,130.02999877929688,0.0,130.3699951171875,129.49000549316406,129.5800018310547,0.0,70992800,4.505540778098122,0.00254092661056049
2006-08-18,90.97674560546875,0.0,130.69000244140625,0.0,130.69000244140625,129.58999633789062,130.19000244140625,0.0,58288400,4.510603931063179,0.005063152965057327
2006-08-21,90.58692169189453,0.0,130.1300048828125,0.0,130.27999877929688,129.8000030517578,130.17999267578125,0.0,42133600,4.50630985044256,-0.004294080620619312
2006-08-22,90.57998657226562,0.0,130.1199951171875,0.0,130.52000427246094,129.67999267578125,129.99000549316406,0.0,60839900,4.506233289886343,-7.656055621652058e-05
2006-08-23,90.32933044433594,0.0,129.75999450683594,0.0,130.44000244140625,129.19000244140625,130.17999267578125,0.0,66592100,4.503462218805441,-0.002771071080902132
2006-08-24,90.2527847290039,0.0,129.64999389648438,0.0,130.10000610351562,129.39999389648438,129.99000549316406,0.0,57983000,4.502614452459997,-0.0008477663454442563
2006-08-25,90.3641586303711,0.0,129.80999755859375,0.0,130.25,129.5500030517578,129.63999938964844,0.0,41756000,4.503847713453254,0.001233260993257268
2006-08-28,90.7957534790039,0.0,130.42999267578125,0.0,130.82000732421875,129.63999938964844,129.64999389648438,0.0,52681500,4.508612516661217,0.00476480320796302
2006-08-29,90.90018463134766,0.0,130.5800018310547,0.0,130.8300018310547,129.80999755859375,130.49000549316406,0.0,61817800,4.509762032329309,0.0011495156680920715
2006-08-30,90.95587921142578,0.0,130.66000366210938,0.0,131.0399932861328,130.5500030517578,130.8699951171875,0.0,50052200,4.510374545111589,0.000612512782280028
2006-08-31,90.94194793701172,0.0,130.63999938964844,0.0,130.99000549316406,130.5800018310547,130.85000610351562,0.0,37510300,4.51022136819178,-0.00015317691980953896
2006-09-01,91.4848861694336,0.0,131.4199981689453,0.0,131.5800018310547,130.83999633789062,131.13999938964844,0.0,48794500,4.516173780161873,0.00595241197009333
2006-09-05,91.65897369384766,0.0,131.6699981689453,0.0,131.85000610351562,131.1999969482422,131.50999450683594,0.0,52348300,4.518074882136857,0.0019011019749841651
2006-09-06,90.8514404296875,0.0,130.50999450683594,0.0,131.16000366210938,130.3300018310547,131.11000061035156,0.0,53795600,4.509225649748824,-0.008849232388032924
2006-09-07,90.43376159667969,0.0,129.91000366210938,0.0,130.57000732421875,129.35000610351562,130.05999755859375,0.0,86269400,4.504617666665766,-0.004607983083058542
2006-09-08,90.69132995605469,0.0,130.27999877929688,0.0,130.4600067138672,129.8300018310547,130.0800018310547,0.0,45096300,4.50746176221086,0.0028440955450941274
2006-09-11,90.78182983398438,0.0,130.41000366210938,0.0,130.69000244140625,129.47999572753906,129.86000061035156,0.0,68496600,4.508459153621653,0.000997391410793469
2006-09-12,91.67290496826172,0.0,131.69000244140625,0.0,131.83999633789062,130.3699951171875,130.55999755859375,0.0,69875600,4.518226860882098,0.009767707260444958
2006-09-13,92.04183197021484,0.0,132.22000122070312,0.0,132.4499969482422,131.52000427246094,131.63999938964844,0.0,62898400,4.522243169034867,0.004016308152768211
2006-09-14,92.04881286621094,0.0,132.22999572753906,0.0,132.24000549316406,131.75,131.9600067138672,0.0,57805400,4.5223190109768145,7.584194194798499e-05
2006-09-15,92.26483917236328,0.0,131.9600067138672,0.579,132.38999938964844,131.67999267578125,132.30999755859375,0.0,76703100,4.524663128221338,0.002344117244523325
2006-09-18,92.39067840576172,0.0,132.13999938964844,0.0,132.38999938964844,131.64999389648438,131.7899932861328,0.0,64154100,4.526026090504074,0.0013629622827364685
2006-09-19,92.15996551513672,0.0,131.80999755859375,0.0,132.1300048828125,131.07000732421875,132.1199951171875,0.0,92089100,4.523525822762797,-0.00250026774127754
2006-09-20,92.6493911743164,0.0,132.50999450683594,0.0,132.77000427246094,132.05999755859375,132.25,0.0,75204100,4.528822381466566,0.005296558703768994
2006-09-21,92.2019271850586,0.0,131.8699951171875,0.0,132.75,131.4199981689453,132.61000061035156,0.0,88932500,4.523981032568162,-0.004841348898403375
2006-09-22,91.92221069335938,0.0,131.47000122070312,0.0,131.67999267578125,131.0,131.6699981689453,0.0,65966800,4.520942683440152,-0.0030383491280101538
2006-09-25,92.62844848632812,0.0,132.47999572753906,0.0,132.85000610351562,131.0500030517578,131.72999572753906,0.0,92299100,4.528596313544835,0.007653630104682563
2006-09-26,93.39749908447266,0.0,133.5800018310547,0.0,133.60000610351562,132.39999389648438,132.5,0.0,73962700,4.536864568478793,0.008268254933958552
2006-09-27,93.50939178466797,0.0,133.74000549316406,0.0,133.97000122070312,133.27000427246094,133.49000549316406,0.0,82432200,4.538061878145034,0.0011973096662405425
2006-09-28,93.47442626953125,0.0,133.69000244140625,0.0,133.99000549316406,133.27999877929688,133.74000549316406,0.0,58597500,4.5376878830484735,-0.00037399509656044216
2006-09-29,93.39749908447266,0.0,133.5800018310547,0.0,133.94000244140625,133.47999572753906,133.8000030517578,0.0,47966600,4.536864568478793,-0.0008233145696801003
2006-10-02,93.04794311523438,0.0,133.0800018310547,0.0,133.8300018310547,132.9499969482422,133.5399932861328,0.0,51687400,4.5331148776879395,-0.0037496907908538546
2006-10-03,93.24369049072266,0.0,133.36000061035156,0.0,133.8699951171875,132.64999389648438,132.88999938964844,0.0,73108100,4.535216393936848,0.0021015162489081973
2006-10-04,94.33442687988281,0.0,134.9199981689453,0.0,135.0,133.0800018310547,133.22999572753906,0.0,80890500,4.546846201274186,0.011629807337338427
2006-10-05,94.51622009277344,0.0,135.17999267578125,0.0,135.41000366210938,134.75,134.9199981689453,0.0,60505900,4.548771460964402,0.0019252596902159524
2006-10-06,94.39732360839844,0.0,135.00999450683594,0.0,135.10000610351562,134.39999389648438,134.9499969482422,0.0,64983600,4.547512721143592,-0.0012587398208099287
2006-10-09,94.45331573486328,0.0,135.08999633789062,0.0,135.3000030517578,134.63999938964844,134.85000610351562,0.0,41176800,4.54810569904719,0.0005929779035982463
2006-10-10,94.57914733886719,0.0,135.27000427246094,0.0,135.4499969482422,134.83999633789062,135.10000610351562,0.0,56403700,4.5494370219379086,0.001331322890718134
2006-10-11,94.46728515625,0.0,135.11000061035156,0.0,135.42999267578125,134.3000030517578,134.83999633789062,0.0,104071800,4.5482535857397615,-0.001183436198147092
2006-10-12,95.28533172607422,0.0,136.27999877929688,0.0,136.38999938964844,135.39999389648438,135.4499969482422,0.0,59158600,4.556875881983465,0.008622296243703254
2006-10-13,95.5300521850586,0.0,136.6300048828125,0.0,136.7100067138672,136.0399932861328,136.16000366210938,0.0,53944000,4.559440880550569,0.0025649985671041264
2006-10-16,95.67686462402344,0.0,136.83999633789062,0.0,137.0500030517578,136.4199981689453,136.52000427246094,0.0,42273000,4.560976520267645,0.0015356397170762648
2006-10-17,95.37625122070312,0.0,136.41000366210938,0.0,136.6999969482422,135.6699981689453,136.47000122070312,0.0,90500600,4.557829608477448,-0.0031469117901972155
2006-10-18,95.50208282470703,0.0,136.58999633789062,0.0,137.3699951171875,136.10000610351562,137.0399932861328,0.0,86848600,4.559148056931653,0.0013184484542048125
2006-10-19,95.6559066772461,0.0,136.80999755859375,0.0,136.8800048828125,136.22999572753906,136.38999938964844,0.0,64063200,4.5607574470088545,0.0016093900772018443
2006-10-20,95.67686462402344,0.0,136.83999633789062,0.0,136.9499969482422,136.3300018310547,136.83999633789062,0.0,48094500,4.560976520267645,0.0002190732587905586
2006-10-23,96.11735534667969,0.0,137.47000122070312,0.0,137.8000030517578,136.38999938964844,136.55999755859375,0.0,66219900,4.565569896410262,0.0045933761426164565
2006-10-24,96.40401458740234,0.0,137.8800048828125,0.0,137.92999267578125,137.22000122070312,137.27999877929688,0.0,53234900,4.5685478458469015,0.0029779494366399817
2006-10-25,96.7326431274414,0.0,138.35000610351562,0.0,138.41000366210938,137.50999450683594,137.74000549316406,0.0,78105400,4.571950916616358,0.003403070769456562
2006-10-26,97.03334045410156,0.0,138.77999877929688,0.0,139.0,137.97999572753906,138.66000366210938,0.0,66843700,4.575054635468229,0.0031037188518707737
2006-10-27,96.42498779296875,0.0,137.91000366210938,0.0,138.75,137.6300048828125,138.61000061035156,0.0,80238000,4.56876537749816,-0.006289257970069073
2006-10-30,96.35506439208984,0.0,137.80999755859375,0.0,138.1999969482422,137.39999389648438,137.66000366210938,0.0,49717800,4.568039955929354,-0.0007254215688057286
2006-10-31,96.341064453125,0.0,137.7899932861328,0.0,138.25999450683594,137.25,138.07000732421875,0.0,71274100,4.567894650062823,-0.0001453058665310536
2006-11-01,95.69086456298828,0.0,136.86000061035156,0.0,138.30999755859375,136.72000122070312,138.22000122070312,0.0,83005600,4.561122834790467,-0.00677181527235593
2006-11-02,95.63492584228516,0.0,136.77999877929688,0.0,137.00999450683594,136.36000061035156,136.50999450683594,0.0,60693100,4.560538086417772,-0.0005847483726952873
2006-11-03,95.4670639038086,0.0,136.5399932861328,0.0,137.38999938964844,135.6199951171875,137.27000427246094,0.0,71346400,4.558781307413305,-0.0017567790044665799
2006-11-06,96.54385375976562,0.0,138.0800018310547,0.0,138.27999877929688,136.9499969482422,136.9600067138672,0.0,63303300,4.569997348223325,0.011216040810019479
2006-11-07,96.9144287109375,0.0,138.61000061035156,0.0,138.97999572753906,138.0,138.1999969482422,0.0,63318900,4.573828410917404,0.003831062694079179
2006-11-08,97.12416076660156,0.0,138.91000366210938,0.0,139.0500030517578,136.86000061035156,138.0,0.0,87517800,4.575990167894769,0.0021617569773653145
2006-11-09,96.61376190185547,0.0,138.17999267578125,0.0,139.13999938964844,137.89999389648438,139.00999450683594,0.0,95916300,4.570721193823745,-0.005268974071023891
2006-11-10,96.65576934814453,0.0,138.24000549316406,0.0,138.33999633789062,137.72000122070312,138.13999938964844,0.0,48991500,4.571155897076543,0.0004347032527975969
2006-11-13,96.89344787597656,0.0,138.5800018310547,0.0,139.0399932861328,138.07000732421875,138.17999267578125,0.0,59398200,4.5736118992315795,0.0024560021550366073
2006-11-14,97.62062072753906,0.0,139.6199951171875,0.0,139.74000549316406,138.1199951171875,138.97000122070312,0.0,96704000,4.581088749049102,0.007476849817522613
2006-11-15,97.90029907226562,0.0,140.02000427246094,0.0,140.4499969482422,139.52999877929688,139.57000732421875,0.0,76509600,4.583949604406831,0.002860855357728731
2006-11-16,98.1520004272461,0.0,140.3800048828125,0.0,140.67999267578125,139.49000549316406,140.44000244140625,0.0,76728800,4.586517301841784,0.002567697434953331
2006-11-17,98.1799545288086,0.0,140.4199981689453,0.0,140.42999267578125,139.72999572753906,139.92999267578125,0.0,56353800,4.586802065488717,0.00028476364693297285
2006-11-20,98.23592376708984,0.0,140.5,0.0,140.74000549316406,139.94000244140625,140.3000030517578,0.0,69174200,4.58737197093915,0.0005699054504324508
2006-11-21,98.33383178710938,0.0,140.63999938964844,0.0,140.6699981689453,140.2899932861328,140.49000549316406,0.0,51367900,4.588368136680314,0.0009961657411645675
2006-11-22,98.52957916259766,0.0,140.9199981689453,0.0,141.16000366210938,140.5,140.75,0.0,45505300,4.5903567991651855,0.001988662484871284
2006-11-24,98.13101959228516,0.0,140.35000610351562,0.0,140.83999633789062,140.1999969482422,140.24000549316406,0.0,30998000,4.586303520384389,-0.004053278780796532
2006-11-27,96.78160858154297,0.0,138.4199981689453,0.0,140.35000610351562,138.3800048828125,140.27999877929688,0.0,84545100,4.5724569822390615,-0.013846538145327436
2006-11-28,97.20111846923828,0.0,139.02000427246094,0.0,139.16000366210938,138.11000061035156,138.24000549316406,0.0,106652900,4.5767822182853575,0.004325236046295977
2006-11-29,98.21493530273438,0.0,140.47000122070312,0.0,140.52999877929688,139.0800018310547,139.47000122070312,0.0,90034900,4.587158294455018,0.010376076169660742
2006-11-30,98.25691223144531,0.0,140.52999877929688,0.0,141.0500030517578,139.75999450683594,140.44000244140625,0.0,83994300,4.587585601775395,0.0004273073203764355
2006-12-01,98.04015350341797,0.0,140.22000122070312,0.0,140.66000366210938,138.97000122070312,140.52999877929688,0.0,126080000,4.585377124381024,-0.0022084773943706892
2006-12-04,98.78826904296875,0.0,141.2899932861328,0.0,141.5500030517578,140.22999572753906,140.25,0.0,87813200,4.59297886332143,0.007601738940405944
2006-12-05,99.21479034423828,0.0,141.89999389648438,0.0,141.9600067138672,141.25999450683594,141.55999755859375,0.0,73374400,4.597287099389171,0.004308236067741333
2006-12-06,99.1308364868164,0.0,141.77999877929688,0.0,142.07000732421875,141.5,141.8699951171875,0.0,53253200,4.596440558290414,-0.0008465410987570365
2006-12-07,98.69734191894531,0.0,141.16000366210938,0.0,142.3000030517578,141.11000061035156,142.02999877929688,0.0,62857400,4.592058015164384,-0.004382543126030036
2006-12-08,98.879150390625,0.0,141.4199981689453,0.0,141.89999389648438,140.77999877929688,141.1300048828125,0.0,79625500,4.593898401344645,0.0018403861802607224
2006-12-11,99.16582489013672,0.0,141.8300018310547,0.0,142.08999633789062,141.33999633789062,141.4199981689453,0.0,39779400,4.596793447778724,0.0028950464340793403
2006-12-12,99.08890533447266,0.0,141.72000122070312,0.0,141.8699951171875,140.88999938964844,141.69000244140625,0.0,77451600,4.596017480825133,-0.0007759669535909453
2006-12-13,99.19380950927734,0.0,141.8699951171875,0.0,142.33999633789062,141.55999755859375,142.22999572753906,0.0,55520200,4.597075608203259,0.0010581273781253842
2006-12-14,100.0677719116211,0.0,143.1199951171875,0.0,143.24000549316406,141.83999633789062,141.86000061035156,0.0,64755200,4.605847675556409,0.00877206735315017
2006-12-15,100.07689666748047,0.0,142.33999633789062,0.793,142.88999938964844,142.24000549316406,142.63999938964844,0.0,70857400,4.605938857159501,9.1181603091961e-05
2006-12-18,99.80271911621094,0.0,141.9499969482422,0.0,142.8800048828125,141.75,142.5399932861328,0.0,48954600,4.603195428599679,-0.0027434285598220143
2006-12-19,99.99253845214844,0.0,142.22000122070312,0.0,142.55999755859375,141.19000244140625,141.5500030517578,0.0,65023600,4.605095567725702,0.0019001391260236034
2006-12-20,99.93632507324219,0.0,142.13999938964844,0.0,142.66000366210938,142.00999450683594,142.27999877929688,0.0,41469600,4.604533233909601,-0.0005623338161013791
2006-12-21,99.57067108154297,0.0,141.6199951171875,0.0,142.42999267578125,141.32000732421875,142.27000427246094,0.0,48698400,4.600867654173835,-0.003665579735765867
2006-12-22,98.95899200439453,0.0,140.75,0.0,141.64999389648438,140.6699981689453,141.63999938964844,0.0,62069100,4.5947055421430525,-0.006162112030782652
2006-12-26,99.54257202148438,0.0,141.5800018310547,0.0,141.61000061035156,140.77999877929688,140.80999755859375,0.0,32696900,4.600585412171172,0.005879870028119072
2006-12-27,100.19644927978516,0.0,142.50999450683594,0.0,142.60000610351562,141.8300018310547,141.8699951171875,0.0,39727100,4.607132751693394,0.006547339522222195
2006-12-28,99.98552703857422,0.0,142.2100067138672,0.0,142.6999969482422,141.99000549316406,142.41000366210938,0.0,37288800,4.605025445899492,-0.002107305793901837
2006-12-29,99.57067108154297,0.0,141.6199951171875,0.0,142.5399932861328,141.42999267578125,142.05999755859375,0.0,45461200,4.600867654173835,-0.004157791725656779
2007-01-03,99.3949203491211,0.0,141.3699951171875,0.0,142.86000061035156,140.57000732421875,142.25,0.0,94807600,4.599101009229165,-0.0017666449446700483
2007-01-04,99.60588073730469,0.0,141.6699981689453,0.0,142.0500030517578,140.61000061035156,141.22999572753906,0.0,69620600,4.601221206394786,0.002120197165621285
2007-01-05,98.81134796142578,0.0,140.5399932861328,0.0,141.39999389648438,140.3800048828125,141.3300018310547,0.0,76645300,4.5932124560673255,-0.008008750327460845
2007-01-08,99.26834869384766,0.0,141.19000244140625,0.0,141.41000366210938,140.25,140.82000732421875,0.0,71655000,4.597826775969951,0.004614319902625397
2007-01-09,99.1839599609375,0.0,141.07000732421875,0.0,141.60000610351562,140.39999389648438,141.30999755859375,0.0,75680100,4.59697630727479,-0.0008504686951606999
2007-01-10,99.51441955566406,0.0,141.5399932861328,0.0,141.57000732421875,140.3000030517578,140.5800018310547,0.0,72428000,4.600302553822063,0.00332624654727276
2007-01-11,99.95034790039062,0.0,142.16000366210938,0.0,142.6199951171875,141.5,141.5800018310547,0.0,54476800,4.60467354168463,0.004370987862566622
2007-01-12,100.70967864990234,0.0,143.24000549316406,0.0,143.24000549316406,142.11000061035156,142.14999389648438,0.0,55370600,4.6122419088089925,0.007568367124362929
2007-01-16,100.51283264160156,0.0,142.9600067138672,0.0,143.44000244140625,142.72999572753906,143.07000732421875,0.0,44871300,4.6102854073238495,-0.0019565014851430362
2007-01-17,100.55500793457031,0.0,143.02000427246094,0.0,143.4600067138672,142.72999572753906,142.85000610351562,0.0,50241400,4.610704920394328,0.0004195130704784944
2007-01-18,100.21749877929688,0.0,142.5399932861328,0.0,143.25999450683594,142.30999755859375,143.1699981689453,0.0,68177300,4.607342811919171,-0.003362108475156944
2007-01-19,100.4144058227539,0.0,142.82000732421875,0.0,143.10000610351562,142.4600067138672,142.5399932861328,0.0,56973000,4.60930568125512,0.0019628693359488025
2007-01-22,100.1050033569336,0.0,142.3800048828125,0.0,143.10000610351562,141.92999267578125,143.07000732421875,0.0,60253600,4.606219668657787,-0.0030860125973326547
2007-01-23,100.40034484863281,0.0,142.8000030517578,0.0,143.0800018310547,142.05999755859375,142.25999450683594,0.0,54064400,4.609165641999069,0.0029459733412817712
2007-01-24,101.2088623046875,0.0,143.9499969482422,0.0,143.97999572753906,142.91000366210938,142.97000122070312,0.0,55834700,4.617186325199852,0.008020683200783196
2007-01-25,100.02066802978516,0.0,142.25999450683594,0.0,143.9199981689453,142.00999450683594,143.86000061035156,0.0,73583800,4.605376844930513,-0.011809480269339367
2007-01-26,99.92929077148438,0.0,142.1300048828125,0.0,142.64999389648438,141.5800018310547,142.57000732421875,0.0,67255600,4.604462843595279,-0.0009140013352340048
2007-01-29,99.87300872802734,0.0,142.0500030517578,0.0,142.8000030517578,141.74000549316406,142.19000244140625,0.0,66114600,4.6038994662459025,-0.0005633773493762817
2007-01-30,100.39324951171875,0.0,142.7899932861328,0.0,142.86000061035156,142.05999755859375,142.35000610351562,0.0,70407600,4.609094969058136,0.005195502812233244
2007-01-31,101.06827545166016,0.0,143.75,0.0,144.1300048828125,142.39999389648438,142.6300048828125,0.0,91868600,4.61579628303074,0.006701313972603984
2007-02-01,101.67290496826172,0.0,144.61000061035156,0.0,144.66000366210938,143.91000366210938,144.14999389648438,0.0,69312400,4.621760846400391,0.00596456336965101
2007-02-02,101.81351470947266,0.0,144.80999755859375,0.0,144.9499969482422,144.3800048828125,144.72999572753906,0.0,49607000,4.623142852765369,0.0013820063649783165
2007-02-05,101.84164428710938,0.0,144.85000610351562,0.0,144.94000244140625,144.33999633789062,144.6999969482422,0.0,45705300,4.623419099907393,0.00027624714202367784
2007-02-06,101.86981964111328,0.0,144.88999938964844,0.0,145.02999877929688,144.3300018310547,144.97000122070312,0.0,57081300,4.623695720119533,0.0002766202121398109
2007-02-07,102.09471893310547,0.0,145.2100067138672,0.0,145.36000061035156,144.57000732421875,145.1199951171875,0.0,55669700,4.625900999377482,0.002205279257949222
2007-02-08,101.96121215820312,0.0,145.02000427246094,0.0,145.1199951171875,144.27000427246094,144.77999877929688,0.0,70641000,4.624592468003382,-0.0013085313741001414
2007-02-09,101.20185089111328,0.0,143.94000244140625,0.0,145.3300018310547,143.38999938964844,145.05999755859375,0.0,79084400,4.617117046123994,-0.007475421879387767
2007-02-12,100.8573226928711,0.0,143.4499969482422,0.0,144.0399932861328,143.19000244140625,143.94000244140625,0.0,65657000,4.613706871510132,-0.0034101746138617273
2007-02-13,101.70804595947266,0.0,144.66000366210938,0.0,144.89999389648438,143.75999450683594,143.77000427246094,0.0,64081800,4.622106414570864,0.008399543060732206
2007-02-14,102.3759765625,0.0,145.61000061035156,0.0,145.89999389648438,144.77999877929688,144.8000030517578,0.0,66039400,4.628652081199776,0.006545666628911206
2007-02-15,102.50958251953125,0.0,145.8000030517578,0.0,145.9499969482422,145.42999267578125,145.6699981689453,0.0,38715200,4.62995628220416,0.001304201004383998
2007-02-16,102.4603500366211,0.0,145.72999572753906,0.0,145.75999450683594,145.22999572753906,145.44000244140625,0.0,39841800,4.629475894829846,-0.00048038737431355116
2007-02-20,102.67832946777344,0.0,146.0399932861328,0.0,146.1999969482422,145.0,145.55999755859375,0.0,56911800,4.6316010865656985,0.002125191735852461
2007-02-21,102.63613891601562,0.0,145.97999572753906,0.0,146.07000732421875,145.35000610351562,145.61000061035156,0.0,63971600,4.63119010186809,-0.0004109846976083631
2007-02-22,102.55876922607422,0.0,145.8699951171875,0.0,146.4199981689453,145.1699981689453,146.0500030517578,0.0,79067400,4.630435992574555,-0.0007541092935348104
2007-02-23,102.1580581665039,0.0,145.3000030517578,0.0,145.7899932861328,145.02999877929688,145.74000549316406,0.0,71966200,4.626521203776444,-0.003914788798111246
2007-02-26,102.06660461425781,0.0,145.1699981689453,0.0,145.9499969482422,144.75,145.8300018310547,0.0,69192800,4.625625586595699,-0.0008956171807454893
2007-02-27,98.08012390136719,0.0,139.5,0.0,144.1999969482422,139.0,143.8800048828125,0.0,274466500,4.585784735455529,-0.039840851140169775
2007-02-28,99.08560943603516,0.0,140.92999267578125,0.0,141.97999572753906,139.8000030517578,140.38999938964844,0.0,177536300,4.595984218238957,0.010199482783428415
2007-03-01,98.79020690917969,0.0,140.50999450683594,0.0,141.25,138.0500030517578,139.33999633789062,0.0,212828600,4.592998479488643,-0.0029857387503140487
2007-03-02,97.49657440185547,0.0,138.6699981689453,0.0,140.66000366210938,138.66000366210938,140.0500030517578,0.0,162574000,4.579817243046632,-0.01318123644201119
2007-03-05,96.56848907470703,0.0,137.35000610351562,0.0,139.5800018310547,137.3300018310547,137.92999267578125,0.0,143750400,4.570252487948869,-0.009564755097763111
2007-03-06,98.22077941894531,0.0,139.6999969482422,0.0,140.1199951171875,137.72000122070312,138.77999877929688,0.0,143333300,4.587217796019903,0.016965308071034357
2007-03-07,98.1223373413086,0.0,139.55999755859375,0.0,140.4600067138672,139.39999389648438,139.58999633789062,0.0,115144900,4.586215040359202,-0.0010027556607008492
2007-03-08,98.95195770263672,0.0,140.74000549316406,0.0,141.16000366210938,140.07000732421875,140.5399932861328,0.0,117891600,4.594634456619273,0.008419416260070811
2007-03-09,98.98006439208984,0.0,140.77999877929688,0.0,141.4199981689453,140.0800018310547,141.30999755859375,0.0,107765100,4.594918460080104,0.000284003460830462
2007-03-12,99.12772369384766,0.0,140.99000549316406,0.0,141.33999633789062,140.16000366210938,140.4199981689453,0.0,80366900,4.59640915694294,0.001490696862836316
2007-03-13,97.20132446289062,0.0,138.25,0.0,140.77000427246094,138.0399932861328,140.17999267578125,0.0,190605200,4.576784337534984,-0.019624819407956018
2007-03-14,97.92549133300781,0.0,139.27999877929688,0.0,139.36000061035156,136.75,138.42999267578125,0.0,231853800,4.584206896981307,0.007422559446323085
2007-03-15,98.05905151367188,0.0,139.47000122070312,0.0,139.99000549316406,138.8000030517578,138.97000122070312,0.0,132435900,4.585569863666334,0.0013629666850265565
2007-03-16,97.78446960449219,0.0,138.52999877929688,0.551,139.6300048828125,138.1199951171875,139.30999755859375,0.0,121531600,4.5827657669310335,-0.0028040967353000212
2007-03-19,98.9632797241211,0.0,140.1999969482422,0.0,140.3300018310547,139.14999389648438,139.25999450683594,0.0,96161200,4.594748869452201,0.01198310252116741
2007-03-20,99.50679779052734,0.0,140.97000122070312,0.0,141.0500030517578,139.9600067138672,140.0800018310547,0.0,82147400,4.600225961333663,0.0054770918814623926
2007-03-21,101.14439392089844,0.0,143.2899932861328,0.0,143.64999389648438,140.82000732421875,141.10000610351562,0.0,152368700,4.616549138656153,0.01632317732248989
2007-03-22,101.06678009033203,0.0,143.17999267578125,0.0,143.67999267578125,142.7899932861328,143.47999572753906,0.0,118942200,4.615781487365296,-0.0007676512908574296
2007-03-23,101.21502685546875,0.0,143.38999938964844,0.0,143.80999755859375,143.14999389648438,143.27999877929688,0.0,74416800,4.617247232544423,0.0014657451791268983
2007-03-26,101.08091735839844,0.0,143.1999969482422,0.0,143.64999389648438,142.08999633789062,143.5,0.0,113787500,4.615921358046663,-0.0013258744977600045
2007-03-27,100.8409194946289,0.0,142.86000061035156,0.0,143.16000366210938,142.38999938964844,143.1199951171875,0.0,99864600,4.613544220630279,-0.002377137416384123
2007-03-28,100.10678100585938,0.0,141.82000732421875,0.0,142.47000122070312,141.25999450683594,142.13999938964844,0.0,152907900,4.6062374263430454,-0.0073067942872331315
2007-03-29,100.212646484375,0.0,141.97000122070312,0.0,142.61000061035156,141.19000244140625,142.5399932861328,0.0,139432700,4.607294393105559,0.0010569667625137669
2007-03-30,100.23384857177734,0.0,142.0,0.0,142.83999633789062,140.55999755859375,142.24000549316406,0.0,128194100,4.607505941703359,0.0002115485977993714
2007-04-02,100.3467788696289,0.0,142.16000366210938,0.0,142.4600067138672,141.47999572753906,142.16000366210938,0.0,79416400,4.608631975769804,0.0011260340664458468
2007-04-03,101.42679595947266,0.0,143.69000244140625,0.0,143.97999572753906,142.91000366210938,142.97000122070312,0.0,82417800,4.619337316201922,0.010705340432117794
2007-04-04,101.53972625732422,0.0,143.85000610351562,0.0,143.9499969482422,143.16000366210938,143.69000244140625,0.0,63995200,4.620450113605867,0.0011127974039446542
2007-04-05,101.81503295898438,0.0,144.24000549316406,0.0,144.44000244140625,143.61000061035156,143.6699981689453,0.0,46822800,4.6231577647168525,0.002707651110985587
2007-04-09,101.9561538696289,0.0,144.44000244140625,0.0,144.8000030517578,144.14999389648438,144.64999389648438,0.0,50967400,4.624542856843,0.001385092126147569
2007-04-10,102.076171875,0.0,144.61000061035156,0.0,144.85000610351562,144.27000427246094,144.3300018310547,0.0,56620000,4.625719317668762,0.001176460825761616
2007-04-11,101.65972137451172,0.0,144.02000427246094,0.0,144.86000061035156,143.5399932861328,144.82000732421875,0.0,106365700,4.6216311712567055,-0.004088146412056126
2007-04-12,102.11146545410156,0.0,144.66000366210938,0.0,144.9199981689453,143.33999633789062,143.74000549316406,0.0,115534400,4.626065015184191,0.004433843927485803
2007-04-13,102.57734680175781,0.0,145.32000732421875,0.0,145.32000732421875,144.36000061035156,144.89999389648438,0.0,84287000,4.630617116952789,0.0045521017685974385
2007-04-16,103.55145263671875,0.0,146.6999969482422,0.0,146.86000061035156,145.82000732421875,145.8300018310547,0.0,83064600,4.64006861610359,0.009451499150801013
2007-04-17,103.82676696777344,0.0,147.08999633789062,0.0,147.39999389648438,146.64999389648438,146.97000122070312,0.0,108424100,4.642723808084001,0.002655191980410976
2007-04-18,103.95377349853516,0.0,147.27000427246094,0.0,147.6999969482422,146.57000732421875,146.60000610351562,0.0,88345300,4.643946314737362,0.0012225066533613216
2007-04-19,103.92554473876953,0.0,147.22999572753906,0.0,147.39999389648438,146.36000061035156,146.5500030517578,0.0,102947700,4.643674726777785,-0.00027158795957671344
2007-04-20,104.90670776367188,0.0,148.6199951171875,0.0,148.6199951171875,147.0399932861328,148.22000122070312,0.0,124114100,4.6530714577208325,0.00939673094304716
2007-04-23,104.5114517211914,0.0,148.05999755859375,0.0,148.72999572753906,147.97000122070312,148.3699951171875,0.0,77270800,4.649296651249497,-0.0037748064713358787
2007-04-24,104.55377197265625,0.0,148.1199951171875,0.0,148.39999389648438,147.32000732421875,148.22999572753906,0.0,114471000,4.649701503393676,0.0004048521441797348
2007-04-25,105.51380157470703,0.0,149.47999572753906,0.0,149.66000366210938,148.02000427246094,148.72999572753906,0.0,108418800,4.658841764973188,0.00914026157951131
2007-04-26,105.6337661743164,0.0,149.64999389648438,0.0,149.8000030517578,149.10000610351562,149.49000549316406,0.0,88741600,4.659978075599888,0.0011363106267001655
2007-04-27,105.549072265625,0.0,149.52999877929688,0.0,149.74000549316406,148.83999633789062,149.08999633789062,0.0,108191100,4.659175984730595,-0.0008020908692927264
2007-04-30,104.6737289428711,0.0,148.2899932861328,0.0,149.74000549316406,148.2100067138672,149.63999938964844,0.0,100874100,4.650848168940353,-0.008327815790242
2007-05-01,104.94200897216797,0.0,148.6699981689453,0.0,149.47000122070312,147.6699981689453,148.4199981689453,0.0,134342700,4.653407902083021,0.002559733142668108
2007-05-02,105.55606842041016,0.0,149.5399932861328,0.0,149.9499969482422,148.75,148.89999389648438,0.0,87129800,4.659242265966239,0.005834363883217897
2007-05-03,106.12787628173828,0.0,150.35000610351562,0.0,150.39999389648438,149.72999572753906,149.97000122070312,0.0,86569700,4.664644747036801,0.005402481070562182
2007-05-04,106.53022003173828,0.0,150.9199981689453,0.0,151.1199951171875,150.22000122070312,150.75,0.0,96409000,4.66842870106487,0.0037839540280684147
2007-05-07,106.5513916015625,0.0,150.9499969482422,0.0,151.1999969482422,150.80999755859375,150.8800048828125,0.0,63461400,4.6686274190089625,0.00019871794409276333
2007-05-08,106.41024017333984,0.0,150.75,0.0,150.9199981689453,150.1300048828125,150.5800018310547,0.0,80584000,4.667301814507195,-0.0013256045017673301
2007-05-09,106.69962310791016,0.0,151.16000366210938,0.0,152.82000732421875,150.3699951171875,150.63999938964844,0.0,102070100,4.670017626041958,0.0027158115347631906
2007-05-10,105.58438873291016,0.0,149.5800018310547,0.0,151.02000427246094,149.27000427246094,150.72999572753906,0.0,153617800,4.659510526374989,-0.010507099666969388
2007-05-11,106.48785400390625,0.0,150.86000061035156,0.0,150.92999267578125,149.72000122070312,149.75,0.0,113408900,4.6680309317339574,0.008520405358968475
2007-05-14,106.25496673583984,0.0,150.52999877929688,0.0,151.3000030517578,149.7899932861328,150.86000061035156,0.0,108027500,4.665841552461059,-0.0021893792728988615
2007-05-15,106.28314971923828,0.0,150.57000732421875,0.0,151.66000366210938,150.19000244140625,150.6999969482422,0.0,180673300,4.666106756501009,0.00026520403995000663
2007-05-16,107.01023864746094,0.0,151.60000610351562,0.0,151.6300048828125,150.3800048828125,150.8000030517578,0.0,114166500,4.6729245181781005,0.006817761677091916
2007-05-17,106.7984390258789,0.0,151.3000030517578,0.0,151.9600067138672,151.11000061035156,151.3800048828125,0.0,101132800,4.670943310556725,-0.00198120762137588
2007-05-18,107.73017120361328,0.0,152.6199951171875,0.0,152.6199951171875,151.80999755859375,152.00999450683594,0.0,99182000,4.679629686096459,0.008686375539734392
2007-05-21,107.67375946044922,0.0,152.5399932861328,0.0,153.22999572753906,152.5,152.5800018310547,0.0,174664600,4.679105909726363,-0.0005237763700955966
2007-05-22,107.58898162841797,0.0,152.4199981689453,0.0,153.16000366210938,152.3800048828125,152.6999969482422,0.0,82148800,4.678318241261439,-0.0007876684649241739
2007-05-23,107.6031723022461,0.0,152.44000244140625,0.0,153.5,152.36000061035156,152.9499969482422,0.0,133786600,4.678450129655969,0.0001318883945300442
2007-05-24,106.62905883789062,0.0,151.05999755859375,0.0,153.2100067138672,150.74000549316406,152.52999877929688,0.0,187593000,4.669356071562275,-0.009094058093694457
2007-05-25,107.07369232177734,0.0,151.69000244140625,0.0,152.02000427246094,151.17999267578125,151.5,0.0,83309200,4.673517310695384,0.0041612391331087295
2007-05-29,107.46195983886719,0.0,152.24000549316406,0.0,152.5,151.4499969482422,151.94000244140625,0.0,82020000,4.677136922979773,0.0036196122843890066
2007-05-30,108.33728790283203,0.0,153.47999572753906,0.0,153.5399932861328,151.33999633789062,151.4600067138672,0.0,129013600,4.685249396713833,0.008112473734060544
2007-05-31,108.22431182861328,0.0,153.32000732421875,0.0,153.88999938964844,153.1199951171875,153.6699981689453,0.0,114866700,4.684206034597856,-0.001043362115977331
2007-06-01,108.76079559326172,0.0,154.0800018310547,0.0,154.39999389648438,153.50999450683594,153.8800048828125,0.0,107771700,4.6891509348649665,0.004944900267110697
2007-06-04,108.77484893798828,0.0,154.10000610351562,0.0,154.38999938964844,153.47999572753906,153.5399932861328,0.0,78008800,4.689280139849064,0.00012920498409751957
2007-06-05,108.34434509277344,0.0,153.49000549316406,0.0,153.89999389648438,152.86000061035156,153.74000549316406,0.0,126917900,4.685314535506137,-0.0039656043429268095
2007-06-06,107.17961120605469,0.0,151.83999633789062,0.0,152.9499969482422,151.75,152.86000061035156,0.0,164096800,4.674506036574163,-0.010808498931973887
2007-06-07,105.2455825805664,0.0,149.10000610351562,0.0,152.5,149.05999755859375,151.55999755859375,0.0,232414600,4.656296500950734,-0.018209535623428863
2007-06-08,106.61495208740234,0.0,151.0399932861328,0.0,151.19000244140625,149.08999633789062,149.5800018310547,0.0,175886000,4.669223765379816,0.012927264429081653
2007-06-11,106.7984390258789,0.0,151.3000030517578,0.0,151.9499969482422,150.6999969482422,150.92999267578125,0.0,102015600,4.670943310556725,0.0017195451769085324
2007-06-12,105.6337661743164,0.0,149.64999389648438,0.0,151.5399932861328,149.5500030517578,150.6699981689453,0.0,233898000,4.659978075599888,-0.010965234956836767
2007-06-13,107.21495819091797,0.0,151.88999938964844,0.0,152.07000732421875,149.72000122070312,150.5,0.0,193208200,4.674835774265589,0.014857698665701413
2007-06-14,107.89958190917969,0.0,152.86000061035156,0.0,153.1199951171875,152.02999877929688,152.05999755859375,0.0,146396500,4.6812009974575055,0.006365223191916236
2007-06-15,108.5135269165039,0.0,153.07000732421875,0.656,153.66000366210938,152.92999267578125,153.13999938964844,0.0,154030800,4.6868748372511115,0.005673839793606028
2007-06-18,108.38599395751953,0.0,152.88999938964844,0.0,153.38999938964844,152.66000366210938,153.3800048828125,0.0,88537500,4.685698873623645,-0.0011759636274666363
2007-06-19,108.65530395507812,0.0,153.27000427246094,0.0,153.3800048828125,152.36000061035156,152.5500030517578,0.0,110851700,4.688180522400746,0.0024816487771008866
2007-06-20,107.14531707763672,0.0,151.13999938964844,0.0,153.5800018310547,150.9600067138672,153.5800018310547,0.0,177119700,4.674186016602756,-0.013994505797989554
2007-06-21,107.74082946777344,0.0,151.97999572753906,0.0,152.11000061035156,150.25,151.0800018310547,0.0,205262000,4.6797286160140406,0.005542599411284321
2007-06-22,106.7270736694336,0.0,150.5500030517578,0.0,151.77000427246094,149.85000610351562,151.52000427246094,0.0,204964700,4.67027486248041,-0.00945375353363076
2007-06-25,106.21664428710938,0.0,149.8300018310547,0.0,151.25,149.02000427246094,150.24000549316406,0.0,232014400,4.665480822394943,-0.004794040085466911
2007-06-26,105.12494659423828,0.0,148.2899932861328,0.0,150.4600067138672,148.27999877929688,150.2100067138672,0.0,198445700,4.655149610271469,-0.01033121212347421
2007-06-27,106.62074279785156,0.0,150.39999389648438,0.0,150.57000732421875,148.05999755859375,148.1300048828125,0.0,213638000,4.669278078148171,0.014128467876702189
2007-06-28,106.60652923583984,0.0,150.3800048828125,0.0,151.41000366210938,149.6699981689453,150.3800048828125,0.0,157705000,4.669144759723213,-0.0001333184249574515
2007-06-29,106.6419906616211,0.0,150.42999267578125,0.0,151.64999389648438,149.14999389648438,150.89999389648438,0.0,199701800,4.669477342815703,0.0003325830924891804
2007-07-02,107.60616302490234,0.0,151.7899932861328,0.0,151.9199981689453,150.77000427246094,150.8699951171875,0.0,103357000,4.678477923270516,0.009000580454813445
2007-07-03,107.99604034423828,0.0,152.33999633789062,0.0,152.5,151.99000549316406,152.17999267578125,0.0,54048400,4.682094562972822,0.0036166397023063013
2007-07-05,107.88265228271484,0.0,152.17999267578125,0.0,152.55999755859375,151.6300048828125,152.39999389648438,0.0,89279000,4.681044083459808,-0.0010504795130144018
2007-07-06,108.44973754882812,0.0,152.97999572753906,0.0,153.1699981689453,151.92999267578125,152.3800048828125,0.0,81109000,4.686286817249929,0.005242733790121079
2007-07-09,108.53477478027344,0.0,153.10000610351562,0.0,153.36000061035156,152.6199951171875,153.16000366210938,0.0,72348100,4.687070626517108,0.0007838092671788033
2007-07-10,106.98937225341797,0.0,150.9199981689453,0.0,152.61000061035156,150.77000427246094,152.2899932861328,0.0,180362600,4.672729504794467,-0.014341121722640793
2007-07-11,107.74789428710938,0.0,151.99000549316406,0.0,152.0500030517578,150.52000427246094,150.75,0.0,175607600,4.679794186213867,0.007064681419399754
2007-07-12,109.4493408203125,0.0,154.38999938964844,0.0,154.75,152.33999633789062,152.3699951171875,0.0,133882500,4.695461801294843,0.015667615080976027
2007-07-13,109.77537536621094,0.0,154.85000610351562,0.0,155.4600067138672,154.38999938964844,154.57000732421875,0.0,111794300,4.698436235856291,0.0029744345614481915
2007-07-16,109.76123046875,0.0,154.8300018310547,0.0,155.52999877929688,154.5800018310547,154.99000549316406,0.0,98378700,4.69830737445364,-0.0001288614026506707
2007-07-17,109.70449829101562,0.0,154.75,0.0,155.47999572753906,154.67999267578125,154.92999267578125,0.0,126201300,4.69779037182805,-0.0005170026255907345
2007-07-18,109.50604248046875,0.0,154.47000122070312,0.0,154.8000030517578,153.3000030517578,154.22999572753906,0.0,237887400,4.695979730204093,-0.0018106416239564993
2007-07-19,109.93135833740234,0.0,155.07000732421875,0.0,155.52999877929688,154.75,155.1999969482422,0.0,145212700,4.699856155899426,0.0038764256953331966
2007-07-20,108.818359375,0.0,153.5,0.0,154.99000549316406,152.8300018310547,154.88999938964844,0.0,245502500,4.689680064441647,-0.010176091457779535
2007-07-23,109.1515884399414,0.0,153.97000122070312,0.0,154.72000122070312,153.3000030517578,154.17999267578125,0.0,121183900,4.692737635706749,0.003057571265101977
2007-07-24,107.25875854492188,0.0,151.3000030517578,0.0,154.27999877929688,150.75999450683594,153.1199951171875,0.0,256732400,4.675244219228258,-0.017493416478490786
2007-07-25,107.47853088378906,0.0,151.61000061035156,0.0,152.38999938964844,150.25,152.02000427246094,0.0,265214500,4.67729111491354,0.0020468956852823794
2007-07-26,104.93350982666016,0.0,148.02000427246094,0.0,150.8000030517578,146.38999938964844,150.19000244140625,0.0,467592500,4.65332690983046,-0.023964205083080614
2007-07-27,102.87061309814453,0.0,145.11000061035156,0.0,148.8699951171875,145.0500030517578,148.2100067138672,0.0,422987600,4.633472015056592,-0.019854894773867926
2007-07-30,104.47977447509766,0.0,147.3800048828125,0.0,147.80999755859375,145.2899932861328,145.92999267578125,0.0,283017500,4.648993506979636,0.015521491923044195
2007-07-31,103.30303192138672,0.0,145.72000122070312,0.0,149.4600067138672,145.0399932861328,148.3300018310547,0.0,316976700,4.637666726337531,-0.011326780642105128
2007-08-01,103.80636596679688,0.0,146.42999267578125,0.0,147.00999450683594,143.9499969482422,145.17999267578125,0.0,467670000,4.642527298011125,0.004860571673594549
2007-08-02,104.63574981689453,0.0,147.60000610351562,0.0,147.75999450683594,145.25999450683594,146.75999450683594,0.0,294758400,4.6504852696907015,0.007957971679576126
2007-08-03,101.94190979003906,0.0,143.8000030517578,0.0,147.5800018310547,143.1999969482422,147.27999877929688,0.0,359398200,4.62440313918843,-0.026082130502271816
2007-08-06,103.6504135131836,0.0,146.2100067138672,0.0,146.8300018310547,142.52999877929688,144.2100067138672,0.0,324980000,4.641023828388385,0.016620689199955407
2007-08-07,104.75628662109375,0.0,147.77000427246094,0.0,149.0,145.22999572753906,145.94000244140625,0.0,232568700,4.6516365724772255,0.010612744088840387
2007-08-08,106.21664428710938,0.0,149.8300018310547,0.0,150.58999633789062,147.33999633789062,148.41000366210938,0.0,274930600,4.665480822394943,0.013844249917717377
2007-08-09,103.06908416748047,0.0,145.38999938964844,0.0,148.9499969482422,145.2899932861328,147.42999267578125,0.0,357622100,4.635399483470081,-0.030081338924861534
2007-08-10,102.58705139160156,0.0,144.7100067138672,0.0,146.5,143.1199951171875,144.38999938964844,0.0,411018400,4.630711720011959,-0.004687763458122163
2007-08-13,102.95568084716797,0.0,145.22999572753906,0.0,146.88999938964844,145.02000427246094,146.5,0.0,181917200,4.634298612594122,0.003586892582163159
2007-08-14,101.38184356689453,0.0,143.00999450683594,0.0,146.05999755859375,142.72000122070312,145.6999969482422,0.0,264134500,4.6188940175986755,-0.015404594995446885
2007-08-15,99.98529052734375,0.0,141.0399932861328,0.0,144.4600067138672,140.6199951171875,142.72000122070312,0.0,323834000,4.605023080442039,-0.013870937156636565
2007-08-16,100.73674011230469,0.0,142.10000610351562,0.0,142.94000244140625,137.0,139.7899932861328,0.0,546743700,4.612510580376662,0.007487499934622832
2007-08-17,102.58705139160156,0.0,144.7100067138672,0.0,145.80999755859375,141.38999938964844,145.5,0.0,388218100,4.630711720011959,0.01820113963529746
2007-08-20,102.53738403320312,0.0,144.63999938964844,0.0,145.47000122070312,143.2899932861328,145.1699981689453,0.0,187320400,4.630227454358614,-0.0004842656533448064
2007-08-21,102.74299621582031,0.0,144.92999267578125,0.0,145.97000122070312,144.13999938964844,144.60000610351562,0.0,157066400,4.632230687703436,0.0020032333448218864
2007-08-22,103.96229553222656,0.0,146.64999389648438,0.0,146.8000030517578,145.3300018310547,146.00999450683594,0.0,173156700,4.644028290447426,0.011797602743989444
2007-08-23,103.8701400756836,0.0,146.52000427246094,0.0,147.64999389648438,145.61000061035156,147.33999633789062,0.0,203915300,4.643141465806093,-0.0008868246413324954
2007-08-24,105.15325164794922,0.0,148.3300018310547,0.0,148.3300018310547,146.27999877929688,146.47999572753906,0.0,128901900,4.655418825569283,0.012277359763189999
2007-08-27,104.17500305175781,0.0,146.9499969482422,0.0,148.3300018310547,146.72999572753906,147.85000610351562,0.0,113024300,4.646072206603048,-0.009346618966235454
2007-08-28,101.88518524169922,0.0,143.72000122070312,0.0,146.25,143.4600067138672,146.16000366210938,0.0,219790700,4.623846544396207,-0.02222566220684108
2007-08-29,103.88430786132812,0.0,146.5399932861328,0.0,146.74000549316406,143.9600067138672,144.3699951171875,0.0,207654200,4.643277855527778,0.01943131113157115
2007-08-30,103.60785675048828,0.0,146.14999389648438,0.0,147.19000244140625,145.30999755859375,145.4499969482422,0.0,191817300,4.640613164309801,-0.0026646912179764115
2007-08-31,104.62867736816406,0.0,147.58999633789062,0.0,148.5,146.8300018310547,147.64999389648438,0.0,185477500,4.65041767627477,0.00980451196496901
2007-09-04,105.68492889404297,0.0,149.0800018310547,0.0,149.97999572753906,147.39999389648438,147.4499969482422,0.0,120062000,4.660462298926269,0.010044622651498969
2007-09-05,104.7705078125,0.0,147.7899932861328,0.0,148.36000061035156,147.0,148.1999969482422,0.0,166261800,4.651772318279728,-0.008689980646541251
2007-09-06,105.01153564453125,0.0,148.1300048828125,0.0,148.61000061035156,147.1199951171875,147.9499969482422,0.0,127878400,4.654070207404245,0.002297889124516672
2007-09-07,103.55113983154297,0.0,146.07000732421875,0.0,146.88999938964844,145.25999450683594,146.47999572753906,0.0,235447600,4.640065595328505,-0.01400461207574022
2007-09-10,103.35263061523438,0.0,145.7899932861328,0.0,146.72000122070312,144.3300018310547,146.52000427246094,0.0,192305900,4.638146739265231,-0.0019188560632734664
2007-09-11,104.55780792236328,0.0,147.49000549316406,0.0,147.6999969482422,146.1300048828125,146.24000549316406,0.0,162081900,4.649740104313908,0.011593365048677029
2007-09-12,104.82713317871094,0.0,147.8699951171875,0.0,148.44000244140625,146.97999572753906,147.2899932861328,0.0,149554600,4.6523126427540005,0.002572538440092309
2007-09-13,105.56446838378906,0.0,148.91000366210938,0.0,149.4499969482422,148.1999969482422,148.5500030517578,0.0,154079000,4.659321841013845,0.0070091982598441405
2007-09-14,105.55736541748047,0.0,148.89999389648438,0.0,149.08999633789062,147.74000549316406,147.9600067138672,0.0,121911000,4.659254553171716,-6.7287842128394e-05
2007-09-17,104.99028778076172,0.0,148.10000610351562,0.0,148.64999389648438,147.6300048828125,148.30999755859375,0.0,109870800,4.653867848553303,-0.005386704618413063
2007-09-18,108.0810775756836,0.0,152.4600067138672,0.0,152.5,148.1300048828125,148.8300018310547,0.0,263759500,4.6828816637695585,0.029013815216255345
2007-09-19,108.71910095214844,0.0,153.36000061035156,0.0,154.38999938964844,152.7100067138672,153.41000366210938,0.0,193779900,4.688767500420806,0.0058858366512470894
2007-09-20,107.95350646972656,0.0,152.27999877929688,0.0,153.42999267578125,152.11000061035156,153.33999633789062,0.0,175186800,4.681700638783685,-0.00706686163712078
2007-09-21,108.24478912353516,0.0,151.97000122070312,0.719,153.1199951171875,151.74000549316406,152.7100067138672,0.0,141457500,4.68439522829703,0.0026945895133447806
2007-09-24,108.04537963867188,0.0,151.69000244140625,0.0,152.82000732421875,151.36000061035156,152.4199981689453,0.0,139450200,4.682551320712105,-0.0018439075849245867
2007-09-25,107.83171081542969,0.0,151.38999938964844,0.0,151.66000366210938,150.47000122070312,150.80999755859375,0.0,142289900,4.680571778625763,-0.001979542086342434
2007-09-26,108.4014892578125,0.0,152.19000244140625,0.0,152.77000427246094,151.38999938964844,152.25,0.0,135547000,4.6858418274518785,0.005270048826115925
2007-09-27,109.0425796508789,0.0,153.08999633789062,0.0,153.10000610351562,152.19000244140625,152.91000366210938,0.0,102713300,4.691738444948483,0.005896617496604861
2007-09-28,108.67933654785156,0.0,152.5800018310547,0.0,153.19000244140625,151.97999572753906,152.85000610351562,0.0,133372100,4.68840167990068,-0.0033367650478037802
2007-10-01,109.90445709228516,0.0,154.3000030517578,0.0,154.75,152.5,152.60000610351562,0.0,148162300,4.699611416476973,0.011209736576293317
2007-10-02,109.7548828125,0.0,154.08999633789062,0.0,154.64999389648438,153.80999755859375,154.61000061035156,0.0,112978800,4.698249541284523,-0.0013618751924502348
2007-10-03,109.53397369384766,0.0,153.77999877929688,0.0,154.41000366210938,153.00999450683594,153.80999755859375,0.0,119055900,4.696234763179511,-0.0020147781050114943
2007-10-04,109.70498657226562,0.0,154.02000427246094,0.0,154.25999450683594,153.58999633789062,154.11000061035156,0.0,76864400,4.697794822695342,0.001560059515830936
2007-10-05,111.00847625732422,0.0,155.85000610351562,0.0,156.10000610351562,154.6300048828125,155.02999877929688,0.0,134579700,4.70960656107545,0.011811738380107961
2007-10-08,110.417236328125,0.0,155.02000427246094,0.0,155.49000549316406,154.77000427246094,155.38999938964844,0.0,71280400,4.704266247817126,-0.005340313258323626
2007-10-09,111.45721435546875,0.0,156.47999572753906,0.0,156.5,155.02999877929688,155.60000610351562,0.0,94054300,4.713640789504196,0.009374541687069637
2007-10-10,111.27201080322266,0.0,156.22000122070312,0.0,156.44000244140625,155.41000366210938,156.0399932861328,0.0,101711100,4.711977751393245,-0.0016630381109514758
2007-10-11,110.73784637451172,0.0,155.47000122070312,0.0,157.52000427246094,154.5399932861328,156.92999267578125,0.0,233529100,4.707165663621388,-0.00481208777185671
2007-10-12,111.35037231445312,0.0,156.3300018310547,0.0,156.35000610351562,155.27000427246094,155.4600067138672,0.0,124546700,4.712681737339036,0.005516073717648062
2007-10-15,110.41014099121094,0.0,155.00999450683594,0.0,156.36000061035156,153.94000244140625,156.27000427246094,0.0,161151900,4.704201986428864,-0.008479750910171724
2007-10-16,109.53397369384766,0.0,153.77999877929688,0.0,154.52000427246094,153.47000122070312,154.41000366210938,0.0,166525700,4.696234763179511,-0.007967223249353061
2007-10-17,109.8687973022461,0.0,154.25,0.0,155.08999633789062,152.47000122070312,154.97999572753906,0.0,216687300,4.699286902100096,0.003052138920584646
2007-10-18,109.46989440917969,0.0,153.69000244140625,0.0,154.19000244140625,153.0800018310547,153.4499969482422,0.0,148367500,4.695649574552008,-0.0036373275480876543
2007-10-19,106.6065673828125,0.0,149.6699981689453,0.0,156.47999572753906,149.66000366210938,153.08999633789062,0.0,297169900,4.669145117552758,-0.02650445699925008
2007-10-22,107.22628021240234,0.0,150.5399932861328,0.0,150.75999450683594,148.66000366210938,148.86000061035156,0.0,261989800,4.6749413698271445,0.005796252274386404
2007-10-23,108.09523010253906,0.0,151.75999450683594,0.0,151.9499969482422,150.25,151.4600067138672,0.0,180085100,4.683012598810754,0.008071228983609124
2007-10-24,107.89579772949219,0.0,151.47999572753906,0.0,151.74000549316406,148.83999633789062,151.2100067138672,0.0,326694200,4.681165925532479,-0.00184667327827448
2007-10-25,108.1522445678711,0.0,151.83999633789062,0.0,152.2899932861328,149.8800048828125,151.64999389648438,0.0,237374500,4.6835399063942535,0.0023739808617744274
2007-10-26,109.42005157470703,0.0,153.6199951171875,0.0,153.6199951171875,151.89999389648438,153.05999755859375,0.0,176484000,4.695194159981822,0.011654253587568775
2007-10-29,109.78331756591797,0.0,154.1300048828125,0.0,154.44000244140625,153.5500030517578,153.92999267578125,0.0,106841000,4.698508582795548,0.003314422813725848
2007-10-30,109.02120971679688,0.0,153.05999755859375,0.0,153.75,152.8699951171875,153.4499969482422,0.0,132981600,4.691542447857794,-0.006966134937754553
2007-10-31,110.15373992919922,0.0,154.64999389648438,0.0,155.27000427246094,152.83999633789062,153.97999572753906,0.0,220954400,4.7018770257286935,0.010334577870899864
2007-11-01,107.57527923583984,0.0,151.02999877929688,0.0,153.41000366210938,150.58999633789062,153.2899932861328,0.0,333040800,4.678190874453015,-0.023686151275678746
2007-11-02,107.69640350341797,0.0,151.1999969482422,0.0,152.0,149.2100067138672,151.52999877929688,0.0,331228200,4.679316189950333,0.0011253154973180912
2007-11-05,106.87723541259766,0.0,150.0500030517578,0.0,151.16000366210938,148.97000122070312,149.63999938964844,0.0,226841000,4.671680843179449,-0.007635346770883622
2007-11-06,108.31605529785156,0.0,152.07000732421875,0.0,152.11000061035156,149.89999389648438,150.86000061035156,0.0,177800500,4.685053391383523,0.013372548204073631
2007-11-07,105.35299682617188,0.0,147.91000366210938,0.0,151.1300048828125,147.5500030517578,150.44000244140625,0.0,306639700,4.657316586225977,-0.027736805157545952
2007-11-08,104.81877899169922,0.0,147.16000366210938,0.0,148.39999389648438,145.07000732421875,147.99000549316406,0.0,374509900,4.652232944686629,-0.005083641539347816
2007-11-09,103.37998962402344,0.0,145.13999938964844,0.0,147.5399932861328,144.88999938964844,145.69000244140625,0.0,277745100,4.638411419400539,-0.013821525286090264
2007-11-12,102.35426330566406,0.0,143.6999969482422,0.0,146.61000061035156,143.6999969482422,145.2100067138672,0.0,243087800,4.628439965423119,-0.009971453977419387
2007-11-13,105.47410583496094,0.0,148.0800018310547,0.0,148.30999755859375,145.22000122070312,145.3699951171875,0.0,191117400,4.65846548046758,0.030025515044460604
2007-11-14,105.1820068359375,0.0,147.6699981689453,0.0,149.39999389648438,146.77999877929688,149.22000122070312,0.0,230558800,4.6556922479937946,-0.0027732324737854697
2007-11-15,103.66485595703125,0.0,145.5399932861328,0.0,147.49000549316406,144.52000427246094,146.57000732421875,0.0,263111100,4.641163156706149,-0.014529091287645457
2007-11-16,103.8429183959961,0.0,145.7899932861328,0.0,146.47000122070312,144.57000732421875,146.30999755859375,0.0,308770600,4.64287935729887,0.001716200592721151
2007-11-19,102.39703369140625,0.0,143.75999450683594,0.0,145.36000061035156,143.19000244140625,145.27999877929688,0.0,267746000,4.62885774432847,-0.014021612970400277
2007-11-20,103.02381896972656,0.0,144.63999938964844,0.0,145.52999877929688,142.11000061035156,144.02000427246094,0.0,414767500,4.634960213628251,0.006102469299780644
2007-11-21,100.91549682617188,0.0,141.67999267578125,0.0,143.91000366210938,141.6699981689453,143.0800018310547,0.0,259012400,4.614283501554271,-0.020676712073979253
2007-11-23,102.66058349609375,0.0,144.1300048828125,0.0,144.33999633789062,142.6999969482422,143.07000732421875,0.0,77688400,4.631428240888591,0.017144739334320036
2007-11-26,100.39551544189453,0.0,140.9499969482422,0.0,144.8800048828125,140.66000366210938,144.42999267578125,0.0,214232000,4.609117539346632,-0.022310701541959688
2007-11-27,101.54940795898438,0.0,142.57000732421875,0.0,143.22999572753906,140.9499969482422,141.74000549316406,0.0,293897900,4.620545457964932,0.011427918618299948
2007-11-28,104.79735565185547,0.0,147.1300048828125,0.0,147.47000122070312,144.13999938964844,144.19000244140625,0.0,258596900,4.6520285392389775,0.031483081274045865
2007-11-29,104.8329849243164,0.0,147.17999267578125,0.0,147.72000122070312,146.10000610351562,146.6199951171875,0.0,199409900,4.652368464010421,0.0003399247714437337
2007-11-30,105.88716125488281,0.0,148.66000366210938,0.0,149.8699951171875,147.3300018310547,149.0399932861328,0.0,222908000,4.662374010648624,0.010005546638202745
2007-12-03,105.18911743164062,0.0,147.67999267578125,0.0,148.4499969482422,147.2899932861328,148.19000244140625,0.0,146430400,4.65575984848536,-0.006614162163264048
2007-12-04,104.24897766113281,0.0,146.36000061035156,0.0,147.5399932861328,146.30999755859375,146.66000366210938,0.0,136533900,4.646782054022987,-0.008977794462373012
2007-12-05,105.99402618408203,0.0,148.80999755859375,0.0,149.1999969482422,147.8300018310547,147.92999267578125,0.0,171130000,4.663382735770022,0.016600681747035217
2007-12-06,107.51119995117188,0.0,150.94000244140625,0.0,151.2100067138672,148.57000732421875,148.6300048828125,0.0,154457400,4.677595027733072,0.01421229196304985
2007-12-07,107.48979949951172,0.0,150.91000366210938,0.0,151.5,150.5500030517578,151.4199981689453,0.0,148980100,4.677395954688896,-0.00019907304417632332
2007-12-10,108.32313537597656,0.0,152.0800018310547,0.0,152.25,150.86000061035156,151.27999877929688,0.0,123914300,4.6851187542396655,0.007722799550769821
2007-12-11,105.35299682617188,0.0,147.91000366210938,0.0,152.88999938964844,147.8300018310547,152.13999938964844,0.0,250346400,4.657316586225977,-0.027802168013688622
2007-12-12,106.39289855957031,0.0,149.3699951171875,0.0,151.77000427246094,147.1999969482422,151.05999755859375,0.0,322435600,4.667138831818959,0.00982224559298217
2007-12-13,106.17211151123047,0.0,149.05999755859375,0.0,149.38999938964844,147.3000030517578,148.32000732421875,0.0,237551300,4.6650614708491025,-0.0020773609698565565
2007-12-14,104.8259048461914,0.0,147.1699981689453,0.0,149.10000610351562,147.10000610351562,147.92999267578125,0.0,159152900,4.652300924988962,-0.012760545860140304
2007-12-17,103.33011627197266,0.0,145.07000732421875,0.0,146.8699951171875,144.86000061035156,146.61000061035156,0.0,177269400,4.637928875474567,-0.01437204951439508
2007-12-18,103.90704345703125,0.0,145.8800048828125,0.0,146.47999572753906,143.9600067138672,146.10000610351562,0.0,245569300,4.643496686539267,0.005567811064699946
2007-12-19,103.90704345703125,0.0,145.8800048828125,0.0,146.88999938964844,144.94000244140625,145.94000244140625,0.0,198917200,4.643496686539267,0.0
2007-12-20,104.56237030029297,0.0,146.8000030517578,0.0,146.86000061035156,145.17999267578125,146.83999633789062,0.0,214813800,4.64978373834262,0.006287051803353094
2007-12-21,106.0697021484375,0.0,148.1300048828125,0.775,148.4199981689453,147.08999633789062,147.3699951171875,0.0,146084400,4.664096445447418,0.01431270710479815
2007-12-24,106.8572998046875,0.0,149.22999572753906,0.0,149.47999572753906,148.47999572753906,148.82000732421875,0.0,45601400,4.67149429767853,0.007397852231111557
2007-12-26,107.08647918701172,0.0,149.5500030517578,0.0,149.67999267578125,148.5,148.64999389648438,0.0,67093100,4.673636724731705,0.0021424270531751333
2007-12-27,105.74028015136719,0.0,147.6699981689453,0.0,149.02999877929688,147.32000732421875,149.02000427246094,0.0,122981700,4.6609859002398375,-0.012650824491867496
2007-12-28,105.475341796875,0.0,147.3000030517578,0.0,148.61000061035156,146.89999389648438,148.5399932861328,0.0,116398100,4.65847719855386,-0.002508701685977499
2007-12-31,104.69483947753906,0.0,146.2100067138672,0.0,147.61000061035156,146.05999755859375,147.10000610351562,0.0,108126800,4.6510498280040675,-0.007427370549792478
2008-01-02,103.77825164794922,0.0,144.92999267578125,0.0,146.99000549316406,143.8800048828125,146.52999877929688,0.0,204935600,4.642256427082994,-0.008793400921073946
2008-01-03,103.7281265258789,0.0,144.86000061035156,0.0,145.49000549316406,144.07000732421875,144.91000366210938,0.0,125133300,4.641773308217092,-0.0004831188659011332
2008-01-04,101.18611907958984,0.0,141.30999755859375,0.0,143.44000244140625,140.91000366210938,143.33999633789062,0.0,232330900,4.616961584200467,-0.024811724016625014
2008-01-07,101.10018157958984,0.0,141.19000244140625,0.0,142.22999572753906,140.10000610351562,141.80999755859375,0.0,234991000,4.6161119220642775,-0.000849662136189977
2008-01-08,99.46759796142578,0.0,138.91000366210938,0.0,142.89999389648438,138.44000244140625,142.0800018310547,0.0,326365700,4.599831942500631,-0.01627997956364613
2008-01-09,100.5130386352539,0.0,140.3699951171875,0.0,140.7899932861328,137.6999969482422,139.08999633789062,0.0,301824900,4.6102874567481456,0.01045551424751423
2008-01-10,101.17179107666016,0.0,141.2899932861328,0.0,142.8000030517578,139.3699951171875,139.67999267578125,0.0,335701200,4.616819973695175,0.0065325169470291655
2008-01-11,100.35550689697266,0.0,140.14999389648438,0.0,141.89999389648438,139.0,140.77999877929688,0.0,267076600,4.60871895063724,-0.00810102305793503
2008-01-14,101.16464233398438,0.0,141.27999877929688,0.0,141.86000061035156,140.39999389648438,141.16000366210938,0.0,170365500,4.616749311753,0.008030361115760165
2008-01-15,98.93769836425781,0.0,138.1699981689453,0.0,141.49000549316406,137.89999389648438,139.7899932861328,0.0,239940100,4.594490342584341,-0.022258969168658993
2008-01-16,98.08562469482422,0.0,136.97999572753906,0.0,139.1199951171875,136.27999877929688,137.36000061035156,0.0,378802600,4.585840818573992,-0.008649524010349019
2008-01-17,95.54362487792969,0.0,133.42999267578125,0.0,137.8800048828125,132.92999267578125,137.80999755859375,0.0,397892600,4.559582948187541,-0.02625787038645111
2008-01-18,94.56260681152344,0.0,132.05999755859375,0.0,135.02000427246094,131.10000610351562,134.74000549316406,0.0,348561500,4.549262121081562,-0.01032082710597848
2008-01-22,93.60307312011719,0.0,130.72000122070312,0.0,132.42999267578125,126.0,127.20999908447266,0.0,435923700,4.539063215424457,-0.010198905657105684
2008-01-23,95.85152435302734,0.0,133.86000061035156,0.0,134.19000244140625,126.83999633789062,127.08999633789062,0.0,511913000,4.5628003728918225,0.023737157467365932
2008-01-24,96.6606674194336,0.0,134.99000549316406,0.0,135.4600067138672,133.30999755859375,134.47999572753906,0.0,259949300,4.571206571208262,0.008406198316439628
2008-01-25,95.26435089111328,0.0,133.0399932861328,0.0,136.75999450683594,132.60000610351562,136.50999450683594,0.0,269603900,4.556655668181399,-0.014550903026862905
2008-01-28,96.83965301513672,0.0,135.24000549316406,0.0,135.52000427246094,132.05999755859375,133.25999450683594,0.0,217934600,4.573056548989674,0.016400880808275176
2008-01-29,97.3194351196289,0.0,135.91000366210938,0.0,136.4499969482422,134.8800048828125,136.10000610351562,0.0,168968300,4.5779987135379026,0.004942164548228156
2008-01-30,96.60334777832031,0.0,134.91000366210938,0.0,138.5399932861328,134.60000610351562,135.5800018310547,0.0,334939200,4.570613396708236,-0.007385316829666699
2008-01-31,98.3648910522461,0.0,137.3699951171875,0.0,138.5399932861328,133.1999969482422,133.39999389648438,0.0,343680800,4.588683942141036,0.018070545432800067
2008-02-01,99.94735717773438,0.0,139.5800018310547,0.0,139.61000061035156,137.52000427246094,137.94000244140625,0.0,206843600,4.60464361915345,0.015959677012413742
2008-02-04,98.68708038330078,0.0,137.82000732421875,0.0,139.3000030517578,137.63999938964844,139.2100067138672,0.0,124694300,4.591954040032668,-0.012689579120781502
2008-02-05,96.04480743408203,0.0,134.1300048828125,0.0,136.25,133.6699981689453,135.94000244140625,0.0,286882500,4.564814826681709,-0.027139213350959146
2008-02-06,95.27153778076172,0.0,133.0500030517578,0.0,135.25,132.41000366210938,134.5800018310547,0.0,250792900,4.556731106879084,-0.008083719802624678
2008-02-07,95.90164947509766,0.0,133.92999267578125,0.0,134.7899932861328,131.72999572753906,131.8000030517578,0.0,297368100,4.563323181690356,0.006592074811271331
2008-02-08,95.28580474853516,0.0,133.07000732421875,0.0,134.22000122070312,132.10000610351562,133.08999633789062,0.0,221643500,4.556880846244787,-0.006442335445568936
2008-02-11,95.77275848388672,0.0,133.75,0.0,134.22999572753906,132.0399932861328,133.10000610351562,0.0,188576300,4.561978286333579,0.0050974400887922044
2008-02-12,96.6606674194336,0.0,134.99000549316406,0.0,136.30999755859375,133.97999572753906,134.91000366210938,0.0,256654400,4.571206571208262,0.00922828487468319
2008-02-13,97.6488037109375,0.0,136.3699951171875,0.0,137.05999755859375,135.13999938964844,136.00999450683594,0.0,181967800,4.581377406463596,0.010170835255333799
2008-02-14,96.78955841064453,0.0,135.1699981689453,0.0,137.0,134.7899932861328,136.9499969482422,0.0,215207200,4.572539120805766,-0.008838285657829736
2008-02-15,96.76809692382812,0.0,135.13999938964844,0.0,135.22000122070312,133.91000366210938,134.5,0.0,154110300,4.572317362726839,-0.00022175807892743649
2008-02-19,97.04017639160156,0.0,135.52000427246094,0.0,136.88999938964844,134.61000061035156,136.72000122070312,0.0,145190000,4.5751250823546865,0.00280771962784776
2008-02-20,97.32658386230469,0.0,135.9199981689453,0.0,136.5500030517578,133.75999450683594,133.99000549316406,0.0,220085700,4.578072167315343,0.002947084960656099
2008-02-21,96.5174331665039,0.0,134.7899932861328,0.0,137.00999450683594,134.07000732421875,136.66000366210938,0.0,201051200,4.569723646604038,-0.008348520711304985
2008-02-22,97.11175537109375,0.0,135.6199951171875,0.0,135.85000610351562,132.86000061035156,134.97000122070312,0.0,205491000,4.575862432553424,0.006138785949386438
2008-02-25,98.33624267578125,0.0,137.3300018310547,0.0,137.64999389648438,134.77999877929688,135.5399932861328,0.0,190107000,4.588392653767406,0.012530221213982173
2008-02-26,99.07379150390625,0.0,138.36000061035156,0.0,138.9499969482422,136.5,136.75,0.0,212420700,4.595864941211605,0.007472287444199033
2008-02-27,98.9735107421875,0.0,138.22000122070312,0.0,139.13999938964844,137.41000366210938,137.55999755859375,0.0,168395800,4.594852246071084,-0.0010126951405213802
2008-02-28,98.0068359375,0.0,136.8699951171875,0.0,137.9600067138672,136.5500030517578,137.24000549316406,0.0,170831100,4.585037230702128,-0.00981501536895557
2008-02-29,95.82284545898438,0.0,133.82000732421875,0.0,135.67999267578125,132.77999877929688,135.60000610351562,0.0,252715200,4.562501126891586,-0.022536103810542052
2008-03-03,95.5937271118164,0.0,133.5,0.0,133.80999755859375,132.24000549316406,133.13999938964844,0.0,189483500,4.560107201919348,-0.002393924972238004
2008-03-04,95.2285385131836,0.0,132.99000549316406,0.0,133.39999389648438,130.99000549316406,132.22999572753906,0.0,282513100,4.556279671172129,-0.0038275307472188658
2008-03-05,95.83000183105469,0.0,133.8300018310547,0.0,134.77000427246094,132.33999633789062,133.4199981689453,0.0,270681400,4.562575807462993,0.006296136290863785
2008-03-06,93.84654998779297,0.0,131.05999755859375,0.0,133.22000122070312,130.5500030517578,132.97999572753906,0.0,247911700,4.541661001438257,-0.020914806024736166
2008-03-07,92.87986755371094,0.0,129.7100067138672,0.0,131.74000549316406,128.5800018310547,129.77000427246094,0.0,326434600,4.5313069113949815,-0.010354090043275477
2008-03-10,91.65538787841797,0.0,128.0,0.0,129.92999267578125,127.58999633789062,129.83999633789062,0.0,235683600,4.518035760101907,-0.013271151293074546
2008-03-11,94.94927978515625,0.0,132.60000610351562,0.0,132.72000122070312,128.9499969482422,130.72000122070312,0.0,341440600,4.553342852028434,0.035307091926527256
2008-03-12,94.06138610839844,0.0,131.36000061035156,0.0,133.77000427246094,131.16000366210938,132.74000549316406,0.0,229161100,4.543947612836117,-0.009395239192317106
2008-03-13,94.2690200805664,0.0,131.64999389648438,0.0,132.63999938964844,128.60000610351562,129.61000061035156,0.0,351504200,4.546152610536661,0.0022049977005442756
2008-03-14,92.80827331542969,0.0,129.61000061035156,0.0,132.80999755859375,127.77999877929688,132.77000427246094,0.0,484687800,4.530535787924266,-0.015616822612395609
2008-03-17,91.8702392578125,0.0,128.3000030517578,0.0,129.25999450683594,126.06999969482422,126.56999969482422,0.0,405311100,4.5203771385883815,-0.010158649335884284
2008-03-18,95.68679809570312,0.0,133.6300048828125,0.0,133.69000244140625,129.97999572753906,130.6199951171875,0.0,334416600,4.561080338009711,0.04070319942132983
2008-03-19,93.31668090820312,0.0,130.32000732421875,0.0,134.64999389648438,130.0399932861328,134.13999938964844,0.0,345971600,4.535998879741924,-0.025081458267787404
2008-03-20,95.04512023925781,0.0,132.0800018310547,0.642,132.91000366210938,129.25999450683594,130.0500030517578,0.0,245320700,4.554351728734468,0.01835284899254397
2008-03-24,96.94490814208984,0.0,134.72000122070312,0.0,135.80999755859375,133.24000549316406,133.30999755859375,0.0,208977300,4.574142859856498,0.019791131122030237
2008-03-25,97.03844451904297,0.0,134.85000610351562,0.0,135.5500030517578,133.77000427246094,134.86000061035156,0.0,192947200,4.57510723523118,0.0009643753746821915
2008-03-26,95.85111236572266,0.0,133.1999969482422,0.0,135.08999633789062,133.11000061035156,134.4600067138672,0.0,196934300,4.562796074700501,-0.012311160530678933
2008-03-27,95.54884338378906,0.0,132.77999877929688,0.0,134.44000244140625,132.36000061035156,134.1999969482422,0.0,225153200,4.559637565786112,-0.003158508914389735
2008-03-28,94.63496398925781,0.0,131.50999450683594,0.0,133.36000061035156,131.05999755859375,132.99000549316406,0.0,180896100,4.550027005968358,-0.009610559817753384
2008-03-31,94.96597290039062,0.0,131.97000122070312,0.0,132.72999572753906,131.08999633789062,131.2899932861328,0.0,166692100,4.553518647442877,0.0034916414745183033
2008-04-01,98.30491638183594,0.0,136.61000061035156,0.0,136.83999633789062,133.50999450683594,133.61000061035156,0.0,254547300,4.5880740399597935,0.03455539251691686
2008-04-02,98.36968994140625,0.0,136.6999969482422,0.0,137.6699981689453,135.97999572753906,137.0500030517578,0.0,210910800,4.588732727556766,0.0006586875969727402
2008-04-03,98.61434173583984,0.0,137.0399932861328,0.0,137.44000244140625,135.7100067138672,135.9600067138672,0.0,175884800,4.5912167047415675,0.0024839771848013115
2008-04-04,98.50642395019531,0.0,136.88999938964844,0.0,137.9600067138672,136.1199951171875,137.1199951171875,0.0,204446800,4.590121763819937,-0.0010949409216305384
2008-04-07,98.55682373046875,0.0,136.9600067138672,0.0,138.57000732421875,136.74000549316406,137.8699951171875,0.0,154245500,4.590633272505251,0.0005115086853137996
2008-04-08,98.4560775756836,0.0,136.82000732421875,0.0,136.9199981689453,135.9499969482422,136.19000244140625,0.0,148937300,4.589610535792082,-0.0010227367131685483
2008-04-09,97.74368286132812,0.0,135.8300018310547,0.0,136.8000030517578,134.88999938964844,136.61000061035156,0.0,195610600,4.582348571317602,-0.0072619644744804646
2008-04-10,97.88038635253906,0.0,136.02000427246094,0.0,136.6699981689453,134.89999389648438,135.4199981689453,0.0,192967800,4.583746185772842,0.001397614455240337
2008-04-11,95.98063659667969,0.0,133.3800048828125,0.0,135.1199951171875,133.00999450683594,134.49000549316406,0.0,222973300,4.564146469005308,-0.019599716767533693
2008-04-14,95.65682220458984,0.0,132.92999267578125,0.0,133.5399932861328,132.5500030517578,133.19000244140625,0.0,160522000,4.560767018011779,-0.0033794509935294315
2008-04-15,95.87992095947266,0.0,133.24000549316406,0.0,133.69000244140625,132.3300018310547,133.5800018310547,0.0,172389200,4.563096585196556,0.0023295671847769484
2008-04-16,98.47765350341797,0.0,136.85000610351562,0.0,136.91000366210938,134.52000427246094,134.5399932861328,0.0,189268900,4.589829654454005,0.026733069257448783
2008-04-17,98.62155151367188,0.0,137.0500030517578,0.0,137.25,135.66000366210938,136.02000427246094,0.0,179665700,4.5912898129138835,0.001460158459878791
2008-04-18,99.6506118774414,0.0,138.47999572753906,0.0,139.55999755859375,138.25999450683594,138.94000244140625,0.0,218530600,4.601670186905295,0.010380373991411673
2008-04-21,99.70097351074219,0.0,138.5500030517578,0.0,138.97999572753906,137.85000610351562,138.22999572753906,0.0,118587400,4.602175441320745,0.0005052544154500183
2008-04-22,99.26201629638672,0.0,137.94000244140625,0.0,138.30999755859375,136.89999389648438,138.19000244140625,0.0,162166000,4.597762983235138,-0.004412458085607085
2008-04-23,99.10372161865234,0.0,137.72000122070312,0.0,138.77999877929688,137.1199951171875,138.08999633789062,0.0,193309000,4.596166994804892,-0.0015959884302461091
2008-04-24,99.53546905517578,0.0,138.32000732421875,0.0,139.74000549316406,137.0399932861328,138.0800018310547,0.0,229381300,4.600514053559512,0.004347058754619937
2008-04-25,100.45657348632812,0.0,139.60000610351562,0.0,139.88999938964844,137.91000366210938,139.39999389648438,0.0,190788100,4.60972552950138,0.009211475941867775
2008-04-28,100.4781265258789,0.0,139.6300048828125,0.0,140.25,139.3800048828125,139.8800048828125,0.0,105610200,4.609940057302024,0.00021452780064468158
2008-04-29,100.08238983154297,0.0,139.0800018310547,0.0,139.72999572753906,138.61000061035156,139.38999938964844,0.0,125514100,4.605993745085612,-0.0039463122164127284
2008-04-30,99.49225616455078,0.0,138.25999450683594,0.0,140.58999633789062,138.25999450683594,139.2899932861328,0.0,208395900,4.6000798136438785,-0.0059139314417331335
2008-05-01,101.5503921508789,0.0,141.1199951171875,0.0,141.1199951171875,138.27000427246094,138.3800048828125,0.0,187279500,4.620555149672103,0.020475336028224156
2008-05-02,101.83097076416016,0.0,141.50999450683594,0.0,142.3699951171875,140.55999755859375,142.33999633789062,0.0,181585500,4.623314289322462,0.0027591396503590104
2008-05-05,101.34165954589844,0.0,140.8300018310547,0.0,141.61000061035156,140.41000366210938,141.0500030517578,0.0,118504500,4.61849757593399,-0.004816713388471783
2008-05-06,102.21961975097656,0.0,142.0500030517578,0.0,142.1999969482422,139.69000244140625,140.02000427246094,0.0,179339800,4.627123633424944,0.008626057490953798
2008-05-07,100.3990249633789,0.0,139.52000427246094,0.0,142.0399932861328,139.1300048828125,141.88999938964844,0.0,199267300,4.609152495690341,-0.01797113773460257
2008-05-08,100.13990783691406,0.0,139.16000366210938,0.0,140.32000732421875,138.97999572753906,139.74000549316406,0.0,178321200,4.606568286558995,-0.002584209131345716
2008-05-09,99.95281982421875,0.0,138.89999389648438,0.0,139.38999938964844,138.4499969482422,138.60000610351562,0.0,152588200,4.60469827289681,-0.0018700136621854213
2008-05-12,101.07542419433594,0.0,140.4600067138672,0.0,140.55999755859375,138.72999572753906,139.25,0.0,147865900,4.615867012345492,0.011168739448682352
2008-05-13,101.08979034423828,0.0,140.47999572753906,0.0,140.88999938964844,139.72999572753906,140.8000030517578,0.0,159132200,4.61600913521227,0.0001421228667775054
2008-05-14,101.29849243164062,0.0,140.77000427246094,0.0,142.1999969482422,140.4600067138672,141.07000732421875,0.0,181910800,4.618071528929095,0.0020623937168249284
2008-05-15,102.56498718261719,0.0,142.52999877929688,0.0,142.6300048828125,140.8300018310547,141.0399932861328,0.0,166927000,4.6304966189657035,0.012425090036608744
2008-05-16,102.65858459472656,0.0,142.66000366210938,0.0,142.8699951171875,141.61000061035156,142.86000061035156,0.0,204236800,4.63140876972683,0.0009121507611267177
2008-05-19,102.93917846679688,0.0,143.0500030517578,0.0,144.3000030517578,142.3000030517578,142.80999755859375,0.0,165664400,4.634138313493295,0.00272954376646517
2008-05-20,102.10444641113281,0.0,141.88999938964844,0.0,142.33999633789062,141.0,142.27000427246094,0.0,178552100,4.625996273792715,-0.008142039700580028
2008-05-21,100.37740325927734,0.0,139.49000549316406,0.0,142.1199951171875,139.0,141.80999755859375,0.0,252724800,4.6089371147875475,-0.017059159005167857
2008-05-22,100.39178466796875,0.0,139.50999450683594,0.0,140.1699981689453,139.0,139.42999267578125,0.0,170820400,4.60908037789345,0.00014326310590284663
2008-05-23,99.046142578125,0.0,137.63999938964844,0.0,139.66000366210938,137.52000427246094,139.0500030517578,0.0,181376400,4.595585828197674,-0.01349454969577657
2008-05-27,99.78013610839844,0.0,138.66000366210938,0.0,139.0,137.52999877929688,137.8000030517578,0.0,168322900,4.602969126516932,0.0073832983192581025
2008-05-28,100.24072265625,0.0,139.3000030517578,0.0,140.0,138.0,139.1699981689453,0.0,181288100,4.607574519822101,0.004605393305169514
2008-05-29,100.74439239501953,0.0,140.0,0.0,140.92999267578125,139.0800018310547,139.1300048828125,0.0,173927200,4.612586540667566,0.005012020845464704
2008-05-30,100.99626159667969,0.0,140.35000610351562,0.0,140.74000549316406,139.94000244140625,140.47000122070312,0.0,117362000,4.615083502261968,0.0024969615944021584
2008-06-02,99.95281982421875,0.0,138.89999389648438,0.0,139.86000061035156,138.0,139.8300018310547,0.0,181069900,4.60469827289681,-0.010385229365158288
2008-06-03,99.36996459960938,0.0,138.08999633789062,0.0,139.6199951171875,137.22999572753906,139.3000030517578,0.0,271965700,4.598849900994939,-0.005848371901871374
2008-06-04,99.319580078125,0.0,138.02000427246094,0.0,139.16000366210938,137.4600067138672,137.6999969482422,0.0,246637700,4.598342732662089,-0.0005071683328496945
2008-06-05,101.30564880371094,0.0,140.77999877929688,0.0,140.88999938964844,138.32000732421875,138.5800018310547,0.0,237867100,4.618142172816526,0.019799440154437242
2008-06-06,98.0746841430664,0.0,136.2899932861328,0.0,139.8000030517578,136.22000122070312,139.5500030517578,0.0,384276300,4.585729271525214,-0.03241290129131258
2008-06-09,98.31211853027344,0.0,136.6199951171875,0.0,137.5,135.41000366210938,136.86000061035156,0.0,228263900,4.588147300635746,0.0024180291105322382
2008-06-10,97.82279968261719,0.0,135.94000244140625,0.0,137.10000610351562,135.35000610351562,135.6699981689453,0.0,260234900,4.583157675460357,-0.004989625175388923
2008-06-11,96.38362884521484,0.0,133.94000244140625,0.0,136.25999450683594,133.92999267578125,135.97000122070312,0.0,283890100,4.568336361937451,-0.014821313522905832
2008-06-12,96.75060272216797,0.0,134.4499969482422,0.0,135.8699951171875,133.52000427246094,134.60000610351562,0.0,252791800,4.572136561576977,0.0038001996395262694
2008-06-13,97.97391510009766,0.0,136.14999389648438,0.0,136.52000427246094,134.4199981689453,135.1699981689453,0.0,244726900,4.584701270792416,0.012564709215438619
2008-06-16,98.031494140625,0.0,136.22999572753906,0.0,136.92999267578125,135.4600067138672,135.5500030517578,0.0,185832500,4.585288795824574,0.0005875250321576431
2008-06-17,97.55654907226562,0.0,135.57000732421875,0.0,137.1199951171875,135.3699951171875,137.07000732421875,0.0,191707700,4.580432200359102,-0.004856595465471791
2008-06-18,96.60668182373047,0.0,134.25,0.0,135.52000427246094,133.7100067138672,134.69000244140625,0.0,265893000,4.570647908844251,-0.009784291514851162
2008-06-19,96.72901916503906,0.0,134.4199981689453,0.0,135.24000549316406,133.5,134.14999389648438,0.0,304204900,4.571913452217884,0.001265543373633271
2008-06-20,95.1589584350586,0.0,131.5800018310547,0.669,133.08999633789062,131.22000122070312,132.83999633789062,0.0,289275700,4.555548739967737,-0.01636471225014713
2008-06-23,95.06492614746094,0.0,131.4499969482422,0.0,132.22999572753906,131.32000732421875,132.08999633789062,0.0,165096400,4.554560091297638,-0.000988648670098513
2008-06-24,94.87693786621094,0.0,131.19000244140625,0.0,132.44000244140625,130.19000244140625,131.0500030517578,0.0,267300600,4.552580660974506,-0.001979430323132192
2008-06-25,95.32528686523438,0.0,131.80999755859375,0.0,133.39999389648438,131.24000549316406,131.72000122070312,0.0,287853900,4.5572951150780385,0.004714454103532439
2008-06-26,92.73623657226562,0.0,128.22999572753906,0.0,131.4199981689453,128.0800018310547,130.57000732421875,0.0,297775000,4.5297592977243974,-0.02753581735364108
2008-06-27,92.22998046875,0.0,127.52999877929688,0.0,128.86000061035156,127.04000091552734,128.27999877929688,0.0,303423400,4.524285245480827,-0.005474052243570782
2008-06-30,92.55540466308594,0.0,127.9800033569336,0.0,128.91000366210938,127.30000305175781,127.88999938964844,0.0,258842600,4.527807434538506,0.0035221890576790926
2008-07-01,92.84471130371094,0.0,128.3800048828125,0.0,128.47000122070312,125.93000030517578,126.5199966430664,0.0,388622000,4.530928326604146,0.003120892065640035
2008-07-02,91.25369262695312,0.0,126.18000030517578,0.0,129.16000366210938,125.94999694824219,128.7899932861328,0.0,288064600,4.51364345878852,-0.01728486781562566
2008-07-03,91.34766387939453,0.0,126.30999755859375,0.0,127.11000061035156,124.98999786376953,127.11000061035156,0.0,239352500,4.514672709200839,0.0010292504123192714
2008-07-07,90.41474151611328,0.0,125.0199966430664,0.0,127.33999633789062,123.91999816894531,126.79000091552734,0.0,372427300,4.5044073239721945,-0.010265385228644952
2008-07-08,92.02022552490234,0.0,127.23999786376953,0.0,127.38999938964844,124.19999694824219,124.98999786376953,0.0,375973700,4.5220083955491654,0.017601071576970995
2008-07-09,90.24840545654297,0.0,124.79000091552734,0.0,127.73999786376953,124.38999938964844,127.5,0.0,336729400,4.502565928985362,-0.01944246656380333
2008-07-10,90.61722564697266,0.0,125.30000305175781,0.0,125.79000091552734,123.58000183105469,124.43000030517578,0.0,436475700,4.506644323530573,0.004078394545210529
2008-07-11,89.56138610839844,0.0,123.83999633789062,0.0,125.9000015258789,122.48999786376953,123.97000122070312,0.0,481124600,4.49492426847991,-0.011720055050663092
2008-07-14,88.7513656616211,0.0,122.72000122070312,0.0,125.5,122.4000015258789,125.26000213623047,0.0,322720800,4.485838815973711,-0.009085452506198521
2008-07-15,87.500244140625,0.0,120.98999786376953,0.0,123.48999786376953,120.0199966430664,121.80000305175781,0.0,502502500,4.471641583538248,-0.014197232435463114
2008-07-16,89.64813995361328,0.0,123.95999908447266,0.0,124.56999969482422,121.0999984741211,121.44999694824219,0.0,371642900,4.495892451967673,0.0242508684294247
2008-07-17,90.54493713378906,0.0,125.19999694824219,0.0,126.26000213623047,124.08999633789062,125.13999938964844,0.0,375490600,4.505846270384037,0.009953818416364335
2008-07-18,91.1090316772461,0.0,125.9800033569336,0.0,126.41999816894531,125.1500015258789,126.16999816894531,0.0,267030100,4.512056939607014,0.006210669222976861
2008-07-21,91.15962982177734,0.0,126.05000305175781,0.0,126.80000305175781,125.19000244140625,126.51000213623047,0.0,222863000,4.512612143616467,0.0005552040094531918
2008-07-22,92.19380950927734,0.0,127.4800033569336,0.0,127.80000305175781,124.8499984741211,125.1500015258789,0.0,296904200,4.523892986326617,0.011280842710149841
2008-07-23,92.69280242919922,0.0,128.1699981689453,0.0,129.14999389648438,127.55000305175781,127.88999938964844,0.0,311698400,4.529290825859423,0.005397839532806259
2008-07-24,90.76911163330078,0.0,125.51000213623047,0.0,128.41000366210938,125.16000366210938,128.33999633789062,0.0,248634500,4.508319047482829,-0.020971778376593697
2008-07-25,90.74739837646484,0.0,125.4800033569336,0.0,126.48999786376953,125.16999816894531,125.88999938964844,0.0,219131000,4.508079804706089,-0.00023924277674058914
2008-07-28,89.41674041748047,0.0,123.63999938964844,0.0,126.05999755859375,123.41999816894531,125.51000213623047,0.0,205201300,4.493307917641767,-0.014771887064322087
2008-07-29,91.32598114013672,0.0,126.27999877929688,0.0,126.37999725341797,123.63999938964844,123.9800033569336,0.0,261505600,4.514435316014128,0.02112739837236166
2008-07-30,92.95315551757812,0.0,128.52999877929688,0.0,128.60000610351562,126.27999877929688,127.11000061035156,0.0,354710000,4.53209566213966,0.017660346125532023
2008-07-31,91.72374725341797,0.0,126.83000183105469,0.0,128.57000732421875,126.62999725341797,127.4000015258789,0.0,277402100,4.518781312512952,-0.0133143496267083
2008-08-01,91.23920440673828,0.0,126.16000366210938,0.0,127.27999877929688,125.45999908447266,127.12000274658203,0.0,248690900,4.513484677592311,-0.005296634920640919
2008-08-04,90.39301300048828,0.0,124.98999786376953,0.0,126.13999938964844,124.76000213623047,126.04000091552734,0.0,188239600,4.504166974593511,-0.00931770299879986
2008-08-05,92.83023071289062,0.0,128.36000061035156,0.0,128.55999755859375,124.97000122070312,126.0199966430664,0.0,251577600,4.530772348735593,0.02660537414208175
2008-08-06,93.24246215820312,0.0,128.92999267578125,0.0,129.3000030517578,127.4800033569336,128.02000427246094,0.0,209555400,4.535203220492042,0.004430871756448518
2008-08-07,91.85388946533203,0.0,127.01000213623047,0.0,128.44000244140625,126.54000091552734,127.95999908447266,0.0,246312500,4.520199156603791,-0.015004063888250485
2008-08-08,93.56066131591797,0.0,129.3699951171875,0.0,129.92999267578125,126.37999725341797,126.58000183105469,0.0,260811700,4.538610010052669,0.01841085344887805
2008-08-11,94.52976989746094,0.0,130.7100067138672,0.0,131.50999450683594,129.22999572753906,129.47000122070312,0.0,249425800,4.548914810259581,0.010304800206911935
2008-08-12,93.54618835449219,0.0,129.35000610351562,0.0,130.6999969482422,128.72999572753906,130.27999877929688,0.0,213200800,4.538455307416393,-0.010459502843188417
2008-08-13,92.98211669921875,0.0,128.57000732421875,0.0,129.64999389648438,127.66999816894531,128.7899932861328,0.0,256393200,4.532407181105691,-0.006048126310701285
2008-08-14,93.68362426757812,0.0,129.5399932861328,0.0,130.27999877929688,127.75,127.83999633789062,0.0,239555300,4.539923406282123,0.007516225176432023
2008-08-15,94.13922119140625,0.0,130.1699981689453,0.0,130.5,129.3000030517578,129.92999267578125,0.0,181000800,4.544774763062275,0.004851356780151583
2008-08-18,92.8519287109375,0.0,128.38999938964844,0.0,130.47999572753906,127.66000366210938,130.42999267578125,0.0,172275100,4.531006059914017,-0.013768703148257622
2008-08-19,91.83943176269531,0.0,126.98999786376953,0.0,127.69000244140625,126.52999877929688,127.41999816894531,0.0,194673700,4.520041745299233,-0.01096431461478442
2008-08-20,92.2661361694336,0.0,127.58000183105469,0.0,127.94999694824219,126.33999633789062,127.38999938964844,0.0,225498200,4.524677185450136,0.004635440150902781
2008-08-21,92.42523956298828,0.0,127.80000305175781,0.0,128.44000244140625,126.5999984741211,126.75,0.0,180609800,4.526400096791079,0.0017229113409431562
2008-08-22,93.76317596435547,0.0,129.64999389648438,0.0,129.64999389648438,127.80000305175781,128.6699981689453,0.0,167715300,4.540772198594983,0.014372101803903803
2008-08-25,91.86112976074219,0.0,127.0199966430664,0.0,129.64999389648438,126.75,128.8000030517578,0.0,171936900,4.520277977545534,-0.020494221049448313
2008-08-26,92.12872314453125,0.0,127.38999938964844,0.0,127.87000274658203,126.58000183105469,127.0199966430664,0.0,159117200,4.523186763744775,0.0029087861992405095
2008-08-27,93.02550506591797,0.0,128.6300048828125,0.0,128.8300018310547,127.30000305175781,127.55000305175781,0.0,171032800,4.532873703574765,0.009686939829990138
2008-08-28,94.15373229980469,0.0,130.19000244140625,0.0,130.33999633789062,129.11000061035156,129.27999877929688,0.0,167537100,4.544928896375903,0.01205519280113787
2008-08-29,93.14116668701172,0.0,128.7899932861328,0.0,130.13999938964844,128.50999450683594,129.72999572753906,0.0,189195800,4.5341162636408185,-0.010812632735084371
2008-09-02,92.56265258789062,0.0,127.98999786376953,0.0,130.7100067138672,127.5199966430664,130.02999877929688,0.0,252364900,4.5278857405116355,-0.006230523129183041
2008-09-03,92.48307037353516,0.0,127.87999725341797,0.0,128.5,126.93000030517578,127.87999725341797,0.0,251947000,4.527025604778819,-0.0008601357328164028
2008-09-04,89.69873809814453,0.0,124.02999877929688,0.0,127.2300033569336,123.95999908447266,126.97000122070312,0.0,340042500,4.496456700940651,-0.03056890383816846
2008-09-05,89.98080444335938,0.0,124.41999816894531,0.0,124.94999694824219,122.0,123.29000091552734,0.0,289503400,4.499596363619332,0.0031396626786817095
2008-09-08,91.83943176269531,0.0,126.98999786376953,0.0,128.24000549316406,124.41999816894531,128.0399932861328,0.0,364075300,4.520041745299233,0.02044538167990062
2008-09-09,89.11296081542969,0.0,123.22000122070312,0.0,127.36000061035156,122.80000305175781,127.0999984741211,0.0,377326800,4.489904787595249,-0.03013695770398428
2008-09-10,89.47457122802734,0.0,123.72000122070312,0.0,124.9000015258789,122.55000305175781,123.88999938964844,0.0,298916600,4.493954464553738,0.0040496769584894565
2008-09-11,90.76911163330078,0.0,125.51000213623047,0.0,125.73999786376953,121.5999984741211,122.12000274658203,0.0,375369400,4.508319047482829,0.014364582929091263
2008-09-12,91.1885757446289,0.0,126.08999633789062,0.0,126.20999908447266,123.83000183105469,124.29000091552734,0.0,297851200,4.512929623275834,0.004610575793004834
2008-09-15,86.84934997558594,0.0,120.08999633789062,0.0,125.6500015258789,119.88999938964844,121.62999725341797,0.0,483607000,4.464175008209893,-0.04875461506594103
2008-09-16,88.30299377441406,0.0,122.0999984741211,0.0,122.31999969482422,117.0,117.19999694824219,0.0,581744300,4.480774011615168,0.016599003405274537
2008-09-17,84.3326187133789,0.0,116.61000061035156,0.0,121.8499984741211,116.0,119.63999938964844,0.0,624095600,4.434768726269108,-0.04600528534605974
2008-09-18,86.83488464355469,0.0,120.06999969482422,0.0,121.79000091552734,113.80000305175781,118.05000305175781,0.0,776114700,4.4640084377425575,0.029239711473449503
2008-09-19,90.28341674804688,0.0,124.12000274658203,0.691,128.0,123.33000183105469,126.69999694824219,0.0,501087800,4.50295379735688,0.03894535961432233
2008-09-22,88.23947143554688,0.0,121.30999755859375,0.0,124.75,120.36000061035156,124.44999694824219,0.0,249966500,4.480054384849642,-0.022899412507237926
2008-09-23,86.23188018798828,0.0,118.55000305175781,0.0,122.0199966430664,118.27999877929688,120.8499984741211,0.0,327470400,4.457039949063624,-0.023014435786017806
2008-09-24,86.50830078125,0.0,118.93000030517578,0.0,120.0,117.79000091552734,119.3499984741211,0.0,311818400,4.460240372122717,0.0032004230590931826
2008-09-25,87.86124420166016,0.0,120.79000091552734,0.0,121.91000366210938,118.44000244140625,119.4000015258789,0.0,328253000,4.475758799631751,0.01551842750903365
2008-09-26,87.90487670898438,0.0,120.8499984741211,0.0,121.5,118.51000213623047,118.83000183105469,0.0,285917400,4.476255283345386,0.0004964837136354205
2008-09-29,81.01651763916016,0.0,111.37999725341797,0.0,119.33999633789062,110.97000122070312,119.13999938964844,0.0,459562300,4.394653055354395,-0.0816022279909916
2008-09-30,84.36979675292969,0.0,115.98999786376953,0.0,116.80000305175781,110.52999877929688,113.51000213623047,0.0,328154400,4.435209479177711,0.04055642382331648
2008-10-01,84.42066192626953,0.0,116.05999755859375,0.0,116.69000244140625,113.94999694824219,115.2699966430664,0.0,332783000,4.435812181193899,0.0006027020161880614
2008-10-02,81.35836029052734,0.0,111.8499984741211,0.0,115.11000061035156,111.05999755859375,114.94999694824219,0.0,365337800,4.3988635977826345,-0.036948583411264835
2008-10-03,80.260009765625,0.0,110.33999633789062,0.0,115.44999694824219,109.68000030517578,112.86000061035156,0.0,461798000,4.385271486513632,-0.01359211126900206
2008-10-06,76.1720962524414,0.0,104.72000122070312,0.0,107.62000274658203,100.63999938964844,107.1500015258789,0.0,610637500,4.332995204715493,-0.05227628179813948
2008-10-07,72.7606430053711,0.0,100.02999877929688,0.0,107.33000183105469,99.6500015258789,106.83999633789062,0.0,540012100,4.287175190957918,-0.04582001375757461
2008-10-08,70.9276351928711,0.0,97.51000213623047,0.0,102.18000030517578,96.80999755859375,97.5199966430664,0.0,725414800,4.261660134645108,-0.025515056312809925
2008-10-09,65.97412872314453,0.0,90.69999694824219,0.0,100.62000274658203,90.25,99.66000366210938,0.0,534485200,4.189262676135373,-0.07239745850973556
2008-10-10,64.37387084960938,0.0,88.5,0.0,93.94000244140625,83.58000183105469,86.76000213623047,0.0,871026300,4.164707818629826,-0.024554857505546757
2008-10-13,73.72081756591797,0.0,101.3499984741211,0.0,101.3499984741211,89.94999694824219,93.87000274658203,0.0,455584000,4.300285222890941,0.13557740426111486
2008-10-14,72.62969970703125,0.0,99.8499984741211,0.0,105.52999877929688,97.11000061035156,104.69999694824219,0.0,546268300,4.285373925051237,-0.014911297839703685
2008-10-15,65.47948455810547,0.0,90.0199966430664,0.0,97.80000305175781,89.70999908447266,97.45999908447266,0.0,484627500,4.181736880726464,-0.10363704432477316
2008-10-16,68.20720672607422,0.0,93.7699966430664,0.0,94.7699966430664,86.54000091552734,91.29000091552734,0.0,708811200,4.222550229736982,0.04081334901051825
2008-10-17,67.79986572265625,0.0,93.20999908447266,0.0,98.58999633789062,91.6500015258789,91.98999786376953,0.0,476649000,4.216560214452593,-0.005990015284389472
2008-10-20,71.87322998046875,0.0,98.80999755859375,0.0,99.0999984741211,94.08999633789062,95.3499984741211,0.0,321294200,4.274903872455585,0.05834365800299235
2008-10-21,69.7274398803711,0.0,95.86000061035156,0.0,98.63999938964844,95.22000122070312,96.97000122070312,0.0,356502000,4.244593925807319,-0.03030994664826636
2008-10-22,65.93047332763672,0.0,90.63999938964844,0.0,95.86000061035156,87.52999877929688,93.19999694824219,0.0,516168000,4.188600752344648,-0.05599317346267085
2008-10-23,66.69424438476562,0.0,91.69000244140625,0.0,92.44999694824219,85.80999755859375,90.29000091552734,0.0,634666400,4.200118658115314,0.011517905770666026
2008-10-24,63.31187057495117,0.0,87.04000091552734,0.0,89.91999816894531,84.0,84.05999755859375,0.0,545812600,4.1480728403989895,-0.05204581771632455
2008-10-27,61.064239501953125,0.0,83.94999694824219,0.0,89.51000213623047,83.69999694824219,85.97000122070312,0.0,397288600,4.111926416634965,-0.03614642376402433
2008-10-28,68.19995880126953,0.0,93.76000213623047,0.0,94.23999786376953,84.52999877929688,87.33999633789062,0.0,639939500,4.222443960762277,0.11051754412731185
2008-10-29,67.70530700683594,0.0,93.08000183105469,0.0,97.16999816894531,92.0999984741211,93.7699966430664,0.0,531270100,4.21516456690255,-0.007279393859726646
2008-10-30,70.04750061035156,0.0,96.30000305175781,0.0,96.54000091552734,92.9000015258789,95.77999877929688,0.0,414582100,4.249173592065833,0.0340090251632823
2008-10-31,70.43301391601562,0.0,96.83000183105469,0.0,98.56999969482422,94.4800033569336,95.08000183105469,0.0,411394000,4.254662100913078,0.005488508847244944
2008-11-03,70.63665008544922,0.0,97.11000061035156,0.0,97.69000244140625,95.94999694824219,96.77999877929688,0.0,205419400,4.257549132824814,0.0028870319117366705
2008-11-04,73.03706359863281,0.0,100.41000366210938,0.0,100.86000061035156,96.70999908447266,99.05999755859375,0.0,346793400,4.2909670328311496,0.033417900006335266
2008-11-05,69.96747589111328,0.0,96.19000244140625,0.0,100.70999908447266,95.0,99.19999694824219,0.0,387844100,4.248030503948382,-0.04293652888276789
2008-11-06,66.09048461914062,0.0,90.86000061035156,0.0,95.44000244140625,90.05999755859375,94.45999908447266,0.0,477721900,4.191024782170572,-0.05700572177780927
2008-11-07,68.27262878417969,0.0,93.86000061035156,0.0,94.0,90.5,91.6500015258789,0.0,380391000,4.223508936389459,0.03248415421888673
2008-11-10,67.37797546386719,0.0,92.62999725341797,0.0,95.52999877929688,90.91999816894531,95.20999908447266,0.0,301773000,4.2103181909830285,-0.013190745406430615
2008-11-11,65.29763793945312,0.0,89.7699966430664,0.0,92.13999938964844,88.6500015258789,90.76000213623047,0.0,418498200,4.178955863184856,-0.031362327798172274
2008-11-12,62.42446517944336,0.0,85.81999969482422,0.0,88.94999694824219,85.12000274658203,88.2300033569336,0.0,454330600,4.133957268719339,-0.04499859446551735
2008-11-13,66.31600189208984,0.0,91.16999816894531,0.0,91.7300033569336,82.08999633789062,86.12999725341797,0.0,753141900,4.194431223908642,0.060473955189302764
2008-11-14,63.006370544433594,0.0,86.62000274658203,0.0,92.05999755859375,86.5199966430664,89.41000366210938,0.0,540352300,4.1432358410321894,-0.0511953828764522
2008-11-17,62.169883728027344,0.0,85.47000122070312,0.0,88.55999755859375,85.16000366210938,86.37999725341797,0.0,415254900,4.129870698053139,-0.013365142979050226
2008-11-18,63.34099197387695,0.0,87.08000183105469,0.0,87.22000122070312,82.91000366210938,85.1500015258789,0.0,523811800,4.148532702084749,0.01866200403160967
2008-11-19,59.282135009765625,0.0,81.5,0.0,86.87000274658203,80.91999816894531,85.91000366210938,0.0,558327600,4.082307996023587,-0.0662247060611616
2008-11-20,54.88144302368164,0.0,75.44999694824219,0.0,82.51000213623047,75.05000305175781,80.12999725341797,0.0,814180400,4.00517527723524,-0.07713271878834771
2008-11-21,57.841915130615234,0.0,79.5199966430664,0.0,80.9000015258789,74.33999633789062,77.45999908447266,0.0,718536500,4.057713688135954,0.05253841090071454
2008-11-24,61.84977722167969,0.0,85.02999877929688,0.0,86.98999786376953,80.36000061035156,81.91999816894531,0.0,523305300,4.1247084969189896,0.06699480878303543
2008-11-25,62.3080940246582,0.0,85.66000366210938,0.0,87.51000213623047,83.81999969482422,87.30000305175781,0.0,454112400,4.132091337493493,0.007382840574503113
2008-11-26,64.71572875976562,0.0,88.97000122070312,0.0,89.19000244140625,84.23999786376953,84.30000305175781,0.0,370134200,4.170004274895133,0.037912937401640256
2008-11-28,65.53041076660156,0.0,90.08999633789062,0.0,90.12999725341797,88.4800033569336,88.62999725341797,0.0,118308100,4.182514321406574,0.01251004651144072
2008-12-01,59.72586441040039,0.0,82.11000061035156,0.0,87.55000305175781,81.86000061035156,87.51000213623047,0.0,369927100,4.089765166282532,-0.09274915512404203
2008-12-02,62.0244026184082,0.0,85.2699966430664,0.0,85.48999786376953,82.04000091552734,83.47000122070312,0.0,469508400,4.127527898228109,0.03776273194557778
2008-12-03,63.51552963256836,0.0,87.31999969482422,0.0,87.83000183105469,83.13999938964844,83.4000015258789,0.0,519863500,4.151284437141253,0.023756538913144
2008-12-04,62.0462532043457,0.0,85.30000305175781,0.0,88.05000305175781,83.73999786376953,86.05999755859375,0.0,444173800,4.127880126335851,-0.023404310805402062
2008-12-05,63.95927047729492,0.0,87.93000030517578,0.0,88.41999816894531,82.23999786376953,83.6500015258789,0.0,471905300,4.158246481979738,0.030366355643886678
2008-12-08,66.19231414794922,0.0,91.0,0.0,92.37999725341797,88.08000183105469,90.33999633789062,0.0,412859300,4.192564355718629,0.034317873738890725
2008-12-09,65.10124206542969,0.0,89.5,0.0,92.12999725341797,88.9800033569336,90.37000274658203,0.0,370790000,4.175943628378593,-0.016620727340035835
2008-12-10,65.54496765136719,0.0,90.11000061035156,0.0,91.36000061035156,89.0,90.31999969482422,0.0,396187400,4.182736436116462,0.0067928077378693885
2008-12-11,63.966552734375,0.0,87.94000244140625,0.0,91.0,87.37000274658203,89.54000091552734,0.0,365061000,4.158360333224235,-0.024376102892227358
2008-12-12,64.73027801513672,0.0,88.98999786376953,0.0,89.06999969482422,85.19999694824219,85.55000305175781,0.0,415060400,4.1702290675449,0.011868734320665375
2008-12-15,63.82832336425781,0.0,87.75,0.0,89.1500015258789,86.29000091552734,89.0199966430664,0.0,256694200,4.15619703171724,-0.014032035827660216
2008-12-16,66.83245086669922,0.0,91.87999725341797,0.0,92.0199966430664,88.18000030517578,91.87999725341797,0.0,377699500,4.202188754001803,0.04599172228456272
2008-12-17,66.18502807617188,0.0,90.98999786376953,0.0,92.43000030517578,90.05999755859375,90.83999633789062,0.0,281819800,4.192454275373121,-0.009734478628681487
2008-12-18,64.948486328125,0.0,89.29000091552734,0.0,91.66999816894531,88.20999908447266,91.4000015258789,0.0,374673300,4.173594437658356,-0.01885983771476507
2008-12-19,64.66912078857422,0.0,88.19000244140625,0.719,90.62000274658203,88.08999633789062,89.0999984741211,0.0,301451300,4.1692838200138995,-0.004310617644456727
2008-12-22,63.840492248535156,0.0,87.05999755859375,0.0,88.66999816894531,85.48999786376953,88.58000183105469,0.0,243759500,4.156387663771838,-0.01289615624206153
2008-12-23,63.180538177490234,0.0,86.16000366210938,0.0,87.93000030517578,85.80000305175781,87.52999877929688,0.0,221625200,4.145996313499898,-0.010391350271939714
2008-12-24,63.547183990478516,0.0,86.66000366210938,0.0,86.87000274658203,86.0,86.44999694824219,0.0,62061600,4.151782684938147,0.005786371438248672
2008-12-26,63.91382598876953,0.0,87.16000366210938,0.0,87.30000305175781,86.5,87.23999786376953,0.0,74767700,4.157535707130383,0.005753022192235946
2008-12-29,63.73051452636719,0.0,86.91000366210938,0.0,87.33000183105469,85.5999984741211,87.23999786376953,0.0,127795900,4.154663482828324,-0.00287222430205869
2008-12-30,65.24107360839844,0.0,88.97000122070312,0.0,89.05000305175781,86.87999725341797,87.51000213623047,0.0,168256300,4.178089233908005,0.0234257510796807
2008-12-31,66.17234802246094,0.0,90.23999786376953,0.0,90.97000122070312,88.87000274658203,89.08000183105469,0.0,193987200,4.192262672092315,0.014173438184309717
2009-01-02,68.16695404052734,0.0,92.95999908447266,0.0,93.44000244140625,89.8499984741211,90.44000244140625,0.0,227566300,4.221959902559318,0.029697230467003344
2009-01-05,68.08626556396484,0.0,92.8499984741211,0.0,93.66000366210938,91.88999938964844,92.62999725341797,0.0,240349700,4.220775512403561,-0.001184390155756887
2009-01-06,68.54092407226562,0.0,93.47000122070312,0.0,94.44999694824219,92.68000030517578,93.63999938964844,0.0,328260900,4.227430998588809,0.006655486185247916
2009-01-07,66.48766326904297,0.0,90.66999816894531,0.0,92.26000213623047,90.19999694824219,92.0,0.0,280899200,4.197016415700585,-0.030414582888224295
2009-01-08,66.75901794433594,0.0,91.04000091552734,0.0,91.08999633789062,89.66999816894531,90.16000366210938,0.0,263834400,4.201089388444814,0.00407297274422902
2009-01-09,65.32907104492188,0.0,89.08999633789062,0.0,91.31999969482422,85.36000061035156,91.16000366210938,0.0,330953600,4.179437129325906,-0.021652259118908113
2009-01-12,63.75983428955078,0.0,86.94999694824219,0.0,88.91000366210938,86.41000366210938,88.83999633789062,0.0,277858500,4.155123435506669,-0.02431369381923698
2009-01-13,63.87717056274414,0.0,87.11000061035156,0.0,87.87999725341797,86.19999694824219,86.7300033569336,0.0,356432300,4.156962029359337,0.0018385938526686019
2009-01-14,61.86793518066406,0.0,84.37000274658203,0.0,85.75,83.16000366210938,85.54000091552734,0.0,435491600,4.1250020354715895,-0.03195999388774773
2009-01-15,61.889915466308594,0.0,84.4000015258789,0.0,85.25,81.72000122070312,84.12000274658203,0.0,532647300,4.125357249880384,0.00035521440879460187
2009-01-16,62.373897552490234,0.0,85.05999755859375,0.0,85.98999786376953,83.05000305175781,85.86000061035156,0.0,399237200,4.133146879406312,0.007789629525928099
2009-01-20,59.08142852783203,0.0,80.56999969482422,0.0,85.05999755859375,80.05000305175781,84.2300033569336,0.0,419855200,4.078916636921163,-0.05423024248514885
2009-01-21,61.63327407836914,0.0,84.05000305175781,0.0,84.23999786376953,80.47000122070312,81.94000244140625,0.0,364360700,4.121201888313514,0.042285251392351064
2009-01-22,60.68000793457031,0.0,82.75,0.0,84.04000091552734,81.16999816894531,82.41999816894531,0.0,427940300,4.105614285241205,-0.015587603072309442
2009-01-23,60.9439811706543,0.0,83.11000061035156,0.0,83.98999786376953,80.56999969482422,80.9000015258789,0.0,386800600,4.109955100774766,0.0043408155335606935
2009-01-26,61.36195755004883,0.0,83.68000030517578,0.0,85.36000061035156,82.80999755859375,83.58999633789062,0.0,317978800,4.116790059256261,0.006834958481495512
2009-01-27,61.98526382446289,0.0,84.52999877929688,0.0,85.1500015258789,83.30000305175781,84.12999725341797,0.0,273789700,4.126896676544066,0.010106617287804376
2009-01-28,64.08247375488281,0.0,87.38999938964844,0.0,87.94999694824219,86.06999969482422,86.4000015258789,0.0,330007000,4.16017090617982,0.03327422963575444
2009-01-29,61.999908447265625,0.0,84.55000305175781,0.0,87.48999786376953,84.47000122070312,86.11000061035156,0.0,294392500,4.127132908386995,-0.03303799779282457
2009-01-30,60.73863983154297,0.0,82.83000183105469,0.0,85.4000015258789,82.20999908447266,84.9800033569336,0.0,383383600,4.1065800660765,-0.02055284231049548
2009-02-02,60.55537033081055,0.0,82.58000183105469,0.0,83.18000030517578,81.30999755859375,81.56999969482422,0.0,288233300,4.1035581585650895,-0.0030219075114104044
2009-02-03,61.40594482421875,0.0,83.73999786376953,0.0,84.36000061035156,82.22000122070312,83.0999984741211,0.0,278385800,4.11750665170757,0.0139484931424807
2009-02-04,61.105323791503906,0.0,83.33000183105469,0.0,85.37000274658203,83.04000091552734,84.30000305175781,0.0,322989300,4.112598994812246,-0.004907656895324131
2009-02-05,62.01460647583008,0.0,84.56999969482422,0.0,85.29000091552734,77.7300033569336,82.69999694824219,0.0,417679400,4.127369945618361,0.014770950806115124
2009-02-06,63.78180694580078,0.0,86.9800033569336,0.0,87.33999633789062,84.68000030517578,84.86000061035156,0.0,366101700,4.155467992096258,0.028098046477897043
2009-02-09,63.86982727050781,0.0,87.0999984741211,0.0,87.73999786376953,86.31999969482422,86.95999908447266,0.0,240075200,4.15684706317823,0.0013790710819714391
2009-02-10,60.9439811706543,0.0,83.11000061035156,0.0,87.02999877929688,82.44999694824219,86.2699966430664,0.0,536212800,4.109955100774766,-0.04689196240346405
2009-02-11,61.30331802368164,0.0,83.5999984741211,0.0,84.05000305175781,82.4000015258789,83.44999694824219,0.0,324442500,4.115833969106709,0.005878868331943288
2009-02-12,61.347312927246094,0.0,83.66000366210938,0.0,83.81999969482422,81.05000305175781,82.16999816894531,0.0,469302200,4.11655137113082,0.000717402024110747
2009-02-13,60.68733215332031,0.0,82.76000213623047,0.0,84.23999786376953,82.73999786376953,83.55000305175781,0.0,293998400,4.1057349802939855,-0.010816390836834167
2009-02-17,58.09146499633789,0.0,79.22000122070312,0.0,82.95999908447266,79.16999816894531,80.16000366210938,0.0,478910100,4.062018751110398,-0.04371622918358753
2009-02-18,57.95215606689453,0.0,79.02999877929688,0.0,79.94000244140625,78.27999877929688,79.79000091552734,0.0,362964800,4.059617774734623,-0.0024009763757746327
2009-02-19,57.32884979248047,0.0,78.18000030517578,0.0,80.1500015258789,78.0199966430664,79.83999633789062,0.0,316867500,4.048803983793517,-0.010813790941106127
2009-02-20,56.771549224853516,0.0,77.41999816894531,0.0,78.33999633789062,75.7699966430664,76.7300033569336,0.0,477176600,4.0390353063092,-0.009768677484316868
2009-02-23,54.74030685424805,0.0,74.6500015258789,0.0,78.2699966430664,74.58999633789062,78.2699966430664,0.0,379641400,4.002600309264487,-0.03643499704471331
2009-02-24,56.81554412841797,0.0,77.4800033569336,0.0,77.94999694824219,74.69999694824219,75.29000091552734,0.0,426260900,4.03980995252059,0.03720964325610332
2009-02-25,56.368247985839844,0.0,76.87000274658203,0.0,78.41999816894531,75.62999725341797,77.13999938964844,0.0,461985800,4.0319060209973765,-0.007903931523213892
2009-02-26,55.45161437988281,0.0,75.62000274658203,0.0,79.66999816894531,75.52999877929688,77.81999969482422,0.0,363353900,4.015510827527352,-0.01639519347002416
2009-02-27,54.212364196777344,0.0,73.93000030517578,0.0,75.69000244140625,73.80999755859375,74.01000213623047,0.0,470510900,3.9929090041415582,-0.022601823385794084
2009-03-02,51.7704963684082,0.0,70.5999984741211,0.0,73.91999816894531,70.37000274658203,72.5199966430664,0.0,426452600,3.946820418822418,-0.046088585319140396
2009-03-03,51.381839752197266,0.0,70.06999969482422,0.0,71.69999694824219,69.63999938964844,71.61000061035156,0.0,443761000,3.939284797817593,-0.007535621004824744
2009-03-04,52.599124908447266,0.0,71.7300033569336,0.0,72.87000274658203,70.06999969482422,71.2300033569336,0.0,462753100,3.9626994828837376,0.023414685066144525
2009-03-05,50.45055389404297,0.0,68.80000305175781,0.0,71.7300033569336,68.16999816894531,70.0999984741211,0.0,485549400,3.9209937258085845,-0.041705757075153116
2009-03-06,50.53855514526367,0.0,68.91999816894531,0.0,70.44999694824219,67.0999984741211,69.4000015258789,0.0,490470000,3.9227365132107463,0.0017427874021618273
2009-03-09,49.94459533691406,0.0,68.11000061035156,0.0,70.0,67.7300033569336,67.94999694824219,0.0,379905300,3.91091429777718,-0.01182221543356654
2009-03-10,52.921749114990234,0.0,72.16999816894531,0.0,72.37000274658203,69.37000274658203,69.51000213623047,0.0,406227900,3.968814390760076,0.05790009298289611
2009-03-11,53.26640701293945,0.0,72.63999938964844,0.0,73.75,71.83000183105469,73.0,0.0,356648300,3.975305870051548,0.006491479291471869
2009-03-12,55.36362838745117,0.0,75.5,0.0,75.75,71.97000122070312,72.62000274658203,0.0,409702700,4.01392285084249,0.038616980790942
2009-03-13,55.796268463134766,0.0,76.08999633789062,0.0,76.9800033569336,74.7300033569336,76.01000213623047,0.0,337474700,4.021706993730614,0.007784142888124457
2009-03-16,55.62760543823242,0.0,75.86000061035156,0.0,77.97000122070312,75.80999755859375,76.95999908447266,0.0,360644900,4.018679578728486,-0.0030274150021281088
2009-03-17,57.32884979248047,0.0,78.18000030517578,0.0,78.36000061035156,75.44999694824219,76.06999969482422,0.0,356814300,4.048803983793517,0.030124405065031112
2009-03-18,58.61212158203125,0.0,79.93000030517578,0.0,80.9000015258789,77.06999969482422,77.80999755859375,0.0,473273200,4.070941528127535,0.02213754433401771
2009-03-19,57.88615417480469,0.0,78.94000244140625,0.0,81.0,78.69000244140625,80.93000030517578,0.0,428520400,4.058478222558931,-0.012463305568603644
2009-03-20,56.65350341796875,0.0,76.70999908447266,0.561,78.91000366210938,76.52999877929688,78.76000213623047,0.0,371078200,4.036953828773961,-0.021524393784970286
2009-03-23,60.722900390625,0.0,82.22000122070312,0.0,82.29000091552734,78.30999755859375,78.73999786376953,0.0,419933300,4.106320898590607,0.06936706981664553
2009-03-24,59.52644348144531,0.0,80.5999984741211,0.0,82.36000061035156,80.51000213623047,81.23999786376953,0.0,330271000,4.086420642082181,-0.019900256508425862
2009-03-25,60.15422821044922,0.0,81.44999694824219,0.0,82.69999694824219,79.05999755859375,81.2300033569336,0.0,441775100,4.096911734388208,0.010491092306027738
2009-03-26,61.38019561767578,0.0,83.11000061035156,0.0,83.30000305175781,81.31999969482422,82.25,0.0,422025200,4.117087236180252,0.020175501792043526
2009-03-27,60.27239990234375,0.0,81.61000061035156,0.0,82.52999877929688,81.30999755859375,82.05000305175781,0.0,322332300,4.0988742858882485,-0.018212950292003427
2009-03-30,58.18968200683594,0.0,78.79000091552734,0.0,79.87000274658203,77.95999908447266,79.80000305175781,0.0,324108500,4.063708053914619,-0.03516623197362989
2009-03-31,58.72880554199219,0.0,79.5199966430664,0.0,81.08000183105469,79.05000305175781,79.55999755859375,0.0,364238300,4.072930331203856,0.00922227728923719
2009-04-01,59.866188049316406,0.0,81.05999755859375,0.0,81.41999816894531,78.33000183105469,78.52999877929688,0.0,377018300,4.092111872446146,0.019181541242289768
2009-04-02,61.61650085449219,0.0,83.43000030517578,0.0,84.61000061035156,81.12999725341797,83.08000183105469,0.0,476230700,4.120929705682923,0.028817833236777446
2009-04-03,62.22953414916992,0.0,84.26000213623047,0.0,84.27999877929688,82.66999816894531,83.48999786376953,0.0,284646300,4.1308297126005105,0.009900006917587412
2009-04-06,61.74205017089844,0.0,83.5999984741211,0.0,84.27999877929688,82.29000091552734,83.33999633789062,0.0,264866600,4.122965225048417,-0.007864487552093458
2009-04-07,60.30193328857422,0.0,81.6500015258789,0.0,82.6500015258789,81.51000213623047,82.25,0.0,258947800,4.099364164389576,-0.023601060658840822
2009-04-08,60.95186996459961,0.0,82.52999877929688,0.0,82.94000244140625,81.54000091552734,82.05999755859375,0.0,230402800,4.110084535761811,0.010720371372235249
2009-04-09,63.3742790222168,0.0,85.80999755859375,0.0,85.81999969482422,84.33000183105469,84.66999816894531,0.0,269653500,4.149058085471358,0.038973549709546695
2009-04-13,63.389034271240234,0.0,85.83000183105469,0.0,86.54000091552734,84.58000183105469,84.91999816894531,0.0,224847500,4.149290885462251,0.00023279999089265146
2009-04-14,62.295982360839844,0.0,84.3499984741211,0.0,85.76000213623047,84.08000183105469,85.02999877929688,0.0,276598800,4.131896935123878,-0.017393950338372655
2009-04-15,62.96070861816406,0.0,85.25,0.0,85.41999816894531,83.61000061035156,83.83999633789062,0.0,250726100,4.142510859099242,0.010613923975363981
2009-04-16,63.88385009765625,0.0,86.5,0.0,87.1500015258789,84.7699966430664,85.93000030517578,0.0,335202900,4.157066592314199,0.014555733214956845
2009-04-17,64.31221008300781,0.0,87.08000183105469,0.0,87.6500015258789,86.13999938964844,86.83000183105469,0.0,262649000,4.163749505642538,0.006682913328338813
2009-04-20,61.61650085449219,0.0,83.43000030517578,0.0,87.05000305175781,83.33999633789062,85.54000091552734,0.0,293690100,4.120929705682923,-0.04281979995961471
2009-04-21,62.82035827636719,0.0,85.05999755859375,0.0,85.12999725341797,82.75,82.81999969482422,0.0,114090900,4.1402791973156186,0.019349491632695504
2009-04-22,62.43633270263672,0.0,84.54000091552734,0.0,86.33999633789062,84.06999969482422,84.29000091552734,0.0,340395200,4.134147360780744,-0.006131836534874147
2009-04-23,63.04931640625,0.0,85.37000274658203,0.0,85.41999816894531,83.62999725341797,84.70999908447266,0.0,324903700,4.143917220262542,0.009769859481797205
2009-04-24,64.00201416015625,0.0,86.66000366210938,0.0,87.30999755859375,85.69000244140625,86.02999877929688,0.0,287703000,4.158914554116904,0.014997333854362083
2009-04-27,63.39643478393555,0.0,85.83999633789062,0.0,87.01000213623047,85.54000091552734,85.68000030517578,0.0,289581600,4.149407626170139,-0.009506927946764776
2009-04-28,63.19702911376953,0.0,85.56999969482422,0.0,86.58999633789062,84.76000213623047,84.97000122070312,0.0,247926300,4.146257292354395,-0.0031503338157437
2009-04-29,64.54115295410156,0.0,87.38999938964844,0.0,88.36000061035156,86.30000305175781,86.5199966430664,0.0,311505700,4.167303050643081,0.021045758288686045
2009-04-30,64.5633316040039,0.0,87.41999816894531,0.0,89.0199966430664,86.91999816894531,88.55000305175781,0.0,301419800,4.167646627401029,0.00034357675794804976
2009-05-01,64.91040802001953,0.0,87.88999938964844,0.0,88.20999908447266,86.72000122070312,87.44000244140625,0.0,236110300,4.173007980960293,0.005361353559263371
2009-05-04,67.11865997314453,0.0,90.87999725341797,0.0,90.94000244140625,88.37999725341797,88.55000305175781,0.0,287120000,4.206462097316397,0.03345411635610418
2009-05-05,66.88970184326172,0.0,90.56999969482422,0.0,90.93000030517578,89.83999633789062,90.56999969482422,0.0,243036300,4.203045021701661,-0.0034170756147355874
2009-05-06,68.0492172241211,0.0,92.13999938964844,0.0,92.19999694824219,90.61000061035156,91.68000030517578,0.0,291941000,4.220231226079385,0.017186204377723335
2009-05-07,67.1038818359375,0.0,90.86000061035156,0.0,93.1500015258789,90.27999877929688,93.01000213623047,0.0,317728000,4.206241893808587,-0.013989332270798016
2009-05-08,68.66960144042969,0.0,92.9800033569336,0.0,93.22000122070312,91.44000244140625,92.02999877929688,0.0,299081700,4.2293066186319015,0.023064724823314897
2009-05-11,67.384521484375,0.0,91.23999786376953,0.0,92.11000061035156,91.04000091552734,91.69999694824219,0.0,247923600,4.210415339977166,-0.01889127865473572
2009-05-12,67.18514251708984,0.0,90.97000122070312,0.0,91.83000183105469,89.8499984741211,91.62999725341797,0.0,282431300,4.207452129588647,-0.0029632103885184335
2009-05-13,65.493896484375,0.0,88.68000030517578,0.0,90.01000213623047,88.5,89.73999786376953,0.0,269619100,4.181956954854702,-0.025495174733944914
2009-05-14,66.05516815185547,0.0,89.44000244140625,0.0,90.12000274658203,88.5,88.72000122070312,0.0,260098700,4.190490273961101,0.008533319106398984
2009-05-15,65.5160140991211,0.0,88.70999908447266,0.0,90.0,88.1500015258789,89.37000274658203,0.0,271502700,4.182294602821299,-0.00819567113980213
2009-05-18,67.37716674804688,0.0,91.2300033569336,0.0,91.33999633789062,88.56999969482422,89.55000305175781,0.0,241447400,4.210306188237797,0.02801158541649773
2009-05-19,67.2958984375,0.0,91.12000274658203,0.0,91.97000122070312,90.80999755859375,91.18000030517578,0.0,206102200,4.209099290328411,-0.0012068979093857735
2009-05-20,66.84538269042969,0.0,90.51000213623047,0.0,92.80000305175781,90.41000366210938,91.94999694824219,0.0,285722200,4.202382231460656,-0.006717058867755199
2009-05-21,65.88529205322266,0.0,89.20999908447266,0.0,89.80000305175781,88.26000213623047,89.45999908447266,0.0,258988400,4.187915230759989,-0.014467000700666865
2009-05-22,65.74497985839844,0.0,89.0199966430664,0.0,90.0,88.68000030517578,89.45999908447266,0.0,166811900,4.185783316179393,-0.0021319145805964723
2009-05-26,67.42884826660156,0.0,91.30000305175781,0.0,91.55999755859375,88.31999969482422,88.36000061035156,0.0,236318500,4.211072942170566,0.02528962599117346
2009-05-27,66.22502899169922,0.0,89.66999816894531,0.0,91.75,89.52999877929688,91.44000244140625,0.0,246015800,4.1930584729337905,-0.018014469236775632
2009-05-28,67.148193359375,0.0,90.91999816894531,0.0,91.33999633789062,89.0999984741211,90.45999908447266,0.0,289095000,4.206902018055935,0.013843545122144363
2009-05-29,68.33726501464844,0.0,92.52999877929688,0.0,93.69999694824219,90.68000030517578,91.41999816894531,0.0,258641500,4.224455225614854,0.01755320755891887
2009-06-01,69.99158477783203,0.0,94.7699966430664,0.0,95.16999816894531,93.43000030517578,93.66999816894531,0.0,276246800,4.248375017363118,0.02391979174826453
2009-06-02,70.05068969726562,0.0,94.8499984741211,0.0,95.37000274658203,94.2300033569336,94.4000015258789,0.0,230874500,4.249219118519923,0.0008441011568045553
2009-06-03,69.16445922851562,0.0,93.6500015258789,0.0,94.12999725341797,92.76000213623047,94.04000091552734,0.0,235310500,4.236487135724907,-0.01273198279501564
2009-06-04,69.81434631347656,0.0,94.52999877929688,0.0,94.66999816894531,93.30000305175781,94.0,0.0,210102300,4.245839523226017,0.009352387501110115
2009-06-05,69.82910919189453,0.0,94.55000305175781,0.0,95.66999816894531,93.80000305175781,95.48999786376953,0.0,284257900,4.246050959965671,0.0002114367396535144
2009-06-08,69.54107666015625,0.0,94.16000366210938,0.0,95.0999984741211,93.04000091552734,93.83999633789062,0.0,238565100,4.2419176090620505,-0.004133350903620325
2009-06-09,69.89555358886719,0.0,94.63999938964844,0.0,95.13999938964844,94.0199966430664,94.69000244140625,0.0,225125500,4.247002036184554,0.005084427122503676
2009-06-10,69.71832275390625,0.0,94.4000015258789,0.0,95.48999786376953,93.19000244140625,95.4800033569336,0.0,296100400,4.244463163476422,-0.002538872708131912
2009-06-11,70.02849578857422,0.0,94.81999969482422,0.0,96.11000061035156,94.55999755859375,94.58000183105469,0.0,275414200,4.248902241907596,0.004439078431174082
2009-06-12,70.22052764892578,0.0,95.08000183105469,0.0,95.13999938964844,94.0,94.4000015258789,0.0,184361800,4.251640684937714,0.002738443030117388
2009-06-15,68.61051177978516,0.0,92.9000015258789,0.0,94.0199966430664,92.4000015258789,93.95999908447266,0.0,224190500,4.228445755934346,-0.023194929003367726
2009-06-16,67.67997741699219,0.0,91.63999938964844,0.0,93.29000091552734,91.58000183105469,93.2300033569336,0.0,227319000,4.214790381624629,-0.013655374309717416
2009-06-17,67.6135025024414,0.0,91.55000305175781,0.0,92.33000183105469,90.83000183105469,91.5999984741211,0.0,223445200,4.213807704263685,-0.0009826773609438177
2009-06-18,68.10831451416016,0.0,92.22000122070312,0.0,92.66999816894531,91.25,91.69000244140625,0.0,211725100,4.221099298421702,0.007291594158017389
2009-06-19,68.35932922363281,0.0,92.04000091552734,0.518,92.69999694824219,91.5199966430664,92.58000183105469,0.0,215655600,4.224778045788962,0.003678747367259483
2009-06-22,66.3094482421875,0.0,89.27999877929688,0.0,91.19000244140625,89.25,91.13999938964844,0.0,251913600,4.194332394462241,-0.030445651326720835
2009-06-23,66.36146545410156,0.0,89.3499984741211,0.0,89.87999725341797,88.8499984741211,89.47000122070312,0.0,188309800,4.195116548473551,0.0007841540113098233
2009-06-24,66.93336486816406,0.0,90.12000274658203,0.0,91.08000183105469,89.5999984741211,90.16000366210938,0.0,211577700,4.203697570287263,0.00858102181371212
2009-06-25,68.3890609741211,0.0,92.08000183105469,0.0,92.16999816894531,89.56999969482422,89.66999816894531,0.0,279411000,4.225212884559842,0.021515314272579467
2009-06-26,68.21083068847656,0.0,91.83999633789062,0.0,92.23999786376953,91.2699966430664,91.7699966430664,0.0,167579000,4.222603359989724,-0.0026095245701185377
2009-06-29,68.84953308105469,0.0,92.69999694824219,0.0,92.81999969482422,91.5999984741211,92.11000061035156,0.0,168481300,4.2319234434676405,0.009320083477916796
2009-06-30,68.29247283935547,0.0,91.94999694824219,0.0,93.05999755859375,91.2699966430664,92.72000122070312,0.0,228888200,4.223799553173389,-0.00812389029425109
2009-07-01,68.5747299194336,0.0,92.33000183105469,0.0,93.2300033569336,92.20999908447266,92.33999633789062,0.0,173041100,4.227924098346113,0.00412454517272387
2009-07-02,66.7031021118164,0.0,89.80999755859375,0.0,92.36000061035156,89.76000213623047,91.12999725341797,0.0,212309900,4.20025146026313,-0.027672638082983703
2009-07-06,66.69564056396484,0.0,89.80000305175781,0.0,89.93000030517578,88.66000366210938,88.94000244140625,0.0,174499600,4.200139591924498,-0.0001118683386316377
2009-07-07,65.40335845947266,0.0,88.05999755859375,0.0,89.81999969482422,88.0,89.70999908447266,0.0,197088900,4.180573609735979,-0.019565982188519015
2009-07-08,65.35881042480469,0.0,88.0,0.0,88.80000305175781,87.0,88.58999633789062,0.0,248050500,4.179892250031234,-0.0006813597047452546
2009-07-09,65.48503112792969,0.0,88.16999816894531,0.0,88.9000015258789,87.91000366210938,88.61000061035156,0.0,163777600,4.181821584125679,0.0019293340944450676
2009-07-10,65.32907104492188,0.0,87.95999908447266,0.0,88.48999786376953,87.3499984741211,87.69999694824219,0.0,173520300,4.179437129325906,-0.002384454799773117
2009-07-13,66.9184799194336,0.0,90.0999984741211,0.0,90.16999816894531,87.58999633789062,88.30999755859375,0.0,217413500,4.203475160968729,0.024038031642823476
2009-07-14,67.29730224609375,0.0,90.61000061035156,0.0,90.69000244140625,89.7300033569336,90.37999725341797,0.0,181487400,4.209120150350859,0.0056449893821302055
2009-07-15,69.26545715332031,0.0,93.26000213623047,0.0,93.51000213623047,90.68000030517578,91.80999755859375,0.0,220877900,4.237946328150436,0.028826177799576413
2009-07-16,69.1540756225586,0.0,93.11000061035156,0.0,94.51000213623047,92.81999969482422,93.0,0.0,231174500,4.236336995239575,-0.00160933291086085
2009-07-17,69.91163635253906,0.0,94.12999725341797,0.0,94.31999969482422,93.54000091552734,94.05999755859375,0.0,138561700,4.247232106808956,0.010895111569380944
2009-07-20,70.65431213378906,0.0,95.12999725341797,0.0,95.29000091552734,94.19000244140625,94.68000030517578,0.0,164179400,4.257799142424217,0.010567035615260956
2009-07-21,70.98113250732422,0.0,95.56999969482422,0.0,95.9000015258789,94.41999816894531,95.87000274658203,0.0,217718300,4.2624141023929,0.00461495996868333
2009-07-22,70.96625518798828,0.0,95.55000305175781,0.0,96.12999725341797,94.88999938964844,94.95999908447266,0.0,196068100,4.262204485018013,-0.00020961737488711663
2009-07-23,72.53336334228516,0.0,97.66000366210938,0.0,98.08000183105469,95.52999877929688,95.61000061035156,0.0,258795500,4.28404664003995,0.021842155021936982
2009-07-24,72.8304672241211,0.0,98.05999755859375,0.0,98.13999938964844,96.69000244140625,97.19999694824219,0.0,154003100,4.288134373479342,0.004087733439392061
2009-07-27,73.0458755493164,0.0,98.3499984741211,0.0,98.4000015258789,97.33999633789062,97.87999725341797,0.0,159259400,4.291087675949993,0.0029533024706509536
2009-07-28,72.70421600341797,0.0,97.88999938964844,0.0,98.37000274658203,97.05999755859375,97.66000366210938,0.0,186685200,4.286399374651935,-0.004688301298058306
2009-07-29,72.52598571777344,0.0,97.6500015258789,0.0,98.08999633789062,96.9800033569336,97.44000244140625,0.0,194399300,4.283944921335628,-0.0024544533163064486
2009-07-30,73.28355407714844,0.0,98.66999816894531,0.0,99.83000183105469,98.5999984741211,98.83000183105469,0.0,225575400,4.2943362191508765,0.01039129781524828
2009-07-31,73.38751220703125,0.0,98.80999755859375,0.0,99.47000122070312,98.37999725341797,98.6500015258789,0.0,207358000,4.295753787726945,0.001417568576068895
2009-08-03,74.5981216430664,0.0,100.44000244140625,0.0,100.52999877929688,99.30999755859375,99.8499984741211,0.0,175776900,4.31211532784535,0.01636154011840496
2009-08-04,74.7912368774414,0.0,100.69999694824219,0.0,100.83999633789062,99.77999877929688,99.98999786376953,0.0,176714600,4.314700724072459,0.0025853962271087383
2009-08-05,74.57586669921875,0.0,100.41000366210938,0.0,100.86000061035156,99.58000183105469,100.7699966430664,0.0,184726400,4.311816952179994,-0.002883771892465248
2009-08-06,74.18962860107422,0.0,99.88999938964844,0.0,101.0199966430664,99.41999816894531,100.87000274658203,0.0,193203800,4.306624364137876,-0.005192588042118196
2009-08-07,75.16259002685547,0.0,101.19999694824219,0.0,102.02999877929688,100.38999938964844,100.94000244140625,0.0,220640900,4.3196536341278895,0.013029269990013859
2009-08-10,75.00664520263672,0.0,100.98999786376953,0.0,101.22000122070312,100.2699966430664,100.73999786376953,0.0,130898700,4.317576712313146,-0.002076921814743393
2009-08-11,74.07081604003906,0.0,99.7300033569336,0.0,100.61000061035156,99.45999908447266,100.54000091552734,0.0,157301000,4.30502160911098,-0.012555103202165796
2009-08-12,74.86555480957031,0.0,100.80000305175781,0.0,101.55999755859375,99.51000213623047,99.55999755859375,0.0,219052400,4.3156939023626,0.010672293251619891
2009-08-13,75.43742370605469,0.0,101.56999969482422,0.0,101.61000061035156,100.26000213623047,101.26000213623047,0.0,176449500,4.3233034875041945,0.007609585141594266
2009-08-14,74.85809326171875,0.0,100.79000091552734,0.0,101.5999984741211,99.69999694824219,101.5199966430664,0.0,199616100,4.315594231429467,-0.007709256074727833
2009-08-17,73.01618194580078,0.0,98.30999755859375,0.0,98.94999694824219,98.11000061035156,98.8499984741211,0.0,237667500,4.29068108707354,-0.024913144355926953
2009-08-18,73.59550476074219,0.0,99.08999633789062,0.0,99.44000244140625,98.3499984741211,98.52999877929688,0.0,173461500,4.298583947249227,0.007902860175687643
2009-08-19,74.24162292480469,0.0,99.95999908447266,0.0,100.30000305175781,98.20999908447266,98.30999755859375,0.0,192812800,4.307324948756312,0.008741001507084789
2009-08-20,75.00664520263672,0.0,100.98999786376953,0.0,101.22000122070312,99.87000274658203,100.08999633789062,0.0,174131300,4.317576712313146,0.010251763556833993
2009-08-21,76.47721099853516,0.0,102.97000122070312,0.0,103.12999725341797,101.62000274658203,101.81999969482422,0.0,224605000,4.336992801008844,0.019416088695697553
2009-08-24,76.46977996826172,0.0,102.95999908447266,0.0,103.94999694824219,102.58999633789062,103.38999938964844,0.0,191279000,4.336895629691744,-9.71713170994093e-05
2009-08-25,76.6183090209961,0.0,103.16000366210938,0.0,104.26000213623047,102.94000244140625,103.37000274658203,0.0,215310600,4.3388360693473675,0.001940439655623294
2009-08-26,76.625732421875,0.0,103.16999816894531,0.0,103.63999938964844,102.48999786376953,102.83999633789062,0.0,194620700,4.338932952734347,9.688338697966259e-05
2009-08-27,76.79658508300781,0.0,103.4000015258789,0.0,103.72000122070312,101.94000244140625,103.11000061035156,0.0,196230100,4.341160174100024,0.002227221365676435
2009-08-28,76.78170013427734,0.0,103.37999725341797,0.0,104.3499984741211,102.66999816894531,104.2300033569336,0.0,147024400,4.340966332258959,-0.00019384184106474578
2009-08-31,76.09842681884766,0.0,102.45999908447266,0.0,102.58000183105469,101.79000091552734,102.37000274658203,0.0,176051600,4.332027592102681,-0.008938740156278158
2009-09-01,74.41983795166016,0.0,100.19999694824219,0.0,103.23999786376953,99.98999786376953,101.94999694824219,0.0,321276800,4.309722545432367,-0.022305046670314077
2009-09-02,74.13764190673828,0.0,99.81999969482422,0.0,100.44000244140625,99.56999969482422,99.77999877929688,0.0,171805000,4.30592339126503,-0.0037991541673365603
2009-09-03,74.75408935546875,0.0,100.6500015258789,0.0,100.7699966430664,99.58999633789062,100.4000015258789,0.0,143572300,4.314203917870989,0.008280526605958904
2009-09-04,75.80131530761719,0.0,102.05999755859375,0.0,102.08999633789062,100.55000305175781,100.8499984741211,0.0,142687900,4.32811564484101,0.013911726970021299
2009-09-08,76.45492553710938,0.0,102.94000244140625,0.0,103.05000305175781,102.38999938964844,103.0,0.0,132909100,4.336701358515613,0.008585713674603035
2009-09-09,77.04166412353516,0.0,103.7300033569336,0.0,104.08000183105469,102.80000305175781,103.12000274658203,0.0,154612500,4.344346368029359,0.007645009513745471
2009-09-10,77.82891845703125,0.0,104.79000091552734,0.0,104.86000061035156,103.22000122070312,103.80000305175781,0.0,162902400,4.3545130646526085,0.01016669662324965
2009-09-11,77.81407928466797,0.0,104.7699966430664,0.0,105.30000305175781,104.27999877929688,104.98999786376953,0.0,152360100,4.354322382480927,-0.00019068217168172197
2009-09-14,78.19286346435547,0.0,105.27999877929688,0.0,105.45999908447266,103.1500015258789,103.87999725341797,0.0,149593800,4.3591783833402085,0.004856000859281728
2009-09-15,78.51968383789062,0.0,105.72000122070312,0.0,106.11000061035156,104.76000213623047,105.44999694824219,0.0,196795900,4.3633493428832235,0.0041709595430150515
2009-09-16,79.7080078125,0.0,107.31999969482422,0.0,107.33999633789062,105.7300033569336,106.0999984741211,0.0,206406300,4.378370055184334,0.01502071230111035
2009-09-17,79.58915710449219,0.0,107.16000366210938,0.0,108.05999755859375,106.56999969482422,107.16999816894531,0.0,229170900,4.3768778662916725,-0.0014921888926613391
2009-09-18,79.63992309570312,0.0,106.72000122070312,0.508,107.16000366210938,106.36000061035156,107.1500015258789,0.0,153799100,4.377515513546397,0.0006376472547247047
2009-09-21,79.43842315673828,0.0,106.44999694824219,0.0,107.0,105.66000366210938,105.88999938964844,0.0,151892000,4.374982170052732,-0.0025333434936651855
2009-09-22,79.90109252929688,0.0,107.06999969482422,0.0,107.37000274658203,106.5999984741211,107.08000183105469,0.0,143126700,4.380789526387091,0.005807356334359248
2009-09-23,79.23694610595703,0.0,106.18000030517578,0.0,108.02999877929688,105.98999786376953,107.31999969482422,0.0,225947400,4.372442681284001,-0.00834684510309014
2009-09-24,78.36381530761719,0.0,105.01000213623047,0.0,106.63999938964844,104.55000305175781,106.41000366210938,0.0,228636800,4.3613622813705915,-0.0110803999134097
2009-09-25,77.94591522216797,0.0,104.44999694824219,0.0,105.36000061035156,104.08999633789062,104.77999877929688,0.0,204059000,4.35601519159279,-0.005347089777801628
2009-09-28,79.34142303466797,0.0,106.31999969482422,0.0,106.55000305175781,104.83000183105469,104.8499984741211,0.0,118285800,4.3737603508299,0.017745159237110286
2009-09-29,79.10263061523438,0.0,106.0,0.0,107.0199966430664,105.77999877929688,106.51000213623047,0.0,133733900,4.370746131050376,-0.0030142197795237635
2009-09-30,78.796630859375,0.0,105.58999633789062,0.0,106.45999908447266,104.62000274658203,106.36000061035156,0.0,254383000,4.366870240358099,-0.0038758906922771175
2009-10-01,76.84148406982422,0.0,102.97000122070312,0.0,105.7300033569336,102.94999694824219,103.0,0.0,281840600,4.34174465148043,-0.025125588877669358
2009-10-02,76.48326873779297,0.0,102.48999786376953,0.0,103.0999984741211,101.98999786376953,102.0199966430664,0.0,224748800,4.3370720076022256,-0.004672643878204319
2009-10-05,77.62503051757812,0.0,104.0199966430664,0.0,104.31999969482422,102.5999984741211,102.9000015258789,0.0,149875000,4.351889933394669,0.014817925792443454
2009-10-06,78.73695373535156,0.0,105.51000213623047,0.0,106.11000061035156,104.70999908447266,104.7699966430664,0.0,202491100,4.366112597128795,0.014222663734125618
2009-10-07,78.95337677001953,0.0,105.80000305175781,0.0,105.91000366210938,105.06999969482422,105.2699966430664,0.0,159200300,4.368857510781546,0.002744913652751535
2009-10-08,79.55782318115234,0.0,106.61000061035156,0.0,107.16999816894531,105.8499984741211,106.55000305175781,0.0,183305800,4.376484092891907,0.0076265821103609355
2009-10-09,80.04290771484375,0.0,107.26000213623047,0.0,107.26000213623047,106.36000061035156,106.63999938964844,0.0,135008300,4.382562837327088,0.0060787444351806386
2009-10-12,80.3563003540039,0.0,107.68000030517578,0.0,108.08999633789062,107.27999877929688,107.76000213623047,0.0,118031000,4.386470500484792,0.003907663157704633
2009-10-13,80.19215393066406,0.0,107.45999908447266,0.0,107.70999908447266,106.76000213623047,107.38999938964844,0.0,157692700,4.384425678798198,-0.002044821686594034
2009-10-14,81.57271575927734,0.0,109.30999755859375,0.0,109.41999816894531,107.41999816894531,108.72000122070312,0.0,191421600,4.401494840362258,0.017069161564059243
2009-10-15,81.87120819091797,0.0,109.70999908447266,0.0,109.70999908447266,108.7300033569336,108.77999877929688,0.0,173873600,4.4051473807109796,0.0036525403487219776
2009-10-16,81.25932312011719,0.0,108.88999938964844,0.0,109.2699966430664,108.2300033569336,108.80000305175781,0.0,192069400,4.397645560720767,-0.007501819990212155
2009-10-19,81.93087005615234,0.0,109.79000091552734,0.0,110.12999725341797,108.7300033569336,109.06999969482422,0.0,159530400,4.405875843603651,0.008230282882883522
2009-10-20,81.49809265136719,0.0,109.20999908447266,0.0,109.98999786376953,108.68000030517578,109.94999694824219,0.0,180921100,4.400579616922252,-0.005296226681398508
2009-10-21,80.76676940917969,0.0,108.2300033569336,0.0,110.30999755859375,108.1500015258789,109.04000091552734,0.0,225379300,4.391565611244106,-0.009014005678146475
2009-10-22,81.58765411376953,0.0,109.33000183105469,0.0,109.68000030517578,107.5,108.19000244140625,0.0,238444000,4.401677952898048,0.010112341653941925
2009-10-23,80.65482330322266,0.0,108.08000183105469,0.0,109.76000213623047,107.62999725341797,109.69000244140625,0.0,240033200,4.390178608154587,-0.011499344743461037
2009-10-26,79.78169250488281,0.0,106.91000366210938,0.0,109.30999755859375,106.61000061035156,108.19999694824219,0.0,242028200,4.379294060903559,-0.010884547251027499
2009-10-27,79.41604614257812,0.0,106.41999816894531,0.0,107.38999938964844,106.16000366210938,107.02999877929688,0.0,253266300,4.374700440310951,-0.004593620592608261
2009-10-28,77.91612243652344,0.0,104.41000366210938,0.0,106.4800033569336,104.3499984741211,106.1500015258789,0.0,248821400,4.355632894704401,-0.019067545606549885
2009-10-29,79.58767700195312,0.0,106.6500015258789,0.0,106.86000061035156,104.94000244140625,105.19000244140625,0.0,198110600,4.3768592693325425,0.021226374628141365
2009-10-30,77.28179168701172,0.0,103.55999755859375,0.0,106.62000274658203,103.44000244140625,106.30000305175781,0.0,325608100,4.347458373991251,-0.029400895341291644
2009-11-02,77.84893798828125,0.0,104.31999969482422,0.0,105.41000366210938,103.08000183105469,104.12999725341797,0.0,254222900,4.354770256417931,0.007311882426679794
2009-11-03,78.09518432617188,0.0,104.6500015258789,0.0,104.80000305175781,103.54000091552734,103.73999786376953,0.0,228362600,4.3579283945882485,0.003158138170317848
2009-11-04,78.29666900634766,0.0,104.91999816894531,0.0,106.33000183105469,104.6500015258789,105.51000213623047,0.0,247996700,4.360505060665889,0.0025766660776405104
2009-11-05,79.73690795898438,0.0,106.8499984741211,0.0,106.87999725341797,105.44000244140625,105.66000366210938,0.0,180015300,4.378732564664941,0.01822750399905182
2009-11-06,79.94589233398438,0.0,107.12999725341797,0.0,107.4000015258789,106.05000305175781,106.26000213623047,0.0,170954100,4.381350060023666,0.0026174953587254635
2009-11-09,81.76673126220703,0.0,109.56999969482422,0.0,109.62999725341797,107.87000274658203,107.94999694824219,0.0,159495700,4.403870452594477,0.02252039257081062
2009-11-10,81.78165435791016,0.0,109.58999633789062,0.0,109.93000030517578,108.97000122070312,109.30999755859375,0.0,171899800,4.404052944102271,0.0001824915077941469
2009-11-11,82.19955444335938,0.0,110.1500015258789,0.0,110.81999969482422,109.62000274658203,110.30999755859375,0.0,169466200,4.409149881650356,0.00509693754808449
2009-11-12,81.36377716064453,0.0,109.02999877929688,0.0,110.56999969482422,108.75,110.0,0.0,157144500,4.398930175941009,-0.010219705709346272
2009-11-13,81.8040542602539,0.0,109.62000274658203,0.0,110.08999633789062,108.75,109.30999755859375,0.0,150963000,4.404326805464281,0.005396629523271912
2009-11-16,82.99056243896484,0.0,111.20999908447266,0.0,111.69000244140625,110.31999969482422,110.37999725341797,0.0,210922200,4.418726895776991,0.014400090312709501
2009-11-17,83.08760070800781,0.0,111.33999633789062,0.0,111.38999938964844,110.5,110.91999816894531,0.0,147134100,4.419895481438671,0.0011685856616798773
2009-11-18,83.03535461425781,0.0,111.2699966430664,0.0,111.43000030517578,110.56999969482422,111.26000213623047,0.0,156486800,4.419266476309654,-0.0006290051290163134
2009-11-19,81.95327758789062,0.0,109.81999969482422,0.0,111.30999755859375,109.12999725341797,110.51000213623047,0.0,208734600,4.406149299361271,-0.013117176948383324
2009-11-20,81.66223907470703,0.0,109.43000030517578,0.0,109.76000213623047,109.01000213623047,109.25,0.0,134196000,4.402591704995158,-0.003557594366112582
2009-11-23,82.6995620727539,0.0,110.81999969482422,0.0,111.73999786376953,110.5999984741211,110.72000122070312,0.0,148010200,4.415214306643846,0.01262260164868767
2009-11-24,82.82638549804688,0.0,110.98999786376953,0.0,111.19999694824219,110.01000213623047,111.0,0.0,138420100,4.416746676063517,0.0015323694196709425
2009-11-25,83.11746978759766,0.0,111.37999725341797,0.0,111.5,110.81999969482422,111.16999816894531,0.0,109564800,4.420254905851204,0.003508229787686723
2009-11-27,81.76673126220703,0.0,109.56999969482422,0.0,110.31999969482422,108.29000091552734,108.4000015258789,0.0,126001800,4.403870452594477,-0.016384453256726772
2009-11-30,82.04286193847656,0.0,109.94000244140625,0.0,110.19999694824219,108.12000274658203,109.4800033569336,0.0,160874800,4.40724181726755,0.003371364673072641
2009-12-01,83.05776977539062,0.0,111.30000305175781,0.0,111.66000366210938,110.7300033569336,110.91999816894531,0.0,159613700,4.4195363870762945,0.012294569808744882
2009-12-02,83.02042388916016,0.0,111.25,0.0,112.01000213623047,110.91999816894531,111.27999877929688,0.0,132315100,4.419086648479843,-0.0004497385964512546
2009-12-03,82.37118530273438,0.0,110.37999725341797,0.0,112.18000030517578,110.29000091552734,111.55000305175781,0.0,167324900,4.411235682830616,-0.007850965649227604
2009-12-04,82.84134674072266,0.0,111.01000213623047,0.0,112.37999725341797,110.04000091552734,111.83999633789062,0.0,274907800,4.416927293526125,0.005691610695508942
2009-12-07,82.7144546508789,0.0,110.83999633789062,0.0,111.52999877929688,110.48999786376953,110.91000366210938,0.0,127973800,4.415394370926913,-0.0015329225992113393
2009-12-08,81.79660034179688,0.0,109.61000061035156,0.0,110.7699966430664,109.2699966430664,110.04000091552734,0.0,169863700,4.404235682131305,-0.011158688795608107
2009-12-09,82.1025619506836,0.0,110.0199966430664,0.0,110.18000030517578,109.0199966430664,109.58000183105469,0.0,155063400,4.407969221217351,0.0037335390860455675
2009-12-10,82.56521606445312,0.0,110.63999938964844,0.0,111.12000274658203,110.44999694824219,110.69999694824219,0.0,138014600,4.413588478812795,0.005619257595443905
2009-12-11,82.91596221923828,0.0,111.11000061035156,0.0,111.36000061035156,110.61000061035156,111.11000061035156,0.0,124854000,4.41782759148612,0.004239112673324996
2009-12-14,83.48312377929688,0.0,111.87000274658203,0.0,112.0,111.12999725341797,111.87000274658203,0.0,107141500,4.424644501002162,0.006816909516042635
2009-12-15,83.0950927734375,0.0,111.3499984741211,0.0,111.91999816894531,111.0,111.45999908447266,0.0,120408800,4.41998564805323,-0.00465885294893198
2009-12-16,83.22191619873047,0.0,111.5199966430664,0.0,112.12999725341797,111.2699966430664,111.80000305175781,0.0,155358200,4.421510728989425,0.0015250809361946338
2009-12-17,82.22193908691406,0.0,110.18000030517578,0.0,110.93000030517578,110.08000183105469,110.72000122070312,0.0,183390100,4.409422165318535,-0.01208856367088984
2009-12-18,82.68710327148438,0.0,110.20999908447266,0.59,110.30000305175781,109.27999877929688,110.19999694824219,0.0,174591200,4.4150636439375495,0.005641478619014428
2009-12-21,83.52742004394531,0.0,111.33000183105469,0.0,111.69999694824219,110.76000213623047,110.76000213623047,0.0,118039600,4.425174961710488,0.010111317772938833
2009-12-22,83.8275375366211,0.0,111.7300033569336,0.0,111.97000122070312,111.43000030517578,111.56999969482422,0.0,91707500,4.428761563729733,0.0035866020192445447
2009-12-23,83.99256896972656,0.0,111.94999694824219,0.0,112.11000061035156,111.5,112.0,0.0,111783100,4.430728330283974,0.001966766554240884
2009-12-24,84.39022827148438,0.0,112.4800033569336,0.0,112.5999984741211,112.0,112.19000244140625,0.0,39677500,4.43545161612515,0.004723285841175873
2009-12-28,84.5703125,0.0,112.72000122070312,0.0,112.98999786376953,112.31999969482422,112.9000015258789,0.0,87508500,4.437583288951074,0.0021316728259241913
2009-12-29,84.45027160644531,0.0,112.55999755859375,0.0,113.02999877929688,112.55000305175781,113.01000213623047,0.0,80572500,4.436162859429162,-0.0014204295219117924
2009-12-30,84.42022705078125,0.0,112.5199966430664,0.0,112.6500015258789,112.16999816894531,112.2300033569336,0.0,73138400,4.435807029888538,-0.00035582954062363115
2009-12-31,83.60995483398438,0.0,111.44000244140625,0.0,112.80000305175781,111.38999938964844,112.7699966430664,0.0,90637900,4.426162589963093,-0.00964443992544517
2010-01-04,85.02794647216797,0.0,113.33000183105469,0.0,113.38999938964844,111.51000213623047,112.37000274658203,0.0,118944600,4.442979984478856,0.016817394515762807
2010-01-05,85.25303649902344,0.0,113.62999725341797,0.0,113.68000030517578,112.8499984741211,113.26000213623047,0.0,111579900,4.445623734286166,0.0026437498073104138
2010-01-06,85.31307220458984,0.0,113.70999908447266,0.0,113.98999786376953,113.43000030517578,113.5199966430664,0.0,116074400,4.446327692516814,0.0007039582306473946
2010-01-07,85.67317962646484,0.0,114.19000244140625,0.0,114.33000183105469,113.18000030517578,113.5,0.0,131091100,4.450539820105294,0.004212127588480108
2010-01-08,85.95830535888672,0.0,114.56999969482422,0.0,114.62000274658203,113.66000366210938,113.88999938964844,0.0,126402800,4.453862357281315,0.0033225371760208233
2010-01-11,86.07833862304688,0.0,114.7300033569336,0.0,115.12999725341797,114.23999786376953,115.08000183105469,0.0,106375700,4.4552577958444,0.0013954385630849941
2010-01-12,85.27554321289062,0.0,113.66000366210938,0.0,114.20999908447266,113.22000122070312,113.97000122070312,0.0,163333500,4.4458876984150635,-0.009370097429336255
2010-01-13,85.99581909179688,0.0,114.62000274658203,0.0,114.94000244140625,113.37000274658203,113.94999694824219,0.0,161822000,4.454298679860086,0.008410981445022614
2010-01-14,86.22838592529297,0.0,114.93000030517578,0.0,115.13999938964844,114.41999816894531,114.48999786376953,0.0,115718800,4.456999426538934,0.0027007466788475654
2010-01-15,85.26053619384766,0.0,113.63999938964844,0.0,114.83999633789062,113.19999694824219,114.7300033569336,0.0,212283100,4.445711700243487,-0.011287726295446276
2010-01-19,86.3259048461914,0.0,115.05999755859375,0.0,115.12999725341797,113.58999633789062,113.62000274658203,0.0,139172700,4.4581297250768,0.012418024833312558
2010-01-20,85.44810485839844,0.0,113.88999938964844,0.0,114.44999694824219,112.9800033569336,114.27999877929688,0.0,216490200,4.447909230947001,-0.010220494129798752
2010-01-21,83.80502319335938,0.0,111.69999694824219,0.0,114.2699966430664,111.55999755859375,113.91999816894531,0.0,344859600,4.428492948333069,-0.019416282613931912
2010-01-22,81.93684387207031,0.0,109.20999908447266,0.0,111.73999786376953,109.08999633789062,111.19999694824219,0.0,345942400,4.405948753828337,-0.022544194504732218
2010-01-25,82.35698699951172,0.0,109.7699966430664,0.0,110.41000366210938,109.41000366210938,110.20999908447266,0.0,186937500,4.411063298191614,0.005114544363276963
2010-01-26,82.01187133789062,0.0,109.30999755859375,0.0,110.47000122070312,109.04000091552734,109.33999633789062,0.0,211168800,4.4068640091990385,-0.0041992889925754895
2010-01-27,82.40202331542969,0.0,109.83000183105469,0.0,110.08000183105469,108.33000183105469,109.16999816894531,0.0,271863600,4.411609991412866,0.004745982213827382
2010-01-28,81.45667266845703,0.0,108.56999969482422,0.0,110.25,107.91000366210938,110.19000244140625,0.0,316104000,4.400071255184921,-0.011538736227945101
2010-01-29,80.57135772705078,0.0,107.38999938964844,0.0,109.80000305175781,107.22000122070312,109.04000091552734,0.0,310677600,4.389143223168166,-0.010928032016754408
2010-02-01,81.82429504394531,0.0,109.05999755859375,0.0,109.06999969482422,107.5,108.1500015258789,0.0,187865000,4.404574204938525,0.01543098177035862
2010-02-02,82.81465911865234,0.0,110.37999725341797,0.0,110.58999633789062,108.87999725341797,109.26000213623047,0.0,216327900,4.416605088216842,0.012030883278317361
2010-02-03,82.40202331542969,0.0,109.83000183105469,0.0,110.4800033569336,109.51000213623047,109.87999725341797,0.0,172730700,4.411609991412866,-0.004995096803976473
2010-02-04,79.85861206054688,0.0,106.44000244140625,0.0,109.02999877929688,106.41999816894531,108.9800033569336,0.0,356715700,4.380257721826482,-0.031352269586383485
2010-02-05,80.02364349365234,0.0,106.66000366210938,0.0,106.87999725341797,104.58000183105469,106.55999755859375,0.0,493585800,4.382322134680108,0.0020644128536257966
2010-02-08,79.44596099853516,0.0,105.88999938964844,0.0,107.33000183105469,105.80999755859375,106.73999786376953,0.0,224166900,4.375077054667637,-0.007245080012471483
2010-02-09,80.44380950927734,0.0,107.22000122070312,0.0,108.1500015258789,106.2699966430664,107.12999725341797,0.0,337820500,4.387558922177873,0.012481867510236277
2010-02-10,80.28623962402344,0.0,107.01000213623047,0.0,107.5999984741211,106.11000061035156,107.05000305175781,0.0,240511500,4.385598244176693,-0.0019606780011800495
2010-02-11,81.12657165527344,0.0,108.12999725341797,0.0,108.25,106.25,106.87000274658203,0.0,223591600,4.396010548091121,0.010412303914428378
2010-02-12,81.05904388427734,0.0,108.04000091552734,0.0,108.0999984741211,106.51000213623047,106.98999786376953,0.0,304622100,4.395177825969944,-0.0008327221211770208
2010-02-16,82.33448791503906,0.0,109.73999786376953,0.0,109.8499984741211,107.81999969482422,108.86000061035156,0.0,159317500,4.410790071121126,0.01561224515118198
2010-02-17,82.7246322631836,0.0,110.26000213623047,0.0,110.41000366210938,109.73999786376953,110.2699966430664,0.0,168845100,4.415517408505364,0.004727337384237806
2010-02-18,83.21231842041016,0.0,110.91000366210938,0.0,111.13999938964844,110.04000091552734,110.08000183105469,0.0,193708600,4.42139539480529,0.005877986299926086
2010-02-19,83.3848876953125,0.0,111.13999938964844,0.0,111.56999969482422,110.36000061035156,110.62000274658203,0.0,222684900,4.423467090251415,0.0020716954461246218
2010-02-22,83.39985656738281,0.0,111.16000366210938,0.0,111.58000183105469,110.83000183105469,111.55000305175781,0.0,132346900,4.423646589547668,0.00017949929625338257
2010-02-23,82.38703155517578,0.0,109.80999755859375,0.0,111.19999694824219,109.5199966430664,110.86000061035156,0.0,207497000,4.411428040490129,-0.01221854905753883
2010-02-24,83.14479064941406,0.0,110.81999969482422,0.0,111.0,109.86000061035156,110.13999938964844,0.0,176350700,4.420583553639228,0.009155513149099015
2010-02-25,83.03225708007812,0.0,110.66999816894531,0.0,110.75,108.94000244140625,109.23999786376953,0.0,259634700,4.419229171814835,-0.0013543818243935135
2010-02-26,83.08477783203125,0.0,110.73999786376953,0.0,111.12000274658203,110.11000061035156,110.7699966430664,0.0,173589300,4.419861506165504,0.0006323343506693391
2010-03-01,83.94757843017578,0.0,111.88999938964844,0.0,112.0,111.16999816894531,111.19999694824219,0.0,147709700,4.430192537725451,0.010331031559946524
2010-03-02,84.1801528930664,0.0,112.19999694824219,0.0,112.73999786376953,112.0,112.37000274658203,0.0,160992400,4.432959179604334,0.0027666418788836467
2010-03-03,84.25518035888672,0.0,112.30000305175781,0.0,112.97000122070312,112.0199966430664,112.48999786376953,0.0,150785000,4.433850055281473,0.0008908756771388582
2010-03-04,84.51029968261719,0.0,112.63999938964844,0.0,112.80000305175781,112.02999877929688,112.44999694824219,0.0,135770400,4.436873416670292,0.0030233613888190902
2010-03-05,85.71820831298828,0.0,114.25,0.0,114.33999633789062,113.0999984741211,113.37000274658203,0.0,176118800,4.451065268765239,0.014191852094946888
2010-03-08,85.73320770263672,0.0,114.2699966430664,0.0,114.5199966430664,114.06999969482422,114.26000213623047,0.0,114631200,4.451240238328458,0.00017496956321849666
2010-03-09,85.87574005126953,0.0,114.45999908447266,0.0,114.98999786376953,113.87000274658203,113.93000030517578,0.0,154556700,4.452901368278534,0.0016611299500759458
2010-03-10,86.25840759277344,0.0,114.97000122070312,0.0,115.27999877929688,114.41000366210938,114.51000213623047,0.0,186088800,4.457347530497171,0.004446162218637362
2010-03-11,86.61852264404297,0.0,115.44999694824219,0.0,115.4800033569336,114.3499984741211,114.69999694824219,0.0,160791100,4.461513680042359,0.004166149545188347
2010-03-12,86.62603759765625,0.0,115.45999908447266,0.0,115.97000122070312,115.13999938964844,115.94999694824219,0.0,162074800,4.461600435477653,8.675543529346186e-05
2010-03-15,86.64856719970703,0.0,115.48999786376953,0.0,115.56999969482422,114.5999984741211,115.26000213623047,0.0,146816800,4.461860480533928,0.00026004505627508223
2010-03-16,87.33879852294922,0.0,116.41000366210938,0.0,116.5199966430664,115.48999786376953,115.80999755859375,0.0,168673000,4.469794791642086,0.007934311108158454
2010-03-17,87.85646057128906,0.0,117.0999984741211,0.0,117.4800033569336,116.41999816894531,116.76000213623047,0.0,177468100,4.475704352865804,0.005909561223717219
2010-03-18,87.81147003173828,0.0,117.04000091552734,0.0,117.2699966430664,116.56999969482422,117.11000061035156,0.0,196509100,4.475192130283343,-0.0005122225824605309
2010-03-19,87.36700439453125,0.0,115.97000122070312,0.48,117.29000091552734,115.5199966430664,115.97000122070312,0.0,226641100,4.470117687291299,-0.005074442992044403
2010-03-22,87.83405303955078,0.0,116.58999633789062,0.0,116.80000305175781,115.23999786376953,115.30999755859375,0.0,184477800,4.475449273278417,0.005331585987118359
2010-03-23,88.45181274414062,0.0,117.41000366210938,0.0,117.51000213623047,116.37999725341797,116.76000213623047,0.0,182941600,4.482457914959273,0.007008641680855909
2010-03-24,88.02239227294922,0.0,116.83999633789062,0.0,117.43000030517578,115.58000183105469,116.97000122070312,0.0,196072600,4.4775912397565,-0.004866675202772619
2010-03-25,87.87928009033203,0.0,116.6500015258789,0.0,118.16999816894531,116.51000213623047,117.62999725341797,0.0,223396300,4.475964055520316,-0.0016271842361845756
2010-03-26,87.8265151977539,0.0,116.58000183105469,0.0,117.41999816894531,116.12000274658203,116.87000274658203,0.0,205808500,4.475363450468243,-0.0006006050520728223
2010-03-29,88.38400268554688,0.0,117.31999969482422,0.0,117.52999877929688,116.69000244140625,117.16999816894531,0.0,134513500,4.481690988171816,0.006327537703572972
2010-03-30,88.44425964355469,0.0,117.4000015258789,0.0,117.83000183105469,116.91000366210938,117.45999908447266,0.0,145772500,4.482372519048685,0.0006815308768688411
2010-03-31,88.14291381835938,0.0,117.0,0.0,117.5199966430664,116.61000061035156,116.94999694824219,0.0,161078700,4.4789595178458415,-0.003413001202843269
2010-04-01,88.74562072753906,0.0,117.80000305175781,0.0,118.25,117.0999984741211,117.80000305175781,0.0,161215200,4.4857740832230215,0.00681456537718006
2010-04-05,89.46883392333984,0.0,118.76000213623047,0.0,118.83999633789062,117.91999816894531,118.25,0.0,105847600,4.493890340316417,0.008116257093395696
2010-04-06,89.6797866821289,0.0,119.04000091552734,0.0,119.25,118.29000091552734,118.41999816894531,0.0,110384200,4.496245400105064,0.002355059788646585
2010-04-07,89.16751098632812,0.0,118.36000061035156,0.0,119.36000061035156,117.80999755859375,118.80000305175781,0.0,184576300,4.4905167466286695,-0.005728653476394285
2010-04-08,89.47638702392578,0.0,118.7699966430664,0.0,118.97000122070312,117.5999984741211,117.94999694824219,0.0,158704000,4.493974758336082,0.003458011707412112
2010-04-09,90.06399536132812,0.0,119.55000305175781,0.0,119.5999984741211,118.80000305175781,119.0199966430664,0.0,133006500,4.500520477217496,0.0065457188814139755
2010-04-12,90.20710754394531,0.0,119.73999786376953,0.0,120.05000305175781,119.55999755859375,119.69999694824219,0.0,110279000,4.502108221568925,0.0015877443514291656
2010-04-13,90.27493286132812,0.0,119.83000183105469,0.0,120.04000091552734,119.0,119.62000274658203,0.0,125043600,4.502859823450458,0.0007516018815332259
2010-04-14,91.29952239990234,0.0,121.19000244140625,0.0,121.19000244140625,120.08000183105469,120.2699966430664,0.0,161609000,4.514145556479928,0.011285733029470002
2010-04-15,91.3748550415039,0.0,121.29000091552734,0.0,121.56999969482422,120.94999694824219,120.98999786376953,0.0,144615300,4.5149703316555945,0.0008247751756664812
2010-04-16,89.92086791992188,0.0,119.36000061035156,0.0,121.29000091552734,118.75,120.86000061035156,0.0,366786700,4.498930038233162,-0.016040293422432406
2010-04-19,90.25985717773438,0.0,119.80999755859375,0.0,119.93000030517578,118.47000122070312,119.01000213623047,0.0,217947800,4.502692812054754,0.003762773821591736
2010-04-20,91.06596374511719,0.0,120.87999725341797,0.0,120.9800033569336,119.87000274658203,120.55999755859375,0.0,157708000,4.5115841202408715,0.008891308186117719
2010-04-21,90.90021514892578,0.0,120.66000366210938,0.0,121.2300033569336,119.98999786376953,120.94999694824219,0.0,192910100,4.509762368055503,-0.0018217521853687302
2010-04-22,91.17141723632812,0.0,121.0199966430664,0.0,121.16999816894531,119.12000274658203,119.80999755859375,0.0,115360300,4.5127414404614905,0.002979072405987715
2010-04-23,91.76657104492188,0.0,121.80999755859375,0.0,121.86000061035156,120.62999725341797,120.94000244140625,0.0,177335500,4.51924808147034,0.006506641008849456
2010-04-26,91.42002868652344,0.0,121.3499984741211,0.0,122.12000274658203,121.2300033569336,121.8499984741211,0.0,143457300,4.515464586691817,-0.0037834947785233553
2010-04-27,89.25792694091797,0.0,118.4800033569336,0.0,121.33999633789062,118.25,120.6500015258789,0.0,355853300,4.491530233980916,-0.023934352710900164
2010-04-28,89.93594360351562,0.0,119.37999725341797,0.0,119.68000030517578,118.2699966430664,119.05000305175781,0.0,300674100,4.499097679186,0.007567445205083345
2010-04-29,91.05091094970703,0.0,120.86000061035156,0.0,121.11000061035156,120.06999969482422,120.0999984741211,0.0,193775000,4.51141881106269,0.012321131876690039
2010-04-30,89.5064926147461,0.0,118.80999755859375,0.0,121.01000213623047,118.77999877929688,120.87999725341797,0.0,270000900,4.494311165831201,-0.01710764523148889
2010-05-03,90.66664123535156,0.0,120.3499984741211,0.0,120.68000030517578,119.19999694824219,119.37999725341797,0.0,182747900,4.5071894971354025,0.012878331304201573
2010-05-04,88.53468322753906,0.0,117.5199966430664,0.0,119.02999877929688,116.91999816894531,119.01000213623047,0.0,360353400,4.483394376116941,-0.023795121018461707
2010-05-05,88.00732421875,0.0,116.81999969482422,0.0,117.80000305175781,115.97000122070312,116.55999755859375,0.0,328973200,4.477420040773325,-0.005974335343616133
2010-05-06,85.08429718017578,0.0,112.94000244140625,0.0,117.0,105.0,116.26000213623047,0.0,647356600,4.443642496580972,-0.03377754419235224
2010-05-07,83.81863403320312,0.0,111.26000213623047,0.0,113.7699966430664,109.41000366210938,112.63999938964844,0.0,637558800,4.428655345933728,-0.01498715064724454
2010-05-10,87.51012420654297,0.0,116.16000366210938,0.0,116.6500015258789,114.91000366210938,115.80999755859375,0.0,396159600,4.471754491887871,0.04309914595414277
2010-05-11,87.26151275634766,0.0,115.83000183105469,0.0,117.36000061035156,114.91000366210938,115.06999969482422,0.0,317849800,4.468909503739872,-0.002844988147998606
2010-05-12,88.48194885253906,0.0,117.44999694824219,0.0,117.62000274658203,116.08999633789062,116.29000091552734,0.0,235607100,4.482798563441709,0.01388905970183707
2010-05-13,87.38202667236328,0.0,115.98999786376953,0.0,117.68000030517578,115.88999938964844,117.12999725341797,0.0,234452500,4.470289617032795,-0.012508946408914312
2010-05-14,85.79998779296875,0.0,113.88999938964844,0.0,115.33000183105469,112.87000274658203,115.12000274658203,0.0,345601400,4.452018864220815,-0.018270752811980095
2010-05-17,85.8451919555664,0.0,113.94999694824219,0.0,114.5199966430664,111.7699966430664,114.19999694824219,0.0,325739800,4.452545580598274,0.0005267163774593797
2010-05-18,84.67745208740234,0.0,112.4000015258789,0.0,115.22000122070312,112.02999877929688,114.87999725341797,0.0,360556800,4.438849357096493,-0.013696223501781013
2010-05-19,84.19532775878906,0.0,111.76000213623047,0.0,112.7699966430664,110.36000061035156,111.7699966430664,0.0,394742700,4.43313942990806,-0.005709927188433106
2010-05-20,81.01615905761719,0.0,107.54000091552734,0.0,109.88999938964844,107.47000122070312,109.37999725341797,0.0,530418300,4.394648629314533,-0.03849080059352694
2010-05-21,82.19891357421875,0.0,109.11000061035156,0.0,109.37999725341797,105.36000061035156,105.91000366210938,0.0,500909400,4.409142085116138,0.014493455801605215
2010-05-24,81.14422607421875,0.0,107.70999908447266,0.0,109.38999938964844,107.61000061035156,108.5199966430664,0.0,269823000,4.396228140156508,-0.01291394495962983
2010-05-25,81.2270736694336,0.0,107.81999969482422,0.0,107.87000274658203,104.37999725341797,105.11000061035156,0.0,396505200,4.397248611169983,0.0010204710134749106
2010-05-26,80.73741149902344,0.0,107.16999816894531,0.0,109.47000122070312,106.8499984741211,108.4800033569336,0.0,349719300,4.3912020552009805,-0.006046555969002831
2010-05-27,83.44196319580078,0.0,110.76000213623047,0.0,110.80000305175781,108.77999877929688,109.19000244140625,0.0,300870500,4.424151338649203,0.032949283448222566
2010-05-28,82.39482116699219,0.0,109.37000274658203,0.0,110.72000122070312,108.8499984741211,110.63999938964844,0.0,297933500,4.411522585025144,-0.012628753624059463
2010-06-01,81.00861358642578,0.0,107.52999877929688,0.0,109.94999694824219,107.37000274658203,108.3499984741211,0.0,277909400,4.394555489591839,-0.01696709543330499
2010-06-02,83.1180191040039,0.0,110.33000183105469,0.0,110.33999633789062,107.51000213623047,108.08000183105469,0.0,240243700,4.420261514745729,0.02570602515389009
2010-06-03,83.40430450439453,0.0,110.70999908447266,0.0,111.05999755859375,109.58000183105469,110.6500015258789,0.0,226618300,4.4236999207953325,0.0034384060496037705
2010-06-04,80.47374725341797,0.0,106.81999969482422,0.0,109.33000183105469,106.45999908447266,108.61000061035156,0.0,398475600,4.387931010159922,-0.035768910635410656
2010-06-07,79.47177124023438,0.0,105.48999786376953,0.0,107.61000061035156,105.41000366210938,107.19999694824219,0.0,264609100,4.375401879865714,-0.012529130294208102
2010-06-08,80.32306671142578,0.0,106.62000274658203,0.0,106.83000183105469,104.6500015258789,105.56999969482422,0.0,357774300,4.386056836382687,0.010654956516972902
2010-06-09,79.8936538696289,0.0,106.05000305175781,0.0,108.27999877929688,105.5999984741211,107.23999786376953,0.0,268023300,4.380696423705795,-0.005360412676891357
2010-06-10,82.22909545898438,0.0,109.1500015258789,0.0,109.27999877929688,106.04000091552734,107.86000061035156,0.0,317890600,4.409509198788341,0.028812775082545983
2010-06-11,82.62835693359375,0.0,109.68000030517578,0.0,109.75,108.12000274658203,108.19000244140625,0.0,214128200,4.414352925892297,0.004843727103955864
2010-06-14,82.50025177001953,0.0,109.51000213623047,0.0,111.12000274658203,109.4000015258789,110.5199966430664,0.0,207196100,4.412801345093791,-0.001551580798506258
2010-06-15,84.37614440917969,0.0,112.0,0.0,112.0999984741211,110.08999633789062,110.27999877929688,0.0,238268700,4.435284712468768,0.022483367374976915
2010-06-16,84.34598541259766,0.0,111.95999908447266,0.0,112.41999816894531,111.19999694824219,111.41999816894531,0.0,216374000,4.434927213462146,-0.0003574990066219641
2010-06-17,84.48159790039062,0.0,112.13999938964844,0.0,112.33000183105469,111.05000305175781,112.27999877929688,0.0,263185800,4.436533734319682,0.001606520857536431
2010-06-18,84.57320404052734,0.0,111.7300033569336,0.531,112.12999725341797,111.37000274658203,111.83000183105469,0.0,174006600,4.437617479330779,0.0010837450110967595
2010-06-21,84.33099365234375,0.0,111.41000366210938,0.0,113.19999694824219,110.79000091552734,113.12000274658203,0.0,213140700,4.434749456421718,-0.002868022909060741
2010-06-22,82.93820190429688,0.0,109.56999969482422,0.0,111.9000015258789,109.41000366210938,111.41000366210938,0.0,239355400,4.41809577510767,-0.01665368131404854
2010-06-23,82.68083953857422,0.0,109.2300033569336,0.0,110.02999877929688,108.4800033569336,109.63999938964844,0.0,254639900,4.414987888832821,-0.0031078862748490366
2010-06-24,81.3107681274414,0.0,107.41999816894531,0.0,108.83000183105469,107.13999938964844,108.69000244140625,0.0,268523600,4.398278457075154,-0.016709431757666593
2010-06-25,81.65139770507812,0.0,107.87000274658203,0.0,108.41999816894531,106.7699966430664,107.73999786376953,0.0,238726500,4.402458937519538,0.004180480444383683
2010-06-28,81.39402770996094,0.0,107.52999877929688,0.0,108.31999969482422,107.13999938964844,108.02999877929688,0.0,169218600,4.39930190066031,-0.0031570368592275244
2010-06-29,78.88098907470703,0.0,104.20999908447266,0.0,107.51000213623047,103.55000305175781,106.0199966430664,0.0,373649500,4.367940249195319,-0.031361651464990814
2010-06-30,78.13165283203125,0.0,103.22000122070312,0.0,104.87999725341797,102.87999725341797,103.91999816894531,0.0,284101700,4.358395260680978,-0.00954498851434149
2010-07-01,77.78343200683594,0.0,102.76000213623047,0.0,103.48999786376953,101.12999725341797,103.1500015258789,0.0,382924800,4.353928452295618,-0.004466808385360288
2010-07-02,77.3595199584961,0.0,102.19999694824219,0.0,103.41999816894531,101.62000274658203,103.11000061035156,0.0,233385200,4.348463645832302,-0.005464806463315597
2010-07-06,77.8667221069336,0.0,102.87000274658203,0.0,104.37000274658203,101.87999725341797,103.63999938964844,0.0,256935300,4.354998674275438,0.006535028443136248
2010-07-07,80.3192138671875,0.0,106.11000061035156,0.0,106.23999786376953,103.0199966430664,103.12999725341797,0.0,253769400,4.386008868385406,0.031010194109967415
2010-07-08,81.11396789550781,0.0,107.16000366210938,0.0,107.27999877929688,105.91000366210938,107.0,0.0,210842100,4.395855176815534,0.009846308430128126
2010-07-09,81.71952056884766,0.0,107.95999908447266,0.0,107.97000122070312,106.93000030517578,107.12999725341797,0.0,144999900,4.403292903178023,0.007437726362488739
2010-07-12,81.77249908447266,0.0,108.02999877929688,0.0,108.23999786376953,107.1500015258789,107.5999984741211,0.0,131283600,4.403940990070479,0.0006480868924567673
2010-07-13,83.0063247680664,0.0,109.66000366210938,0.0,110.08999633789062,108.93000030517578,109.1500015258789,0.0,213025900,4.418916806918268,0.01497581684778826
2010-07-14,82.99876403808594,0.0,109.6500015258789,0.0,110.08000183105469,108.86000061035156,109.30999755859375,0.0,184426800,4.418825716578326,-9.109033994203486e-05
2010-07-15,83.02147674560547,0.0,109.68000030517578,0.0,110.05999755859375,108.16999816894531,109.61000061035156,0.0,232337900,4.419099330296196,0.0002736137178702691
2010-07-16,80.73551177978516,0.0,106.66000366210938,0.0,109.20999908447266,106.44999694824219,109.08999633789062,0.0,282693400,4.391178525321174,-0.027920804975021696
2010-07-19,81.21238708496094,0.0,107.29000091552734,0.0,107.62999725341797,106.22000122070312,107.05000305175781,0.0,186709000,4.397067785840418,0.0058892605192442105
2010-07-20,82.1131820678711,0.0,108.4800033569336,0.0,108.55999755859375,105.81999969482422,105.87000274658203,0.0,258162400,4.40809856468884,0.011030778848422074
2010-07-21,81.04583740234375,0.0,107.06999969482422,0.0,109.06999969482422,106.62999725341797,109.04000091552734,0.0,264527000,4.395014888470987,-0.013083676217853224
2010-07-22,82.85494232177734,0.0,109.45999908447266,0.0,109.94000244140625,108.33000183105469,108.33999633789062,0.0,274781300,4.417091395947031,0.022076507476043616
2010-07-23,83.57402801513672,0.0,110.41000366210938,0.0,110.56999969482422,108.93000030517578,109.23999786376953,0.0,222020800,4.425732802147437,0.008641406200406543
2010-07-26,84.44452667236328,0.0,111.55999755859375,0.0,111.66999816894531,110.29000091552734,110.5999984741211,0.0,184445700,4.436094829695354,0.010362027547916597
2010-07-27,84.43693542480469,0.0,111.55000305175781,0.0,112.29000091552734,111.11000061035156,112.16999816894531,0.0,204855600,4.436004929389312,-8.99003060421677e-05
2010-07-28,83.89196014404297,0.0,110.83000183105469,0.0,111.66000366210938,110.45999908447266,111.31999969482422,0.0,163056200,4.429529782231231,-0.0064751471580803965
2010-07-29,83.48319244384766,0.0,110.29000091552734,0.0,111.81999969482422,109.41000366210938,111.5199966430664,0.0,220149100,4.424645323498009,-0.00488445873322263
2010-07-30,83.46805572509766,0.0,110.2699966430664,0.0,110.86000061035156,108.9800033569336,109.16999816894531,0.0,220070600,4.42446399249321,-0.00018133100479911235
2010-08-02,85.35282135009766,0.0,112.76000213623047,0.0,112.94000244140625,111.54000091552734,111.98999786376953,0.0,188263200,4.446793504934264,0.022329512441054078
2010-08-03,84.94412231445312,0.0,112.22000122070312,0.0,112.7699966430664,111.8499984741211,112.4800033569336,0.0,146657300,4.441993655782513,-0.004799849151750912
2010-08-04,85.5118179321289,0.0,112.97000122070312,0.0,113.11000061035156,112.16000366210938,112.52999877929688,0.0,158171700,4.448654587819421,0.006660932036908207
2010-08-05,85.42098236083984,0.0,112.8499984741211,0.0,112.91000366210938,112.08000183105469,112.25,0.0,140473800,4.447591765708229,-0.0010628221111916858
2010-08-06,85.07279968261719,0.0,112.38999938964844,0.0,112.56999969482422,110.91999816894531,111.73999786376953,0.0,239728300,4.443507356786182,-0.004084408922047089
2010-08-09,85.52693176269531,0.0,112.98999786376953,0.0,113.18000030517578,112.31999969482422,112.91999816894531,0.0,120800400,4.4488313177198995,0.005323960933717231
2010-08-10,85.06523132324219,0.0,112.37999725341797,0.0,112.9800033569336,111.37000274658203,112.02999877929688,0.0,242916300,4.443418389500793,-0.005412928219106661
2010-08-11,82.73383331298828,0.0,109.30000305175781,0.0,110.69000244140625,109.12000274658203,110.6500015258789,0.0,273406900,4.415628627351521,-0.02778976214927198
2010-08-12,82.22666931152344,0.0,108.62999725341797,0.0,109.0199966430664,107.5999984741211,107.6500015258789,0.0,239542600,4.40947969362062,-0.006148933730901085
2010-08-13,81.98442840576172,0.0,108.30999755859375,0.0,108.95999908447266,108.18000030517578,108.29000091552734,0.0,158698500,4.406529331740731,-0.002950361879888952
2010-08-16,81.94660949707031,0.0,108.26000213623047,0.0,108.61000061035156,107.18000030517578,107.56999969482422,0.0,147895300,4.4060679315099245,-0.0004614002308063192
2010-08-17,82.95333862304688,0.0,109.58999633789062,0.0,110.38999938964844,108.87999725341797,109.19000244140625,0.0,172270300,4.418278264446715,0.012210332936790635
2010-08-18,83.10474395751953,0.0,109.79000091552734,0.0,110.37999725341797,108.91000366210938,109.54000091552734,0.0,182922100,4.420101787566755,0.0018235231200396385
2010-08-19,81.6589584350586,0.0,107.87999725341797,0.0,109.48999786376953,107.43000030517578,109.22000122070312,0.0,265847600,4.402551530912444,-0.01755025665431109
2010-08-20,81.39402770996094,0.0,107.52999877929688,0.0,107.94000244140625,106.75,107.55999755859375,0.0,209714200,4.39930190066031,-0.0032496302521334286
2010-08-23,81.08368682861328,0.0,107.12000274658203,0.0,108.56999969482422,107.06999969482422,108.04000091552734,0.0,163490300,4.39548179204252,-0.003820108617790474
2010-08-24,79.88016510009766,0.0,105.52999877929688,0.0,106.38999938964844,104.97000122070312,105.94999694824219,0.0,280677800,4.380527575396976,-0.014954216645543639
2010-08-25,80.19050598144531,0.0,105.94000244140625,0.0,106.33999633789062,104.29000091552734,104.94999694824219,0.0,272234800,4.384405128581364,0.003877553184388205
2010-08-26,79.653076171875,0.0,105.2300033569336,0.0,106.58000183105469,104.87999725341797,106.44000244140625,0.0,224439500,4.377680656726101,-0.006724471855263481
2010-08-27,80.88692474365234,0.0,106.86000061035156,0.0,106.97000122070312,104.30999755859375,105.88999938964844,0.0,272649000,4.393052188550366,0.015371531824265539
2010-08-30,79.713623046875,0.0,105.30999755859375,0.0,106.91000366210938,105.30000305175781,106.58000183105469,0.0,167238600,4.37844050025941,-0.01461168829095616
2010-08-31,79.713623046875,0.0,105.30999755859375,0.0,105.9800033569336,104.48999786376953,104.91999816894531,0.0,273933100,4.37844050025941,0.0
2010-09-01,82.0980224609375,0.0,108.45999908447266,0.0,108.61000061035156,106.66000366210938,106.7300033569336,0.0,256828100,4.407913929212593,0.029473428953182612
2010-09-02,82.86248016357422,0.0,109.47000122070312,0.0,109.48999786376953,108.48999786376953,108.72000122070312,0.0,156112200,4.41718236817782,0.009268438965227332
2010-09-03,83.93737030029297,0.0,110.88999938964844,0.0,110.98999786376953,109.94999694824219,110.54000091552734,0.0,212197300,4.4300709290884335,0.0128885609106133
2010-09-07,82.99118041992188,0.0,109.63999938964844,0.0,110.51000213623047,109.55000305175781,110.37000274658203,0.0,141973700,4.418734342149663,-0.011336586938770488
2010-09-08,83.57402801513672,0.0,110.41000366210938,0.0,110.8499984741211,109.80999755859375,109.86000061035156,0.0,149924400,4.425732802147437,0.0069984599977743756
2010-09-09,83.96006774902344,0.0,110.91999816894531,0.0,111.68000030517578,110.62000274658203,111.6500015258789,0.0,147017900,4.430341301872348,0.004608499724910509
2010-09-10,84.38398742675781,0.0,111.4800033569336,0.0,111.61000061035156,110.87000274658203,111.12000274658203,0.0,127819000,4.435377661170555,0.005036359298206783
2010-09-13,85.32258605957031,0.0,112.72000122070312,0.0,112.94999694824219,112.12999725341797,112.58000183105469,0.0,178503500,4.446439203265354,0.011061542094799037
2010-09-14,85.26959228515625,0.0,112.6500015258789,0.0,113.29000091552734,112.08000183105469,112.5,0.0,209823600,4.445817911285464,-0.0006212919798898042
2010-09-15,85.59506225585938,0.0,113.08000183105469,0.0,113.20999908447266,111.9800033569336,112.31999969482422,0.0,168608400,4.449627597557038,0.0038096862715741864
2010-09-16,85.57235717773438,0.0,113.05000305175781,0.0,113.12000274658203,112.3499984741211,112.7300033569336,0.0,199962900,4.449362300827867,-0.00026529672917074976
2010-09-17,85.60433197021484,0.0,112.48999786376953,0.602,113.1500015258789,112.18000030517578,113.04000091552734,0.0,195836900,4.449735888995877,0.0003735881680100306
2010-09-20,86.91323852539062,0.0,114.20999908447266,0.0,114.45999908447266,112.5199966430664,112.87999725341797,0.0,214555200,4.464910362732806,0.015174473736928817
2010-09-21,86.73820495605469,0.0,113.9800033569336,0.0,114.83999633789062,113.51000213623047,114.30000305175781,0.0,268389100,4.462894443658323,-0.0020159190744832856
2010-09-22,86.31204223632812,0.0,113.41999816894531,0.0,114.44000244140625,113.0999984741211,113.80000305175781,0.0,191322400,4.457969127593716,-0.004925316064606555
2010-09-23,85.6119384765625,0.0,112.5,0.0,113.66999816894531,112.18000030517578,112.48999786376953,0.0,202354300,4.449824741607054,-0.008144385986661895
2010-09-24,87.37743377685547,0.0,114.81999969482422,0.0,114.9000015258789,113.6500015258789,113.75,0.0,209671800,4.47023705455066,0.02041231294360557
2010-09-27,86.95890045166016,0.0,114.2699966430664,0.0,114.98999786376953,114.16000366210938,114.86000061035156,0.0,128761800,4.465435598432878,-0.004801456117782266
2010-09-28,87.26329040527344,0.0,114.66999816894531,0.0,115.04000091552734,113.18000030517578,114.41999816894531,0.0,209207500,4.468929875044049,0.0034942766111711876
2010-09-29,87.111083984375,0.0,114.47000122070312,0.0,114.91000366210938,114.0199966430664,114.37999725341797,0.0,179665800,4.467184131610281,-0.0017457434337675437
2010-09-30,86.85235595703125,0.0,114.12999725341797,0.0,115.79000091552734,113.58999633789062,115.05000305175781,0.0,287106700,4.464209619055302,-0.0029745125549798246
2010-10-01,87.21763610839844,0.0,114.61000061035156,0.0,115.12000274658203,113.93000030517578,114.98999786376953,0.0,174638700,4.468406559414896,0.004196940359594059
2010-10-04,86.56317901611328,0.0,113.75,0.0,114.8499984741211,113.18000030517578,114.37000274658203,0.0,166153200,4.46087454058036,-0.007532018834536025
2010-10-05,88.30587005615234,0.0,116.04000091552734,0.0,116.31999969482422,114.66999816894531,114.80000305175781,0.0,229634100,4.480806583952435,0.019932043372075547
2010-10-06,88.2982406616211,0.0,116.02999877929688,0.0,116.33000183105469,115.55999755859375,116.0199966430664,0.0,148626600,4.480720182854466,-8.64010979695351e-05
2010-10-07,88.19171142578125,0.0,115.88999938964844,0.0,116.52999877929688,115.19000244140625,116.5,0.0,164860000,4.479512983832456,-0.0012071990220094975
2010-10-08,88.68634033203125,0.0,116.54000091552734,0.0,116.86000061035156,115.61000061035156,116.05000305175781,0.0,177760100,4.48510587894506,0.005592895112603635
2010-10-11,88.77007293701172,0.0,116.6500015258789,0.0,116.97000122070312,116.25,116.72000122070312,0.0,103098300,4.486049576720216,0.0009436977751562381
2010-10-12,89.04400634765625,0.0,117.01000213623047,0.0,117.3499984741211,115.6500015258789,116.2699966430664,0.0,182210000,4.489130700874817,0.003081124154601156
2010-10-13,89.73654174804688,0.0,117.91999816894531,0.0,118.55000305175781,117.37999725341797,117.66000366210938,0.0,194347200,4.496878063456362,0.007747362581544515
2010-10-14,89.386474609375,0.0,117.45999908447266,0.0,118.01000213623047,116.72000122070312,117.80999755859375,0.0,217764300,4.492969380010998,-0.003908683445363437
2010-10-15,89.569091796875,0.0,117.69999694824219,0.0,118.3499984741211,116.76000213623047,118.27999877929688,0.0,243705000,4.495010302845154,0.0020409228341558006
2010-10-18,90.010498046875,0.0,118.27999877929688,0.0,118.66999816894531,117.30999755859375,117.73999786376953,0.0,141204800,4.499926308493047,0.004916005647893407
2010-10-19,88.83096313476562,0.0,116.7300033569336,0.0,117.8499984741211,116.0199966430664,117.19000244140625,0.0,280604700,4.486735273172067,-0.01319103532098076
2010-10-20,89.69847869873047,0.0,117.87000274658203,0.0,118.44000244140625,116.87000274658203,116.94000244140625,0.0,200051800,4.496453809040556,0.009718535868489475
2010-10-21,89.89633178710938,0.0,118.12999725341797,0.0,119.08999633789062,117.20999908447266,118.4000015258789,0.0,221585500,4.498657137387139,0.002203328346582545
2010-10-22,90.06376647949219,0.0,118.3499984741211,0.0,118.52999877929688,118.0,118.30999755859375,0.0,108212400,4.500517935889789,0.0018607985026504181
2010-10-25,90.33010864257812,0.0,118.69999694824219,0.0,119.76000213623047,118.61000061035156,119.13999938964844,0.0,151145700,4.503470833890777,0.002952898000987858
2010-10-26,90.34535217285156,0.0,118.72000122070312,0.0,118.83999633789062,117.87000274658203,118.0999984741211,0.0,158982900,4.503639573245206,0.00016873935442873744
2010-10-27,90.08658599853516,0.0,118.37999725341797,0.0,118.51000213623047,117.26000213623047,117.88999938964844,0.0,190024000,4.500771274491142,-0.0028682987540635807
2010-10-28,90.10179138183594,0.0,118.4000015258789,0.0,119.11000061035156,117.83000183105469,119.05999755859375,0.0,168576000,4.500940046567987,0.00016877207684462547
2010-10-29,90.17029571533203,0.0,118.48999786376953,0.0,118.72000122070312,118.06999969482422,118.27999877929688,0.0,144305500,4.501700057037679,0.0007600104696923182
2010-11-01,90.20072937011719,0.0,118.52999877929688,0.0,119.75,117.8499984741211,119.06999969482422,0.0,174074800,4.502037513179092,0.0003374561414126731
2010-11-02,90.91608428955078,0.0,119.47000122070312,0.0,119.75,119.0999984741211,119.41999816894531,0.0,158345900,4.509936930410081,0.007899417230989414
2010-11-03,91.2813491821289,0.0,119.94999694824219,0.0,120.0199966430664,118.44999694824219,119.68000030517578,0.0,226702800,4.513946486142756,0.004009555732674919
2010-11-04,93.03923034667969,0.0,122.26000213623047,0.0,122.31999969482422,119.97000122070312,121.27999877929688,0.0,215039400,4.5330212358920114,0.019074749749255382
2010-11-05,93.3892822265625,0.0,122.72000122070312,0.0,122.91999816894531,122.18000030517578,122.33999633789062,0.0,180654100,4.5367765873287595,0.0037553514367481
2010-11-08,93.21427154541016,0.0,122.48999786376953,0.0,122.69000244140625,121.94000244140625,122.33999633789062,0.0,156107100,4.5349008381382605,-0.001875749190499043
2010-11-09,92.54458618164062,0.0,121.61000061035156,0.0,122.94999694824219,121.12000274658203,122.81999969482422,0.0,186621600,4.527690541162031,-0.0072102969762291025
2010-11-10,92.91748046875,0.0,122.0999984741211,0.0,122.16000366210938,120.66000366210938,121.58000183105469,0.0,221387400,4.531711792475936,0.004021251313904628
2010-11-11,92.56742095947266,0.0,121.63999938964844,0.0,121.81999969482422,120.68000030517578,121.05000305175781,0.0,158017600,4.527937254255369,-0.0037745382205667255
2010-11-12,91.4715805053711,0.0,120.19999694824219,0.0,121.3499984741211,119.6500015258789,120.81999969482422,0.0,239068800,4.516028328466967,-0.011908925788402414
2010-11-15,91.34222412109375,0.0,120.02999877929688,0.0,121.05000305175781,119.9800033569336,120.58000183105469,0.0,163940800,4.51461315737384,-0.0014151710931269434
2010-11-16,89.91915130615234,0.0,118.16000366210938,0.0,119.48999786376953,117.58999633789062,119.29000091552734,0.0,299566200,4.498910947779581,-0.015702209594259386
2010-11-17,89.9648208618164,0.0,118.22000122070312,0.0,118.70999908447266,117.86000061035156,118.20999908447266,0.0,172308900,4.499418714603882,0.0005077668243016475
2010-11-18,91.28894805908203,0.0,119.95999908447266,0.0,120.38999938964844,119.3499984741211,119.36000061035156,0.0,197723700,4.514029729442157,0.014611014838274983
2010-11-19,91.54010009765625,0.0,120.29000091552734,0.0,120.33999633789062,119.25,119.9000015258789,0.0,156852900,4.516777128710328,0.0027473992681708026
2010-11-22,91.46398162841797,0.0,120.19000244140625,0.0,120.23999786376953,118.7699966430664,119.69000244140625,0.0,181361000,4.515945251378304,-0.0008318773320237227
2010-11-23,90.13984680175781,0.0,118.44999694824219,0.0,119.0199966430664,117.98999786376953,118.7699966430664,0.0,222309000,4.501362317702125,-0.01458293367617891
2010-11-24,91.4715805053711,0.0,120.19999694824219,0.0,120.2300033569336,119.18000030517578,119.19999694824219,0.0,140046100,4.516028328466967,0.01466601076484153
2010-11-26,90.40620422363281,0.0,118.80000305175781,0.0,119.80999755859375,118.80000305175781,119.16000366210938,0.0,76007800,4.504312895835544,-0.011715432631422829
2010-11-29,90.68016815185547,0.0,119.16000366210938,0.0,119.4800033569336,117.73999786376953,118.5,0.0,223642300,4.507338679980965,0.0030257841454206513
2010-11-30,90.17029571533203,0.0,118.48999786376953,0.0,119.16999816894531,117.80999755859375,117.9800033569336,0.0,233930700,4.501700057037679,-0.005638622943285654
2010-12-01,92.08800506591797,0.0,121.01000213623047,0.0,121.23999786376953,120.19000244140625,120.19999694824219,0.0,221037200,4.522744696624465,0.02104463958678604
2010-12-02,93.26753997802734,0.0,122.55999755859375,0.0,122.6500015258789,121.12999725341797,121.19999694824219,0.0,191213600,4.535472137115152,0.012727440490686526
2010-12-03,93.5186767578125,0.0,122.88999938964844,0.0,123.02999877929688,122.11000061035156,122.13999938964844,0.0,151288900,4.538161167767437,0.002689030652285318
2010-12-06,93.41975402832031,0.0,122.76000213623047,0.0,123.04000091552734,122.5,122.62999725341797,0.0,103050500,4.537102822104539,-0.0010583456628978638
2010-12-07,93.4730224609375,0.0,122.83000183105469,0.0,124.01000213623047,122.76000213623047,123.94000244140625,0.0,206581000,4.5376728648323565,0.0005700427278174658
2010-12-08,93.8154525756836,0.0,123.27999877929688,0.0,123.37999725341797,122.41000366210938,122.9800033569336,0.0,138019200,4.541329582056931,0.0036567172245742796
2010-12-09,94.18070983886719,0.0,123.76000213623047,0.0,124.0199966430664,123.1500015258789,123.97000122070312,0.0,123705100,4.545215381831677,0.0038857997747463457
2010-12-10,94.72864532470703,0.0,124.4800033569336,0.0,124.5999984741211,123.7300033569336,124.13999938964844,0.0,117571700,4.551016439402072,0.005801057570394619
2010-12-13,94.7895736694336,0.0,124.55999755859375,0.0,125.19999694824219,124.5199966430664,125.05000305175781,0.0,133812700,4.551659420822529,0.000642981420456934
2010-12-14,94.87322998046875,0.0,124.66999816894531,0.0,125.2300033569336,124.29000091552734,124.75,0.0,147249600,4.552541579209417,0.0008821583868883209
2010-12-15,94.43946838378906,0.0,124.0999984741211,0.0,124.93000030517578,123.88999938964844,124.44000244140625,0.0,160823100,4.54795908305904,-0.004582496150376869
2010-12-16,94.98739624023438,0.0,124.81999969482422,0.0,124.91000366210938,123.75,124.18000030517578,0.0,185035200,4.553744211643517,0.005785128584476773
2010-12-17,95.08914184570312,0.0,124.30000305175781,0.653,124.45999908447266,123.81999969482422,124.08000183105469,0.0,141075300,4.554814786857177,0.0010705752136601632
2010-12-20,95.31864166259766,0.0,124.5999984741211,0.0,124.9000015258789,123.9800033569336,124.63999938964844,0.0,119085500,4.557225401841528,0.0024106149843508007
2010-12-21,95.9229965209961,0.0,125.38999938964844,0.0,125.47000122070312,124.87000274658203,124.98999786376953,0.0,94965500,4.5635457500248435,0.006320348183315616
2010-12-22,96.2213363647461,0.0,125.77999877929688,0.0,125.81999969482422,125.41000366210938,125.4800033569336,0.0,78878100,4.566651124812838,0.0031053747879941085
2010-12-23,96.08363342285156,0.0,125.5999984741211,0.0,125.77999877929688,125.29000091552734,125.63999938964844,0.0,70053700,4.565218993697534,-0.0014321311153038252
2010-12-27,96.12188720703125,0.0,125.6500015258789,0.0,125.7699966430664,125.04000091552734,125.12999725341797,0.0,58126000,4.5656170445397715,0.00039805084223765164
2010-12-28,96.25960540771484,0.0,125.83000183105469,0.0,125.94999694824219,125.5,125.9000015258789,0.0,55309100,4.56704876463235,0.0014317200925786366
2010-12-29,96.32842254638672,0.0,125.91999816894531,0.0,126.19999694824219,125.9000015258789,125.9800033569336,0.0,58033100,4.567763421117822,0.0007146564854716431
2010-12-30,96.17546081542969,0.0,125.72000122070312,0.0,126.12999725341797,125.52999877929688,125.80000305175781,0.0,76616900,4.566174240053235,-0.0015891810645864979
2010-12-31,96.19841003417969,0.0,125.75,0.0,125.87000274658203,125.33000183105469,125.52999877929688,0.0,91218900,4.566412829823847,0.00023858977061141928
